trial star/#dMass star/dMass planet/#dMass planet/dMass planet/dEnvelopeMass planet/dOrbPeriod 
rand_0000 2.249086 0.971392 5.756588 -0.902668 -0.007161 -27.557462 
rand_0001 2.919886 0.430000 3.480007 -4.280435 -0.490356 -28.362173 
rand_0002 1.938314 0.990000 2.113056 -2.035653 -0.065010 -25.981140 
rand_0003 3.109206 0.780000 2.935163 -2.528464 -0.114047 -27.705677 
rand_0004 3.328377 1.225745 0.714872 -1.318639 -0.019983 -17.034146 
rand_0005 1.050880 1.041304 12.612311 -1.694895 -0.039631 -10.494211 
rand_0006 3.160535 1.169760 1.079233 -2.899193 -0.167828 -43.824490 
rand_0007 4.492174 0.812633 5.150112 -2.606648 -0.125903 -29.400063 
rand_0008 3.245242 0.970000 5.326978 -3.804144 -0.353274 -28.908179 
rand_0009 1.817668 0.460000 2.526902 -3.804639 -0.348645 -45.939390 
rand_0010 1.690979 1.017430 2.158713 -1.656798 -0.037103 -20.553745 
rand_0011 2.318385 1.080000 2.368768 -4.218939 -0.469273 -55.826198 
rand_0012 2.239500 0.870000 1.843344 -4.048481 -0.414079 -24.686368 
rand_0013 2.294241 1.155092 1.928676 -2.112294 -0.071752 -40.066786 
rand_0014 2.021655 0.870000 1.697882 -3.303867 -0.239598 -42.739695 
rand_0015 1.997342 0.810000 3.583540 -8.411737 -2.978923 -31.461713 
rand_0016 3.054112 0.140041 12.647478 -1.799584 -0.045676 -37.269190 
rand_0017 1.435544 0.728775 1.618017 -0.720609 -0.003883 -28.638502 
rand_0018 1.181131 1.135996 19.750461 -0.712037 -0.003827 -17.588717 
rand_0019 5.721362 0.339062 8.069302 -2.376769 -0.098819 -49.315452 
rand_0020 2.929811 1.129290 11.252861 -3.107440 -0.198800 -38.339216 
rand_0021 3.542133 1.300000 1.821471 -3.080022 -0.198173 -53.942065 
rand_0022 1.821612 0.940000 12.003802 -7.083988 -1.847745 -26.046396 
rand_0023 2.418033 0.810000 2.276864 -4.715109 -0.619792 -33.328023 
rand_0024 4.602260 1.200000 0.607505 -3.103843 -0.204563 -53.967607 
rand_0025 1.274372 1.296998 5.369916 -2.111723 -0.070305 -28.695295 
rand_0026 1.831166 1.319432 0.788852 -2.203933 -0.080128 -37.533361 
rand_0027 1.405444 1.320293 3.148722 -1.553020 -0.030986 -12.133748 
rand_0028 3.444012 0.867448 2.245379 -1.116507 -0.012779 -32.276351 
rand_0029 1.566369 0.886107 5.342424 -2.121527 -0.072373 -35.182655 
rand_0030 3.847463 1.039245 0.527084 -2.292158 -0.089297 -40.391669 
rand_0031 3.210445 0.625534 0.599136 -2.671668 -0.137304 -49.574206 
rand_0032 6.603004 1.097372 1.387596 -0.990049 -0.009193 -36.654736 
rand_0033 1.519325 1.310000 3.946483 -6.600820 -1.533706 -19.043667 
rand_0034 2.173558 0.583516 1.821546 -0.310951 -0.000408 -49.478134 
rand_0035 5.024630 0.739293 7.960464 -1.438459 -0.024631 -42.257714 
rand_0036 1.960032 1.050000 2.168022 -2.506545 -0.114872 -57.571177 
rand_0037 1.486380 1.390650 0.852012 -2.807066 -0.152245 -33.042575 
rand_0038 2.014166 0.654554 0.870187 -1.389292 -0.023027 -25.362953 
rand_0039 2.721340 0.510000 0.622834 -1.768649 -0.044629 -15.549500 
rand_0040 5.808810 1.116455 12.229061 -1.980349 -0.059411 -26.578529 
rand_0041 5.096563 1.020000 3.136505 -5.656864 -1.037841 -17.460392 
rand_0042 4.341023 1.080000 3.694029 -4.847344 -0.679714 -17.892846 
rand_0043 2.068835 1.080000 1.898515 -5.099177 -0.765609 -22.390586 
rand_0044 2.486966 0.970000 2.389177 -1.256750 -0.017342 -51.737274 
rand_0045 6.554121 0.966287 3.530883 -2.834762 -0.157532 -18.885682 
rand_0046 2.829992 0.796243 2.358030 -2.917625 -0.170181 -14.220097 
rand_0047 2.573065 0.780000 0.660640 -2.504963 -0.114356 -11.074982 
rand_0048 3.265295 0.423759 0.893928 -3.083908 -0.200471 -30.088473 
rand_0049 1.950512 0.970000 1.007547 -1.338209 -0.020684 -20.544542 
rand_0050 1.755682 0.840000 3.604017 -3.386388 -0.254971 -41.640361 
rand_0051 1.544977 0.980000 3.159203 -3.113684 -0.203282 -54.930213 
rand_0052 2.141624 0.850000 5.157580 -3.439674 -0.267431 -10.235923 
rand_0053 3.170227 0.900000 1.184529 -7.674317 -2.345348 -53.488712 
rand_0054 2.459517 0.340000 5.428244 -1.406563 -0.023345 -16.383707 
rand_0055 1.028538 0.518899 0.982165 -1.908009 -0.054588 -24.396127 
rand_0056 2.951417 1.000000 10.609023 -3.229243 -0.225017 -46.357940 
rand_0057 1.819290 0.700000 1.304514 -7.499528 -2.215532 -12.155158 
rand_0058 1.413058 1.190000 5.698079 -4.838143 -0.669238 -40.421878 
rand_0059 1.921944 0.620000 5.397541 -2.666091 -0.133412 -11.706953 
rand_0060 3.654003 1.061940 2.675821 -0.950689 -0.008371 -46.246866 
rand_0061 2.158318 0.320000 3.627553 -1.960101 -0.058384 -50.347457 
rand_0062 2.967015 0.940000 3.209550 -3.865564 -0.359087 -45.539277 
rand_0063 1.722113 0.990000 10.823004 -7.875170 -2.470110 -38.244517 
rand_0064 3.530989 0.178779 0.420037 -1.741702 -0.042931 -27.319497 
rand_0065 4.539800 1.175732 11.472221 -0.526038 -0.001691 -29.256183 
rand_0066 3.834257 0.470583 5.354776 -3.757526 -0.337596 -41.711910 
rand_0067 6.591031 1.218220 3.932745 -2.907414 -0.168281 -44.832125 
rand_0068 1.668449 0.830000 0.648547 -5.572538 -0.977894 -30.137209 
rand_0069 2.776407 0.970000 0.803034 -3.114170 -0.202971 -22.960666 
rand_0070 0.805260 1.010000 3.248176 -1.120017 -0.012937 -50.017596 
rand_0071 4.802711 0.920000 2.239619 -3.953535 -0.384952 -13.834756 
rand_0072 3.079469 1.249211 2.537457 -2.466093 -0.108306 -38.833878 
rand_0073 5.050971 0.780314 0.373163 -2.562612 -0.121273 -25.037377 
rand_0074 2.961182 0.850000 8.545261 -2.107883 -0.070145 -15.720344 
rand_0075 9.079530 0.950000 2.148606 -5.895041 -1.129831 -33.356939 
rand_0076 1.819861 1.260000 6.215590 -4.786750 -0.654568 -56.302176 
rand_0077 2.778402 1.230000 0.237496 -2.720223 -0.142099 -27.241211 
rand_0078 3.273825 0.980000 1.776400 -2.757885 -0.146232 -33.298119 
rand_0079 1.212096 0.700000 0.722262 -2.974097 -0.179911 -39.123100 
rand_0080 3.577900 0.303543 0.953854 -0.575245 -0.002125 -14.222772 
rand_0081 1.365678 1.090000 5.014141 -5.280674 -0.850453 -15.146186 
rand_0082 2.340700 1.180000 0.330646 -2.495349 -0.109780 -33.304083 
rand_0083 6.363039 0.943732 2.284278 -2.200229 -0.079392 -11.476971 
rand_0084 9.529252 1.060000 10.337153 -3.665186 -0.315192 -27.853927 
rand_0085 4.431455 1.030000 0.277355 -0.437726 -0.001027 -28.040569 
rand_0086 1.777909 0.732344 2.260247 -1.121628 -0.012951 -49.944101 
rand_0087 5.061945 0.540000 1.403357 -1.488495 -0.028023 -27.266220 
rand_0088 3.298834 0.813609 35.241940 -1.255411 -0.017547 -25.180959 
rand_0089 2.497092 1.320000 0.475227 -5.580788 -0.968549 -19.864263 
rand_0090 4.790752 0.630000 2.652258 -6.513368 -1.495753 -13.911786 
rand_0091 4.201189 0.760000 0.856435 -3.591199 -0.297390 -47.332051 
rand_0092 0.954053 0.900000 0.638417 -5.107157 -0.776403 -45.036548 
rand_0093 1.053331 0.942354 8.826763 -2.662452 -0.133833 -40.139999 
rand_0094 4.221881 0.970571 4.049414 -1.537158 -0.030099 -13.783836 
rand_0095 3.188198 0.914178 0.446433 -1.593629 -0.033166 -49.632572 
rand_0096 7.691314 0.210557 1.124334 -1.420352 -0.024565 -38.948661 
rand_0097 3.458010 0.957762 0.375073 -0.276952 -0.000292 -27.400824 
rand_0098 3.876392 0.355060 11.617809 -1.405722 -0.023556 -15.436261 
rand_0099 0.483827 1.030000 0.363530 -2.749251 -0.145341 -14.887437 
rand_0100 0.953114 0.810000 0.985395 -5.946059 -1.154829 -37.401968 
rand_0101 2.346470 1.150000 0.670532 -4.993190 -0.723517 -47.040783 
rand_0102 1.418648 1.393056 1.562737 -1.898005 -0.053841 -22.356761 
rand_0103 2.118274 0.760000 44.605031 -2.001028 -0.061044 -47.285753 
rand_0104 1.696526 0.810000 0.445238 -4.059431 -0.412790 -15.437257 
rand_0105 3.157680 0.885076 5.213481 -1.972027 -0.059785 -32.946624 
rand_0106 3.105192 0.570000 0.224913 -1.966722 -0.059122 -53.961309 
rand_0107 2.057534 1.315324 0.293158 -1.483363 -0.027420 -25.649101 
rand_0108 1.952233 0.913295 8.298139 -1.626677 -0.035521 -29.456372 
rand_0109 2.134002 0.720000 6.627169 -2.294373 -0.089694 -56.317123 
rand_0110 3.073737 1.038471 1.445887 -0.644139 -0.002840 -24.875295 
rand_0111 1.840991 0.990000 1.028316 -7.036986 -1.824291 -51.244227 
rand_0112 2.586418 1.073110 3.644076 -1.549821 -0.031026 -14.867524 
rand_0113 3.405273 0.800000 1.433895 -1.160897 -0.014074 -16.161376 
rand_0114 4.055040 1.050000 10.588445 -4.670742 -0.609667 -11.118667 
rand_0115 2.335944 0.259116 0.437650 -1.974296 -0.060251 -19.757069 
rand_0116 5.388443 0.970000 4.720908 -1.397218 -0.023353 -23.369088 
rand_0117 5.365344 0.850000 24.791673 -4.465673 -0.534398 -10.059430 
rand_0118 1.107111 0.970000 21.349033 -9.739891 -4.458717 -48.522609 
rand_0119 2.014039 0.940000 0.798298 -4.588090 -0.576711 -32.233443 
rand_0120 5.628686 0.840000 7.865013 -3.418576 -0.262878 -27.196329 
rand_0121 3.397065 1.140000 2.088212 -2.996766 -0.182341 -44.695452 
rand_0122 5.663511 0.480000 3.219836 -6.823143 -1.698932 -59.764716 
rand_0123 6.311279 0.600081 1.094858 -4.104488 -0.425033 -49.251932 
rand_0124 3.588089 0.890000 2.954180 -2.591124 -0.121279 -24.231595 
rand_0125 6.059404 0.951045 3.013615 -1.329186 -0.020501 -16.782709 
rand_0126 2.428546 1.230000 1.198959 -5.165289 -0.791365 -45.410988 
rand_0127 4.143291 0.840000 3.307939 -5.541328 -0.967451 -40.416413 
rand_0128 1.773674 1.089254 0.487053 -0.851730 -0.006140 -47.591783 
rand_0129 2.055117 1.050000 10.613063 -3.631050 -0.314651 -21.651369 
rand_0130 1.275656 0.257613 17.033282 -1.488181 -0.027770 -36.842814 
rand_0131 3.210165 0.790000 1.438882 -2.781417 -0.151343 -53.952334 
rand_0132 3.887433 1.057988 12.192403 -1.049395 -0.010636 -40.314579 
rand_0133 2.329507 0.870000 1.632575 -6.704553 -1.622904 -52.839266 
rand_0134 2.091711 1.260455 0.754495 -3.518163 -0.282425 -49.943532 
rand_0135 2.418788 0.814101 10.759528 -3.334838 -0.247009 -33.080464 
rand_0136 4.069671 0.822618 3.839626 -1.217846 -0.016035 -44.978409 
rand_0137 1.207719 1.180000 0.829513 -2.322865 -0.092246 -11.800851 
rand_0138 1.630086 1.070000 3.822967 -2.386239 -0.100205 -39.940120 
rand_0139 2.436106 0.940000 3.597046 -7.813492 -2.464271 -35.081320 
rand_0140 1.444345 0.950000 0.605150 -3.880095 -0.364109 -45.141506 
rand_0141 1.563638 0.982661 2.016220 -1.900206 -0.052814 -22.426388 
rand_0142 0.941648 0.942217 1.419558 -1.980509 -0.060315 -14.041037 
rand_0143 3.392395 0.686664 18.573593 -2.563519 -0.121334 -26.461034 
rand_0144 2.136443 0.910000 1.045324 -2.984771 -0.182772 -37.408416 
rand_0145 2.363007 0.250000 1.641953 -1.135596 -0.013502 -19.209976 
rand_0146 4.609967 1.394515 1.356463 -1.271707 -0.018361 -22.183246 
rand_0147 2.750309 1.149778 1.446539 -2.116854 -0.072789 -13.822165 
rand_0148 2.887862 1.130000 2.765084 -4.395425 -0.510580 -42.638887 
rand_0149 1.489084 0.920000 1.482093 -1.461994 -0.026478 -23.652581 
rand_0150 1.802002 0.990000 2.185382 -3.824525 -0.355455 -55.841769 
rand_0151 1.302815 0.875099 0.850536 -1.961703 -0.058114 -19.417896 
rand_0152 4.661234 0.229290 0.635523 -1.892064 -0.053537 -48.024519 
rand_0153 3.111302 0.750000 0.525547 -2.889212 -0.165814 -53.797867 
rand_0154 5.718114 1.041796 2.789120 -1.973492 -0.060070 -14.602498 
rand_0155 7.768778 1.258260 2.578248 -0.666616 -0.003141 -48.762533 
rand_0156 3.704614 0.690000 4.099867 -3.930866 -0.383033 -44.286290 
rand_0157 3.223832 1.070000 0.926708 -4.577106 -0.577288 -42.845282 
rand_0158 1.669113 0.630000 9.704695 -3.384642 -0.251377 -44.431058 
rand_0159 1.169764 0.940000 1.336559 -7.124242 -1.910939 -22.515259 
rand_0160 2.312144 0.850000 1.172525 -2.204714 -0.080466 -33.886496 
rand_0161 6.361805 1.171045 1.339337 -2.312332 -0.091866 -48.229368 
rand_0162 2.122242 1.210000 0.956266 -2.168645 -0.076858 -15.978546 
rand_0163 5.368290 0.824539 2.810769 -1.619656 -0.034716 -18.744981 
rand_0164 2.146775 0.102123 2.440714 -2.162915 -0.078124 -32.472831 
rand_0165 3.219335 0.612131 3.698542 -1.117935 -0.012614 -49.160727 
rand_0166 4.860412 1.040000 4.210970 -4.735879 -0.629882 -49.353328 
rand_0167 2.065844 0.560000 5.529847 -7.084063 -1.851816 -56.222755 
rand_0168 4.401443 0.660000 1.230865 -2.550409 -0.118591 -48.142599 
rand_0169 1.425140 0.807157 3.556196 -3.020563 -0.187641 -11.040151 
rand_0170 2.836358 1.060000 0.682363 -3.704937 -0.328000 -18.781836 
rand_0171 3.049854 0.783252 0.622851 -2.107181 -0.070169 -48.051006 
rand_0172 3.584482 1.020000 0.433877 -9.858435 -4.505617 -42.241969 
rand_0173 1.740496 0.657309 0.784173 -3.189634 -0.215361 -15.362648 
rand_0174 2.294677 0.953931 44.816806 -3.476851 -0.274862 -31.418223 
rand_0175 1.489452 0.940000 0.915025 -1.373419 -0.022448 -31.762956 
rand_0176 3.001376 0.570000 2.373954 -2.807694 -0.152876 -29.232598 
rand_0177 0.991987 1.100000 2.389580 -3.736297 -0.333967 -54.805255 
rand_0178 2.730784 0.898270 1.128327 -1.985120 -0.060146 -22.110288 
rand_0179 3.006677 0.650000 0.712619 -5.838073 -1.085972 -26.784666 
rand_0180 2.923872 0.747532 102.134322 -3.476331 -0.273200 -12.957266 
rand_0181 0.926528 1.060000 4.964110 -4.544218 -0.560578 -54.242444 
rand_0182 2.240101 0.420000 5.314303 -4.929422 -0.700402 -29.209775 
rand_0183 4.009035 0.910000 5.650059 -1.804017 -0.046855 -55.312938 
rand_0184 2.144318 0.900000 4.186155 -2.784259 -0.150537 -25.216157 
rand_0185 3.618397 0.980000 0.996265 -6.595232 -1.540221 -52.002370 
rand_0186 1.563197 0.215302 0.575366 -4.337120 -0.497603 -39.133544 
rand_0187 4.085455 1.150000 0.845861 -3.722251 -0.332780 -26.620483 
rand_0188 2.670850 0.820000 1.227178 -4.614501 -0.580723 -39.208127 
rand_0189 1.060224 0.859461 1.797191 -2.713467 -0.139222 -40.624285 
rand_0190 3.077433 0.943284 4.454711 -2.008371 -0.062742 -29.796624 
rand_0191 4.126516 0.888406 1.743096 -3.295865 -0.237373 -45.859191 
rand_0192 4.183240 1.050000 3.922819 -3.583190 -0.299724 -19.626890 
rand_0193 4.268756 0.180000 5.310055 -3.840450 -0.357089 -42.739257 
rand_0194 1.877141 1.080000 0.839999 -5.415986 -0.919431 -58.382672 
rand_0195 2.677077 0.570000 11.841382 -3.454966 -0.270671 -57.865689 
rand_0196 3.783338 1.200000 4.165602 -2.186811 -0.079416 -29.685418 
rand_0197 1.794721 0.518033 9.308120 -1.989035 -0.060470 -28.853031 
rand_0198 1.423037 1.167748 0.813161 -2.454338 -0.106836 -14.492905 
rand_0199 2.251322 1.060000 1.193430 -4.391512 -0.508868 -36.594256 
rand_0200 2.945719 0.595712 5.374178 -1.482596 -0.027592 -16.855305 
rand_0201 4.406001 0.679084 3.200260 -3.253822 -0.223733 -13.799388 
rand_0202 1.970321 0.874913 0.768184 -1.073359 -0.011528 -10.423508 
rand_0203 1.003969 0.520968 0.203008 -2.320968 -0.093113 -19.476950 
rand_0204 1.485326 0.848416 3.039716 -2.427678 -0.106377 -21.094834 
rand_0205 2.207597 0.580000 3.462038 -7.142910 -1.921830 -26.562738 
rand_0206 2.347614 0.630000 0.466849 -4.097981 -0.428311 -32.834942 
rand_0207 2.469449 1.130000 1.658191 -2.835209 -0.158666 -14.095568 
rand_0208 2.694073 1.150419 21.429104 -0.428656 -0.000956 -33.224758 
rand_0209 1.483186 0.800000 11.920507 -2.708054 -0.139921 -48.886165 
rand_0210 0.895708 0.880000 5.616289 -2.952565 -0.180869 -17.220431 
rand_0211 2.283482 1.380000 1.141558 -1.976411 -0.059434 -26.065341 
rand_0212 1.719842 0.850000 1.380018 -7.073976 -1.861327 -11.115927 
rand_0213 2.905381 0.231016 3.413845 -2.611570 -0.126450 -29.967480 
rand_0214 5.577963 0.918883 1.614608 -3.210297 -0.220636 -19.916671 
rand_0215 3.654760 1.323876 0.869691 -1.896847 -0.053288 -27.634070 
rand_0216 1.524664 0.930000 5.278847 -0.665654 -0.003135 -38.521626 
rand_0217 2.238357 0.970000 17.531857 -4.453866 -0.536637 -27.222827 
rand_0218 3.362003 1.010000 0.822041 -7.550928 -2.200406 -18.604190 
rand_0219 2.763381 1.220385 7.415366 -1.395922 -0.023413 -16.284900 
rand_0220 3.614481 1.197381 1.866536 -2.314642 -0.091302 -14.989435 
rand_0221 6.095207 1.050000 5.733800 -3.041331 -0.190900 -45.414681 
rand_0222 1.866096 0.884217 5.510456 -4.104852 -0.421614 -42.101857 
rand_0223 1.834460 1.195446 0.730058 -2.390068 -0.100101 -12.085760 
rand_0224 5.293687 1.060000 0.686572 -8.274723 -2.848307 -52.072657 
rand_0225 2.644039 0.180000 1.436039 -1.980522 -0.060662 -56.325160 
rand_0226 5.244041 1.178542 0.603468 -2.766835 -0.148393 -39.015210 
rand_0227 2.075026 0.423202 0.833887 -2.223057 -0.080666 -18.510883 
rand_0228 2.791225 0.238209 9.217005 -0.840502 -0.005865 -12.098595 
rand_0229 1.537431 1.090000 0.521157 -6.176202 -1.274832 -50.429437 
rand_0230 1.449313 1.070000 0.639129 -3.839107 -0.358579 -16.961418 
rand_0231 4.718913 0.730000 0.610937 -0.720367 -0.003958 -22.703403 
rand_0232 2.947475 1.100000 2.053776 -4.208657 -0.454839 -40.141191 
rand_0233 2.013436 0.974270 5.089953 -4.996775 -0.732757 -39.542926 
rand_0234 5.120310 0.880000 1.882276 -5.236055 -0.827196 -49.858061 
rand_0235 2.491311 0.630778 1.937326 -2.113588 -0.071128 -10.330018 
rand_0236 2.774364 0.932493 1.262777 -3.994933 -0.398319 -34.013064 
rand_0237 2.141830 1.040595 1.704971 -2.118329 -0.072078 -24.438885 
rand_0238 2.964048 0.426411 1.180330 -2.774357 -0.151041 -47.212511 
rand_0239 3.021101 0.780000 0.727904 -2.092262 -0.070115 -53.768420 
rand_0240 1.589450 0.636187 1.067286 -0.899711 -0.007144 -22.949057 
rand_0241 1.953802 0.644714 1.617757 -0.426315 -0.000950 -43.576975 
rand_0242 3.451030 0.880000 0.542184 -3.725297 -0.330449 -43.818310 
rand_0243 1.752095 0.909274 2.942698 -1.605351 -0.033457 -18.421252 
rand_0244 2.313572 1.350000 5.839426 -1.812946 -0.047556 -24.654481 
rand_0245 2.516880 1.117819 2.559581 -1.205953 -0.015432 -37.632229 
rand_0246 1.664930 0.790000 1.882925 -2.389799 -0.100115 -15.455878 
rand_0247 5.651054 0.940000 3.926929 -1.489653 -0.027863 -39.465811 
rand_0248 4.264380 1.204228 1.453266 -1.332648 -0.020928 -38.403573 
rand_0249 2.103045 1.112412 0.523005 -2.730015 -0.144316 -20.419659 
rand_0250 2.737001 0.594188 1.976274 -2.383339 -0.098737 -18.068513 
rand_0251 4.260304 0.810000 0.589362 -3.947900 -0.388304 -38.898778 
rand_0252 4.916314 0.801899 0.666118 -1.534614 -0.030301 -38.595900 
rand_0253 1.161528 0.990000 2.834813 -4.402804 -0.523216 -15.754108 
rand_0254 1.832995 0.692548 3.711748 -0.303561 -0.000377 -25.367348 
rand_0255 3.884899 0.740000 0.990623 -0.971698 -0.008844 -48.818970 
rand_0256 2.443123 0.940000 3.130539 -4.130127 -0.435664 -49.772952 
rand_0257 2.651747 1.363940 5.605719 -2.158762 -0.075994 -17.835702 
rand_0258 1.083758 0.860000 2.075018 -6.821841 -1.676761 -42.573343 
rand_0259 1.810800 0.230000 6.377595 -4.967531 -0.734058 -11.141931 
rand_0260 5.033310 0.800000 3.116148 -6.452257 -1.437151 -26.749206 
rand_0261 5.691105 0.935563 0.869620 -1.847098 -0.050561 -38.235975 
rand_0262 1.029385 0.440000 18.639713 -4.349359 -0.501156 -29.652165 
rand_0263 2.575415 1.010000 3.008103 -2.132283 -0.073320 -46.383272 
rand_0264 5.941062 0.424302 1.598187 -1.113144 -0.012655 -31.889049 
rand_0265 2.771137 0.245579 1.769422 -0.869930 -0.006538 -12.319225 
rand_0266 6.362335 0.870000 15.793759 -1.028512 -0.010053 -52.913191 
rand_0267 1.399652 0.935252 0.980928 -2.198527 -0.079610 -15.936850 
rand_0268 1.799210 0.591802 19.150683 -1.005903 -0.009775 -45.800301 
rand_0269 3.883172 1.128677 3.669095 -1.431190 -0.024992 -47.817927 
rand_0270 2.719993 1.307817 1.003442 -0.332351 -0.000484 -45.156329 
rand_0271 2.120211 0.790000 5.460172 -3.738440 -0.336290 -12.641591 
rand_0272 1.504914 1.135097 1.815028 -2.200615 -0.079762 -49.091971 
rand_0273 3.167203 0.947924 1.930733 -0.443184 -0.001058 -18.692782 
rand_0274 1.963244 0.960000 7.897697 -3.073532 -0.198209 -41.246088 
rand_0275 2.189613 1.310000 2.919024 -1.703051 -0.039951 -53.436278 
rand_0276 4.251688 1.225115 2.450921 -0.189023 -0.000104 -19.424372 
rand_0277 4.953582 0.760000 15.902887 -3.552348 -0.291167 -14.623099 
rand_0278 2.486483 0.810000 1.491177 -6.907226 -1.760047 -21.206404 
rand_0279 3.908737 0.560000 2.513509 -4.122045 -0.427266 -31.847944 
rand_0280 2.935685 1.228595 8.004077 -3.017888 -0.187456 -34.956134 
rand_0281 4.815007 0.748553 2.797547 -3.292105 -0.234821 -18.264080 
rand_0282 3.108706 1.010000 1.054195 -2.664120 -0.131329 -33.290396 
rand_0283 4.257998 0.729686 1.093848 -2.324257 -0.091907 -22.048099 
rand_0284 1.328842 0.516373 6.335106 -1.035268 -0.010444 -36.350364 
rand_0285 2.330521 0.460000 1.082375 -1.461202 -0.026317 -48.868472 
rand_0286 2.862398 1.319369 9.498041 -0.372885 -0.000653 -34.962844 
rand_0287 2.875028 0.140000 1.166146 -7.381621 -2.102001 -33.293114 
rand_0288 4.911639 0.540000 0.243836 -7.870145 -2.503833 -25.561642 
rand_0289 4.825850 0.860000 5.548276 -4.503936 -0.538787 -30.815798 
rand_0290 2.730337 0.855634 0.437852 -0.883019 -0.006829 -30.697323 
rand_0291 2.454725 0.990000 3.347437 -1.274337 -0.018253 -34.350583 
rand_0292 1.164768 1.284307 3.097972 -1.559594 -0.031089 -16.952805 
rand_0293 4.530681 1.053079 1.499269 -2.127827 -0.073196 -22.465316 
rand_0294 1.708974 0.940000 1.257348 -2.551016 -0.115595 -20.986677 
rand_0295 3.223728 0.682239 1.572734 -0.426344 -0.000950 -19.873503 
rand_0296 6.772259 1.010000 3.568478 -1.182624 -0.014933 -19.344655 
rand_0297 3.370690 1.237446 0.731049 -2.918797 -0.170355 -31.669075 
rand_0298 3.645090 0.631736 1.747870 -1.879127 -0.051132 -10.552578 
rand_0299 1.531862 1.131067 3.492773 -1.736537 -0.041756 -44.585619 
rand_0300 8.301746 0.490000 0.807398 -5.550051 -0.967183 -56.412051 
rand_0301 3.434446 0.548198 3.337096 -1.210833 -0.015687 -19.651566 
rand_0302 0.870985 1.090000 5.537931 -2.207025 -0.080028 -47.184070 
rand_0303 7.577161 0.676413 1.257388 -1.982711 -0.059408 -15.170063 
rand_0304 1.658594 0.580000 1.715791 -3.792034 -0.348322 -18.493518 
rand_0305 5.881042 0.700000 6.180668 -0.643540 -0.002870 -47.004638 
rand_0306 4.467933 1.030000 5.725912 -1.634578 -0.035940 -53.714441 
rand_0307 1.519826 0.432997 0.419806 -1.660427 -0.037511 -12.656470 
rand_0308 1.322124 0.570000 1.178092 -4.766761 -0.638101 -26.429541 
rand_0309 2.618287 0.890000 2.534048 -2.510639 -0.114195 -17.617929 
rand_0310 5.988543 0.121494 1.873787 -2.184021 -0.077888 -18.383601 
rand_0311 2.432880 1.160000 3.719206 -3.307065 -0.241202 -19.695720 
rand_0312 2.345890 0.654011 5.642065 -2.418134 -0.104010 -38.842708 
rand_0313 2.772648 0.913331 9.968451 -1.203820 -0.015688 -19.722508 
rand_0314 0.743738 0.450000 1.592791 -0.640172 -0.002836 -54.574590 
rand_0315 1.558192 1.020000 0.792046 -2.005206 -0.061880 -20.640622 
rand_0316 1.117529 0.880000 29.134936 -5.518696 -0.948238 -36.162201 
rand_0317 2.870936 0.860000 0.693104 -1.275493 -0.018330 -57.436229 
rand_0318 3.189401 0.850000 2.070869 -5.634602 -0.995715 -31.184660 
rand_0319 2.441145 1.030000 1.223515 -3.937340 -0.382321 -59.369481 
rand_0320 1.710544 0.850831 12.084610 -1.592412 -0.033707 -19.080870 
rand_0321 2.249219 1.073769 0.308262 -2.156389 -0.075263 -14.502573 
rand_0322 5.635230 0.744793 2.318959 -1.750502 -0.042985 -26.477785 
rand_0323 5.062762 0.430000 3.737899 -5.905217 -1.145880 -49.864170 
rand_0324 3.608101 0.930000 1.219593 -6.461543 -1.489250 -36.376317 
rand_0325 2.222182 0.482168 11.047914 -1.584904 -0.032611 -24.880863 
rand_0326 2.426979 1.000000 0.271843 -9.469345 -4.083282 -59.319218 
rand_0327 2.136042 0.750000 2.122643 -0.832266 -0.005752 -54.523459 
rand_0328 2.150292 0.850000 0.183758 -3.333014 -0.242592 -28.667662 
rand_0329 3.407391 1.087926 0.861414 -2.977555 -0.179835 -21.725024 
rand_0330 1.210895 0.775502 1.647030 -1.403623 -0.023482 -36.482925 
rand_0331 1.599994 1.010000 0.900265 -4.807829 -0.656901 -41.681995 
rand_0332 3.505826 1.270000 0.117409 -3.958186 -0.388498 -23.538541 
rand_0333 2.052568 1.070000 1.554557 -2.439511 -0.105966 -42.182718 
rand_0334 0.650927 0.863666 3.312337 -1.835137 -0.049224 -46.406062 
rand_0335 1.672951 0.403271 1.400451 -2.051028 -0.065313 -24.482065 
rand_0336 5.136444 0.307412 1.501065 -2.358670 -0.095412 -42.037827 
rand_0337 2.835813 1.130000 2.528637 -2.220636 -0.082847 -49.605703 
rand_0338 3.035284 1.198726 1.268026 -2.247600 -0.083956 -32.988996 
rand_0339 6.103075 1.050000 0.561104 -5.152449 -0.797797 -47.105715 
rand_0340 4.613909 0.280000 2.555952 -0.478755 -0.001293 -28.297783 
rand_0341 1.406429 0.840000 2.002052 -3.621547 -0.309966 -29.404935 
rand_0342 2.206603 1.142999 2.517780 -2.886569 -0.164208 -37.966693 
rand_0343 3.516550 1.220000 2.253293 -5.969175 -1.183720 -28.328816 
rand_0344 2.961723 0.876702 1.174772 -2.303825 -0.090662 -47.819767 
rand_0345 9.179097 0.493902 1.877669 -1.625595 -0.035315 -38.932607 
rand_0346 2.200721 1.228822 4.313005 -2.361502 -0.096463 -10.096531 
rand_0347 4.040215 1.304370 0.594152 -3.136211 -0.203737 -43.345574 
rand_0348 1.126259 0.379207 0.874541 -2.193379 -0.078150 -13.951986 
rand_0349 3.264826 1.200000 1.899160 -6.771562 -1.652938 -18.261206 
rand_0350 1.806242 0.890000 0.546674 -5.323323 -0.853265 -20.661891 
rand_0351 2.320055 0.735737 6.009478 -2.424482 -0.103810 -49.251017 
rand_0352 2.397546 1.000000 3.739717 -1.251326 -0.017381 -37.111226 
rand_0353 2.582480 0.550000 0.336995 -5.966354 -1.200454 -19.963505 
rand_0354 1.351904 1.133349 1.860260 -0.436498 -0.001026 -13.553033 
rand_0355 4.313143 0.890000 0.925502 -2.339611 -0.093663 -55.844197 
rand_0356 2.510932 0.953949 1.930142 -3.314885 -0.243499 -46.433692 
rand_0357 2.372546 0.790000 12.040518 -1.449564 -0.025848 -59.523785 
rand_0358 8.042948 0.770000 2.264800 -3.162188 -0.212765 -56.117697 
rand_0359 1.628806 1.120000 4.408204 -0.759389 -0.004547 -47.545280 
rand_0360 1.728697 0.950000 2.535262 -3.561303 -0.290789 -15.270107 
rand_0361 1.609153 1.160000 1.221953 -6.040384 -1.241311 -58.888532 
rand_0362 6.160061 1.130956 7.263139 -3.011206 -0.187089 -43.414758 
rand_0363 1.614782 1.266796 3.121799 -2.157890 -0.075383 -28.504306 
rand_0364 3.530535 1.040000 0.278869 -5.186228 -0.798604 -40.344776 
rand_0365 3.068832 0.417238 2.528974 -0.985881 -0.009106 -38.694625 
rand_0366 3.279711 0.671328 2.021463 -4.761341 -0.645266 -31.016632 
rand_0367 1.679287 0.840000 8.962764 -2.448948 -0.104697 -14.658850 
rand_0368 3.824798 1.030000 0.767138 -3.149498 -0.207603 -12.499689 
rand_0369 3.073102 0.880000 2.617615 -4.759048 -0.637057 -49.455815 
rand_0370 3.732632 1.150000 1.802228 -0.355580 -0.000578 -10.384262 
rand_0371 3.034029 1.160000 2.398020 -4.160180 -0.445757 -23.551653 
rand_0372 3.979148 1.320000 1.957868 -4.851952 -0.666413 -52.885487 
rand_0373 2.127805 0.780000 14.788932 -2.575466 -0.119480 -35.815928 
rand_0374 1.277169 1.240000 0.822806 -2.222078 -0.081378 -52.523564 
rand_0375 2.947140 0.829828 0.699604 -3.141818 -0.204929 -21.141856 
rand_0376 5.306258 0.960000 4.249911 -2.929779 -0.171486 -39.146207 
rand_0377 4.084839 0.780800 2.988704 -3.153351 -0.210481 -17.093578 
rand_0378 4.914695 1.010000 0.376268 -0.715321 -0.003912 -20.847187 
rand_0379 4.026734 0.808633 0.192005 -2.781323 -0.149774 -40.917596 
rand_0380 4.532388 0.860000 3.258131 -5.386655 -0.878639 -39.532361 
rand_0381 2.052709 1.021240 0.975739 -1.979445 -0.060248 -22.182156 
rand_0382 1.523376 1.327191 7.908446 -1.234242 -0.016775 -23.999155 
rand_0383 5.833823 0.628033 0.210566 -3.578382 -0.298909 -37.572935 
rand_0384 3.839237 0.529162 9.926603 -3.248461 -0.230993 -26.254613 
rand_0385 1.584352 0.980000 13.199283 -1.252761 -0.017460 -25.544314 
rand_0386 1.608333 1.204003 3.439429 -1.276364 -0.018306 -27.737050 
rand_0387 2.864095 1.010000 3.239345 -1.811778 -0.047662 -12.957031 
rand_0388 2.382281 1.020000 6.313027 -6.292024 -1.339907 -46.224841 
rand_0389 5.462075 1.080000 1.845851 -5.718627 -1.050193 -20.107811 
rand_0390 1.569817 0.988666 0.755872 -2.720244 -0.141171 -46.457344 
rand_0391 3.145003 0.660000 2.161708 -5.443600 -0.923119 -29.812127 
rand_0392 3.369484 0.383025 5.804409 -1.662991 -0.037697 -16.248032 
rand_0393 2.013667 1.059925 1.553584 -2.014682 -0.062433 -34.060180 
rand_0394 3.863646 1.090000 3.310442 -2.733688 -0.143315 -16.628648 
rand_0395 2.021997 1.020000 0.767785 -4.532665 -0.556256 -43.781265 
rand_0396 4.192159 1.388147 2.431519 -3.175727 -0.214337 -41.466326 
rand_0397 3.768631 0.990000 1.937042 -4.494044 -0.548213 -40.641872 
rand_0398 2.181286 0.583744 0.635253 -0.740636 -0.004129 -14.674943 
rand_0399 2.200080 0.261734 7.242465 -3.167924 -0.215575 -38.199662 
rand_0400 4.729909 1.120000 3.442334 -1.292525 -0.019219 -39.770102 
rand_0401 1.389082 0.991961 1.759592 -3.026841 -0.191648 -10.824006 
rand_0402 3.705330 0.660000 9.668155 -5.439693 -0.909334 -23.179900 
rand_0403 1.668529 1.125291 7.323400 -0.240737 -0.000201 -15.898615 
rand_0404 1.876569 0.702701 2.612244 -3.697174 -0.325305 -23.442474 
rand_0405 8.184836 1.226825 26.763956 -1.829119 -0.049031 -28.493292 
rand_0406 2.333362 1.030000 2.524468 -1.539860 -0.030522 -10.797299 
rand_0407 1.255491 0.950000 1.484441 -6.387665 -1.379835 -36.931553 
rand_0408 3.407103 1.257032 2.682822 -0.596484 -0.002342 -33.435034 
rand_0409 2.573088 0.659257 4.893510 -2.165656 -0.076238 -32.311076 
rand_0410 2.890939 1.130000 6.496075 -2.012929 -0.062236 -23.134576 
rand_0411 2.266966 0.930000 4.208854 -5.679426 -1.012740 -29.436535 
rand_0412 3.210211 1.220000 1.769054 -2.730347 -0.141292 -17.082834 
rand_0413 3.245893 0.120000 1.682899 -7.289114 -2.015987 -15.603542 
rand_0414 1.164796 0.894550 2.295409 -0.262255 -0.000258 -32.575622 
rand_0415 1.560569 0.710679 0.140172 -1.019147 -0.010275 -29.555255 
rand_0416 4.641167 1.044666 0.472247 -1.080172 -0.011566 -37.486080 
rand_0417 3.679346 0.560000 1.777340 -5.224312 -0.835374 -55.228608 
rand_0418 3.222411 0.870858 1.820663 -3.321292 -0.239234 -25.203719 
rand_0419 3.443691 0.910000 1.627430 -5.695844 -1.031132 -47.769444 
rand_0420 1.870230 0.542057 1.996545 -3.196736 -0.218239 -26.906156 
rand_0421 0.945562 0.550000 2.520849 -1.423955 -0.024988 -17.180663 
rand_0422 3.350239 1.061484 0.610294 -0.994054 -0.009273 -20.616050 
rand_0423 3.876618 1.001856 0.321274 -3.268125 -0.233395 -26.187226 
rand_0424 0.799557 0.293096 0.824357 -1.754979 -0.042861 -30.338555 
rand_0425 1.016163 0.763725 0.762324 -2.623728 -0.126829 -25.230147 
rand_0426 4.791625 1.084104 0.655158 -2.579996 -0.120782 -45.573566 
rand_0427 2.206133 0.875171 1.620106 -0.555391 -0.001907 -29.958585 
rand_0428 2.093739 1.286469 11.994025 -1.962081 -0.058435 -21.255565 
rand_0429 2.379263 1.050000 4.687956 -4.283649 -0.487284 -10.782388 
rand_0430 2.895724 1.100000 0.659186 -5.262890 -0.836072 -11.399429 
rand_0431 2.345671 0.970690 1.817685 -0.335910 -0.000501 -44.905008 
rand_0432 1.224530 1.107766 18.198163 -3.634535 -0.311933 -33.327808 
rand_0433 1.399578 1.230000 2.991524 -5.651880 -1.014348 -54.348253 
rand_0434 2.913504 0.860000 0.711421 -1.711815 -0.039821 -14.318075 
rand_0435 4.501382 0.640000 0.726894 -4.551366 -0.569147 -17.509898 
rand_0436 2.307442 1.080000 5.028094 -1.227935 -0.016573 -22.548961 
rand_0437 2.636513 0.596828 2.945882 -3.567755 -0.292452 -12.181180 
rand_0438 2.419178 0.480000 0.727979 -4.256265 -0.462524 -59.762898 
rand_0439 1.188513 0.650000 4.414068 -4.429639 -0.524994 -53.230294 
rand_0440 4.393267 1.179081 2.758657 -1.829307 -0.048333 -11.252015 
rand_0441 3.514196 0.577320 2.046868 -4.255836 -0.471220 -32.822904 
rand_0442 2.265051 0.700631 8.529964 -1.928234 -0.055514 -35.070708 
rand_0443 1.797960 1.184527 0.869274 -1.678286 -0.038060 -14.328032 
rand_0444 2.978229 0.323086 4.863355 -1.720226 -0.040835 -13.332618 
rand_0445 2.413012 1.100000 0.919672 -5.556895 -0.971875 -51.918499 
rand_0446 2.538324 0.984113 0.957478 -3.652653 -0.313460 -13.838420 
rand_0447 3.984081 0.970000 3.136103 -0.659110 -0.003070 -50.310630 
rand_0448 6.269824 0.950000 2.584293 -1.947921 -0.058075 -48.535551 
rand_0449 8.360911 0.990000 14.757865 -6.974082 -1.809014 -38.561273 
rand_0450 4.712720 0.840000 2.573912 -3.800492 -0.345037 -58.065702 
rand_0451 1.583408 1.090000 0.754091 -2.580994 -0.123846 -40.956920 
rand_0452 1.260195 0.773664 0.580817 -2.067988 -0.068170 -14.091161 
rand_0453 4.164658 0.560000 0.494086 -2.615288 -0.128484 -30.189938 
rand_0454 3.439137 0.810000 1.993182 -5.935062 -1.174766 -35.199178 
rand_0455 5.383484 0.990000 1.613478 -1.660606 -0.037733 -32.594628 
rand_0456 4.293502 0.952611 3.278432 -1.140545 -0.013479 -49.639725 
rand_0457 5.685420 0.968344 6.472388 -2.963646 -0.177351 -39.566870 
rand_0458 2.640939 1.191849 1.742313 -1.028439 -0.010294 -23.564378 
rand_0459 4.223088 0.560000 0.443188 -8.009416 -2.567324 -49.244351 
rand_0460 1.221077 1.210000 6.830638 -8.775485 -3.294757 -17.628961 
rand_0461 2.722666 1.225676 0.509386 -0.753800 -0.004403 -26.495561 
rand_0462 3.411771 1.077611 3.783208 -1.891132 -0.052973 -20.305471 
rand_0463 7.317701 0.210037 2.533073 -1.255534 -0.017610 -34.636420 
rand_0464 4.711258 0.940000 0.889210 -0.841436 -0.005919 -11.211502 
rand_0465 2.581517 1.349068 15.223008 -1.379637 -0.022585 -17.225833 
rand_0466 2.783870 1.042576 9.892106 -3.939405 -0.382238 -47.866254 
rand_0467 4.843551 0.780000 3.818914 -5.598716 -0.991498 -42.553767 
rand_0468 3.221611 0.761226 3.732549 -3.737734 -0.331300 -31.159183 
rand_0469 7.641599 0.435083 7.556034 -2.814393 -0.157044 -21.133827 
rand_0470 7.736722 0.990000 7.863005 -4.795717 -0.649093 -21.919422 
rand_0471 2.246647 1.150000 8.779951 -6.291211 -1.344660 -10.795389 
rand_0472 1.953005 0.644082 1.172131 -1.296158 -0.019049 -30.201237 
rand_0473 6.907079 0.920000 5.077303 -9.873749 -4.619146 -44.304592 
rand_0474 3.023740 1.260883 2.557330 -0.694331 -0.003548 -23.697640 
rand_0475 2.629749 1.000000 0.829014 -4.691348 -0.617562 -25.995619 
rand_0476 4.857584 1.340000 1.429842 -6.470477 -1.463956 -11.048709 
rand_0477 2.871144 0.580000 0.486423 -0.792553 -0.005000 -17.240619 
rand_0478 2.171062 0.930000 2.788202 -2.784305 -0.148964 -27.264728 
rand_0479 2.525029 0.930000 2.861016 -6.199606 -1.298187 -47.172033 
rand_0480 4.001737 0.370000 1.652768 -5.674132 -1.031536 -39.454560 
rand_0481 2.515099 0.860000 2.328725 -2.886647 -0.168640 -42.471547 
rand_0482 2.651197 0.894983 3.920257 -3.179243 -0.217325 -34.409044 
rand_0483 2.663126 1.341475 0.619802 -0.551281 -0.001940 -34.144536 
rand_0484 3.092669 1.270000 1.011770 -6.680898 -1.585663 -51.762696 
rand_0485 0.931269 0.990000 18.386549 -4.583218 -0.569826 -12.674904 
rand_0486 2.695607 1.000000 2.163719 -1.960724 -0.058882 -54.890686 
rand_0487 2.977325 0.890000 29.538521 -2.783893 -0.150012 -56.828337 
rand_0488 4.127079 0.213473 0.546345 -2.066141 -0.067651 -49.114053 
rand_0489 1.419525 1.010000 3.055365 -0.807729 -0.005237 -10.794642 
rand_0490 2.043848 0.690000 24.974349 -4.663316 -0.602267 -56.142755 
rand_0491 3.725888 1.040000 1.631070 -3.314350 -0.243434 -34.169565 
rand_0492 3.111443 0.996073 4.223112 -1.983506 -0.060479 -13.828234 
rand_0493 4.625144 1.332838 1.738098 -2.021171 -0.063718 -42.640926 
rand_0494 6.630035 0.850000 1.387753 -6.631454 -1.567366 -58.158749 
rand_0495 0.872282 1.064543 2.660175 -1.976503 -0.059712 -32.467104 
rand_0496 1.166053 1.004289 1.073747 -1.859676 -0.050278 -21.832805 
rand_0497 3.017212 0.870000 2.214708 -2.748028 -0.143990 -41.549714 
rand_0498 2.417924 0.820000 0.701922 -2.928674 -0.170028 -46.213545 
rand_0499 1.593952 0.850000 1.627218 -4.348046 -0.505301 -25.434939 
rand_0500 3.502097 0.778055 0.675674 -1.137452 -0.013485 -11.773206 
rand_0501 3.358037 0.830000 1.904375 -3.966664 -0.398611 -22.841403 
rand_0502 2.657508 1.073785 0.416669 -1.860302 -0.049803 -45.262011 
rand_0503 2.104254 1.000000 2.461776 -6.821246 -1.692365 -56.841372 
rand_0504 2.091090 0.631841 2.437637 -1.579569 -0.032581 -21.884626 
rand_0505 4.657848 0.890000 0.536533 -1.922364 -0.054827 -26.514730 
rand_0506 1.864487 1.001453 0.708078 -3.178543 -0.215144 -46.199894 
rand_0507 1.782472 1.060000 0.444349 -5.173871 -0.805136 -40.706335 
rand_0508 7.215330 1.389376 7.199411 -1.986959 -0.061381 -48.899445 
rand_0509 5.950811 1.180000 0.689287 -3.964082 -0.391427 -27.157761 
rand_0510 3.987143 0.930000 0.506143 -4.113157 -0.428665 -17.589363 
rand_0511 1.410184 0.860000 1.512289 -2.566823 -0.119186 -30.365054 
rand_0512 1.563548 0.230000 0.376872 -2.182471 -0.076302 -23.757350 
rand_0513 7.598257 0.947061 5.904881 -2.717661 -0.140882 -46.676328 
rand_0514 1.956389 0.850000 1.588923 -5.000495 -0.731388 -29.918398 
rand_0515 1.998207 0.734869 5.465553 -1.185512 -0.015120 -28.773838 
rand_0516 2.242025 1.000000 1.870060 -6.130953 -1.237684 -45.872163 
rand_0517 4.263196 0.649243 2.039507 -0.178921 -0.000090 -19.477053 
rand_0518 3.992002 1.090000 1.348739 -1.593728 -0.033414 -47.918730 
rand_0519 1.666936 1.240000 0.834389 -2.811265 -0.151658 -51.432526 
rand_0520 2.471641 1.190000 6.541112 -3.666752 -0.320543 -56.079837 
rand_0521 4.448515 0.327477 16.265255 -1.900572 -0.053168 -40.976296 
rand_0522 2.447747 0.796880 1.064500 -2.327699 -0.093316 -16.746786 
rand_0523 2.235104 1.120000 0.920482 -3.065466 -0.196260 -32.771679 
rand_0524 1.453917 0.760000 0.574442 -2.705546 -0.137626 -45.697658 
rand_0525 3.617834 1.060000 2.051264 -1.532077 -0.029116 -29.876414 
rand_0526 2.226176 0.699950 10.032226 -3.438448 -0.267704 -47.716230 
rand_0527 0.814378 1.144476 0.888980 -3.270755 -0.230427 -49.451078 
rand_0528 4.537065 1.237843 0.566005 -1.490921 -0.027509 -38.382630 
rand_0529 0.735950 1.060000 0.711227 -7.824655 -2.471704 -26.306844 
rand_0530 1.986100 0.930000 2.484935 -3.100533 -0.201349 -19.093733 
rand_0531 2.258713 0.890000 1.004008 -0.636348 -0.002818 -51.599224 
rand_0532 2.339908 1.000000 1.066852 -6.142837 -1.264373 -21.063443 
rand_0533 0.967637 1.358211 1.095071 -2.544782 -0.116677 -36.718252 
rand_0534 3.934607 1.000000 0.365077 -4.695290 -0.615292 -44.718086 
rand_0535 3.757938 0.791632 3.845131 -3.335763 -0.246967 -45.166898 
rand_0536 2.790098 0.992784 8.252213 -3.275923 -0.232772 -24.767575 
rand_0537 3.735556 1.130000 4.109342 -3.004264 -0.184615 -56.156715 
rand_0538 2.927392 1.280000 2.435079 -1.402262 -0.023764 -50.122320 
rand_0539 4.514022 0.422317 9.163133 -2.607863 -0.126296 -27.031697 
rand_0540 1.994050 0.859795 4.227490 -3.036878 -0.191740 -46.128366 
rand_0541 3.190686 0.290919 8.099871 -2.243504 -0.083103 -15.629255 
rand_0542 1.659883 0.960000 10.837247 -2.880538 -0.164936 -48.694384 
rand_0543 1.633693 1.090000 3.430815 -0.700671 -0.003636 -26.213722 
rand_0544 3.434304 0.810000 11.314590 -0.646778 -0.002924 -42.116759 
rand_0545 6.897125 1.134470 1.377890 -3.493650 -0.279873 -46.229159 
rand_0546 1.097632 0.742688 1.222369 -0.683764 -0.003357 -38.351597 
rand_0547 1.206938 1.100000 10.698904 -1.864456 -0.051448 -48.087928 
rand_0548 3.902714 0.270000 18.830133 -3.368179 -0.252184 -36.372741 
rand_0549 2.356938 0.256057 1.884492 -1.509349 -0.028415 -19.475334 
rand_0550 2.331370 1.046204 1.047787 -2.657424 -0.131527 -27.234751 
rand_0551 4.192704 0.948834 3.077708 -2.068520 -0.067247 -32.470435 
rand_0552 2.137825 0.756244 1.821038 -3.895220 -0.370778 -41.234456 
rand_0553 4.180881 1.293351 1.002119 -1.676590 -0.038135 -17.631468 
rand_0554 2.440911 1.180000 1.222777 -4.217036 -0.458177 -53.993488 
rand_0555 2.272677 0.653882 3.398547 -0.931691 -0.007922 -17.295528 
rand_0556 1.962043 1.060000 0.652223 -4.107297 -0.425323 -50.824963 
rand_0557 1.921847 1.150000 5.075728 -2.225169 -0.081865 -58.586690 
rand_0558 0.944719 0.564836 2.272575 -1.760615 -0.043619 -35.545873 
rand_0559 8.205203 0.823854 7.840936 -2.704974 -0.137813 -20.922145 
rand_0560 4.099671 1.140000 1.715086 -4.368856 -0.511849 -47.759289 
rand_0561 2.261930 0.840000 4.282805 -8.869693 -3.440949 -39.607782 
rand_0562 1.906883 1.338025 5.867682 -0.722368 -0.003899 -32.877985 
rand_0563 1.612422 0.856877 2.172472 -1.662275 -0.037117 -37.866492 
rand_0564 3.510799 0.793406 0.418910 -2.996156 -0.182608 -18.860906 
rand_0565 3.760479 0.760413 1.828438 -4.801684 -0.653668 -35.364540 
rand_0566 4.332034 1.040000 3.576829 -3.476870 -0.275996 -35.363687 
rand_0567 3.013804 0.820000 10.519831 -3.738026 -0.338893 -37.023686 
rand_0568 2.571591 1.314404 4.689145 -1.757457 -0.043681 -15.604035 
rand_0569 1.837301 1.170000 0.203141 -0.255226 -0.000235 -43.315513 
rand_0570 1.397898 0.800000 3.472162 -6.172187 -1.294992 -11.420125 
rand_0571 5.163338 0.250000 2.565030 -1.902705 -0.053876 -18.074679 
rand_0572 2.295930 1.036068 2.867186 -2.048849 -0.064789 -23.783456 
rand_0573 1.876981 0.757015 0.900085 -0.740440 -0.004197 -22.006301 
rand_0574 7.832720 0.900000 9.328007 -3.739961 -0.331201 -24.846830 
rand_0575 4.426093 0.890000 6.785557 -5.856142 -1.121101 -19.015017 
rand_0576 1.489789 0.860000 0.284977 -2.867640 -0.165187 -19.470465 
rand_0577 3.619396 0.970000 2.602248 -3.172649 -0.215433 -57.086031 
rand_0578 2.366149 0.390000 0.985607 -8.382071 -2.958489 -48.241235 
rand_0579 4.563295 0.550000 7.712217 -3.085775 -0.197313 -57.099601 
rand_0580 2.533143 1.040000 0.929907 -3.769428 -0.344393 -26.712229 
rand_0581 4.808829 0.887674 0.525115 -0.845462 -0.006038 -43.373553 
rand_0582 4.206037 1.020000 6.936799 -1.243130 -0.017314 -45.822352 
rand_0583 1.952396 0.264811 2.273233 -3.082407 -0.198461 -24.321423 
rand_0584 1.037133 0.639922 1.206758 -0.732094 -0.004131 -31.293551 
rand_0585 2.837076 0.951735 3.497230 -0.843268 -0.005965 -12.155040 
rand_0586 2.012764 0.997869 1.590862 -1.590217 -0.032895 -34.895443 
rand_0587 2.009590 0.413644 0.715612 -1.382772 -0.022753 -46.039247 
rand_0588 2.832870 0.512068 0.253782 -3.374225 -0.252067 -12.913462 
rand_0589 2.959579 1.208304 3.203861 -0.728476 -0.004016 -42.504838 
rand_0590 6.197259 1.100000 14.124274 -5.134099 -0.780707 -41.943254 
rand_0591 3.300496 0.853824 1.027466 -2.154763 -0.075275 -17.632579 
rand_0592 5.253209 1.200000 0.845721 -4.071307 -0.414481 -15.284194 
rand_0593 1.723474 0.700000 2.532367 -11.016592 -6.076765 -29.884835 
rand_0594 1.747875 0.880000 1.818822 -2.768064 -0.149347 -52.379432 
rand_0595 3.655200 0.960000 2.817147 -2.897222 -0.167090 -10.057147 
rand_0596 1.285340 0.810000 0.965868 -5.613342 -0.999601 -42.105296 
rand_0597 2.283676 0.858299 2.874451 -2.754315 -0.150016 -34.487965 
rand_0598 1.913986 0.969271 6.858314 -3.191714 -0.220117 -11.666764 
rand_0599 1.547308 0.980000 2.130598 -8.777242 -3.380379 -40.004935 
rand_0600 5.870900 0.860000 4.802437 -3.357495 -0.248867 -27.974599 
rand_0601 4.111037 0.730000 0.546977 -7.013945 -1.817655 -17.367866 
rand_0602 5.703398 0.921847 1.983125 -2.621195 -0.128857 -34.400152 
rand_0603 2.633163 1.250975 0.908939 -3.389203 -0.256708 -36.202933 
rand_0604 3.592541 0.920000 10.812363 -3.182560 -0.214326 -50.624772 
rand_0605 2.118065 0.426315 1.301277 -2.678142 -0.133916 -17.236697 
rand_0606 2.370919 0.680000 3.967802 -1.750356 -0.043327 -56.660891 
rand_0607 1.840719 1.342726 1.784479 -4.589305 -0.585079 -37.839994 
rand_0608 2.372351 0.620000 7.488722 -3.223926 -0.222952 -58.502388 
rand_0609 4.314199 0.730000 0.520932 -1.342518 -0.020789 -50.340144 
rand_0610 3.596215 0.672560 1.280089 -3.382413 -0.252199 -14.639227 
rand_0611 2.847314 1.250000 7.794186 -2.869452 -0.163711 -29.083920 
rand_0612 4.816816 1.070000 1.668909 -0.154854 -0.000062 -25.622605 
rand_0613 1.783551 0.499033 0.198959 -2.473134 -0.109792 -25.889179 
rand_0614 4.829790 1.000000 8.368369 -5.873845 -1.114659 -17.665222 
rand_0615 3.346151 1.080000 9.570658 -2.584989 -0.125116 -22.942474 
rand_0616 2.508211 1.040000 1.116422 -2.474927 -0.107833 -44.046998 
rand_0617 2.060309 0.950000 15.223765 -3.360049 -0.253919 -42.593119 
rand_0618 4.775048 1.280000 0.744862 -3.629246 -0.307627 -10.735457 
rand_0619 1.429440 0.790000 1.230861 -3.334212 -0.248790 -33.156907 
rand_0620 2.162522 0.880000 1.163847 -3.600857 -0.300616 -50.194415 
rand_0621 4.322307 1.180000 1.820052 -1.297750 -0.019188 -38.964461 
rand_0622 3.179849 0.960326 0.449054 -0.213288 -0.000143 -20.118639 
rand_0623 2.192644 0.907596 10.281012 -2.139145 -0.074127 -27.466901 
rand_0624 5.624671 0.780000 3.009195 -3.297996 -0.233135 -50.869507 
rand_0625 5.127888 0.760000 2.265709 -7.516111 -2.201736 -21.843508 
rand_0626 0.964103 0.360607 0.127225 -2.398463 -0.101098 -36.356417 
rand_0627 3.239688 1.000000 3.770312 -3.280316 -0.231262 -14.264792 
rand_0628 3.067390 1.030000 8.659049 -1.864988 -0.051050 -57.886567 
rand_0629 1.350946 0.967708 4.773332 -3.244229 -0.226483 -14.841424 
rand_0630 3.118864 0.639576 2.348584 -2.873729 -0.161511 -35.120191 
rand_0631 0.998121 0.654719 0.598301 -4.278475 -0.477772 -40.896014 
rand_0632 3.577984 0.800000 1.582062 -2.857664 -0.161607 -16.005896 
rand_0633 1.802968 1.353467 1.535086 -4.367817 -0.512292 -16.376363 
rand_0634 1.790735 1.130000 2.623497 -6.120291 -1.240716 -16.040434 
rand_0635 3.975378 0.833770 0.660453 -1.487612 -0.027231 -35.708739 
rand_0636 2.452946 0.982267 0.830574 -1.738897 -0.042149 -16.099355 
rand_0637 5.344873 0.980000 4.886179 -5.486362 -0.922539 -14.329767 
rand_0638 4.132877 1.090000 2.454984 -0.660206 -0.003081 -58.013974 
rand_0639 3.076109 0.390000 5.459095 -2.684749 -0.134660 -20.035595 
rand_0640 2.355913 1.030000 2.448706 -6.078106 -1.252768 -22.506950 
rand_0641 2.774507 1.091373 4.917442 -2.135405 -0.073095 -30.979634 
rand_0642 4.442281 0.750000 4.171236 -2.743849 -0.145170 -13.900266 
rand_0643 2.802008 0.918344 1.482954 -2.221490 -0.082815 -38.453653 
rand_0644 2.717872 0.399134 4.022493 -1.660016 -0.036927 -43.541341 
rand_0645 2.521878 0.470000 0.428067 -5.276265 -0.853987 -45.379077 
rand_0646 2.048279 1.100000 0.354661 -7.443831 -2.113557 -29.656555 
rand_0647 1.773225 1.060000 0.563799 -3.914453 -0.376327 -13.873803 
rand_0648 3.784908 0.774166 1.442810 -2.627554 -0.127584 -41.962047 
rand_0649 2.931861 0.884725 1.517043 -2.564948 -0.120369 -23.111790 
rand_0650 1.112029 1.275438 0.530158 -1.881547 -0.051531 -44.934376 
rand_0651 1.599408 1.200000 2.581792 -6.103893 -1.244587 -44.874221 
rand_0652 1.515162 0.820000 0.506990 -3.790026 -0.348664 -35.963839 
rand_0653 1.163578 1.067794 2.336428 -4.090538 -0.425645 -46.489908 
rand_0654 2.444729 1.307863 0.500356 -0.555848 -0.001929 -36.069450 
rand_0655 3.514916 0.721661 3.393220 -2.020470 -0.062695 -30.467940 
rand_0656 3.553885 0.642633 0.561634 -2.982758 -0.183413 -21.372484 
rand_0657 2.125872 0.672847 3.720970 -1.616950 -0.034384 -19.302245 
rand_0658 0.954048 1.180000 1.003012 -6.108942 -1.266882 -56.410225 
rand_0659 6.184913 0.443196 0.937628 -4.058924 -0.407976 -42.602089 
rand_0660 3.352167 0.940000 7.571054 -1.156040 -0.014048 -20.281501 
rand_0661 6.153972 0.610616 3.432319 -2.060030 -0.067110 -43.373369 
rand_0662 2.891311 0.840000 9.738229 -2.229888 -0.083346 -55.338330 
rand_0663 3.583118 0.970000 2.698086 -1.687029 -0.038813 -23.439637 
rand_0664 6.547529 1.068243 1.711979 -1.441806 -0.025298 -34.150243 
rand_0665 3.571153 1.275161 0.707318 -3.196674 -0.216535 -36.026812 
rand_0666 2.348697 0.920000 1.950409 -3.764653 -0.337138 -48.127440 
rand_0667 4.023823 0.930000 0.422693 -4.727930 -0.628964 -48.861848 
rand_0668 2.560942 1.160000 8.409095 -4.302920 -0.487930 -54.701218 
rand_0669 0.582421 1.020000 0.206297 -2.862996 -0.161589 -52.494930 
rand_0670 5.361456 1.139050 0.391113 -1.373431 -0.022319 -28.968264 
rand_0671 2.587417 1.310375 6.412959 -2.190167 -0.079092 -29.208415 
rand_0672 2.108065 1.388153 0.334671 -3.427593 -0.266426 -16.853200 
rand_0673 1.813871 1.138318 0.825321 -2.471967 -0.109593 -49.325368 
rand_0674 4.517694 1.105211 2.513667 -1.960214 -0.059124 -41.419954 
rand_0675 2.215988 0.770000 1.603121 -0.534863 -0.001762 -46.470530 
rand_0676 2.005005 0.960000 6.727404 -1.629390 -0.035979 -36.774560 
rand_0677 2.413023 1.000000 2.248245 -4.546059 -0.566324 -10.464436 
rand_0678 2.635972 0.838436 3.010722 -2.719772 -0.140704 -23.384744 
rand_0679 0.685901 0.230000 0.235746 -5.591336 -0.975863 -52.570432 
rand_0680 2.254568 0.960000 8.961418 -2.851347 -0.160195 -31.828423 
rand_0681 1.244635 0.466189 2.619423 -1.898483 -0.052686 -36.555700 
rand_0682 1.973401 0.900000 0.918401 -5.192765 -0.800559 -11.649657 
rand_0683 2.077543 1.044654 2.431423 -2.855007 -0.160814 -43.984623 
rand_0684 1.921530 0.772501 1.052010 -2.738499 -0.144585 -18.330377 
rand_0685 2.047383 0.713899 0.261261 -1.549118 -0.030771 -28.460956 
rand_0686 2.445903 0.160000 20.233747 -1.820138 -0.047213 -54.898518 
rand_0687 2.337489 1.085437 1.342419 -2.837662 -0.157204 -27.905824 
rand_0688 1.861268 0.820000 1.647714 -1.400925 -0.023466 -21.041477 
rand_0689 2.344196 0.671927 4.547057 -1.362068 -0.021833 -41.812287 
rand_0690 4.964059 0.800000 0.589977 -6.155396 -1.288311 -18.054893 
rand_0691 4.305630 0.950000 8.782806 -3.686612 -0.322515 -47.619869 
rand_0692 2.896333 1.040000 2.727476 -2.138109 -0.074221 -32.798018 
rand_0693 1.974695 1.300000 0.378308 -5.027689 -0.740397 -22.807671 
rand_0694 2.656043 0.940000 3.681807 -2.788440 -0.151404 -35.954688 
rand_0695 2.501955 0.290000 10.345757 -5.412430 -0.902272 -29.514720 
rand_0696 2.285346 1.261127 3.421153 -2.480496 -0.108829 -17.623024 
rand_0697 2.679520 0.719617 5.543641 -0.459767 -0.001143 -29.006468 
rand_0698 1.025704 1.307228 0.845936 -1.914295 -0.054693 -21.136489 
rand_0699 3.140171 0.451991 4.346511 -2.124364 -0.072097 -23.762867 
rand_0700 2.032094 0.730000 4.116098 -4.948128 -0.715033 -41.056078 
rand_0701 2.835690 0.461282 2.121422 -2.265643 -0.086442 -16.843838 
rand_0702 3.430182 1.167097 2.480537 -2.298811 -0.088945 -11.161750 
rand_0703 5.137021 1.193680 12.822781 -1.452606 -0.025689 -40.729782 
rand_0704 4.373275 0.830000 2.136570 -4.589405 -0.585747 -24.327584 
rand_0705 3.664427 0.710000 5.271246 -5.115314 -0.768723 -31.853712 
rand_0706 2.160471 1.331920 0.908184 -3.900451 -0.372486 -32.427054 
rand_0707 2.958691 0.950000 0.928869 -5.303716 -0.849511 -39.641933 
rand_0708 3.526246 0.930000 1.382489 -1.959992 -0.059124 -14.927657 
rand_0709 2.400592 1.325997 0.474980 -3.464509 -0.272719 -48.816857 
rand_0710 5.476702 1.130000 8.223927 -3.700764 -0.319740 -50.450096 
rand_0711 3.243798 0.770000 0.529789 -4.887840 -0.691311 -47.153899 
rand_0712 4.461072 1.297964 4.619889 -1.436984 -0.025471 -20.802002 
rand_0713 2.318295 1.114859 1.810326 -0.182911 -0.000096 -16.942317 
rand_0714 2.052802 1.110000 11.239670 -1.337374 -0.020968 -57.271944 
rand_0715 4.116962 1.290000 3.748870 -5.541425 -0.965960 -15.200334 
rand_0716 1.623411 0.880000 3.048702 -4.602739 -0.582267 -20.364963 
rand_0717 2.850950 1.170602 0.614836 -1.407317 -0.023871 -48.170667 
rand_0718 2.316080 0.630154 0.955849 -0.517482 -0.001607 -40.453641 
rand_0719 3.947711 0.575403 9.610597 -2.662328 -0.133614 -26.392050 
rand_0720 4.384748 1.040000 1.600500 -3.789010 -0.342144 -47.593765 
rand_0721 3.176741 0.460000 1.109641 -4.465401 -0.544227 -49.160754 
rand_0722 8.364555 0.699639 1.796399 -0.938914 -0.008036 -48.281900 
rand_0723 3.295948 0.906331 4.695865 -2.819473 -0.153746 -46.501201 
rand_0724 5.473132 0.840000 5.471089 -6.171350 -1.294375 -16.366040 
rand_0725 2.985365 1.152814 7.865563 -0.359064 -0.000599 -41.505825 
rand_0726 1.513776 1.040000 1.493826 -2.925405 -0.167771 -22.317665 
rand_0727 0.985867 0.680000 5.425701 -2.039217 -0.065237 -18.401053 
rand_0728 1.298558 0.543200 6.228318 -1.731725 -0.041762 -10.569911 
rand_0729 3.817229 0.930000 16.354977 -5.703459 -1.043923 -35.863911 
rand_0730 2.146599 1.060000 0.412674 -3.676765 -0.314837 -51.715056 
rand_0731 3.279030 0.687180 1.876610 -3.992255 -0.403349 -37.758774 
rand_0732 6.297534 0.777446 3.354695 -2.580814 -0.122428 -31.756410 
rand_0733 2.860115 1.050000 0.984860 -3.072638 -0.198808 -44.750331 
rand_0734 2.681171 0.188165 3.108634 -1.388426 -0.023174 -25.844168 
rand_0735 4.090511 0.672250 12.454279 -2.517091 -0.115112 -11.402213 
rand_0736 1.618005 0.920000 2.687896 -5.358561 -0.887179 -45.050581 
rand_0737 4.087208 1.200000 3.181771 -3.076949 -0.194510 -40.807689 
rand_0738 1.422595 0.900256 4.113235 -0.854783 -0.006214 -17.098382 
rand_0739 4.818014 1.240000 17.396783 -0.651970 -0.002950 -12.233128 
rand_0740 4.916972 1.030000 1.548644 -3.029628 -0.188873 -40.903849 
rand_0741 2.704796 0.426199 10.701767 -3.469397 -0.272287 -49.020397 
rand_0742 1.560982 1.240000 17.670880 -0.755416 -0.004396 -37.098730 
rand_0743 2.106414 0.990000 2.361704 -1.980164 -0.060214 -23.371900 
rand_0744 4.122849 1.390000 1.378997 -2.463749 -0.108217 -46.662329 
rand_0745 5.333729 1.333601 9.216915 -4.108796 -0.437284 -21.619362 
rand_0746 1.681790 1.245470 0.705052 -1.597290 -0.033613 -31.033282 
rand_0747 5.854588 1.223117 2.118154 -2.422466 -0.103073 -30.228102 
rand_0748 3.244948 0.810000 1.434691 -2.845864 -0.157499 -48.786188 
rand_0749 1.607539 1.377119 1.801529 -2.395456 -0.100125 -46.776836 
rand_0750 1.189342 1.033042 0.888816 -2.614648 -0.128014 -49.751605 
rand_0751 5.258430 0.970000 2.386120 -1.725702 -0.041908 -11.065223 
rand_0752 2.275039 0.715234 5.405310 -3.568434 -0.292101 -34.742512 
rand_0753 3.278741 1.000000 0.840175 -4.251619 -0.470148 -23.652321 
rand_0754 1.512624 1.215693 2.983341 -3.244678 -0.224481 -16.245395 
rand_0755 3.032514 1.201656 1.854569 -1.238678 -0.016759 -14.901098 
rand_0756 2.491661 1.049078 6.591022 -2.618038 -0.127417 -30.544933 
rand_0757 1.734039 0.970000 1.098953 -4.222151 -0.463610 -13.897221 
rand_0758 4.663249 1.100000 0.825048 -1.450621 -0.026068 -50.923011 
rand_0759 2.273374 1.010000 3.885471 -3.215301 -0.225371 -33.679568 
rand_0760 2.026372 0.240000 0.404500 -5.797881 -1.088252 -11.563153 
rand_0761 4.740859 0.990000 0.359762 -2.020285 -0.063349 -33.407494 
rand_0762 3.299239 1.330000 0.805603 -5.485967 -0.949474 -59.700521 
rand_0763 4.082900 1.280000 0.225741 -4.573524 -0.570661 -43.101261 
rand_0764 4.444351 0.770000 5.573524 -2.890043 -0.168892 -45.273401 
rand_0765 2.029317 0.460000 1.090284 -2.322969 -0.092772 -10.677935 
rand_0766 2.741490 0.250680 2.300716 -0.362750 -0.000603 -21.122744 
rand_0767 3.173789 0.891509 1.166210 -1.990453 -0.061156 -32.297027 
rand_0768 3.081932 1.030000 4.869083 -4.958288 -0.727773 -47.845921 
rand_0769 5.539623 0.504451 7.419974 -2.616808 -0.127259 -25.681603 
rand_0770 3.885138 1.167601 0.803208 -1.312899 -0.019969 -40.037897 
rand_0771 2.958944 1.000000 8.231806 -5.684042 -1.026259 -27.822746 
rand_0772 2.877531 0.580000 1.371529 -9.257412 -3.829173 -12.000562 
rand_0773 2.836518 1.090000 4.880144 -5.424952 -0.920865 -12.586819 
rand_0774 2.988560 1.100000 1.183437 -1.940155 -0.056290 -14.383590 
rand_0775 0.977016 0.900000 5.089301 -4.701416 -0.611352 -41.317013 
rand_0776 2.177151 1.160000 0.440908 -2.118928 -0.071769 -35.673867 
rand_0777 1.476481 1.390822 4.139735 -1.238582 -0.017114 -49.577197 
rand_0778 1.831370 0.410000 0.232384 -1.807847 -0.046402 -23.475143 
rand_0779 1.121641 0.880000 3.727881 -1.416915 -0.024184 -31.558938 
rand_0780 8.319074 0.633565 0.497504 -2.639800 -0.129826 -31.930939 
rand_0781 1.552364 1.278146 1.954917 -1.942693 -0.056363 -20.975162 
rand_0782 5.931667 0.920000 1.455345 -3.978640 -0.394012 -29.283603 
rand_0783 3.529823 0.540000 1.372571 -5.984296 -1.179639 -19.290454 
rand_0784 2.859771 1.120000 1.419415 -6.525209 -1.507433 -11.999081 
rand_0785 4.131015 0.813660 3.913731 -1.886625 -0.051818 -33.064107 
rand_0786 2.782303 1.050000 2.236807 -1.596682 -0.033574 -50.808610 
rand_0787 4.086538 1.010747 9.710357 -2.684702 -0.135534 -17.949164 
rand_0788 5.220263 0.850000 32.017090 -5.249475 -0.851960 -26.151512 
rand_0789 2.525494 0.513990 22.090310 -3.222190 -0.225038 -32.588201 
rand_0790 3.104241 1.070000 2.238005 -0.411963 -0.000871 -29.851612 
rand_0791 1.931888 0.980000 49.714674 -1.102406 -0.012406 -24.703958 
rand_0792 5.326304 1.195777 5.918143 -3.865885 -0.366690 -17.332858 
rand_0793 1.668602 0.710000 0.500793 -1.060349 -0.011022 -30.271277 
rand_0794 2.776389 1.022445 1.740117 -4.246416 -0.470796 -29.352086 
rand_0795 2.351879 0.860000 8.845615 -4.256126 -0.475496 -17.499391 
rand_0796 1.393548 0.970000 0.524732 -2.525606 -0.115163 -58.700009 
rand_0797 3.022979 0.870000 68.190864 -6.722624 -1.635594 -33.203773 
rand_0798 1.666933 1.110000 0.457040 -5.503621 -0.936965 -40.159693 
rand_0799 5.581508 1.162438 10.958524 -2.547883 -0.115720 -21.141394 
rand_0800 3.580956 0.780000 0.376316 -1.435308 -0.025110 -13.389476 
rand_0801 1.554427 1.100000 1.026922 -2.015257 -0.062334 -49.191128 
rand_0802 3.014335 1.030000 0.300864 -1.891490 -0.052326 -33.408076 
rand_0803 2.877454 1.221982 0.380953 -3.306285 -0.240314 -39.604651 
rand_0804 3.195077 1.235454 1.021890 -2.328668 -0.093378 -38.511152 
rand_0805 2.140013 1.060000 0.567282 -2.621680 -0.125697 -27.271310 
rand_0806 2.294773 1.127926 0.532740 -1.888156 -0.051824 -28.755230 
rand_0807 2.232356 0.680000 1.644056 -1.877596 -0.051864 -49.313898 
rand_0808 2.224248 0.960000 2.275303 -5.000181 -0.736758 -14.577033 
rand_0809 5.472689 0.774133 3.867119 -0.312638 -0.000418 -41.500773 
rand_0810 3.335872 0.430000 0.958700 -4.033899 -0.407556 -18.517839 
rand_0811 7.145021 1.150000 1.996394 -4.533122 -0.554485 -57.977171 
rand_0812 3.625238 0.136368 0.532635 -4.006402 -0.400804 -41.205652 
rand_0813 1.608875 0.740000 6.018782 -8.328709 -2.916174 -46.569146 
rand_0814 1.349336 1.090000 7.789001 -7.094157 -1.848963 -35.270817 
rand_0815 2.726221 1.040000 8.982290 -2.871805 -0.163259 -42.772672 
rand_0816 2.391144 1.090000 5.053305 -1.455113 -0.026349 -41.089065 
rand_0817 1.606666 1.050000 4.730269 -2.566840 -0.120725 -31.954887 
rand_0818 4.182339 0.549252 8.839888 -1.726491 -0.041296 -41.834443 
rand_0819 3.608724 0.908654 6.665594 -2.563476 -0.120982 -19.084034 
rand_0820 4.016973 0.940000 4.145960 -2.910314 -0.168790 -57.003601 
rand_0821 1.342604 0.736468 3.638356 -1.637379 -0.035558 -13.563276 
rand_0822 0.977386 0.553334 3.400246 -3.910563 -0.381677 -14.145088 
rand_0823 2.501546 1.110000 1.779814 -4.475662 -0.548382 -19.626722 
rand_0824 3.451711 0.944216 3.595631 -2.324059 -0.092103 -15.955236 
rand_0825 2.003733 0.970000 1.324562 -1.078985 -0.011746 -11.830573 
rand_0826 2.957264 0.990000 0.841813 -4.510393 -0.563716 -28.753678 
rand_0827 2.402226 0.920000 3.571935 -5.569085 -0.983267 -14.822154 
rand_0828 2.395588 0.279215 4.222790 -2.101019 -0.070392 -46.290587 
rand_0829 1.701388 0.920000 2.248272 -2.358301 -0.095675 -39.506000 
rand_0830 5.672714 1.100000 2.062845 -5.539029 -0.970444 -53.586679 
rand_0831 5.998870 1.385286 1.855722 -0.743903 -0.004260 -35.513198 
rand_0832 2.467408 0.483562 1.226880 -2.582289 -0.122474 -23.089947 
rand_0833 1.747697 0.871972 1.279195 -1.811510 -0.047254 -43.201311 
rand_0834 7.917034 0.230000 3.985319 -1.720679 -0.041113 -32.820177 
rand_0835 3.036303 1.107831 2.730595 -0.272404 -0.000283 -30.444013 
rand_0836 1.786099 1.156763 3.141259 -4.277881 -0.485591 -17.393409 
rand_0837 2.622892 1.179992 3.203790 -3.847852 -0.361515 -24.933151 
rand_0838 3.496051 0.820000 18.166775 -4.545390 -0.570574 -56.544193 
rand_0839 1.635043 1.038562 1.266061 -2.639001 -0.132598 -13.520081 
rand_0840 1.713547 0.780000 0.245215 -4.367077 -0.502611 -42.126222 
rand_0841 2.965748 1.100000 2.531950 -3.483852 -0.270607 -59.264448 
rand_0842 3.602671 0.830000 1.609712 -5.273071 -0.841253 -28.904253 
rand_0843 2.668488 1.245435 2.862236 -2.301178 -0.090699 -19.705239 
rand_0844 2.818019 1.080000 2.165652 -5.919052 -1.149664 -48.566631 
rand_0845 6.277669 0.430000 2.285280 -4.463525 -0.532410 -40.096628 
rand_0846 4.500851 0.620000 0.683873 -6.120880 -1.248499 -59.828209 
rand_0847 3.219832 0.520000 18.017520 -3.358331 -0.252404 -27.293406 
rand_0848 2.729619 1.278745 2.388927 -1.238962 -0.016750 -47.391246 
rand_0849 2.737027 1.313574 0.229919 -1.694853 -0.038948 -31.186592 
rand_0850 7.366254 0.990000 3.352161 -0.944864 -0.008126 -16.410081 
rand_0851 2.229407 1.110000 2.227525 -4.537384 -0.567219 -49.796311 
rand_0852 1.752115 0.180000 4.106214 -0.986390 -0.009114 -28.212677 
rand_0853 3.239337 0.330000 19.689733 -3.527287 -0.288393 -14.228894 
rand_0854 9.623860 0.370547 4.216887 -0.792342 -0.005006 -30.856765 
rand_0855 2.328930 1.050000 1.243991 -4.683498 -0.619746 -42.819331 
rand_0856 1.578178 0.683502 1.702287 -1.558527 -0.031738 -27.483889 
rand_0857 2.274423 0.396675 2.260658 -1.653626 -0.036891 -47.346652 
rand_0858 1.241539 0.960000 1.422365 -5.667938 -1.023008 -38.032440 
rand_0859 3.528930 0.830000 17.704164 -3.079548 -0.197601 -47.769777 
rand_0860 6.478480 1.227057 4.466681 -0.668529 -0.003133 -26.673406 
rand_0861 1.507635 1.100000 0.922957 -5.456127 -0.930006 -49.742995 
rand_0862 1.474399 1.301019 1.170540 -1.964584 -0.058272 -41.067795 
rand_0863 1.010294 0.570720 1.492554 -0.968418 -0.008672 -38.774692 
rand_0864 1.552656 0.900000 0.438649 -8.939971 -3.519386 -19.554011 
rand_0865 3.708016 1.140000 6.580895 -3.324878 -0.242220 -25.850573 
rand_0866 3.260488 0.614244 0.367861 -2.668315 -0.131339 -22.163264 
rand_0867 4.540786 0.860009 3.075222 -3.495375 -0.274972 -27.222467 
rand_0868 1.650060 0.964315 0.602945 -2.072444 -0.067972 -28.917864 
rand_0869 5.104018 0.892910 5.132704 -2.549315 -0.117786 -26.595968 
rand_0870 1.085111 1.060000 0.737886 -5.593671 -0.974450 -34.893611 
rand_0871 1.899048 0.616551 12.362568 -0.464777 -0.001191 -42.278837 
rand_0872 1.521145 0.310701 5.327973 -3.293931 -0.233842 -34.528730 
rand_0873 2.257311 0.635995 1.434578 -0.427433 -0.000961 -31.587865 
rand_0874 2.267151 1.010000 0.725913 -2.083536 -0.069265 -24.748862 
rand_0875 3.486932 0.720000 9.108618 -4.139527 -0.442516 -12.597225 
rand_0876 2.829916 0.420000 0.370649 -2.291782 -0.087919 -35.249447 
rand_0877 1.884275 1.040000 0.676896 -4.371994 -0.504384 -53.630529 
rand_0878 1.458497 0.870000 4.276164 -1.183652 -0.015028 -58.811522 
rand_0879 1.560525 1.035261 11.061954 -3.226775 -0.223829 -47.462919 
rand_0880 4.752140 0.600493 1.076634 -1.152756 -0.014055 -45.800769 
rand_0881 1.050456 1.350589 1.003917 -1.506880 -0.029177 -23.126721 
rand_0882 3.004409 1.308481 1.263911 -1.334529 -0.020744 -37.255848 
rand_0883 3.142262 0.588170 3.654046 -0.720957 -0.003960 -25.223197 
rand_0884 2.801681 0.937732 3.246939 -3.325457 -0.245212 -48.459021 
rand_0885 2.741525 0.510766 3.039784 -3.899415 -0.376351 -46.868245 
rand_0886 1.019303 1.010000 12.993505 -1.229731 -0.016637 -19.267425 
rand_0887 4.140128 0.616699 0.320631 -4.011854 -0.405796 -17.747590 
rand_0888 7.845694 0.170000 0.899715 -0.651019 -0.003023 -54.248592 
rand_0889 2.517271 0.646104 5.848994 -2.689514 -0.137184 -19.198234 
rand_0890 1.712341 0.880000 3.494052 -3.475352 -0.274539 -50.023460 
rand_0891 3.074636 0.860000 7.907939 -5.594182 -0.987736 -20.337343 
rand_0892 4.040157 0.890000 4.236956 -7.646758 -2.283183 -13.067157 
rand_0893 2.518300 0.790000 1.838911 -6.615253 -1.559163 -55.284986 
rand_0894 2.238699 0.880000 36.969396 -4.044454 -0.414812 -28.608248 
rand_0895 2.695547 0.750000 0.551876 -3.288634 -0.237473 -53.010350 
rand_0896 2.060623 1.090236 2.750348 -2.644861 -0.132539 -18.850586 
rand_0897 6.123573 0.168232 1.269407 -2.073177 -0.067188 -27.420243 
rand_0898 3.219081 0.920924 1.789430 -2.365630 -0.096906 -42.581979 
rand_0899 2.680727 0.790000 3.077563 -4.354510 -0.493356 -10.806466 
rand_0900 4.855011 1.381537 1.468135 -2.123420 -0.073045 -28.003595 
rand_0901 1.822728 1.070000 4.165470 -2.809105 -0.152587 -42.798458 
rand_0902 7.146137 0.743609 6.504672 -2.418742 -0.102133 -17.740679 
rand_0903 2.557637 0.880000 4.783859 -0.913911 -0.007407 -53.785381 
rand_0904 2.551332 1.014830 0.870281 -0.837276 -0.005900 -25.237148 
rand_0905 2.802571 0.800000 2.974917 -4.324716 -0.494071 -33.943573 
rand_0906 2.253919 0.740043 1.467117 -3.450982 -0.266173 -28.941619 
rand_0907 2.051572 0.840000 2.028172 -4.033469 -0.414919 -20.109235 
rand_0908 2.535557 0.750000 3.194241 -2.256617 -0.085651 -13.340579 
rand_0909 4.192137 0.548500 1.787702 -0.579967 -0.002163 -23.292258 
rand_0910 5.917572 0.187099 0.225940 -1.595325 -0.033465 -44.977334 
rand_0911 1.883312 0.939884 2.626348 -2.738939 -0.143620 -45.212553 
rand_0912 3.591432 1.369123 2.499767 -1.030041 -0.010340 -14.255872 
rand_0913 2.667375 1.060000 0.704073 -3.281072 -0.233723 -44.430084 
rand_0914 2.062371 0.999576 0.406325 -1.160856 -0.014038 -18.488153 
rand_0915 2.138898 0.747064 0.316518 -1.486781 -0.027699 -40.874955 
rand_0916 2.803702 0.960000 3.631658 -3.482509 -0.273748 -55.992128 
rand_0917 5.844588 0.850000 6.352223 -3.003820 -0.182967 -41.882830 
rand_0918 1.800750 1.151449 5.533620 -2.900398 -0.168460 -23.258735 
rand_0919 1.830403 1.187126 1.283326 -1.551486 -0.031291 -28.721309 
rand_0920 3.710464 1.070000 6.005301 -3.722110 -0.333007 -34.846637 
rand_0921 1.796988 0.580000 6.352590 -2.404442 -0.100081 -41.042050 
rand_0922 1.331037 0.980000 0.513427 -3.069329 -0.198992 -42.877520 
rand_0923 5.380662 0.505644 1.212464 -1.508762 -0.028102 -10.151925 
rand_0924 4.714216 1.090000 1.847493 -6.764162 -1.640292 -37.601799 
rand_0925 2.634318 0.680000 1.355053 -4.691183 -0.607123 -39.597586 
rand_0926 3.431005 1.156697 2.207661 -3.108226 -0.201902 -36.815453 
rand_0927 1.881883 1.240000 0.886955 -1.804625 -0.045793 -17.634445 
rand_0928 4.654221 0.939070 3.766902 -1.710438 -0.040112 -13.154985 
rand_0929 3.039472 1.390000 6.833203 -5.952674 -1.189925 -32.756537 
rand_0930 2.841714 1.020000 1.007606 -3.113241 -0.202641 -37.947198 
rand_0931 2.780665 0.660000 5.311098 -2.000521 -0.062325 -30.489566 
rand_0932 3.934559 0.828373 0.461759 -2.931689 -0.173246 -35.212489 
rand_0933 2.951120 1.170000 0.910540 -5.558319 -0.964052 -50.032986 
rand_0934 2.756723 0.770000 2.994792 -5.954300 -1.142509 -17.751402 
rand_0935 2.235333 0.815568 0.819666 -3.477165 -0.274023 -48.825835 
rand_0936 1.371988 1.060000 1.065278 -5.345311 -0.870962 -23.801892 
rand_0937 4.400352 0.700000 2.321641 -3.938546 -0.384207 -13.302656 
rand_0938 3.797462 0.776084 3.838440 -2.136526 -0.073561 -31.693059 
rand_0939 1.820897 0.552635 0.753588 -0.425818 -0.000939 -14.696247 
rand_0940 1.332137 0.660000 5.978473 -2.417336 -0.104238 -48.025236 
rand_0941 6.773643 1.020000 6.556358 -6.492040 -1.475746 -47.793042 
rand_0942 1.459932 0.990000 0.475942 -3.694132 -0.326790 -18.085578 
rand_0943 4.590680 1.080000 0.725214 -7.358905 -2.077033 -53.965375 
rand_0944 3.488765 0.860000 8.704356 -3.139689 -0.208459 -56.296089 
rand_0945 8.319145 0.801155 1.652645 -2.229270 -0.083104 -30.698238 
rand_0946 0.632310 1.310000 2.666050 -2.885786 -0.162019 -55.701103 
rand_0947 1.677557 1.281275 3.141739 -3.673787 -0.311273 -15.245044 
rand_0948 2.778296 0.488338 3.668834 -0.770677 -0.004619 -38.010564 
rand_0949 2.570346 0.950000 1.977197 -1.298731 -0.019430 -46.846039 
rand_0950 0.827108 0.910000 28.078222 -2.676127 -0.134199 -29.767043 
rand_0951 6.607850 1.030000 2.013295 -1.335818 -0.020752 -49.647870 
rand_0952 2.432639 1.240000 1.316235 -5.697828 -1.048341 -17.615055 
rand_0953 3.352587 1.329984 1.874916 -2.415877 -0.101611 -47.838996 
rand_0954 3.841895 1.250000 4.253137 -7.677224 -2.346745 -27.435053 
rand_0955 2.962840 0.186484 0.875797 -2.304385 -0.090253 -24.918620 
rand_0956 1.873743 0.880000 2.267586 -5.824610 -1.112796 -40.413938 
rand_0957 2.983329 0.891180 2.757977 -0.104063 -0.000021 -14.130284 
rand_0958 7.276832 0.804188 4.327738 -1.599554 -0.033817 -13.431207 
rand_0959 1.986955 1.000000 12.544710 -2.242257 -0.083489 -23.827947 
rand_0960 1.542604 1.040000 12.908873 -4.622902 -0.594518 -24.977113 
rand_0961 1.893328 0.880000 1.136399 -2.373543 -0.097448 -45.154680 
rand_0962 2.360433 0.694003 2.056534 -2.892467 -0.167115 -21.309303 
rand_0963 2.768166 0.739825 0.344497 -1.866625 -0.051199 -42.651104 
rand_0964 2.834458 0.930000 0.928627 -3.715536 -0.327879 -50.811065 
rand_0965 5.110181 0.823785 1.178924 -2.697444 -0.139283 -16.283965 
rand_0966 2.235319 0.570000 2.527349 -3.324967 -0.241966 -36.724590 
rand_0967 4.549357 0.969988 1.112962 -2.389205 -0.100256 -42.902917 
rand_0968 2.638355 1.032108 1.426659 -1.467912 -0.026269 -17.644538 
rand_0969 0.782128 0.295329 1.207767 -2.036232 -0.064236 -35.035513 
rand_0970 2.116330 0.950000 3.785122 -0.554593 -0.001970 -22.865852 
rand_0971 2.737408 1.017102 6.440505 -1.543315 -0.030133 -17.177837 
rand_0972 5.674069 0.540679 2.365867 -2.360549 -0.095816 -28.157999 
rand_0973 4.300214 0.344014 2.437832 -3.396393 -0.261533 -37.440731 
rand_0974 8.280754 1.020000 0.650585 -1.987531 -0.060442 -55.449155 
rand_0975 1.312730 0.700881 2.720106 -3.633193 -0.304409 -44.311126 
rand_0976 1.600724 0.750000 7.172885 -3.006128 -0.185414 -24.816061 
rand_0977 2.101158 0.740000 4.380515 -2.449610 -0.107347 -17.981768 
rand_0978 2.437141 1.060000 1.637739 -5.614346 -1.002307 -51.726502 
rand_0979 2.426998 0.820000 2.383311 -4.549010 -0.573283 -47.487546 
rand_0980 1.342625 1.050000 1.496242 -7.524360 -2.194443 -52.401804 
rand_0981 2.911797 0.950000 3.092091 -0.531368 -0.001700 -33.001420 
rand_0982 3.345587 0.264764 3.919258 -1.066151 -0.011597 -43.204302 
rand_0983 2.536454 0.780000 0.869456 -1.359197 -0.021556 -19.374566 
rand_0984 3.269868 0.448316 2.935248 -3.391722 -0.258233 -20.496720 
rand_0985 3.840294 0.970000 0.222840 -6.301328 -1.354655 -55.972684 
rand_0986 1.394283 0.583721 1.167092 -0.170356 -0.000079 -19.707742 
rand_0987 3.862747 0.840000 1.806394 -2.607224 -0.127147 -10.784829 
rand_0988 1.282703 1.090000 6.103657 -4.349486 -0.498307 -36.287618 
rand_0989 0.862668 0.966565 3.951794 -1.166690 -0.014398 -39.760656 
rand_0990 2.091507 0.940000 4.722245 -7.077082 -1.853548 -43.136292 
rand_0991 4.798907 1.000000 6.935070 -2.352667 -0.093475 -42.885442 
rand_0992 2.938002 1.080000 0.955974 -7.009100 -1.809228 -31.422992 
rand_0993 1.503158 0.294121 0.338306 -3.223707 -0.224912 -49.606509 
rand_0994 3.555735 0.930000 5.448747 -7.389428 -2.063541 -52.061228 
rand_0995 2.361921 0.806505 1.548584 -0.790052 -0.005044 -13.666776 
rand_0996 2.468789 1.165913 1.496071 -1.861296 -0.050899 -18.142569 
rand_0997 3.906268 0.840000 2.129672 -6.724389 -1.660644 -13.697052 
rand_0998 1.080567 1.140000 0.263650 -4.586371 -0.573645 -19.850583 
rand_0999 3.077855 0.640000 1.167940 -1.715624 -0.040707 -53.178164 
rand_1000 3.495491 1.096200 2.175070 -3.554251 -0.289907 -29.044283 
rand_1001 3.599283 1.213943 0.364645 -3.152835 -0.212424 -44.851691 
rand_1002 2.941235 0.816240 1.855514 -2.004538 -0.061901 -21.782865 
rand_1003 3.208407 0.810000 2.500925 -2.466850 -0.107804 -39.336985 
rand_1004 1.709306 0.780000 1.076758 -7.844531 -2.469589 -49.735091 
rand_1005 2.571406 0.700000 2.071941 -0.397204 -0.000788 -52.403043 
rand_1006 2.147047 1.040000 11.487930 -6.124382 -1.261788 -16.736914 
rand_1007 3.759004 1.188240 3.314786 -1.390662 -0.022870 -37.483010 
rand_1008 2.709516 1.105246 2.556374 -2.477630 -0.109391 -48.402962 
rand_1009 2.036856 1.030000 0.397106 -3.397556 -0.261425 -13.110279 
rand_1010 2.302002 1.029541 1.697938 -1.551664 -0.031775 -30.312924 
rand_1011 1.784698 1.018633 4.280079 -0.576389 -0.002131 -26.382083 
rand_1012 5.028358 0.280000 8.046992 -6.171896 -1.298603 -29.209184 
rand_1013 3.220764 1.160000 1.208580 -2.056338 -0.066883 -16.088674 
rand_1014 2.614661 0.940000 1.486149 -5.302354 -0.849068 -40.368637 
rand_1015 2.332327 0.759529 1.694517 -0.605372 -0.002452 -33.589920 
rand_1016 3.373590 0.976452 2.952558 -1.657723 -0.037247 -47.748509 
rand_1017 2.131379 0.580000 0.712239 -7.640944 -2.315208 -15.571688 
rand_1018 2.287802 0.210436 1.099684 -2.537075 -0.116365 -20.320949 
rand_1019 1.636458 0.930000 6.940445 -5.382162 -0.887426 -38.763735 
rand_1020 1.027322 1.060000 1.497826 -2.261404 -0.086047 -22.080048 
rand_1021 3.795102 0.222933 5.576304 -1.864690 -0.050307 -15.628008 
rand_1022 2.092094 0.119261 6.117135 -2.406216 -0.101854 -11.926522 
rand_1023 2.805734 1.261965 1.661979 -1.986712 -0.060326 -18.901273 
rand_1024 2.963607 0.393723 2.805014 -2.020407 -0.063396 -16.350053 
rand_1025 6.566529 0.830000 2.204385 -6.631578 -1.582350 -48.110621 
rand_1026 3.532779 0.660000 2.756302 -1.801766 -0.045858 -34.917724 
rand_1027 5.644578 0.830000 0.891832 -3.677985 -0.316342 -27.817540 
rand_1028 1.827739 1.070000 6.568457 -0.865966 -0.006361 -29.385557 
rand_1029 1.515296 0.780000 29.830191 -4.387403 -0.505662 -34.921288 
rand_1030 2.720989 0.700000 0.414359 -6.212900 -1.293726 -45.519434 
rand_1031 1.170804 0.550000 0.167143 -1.896413 -0.052699 -33.533967 
rand_1032 1.269513 0.950000 1.534345 -5.268559 -0.845400 -16.575820 
rand_1033 1.042417 0.980000 6.508873 -3.381766 -0.256376 -38.445808 
rand_1034 4.233288 0.952289 0.937947 -3.465494 -0.272853 -43.082029 
rand_1035 1.081166 0.620000 0.315225 -2.380033 -0.100013 -41.146014 
rand_1036 1.166803 1.320000 0.856766 -1.541378 -0.030356 -37.759159 
rand_1037 0.977866 1.106760 1.645230 -0.299895 -0.000365 -47.504934 
rand_1038 2.126851 1.145849 1.175604 -2.415202 -0.103342 -13.696654 
rand_1039 2.251004 0.763893 30.540674 -1.480308 -0.027162 -26.554796 
rand_1040 2.560209 0.674356 19.085471 -2.428261 -0.103389 -39.815427 
rand_1041 5.377093 0.991519 1.990819 -2.733940 -0.144362 -19.956659 
rand_1042 4.011994 0.329734 7.310099 -1.138451 -0.013401 -45.072275 
rand_1043 2.822475 0.446941 0.501309 -0.703037 -0.003691 -49.604303 
rand_1044 4.804598 1.102156 1.789305 -1.094431 -0.011893 -28.588447 
rand_1045 1.484604 0.480934 8.600448 -2.188640 -0.078785 -39.324851 
rand_1046 3.817679 0.660000 23.264431 -4.070940 -0.419237 -18.891202 
rand_1047 3.216791 1.107783 7.315235 -3.480506 -0.278439 -29.397356 
rand_1048 3.679719 1.040000 0.893892 -5.273666 -0.833127 -44.687954 
rand_1049 2.364181 0.960000 1.994046 -4.096217 -0.432800 -39.579476 
rand_1050 2.477397 0.540000 4.356477 -1.529184 -0.029715 -18.712529 
rand_1051 3.705581 0.790000 0.558221 -5.304047 -0.856067 -21.108667 
rand_1052 1.012739 0.394708 1.213828 -1.764236 -0.043519 -40.399415 
rand_1053 2.471156 0.887029 6.696762 -3.020092 -0.185579 -25.424158 
rand_1054 4.322089 0.882841 3.725900 -3.167447 -0.212890 -49.420367 
rand_1055 1.336188 0.839974 4.425342 -3.061237 -0.194837 -49.690844 
rand_1056 3.049253 0.802844 1.006077 -1.929287 -0.056364 -11.264284 
rand_1057 4.466582 0.920000 0.980645 -1.054612 -0.010924 -43.965218 
rand_1058 3.167988 0.659801 0.739038 -2.832089 -0.157905 -20.898332 
rand_1059 4.308762 0.710000 2.933795 -4.153102 -0.446506 -19.163442 
rand_1060 3.173826 1.141030 3.954494 -1.245495 -0.017108 -46.400862 
rand_1061 1.566280 1.200007 4.080774 -1.718336 -0.041441 -25.454876 
rand_1062 2.590495 1.200000 10.066294 -6.091500 -1.241982 -10.546608 
rand_1063 2.833904 1.030000 1.330597 -3.506466 -0.284237 -16.542617 
rand_1064 2.409018 1.120000 0.262111 -4.579885 -0.577348 -41.530003 
rand_1065 3.691565 0.691844 14.441968 -2.796090 -0.154098 -32.852460 
rand_1066 3.996505 1.201663 0.562551 -3.021081 -0.189545 -32.103735 
rand_1067 2.003324 1.340100 10.535971 -4.536969 -0.556875 -18.946354 
rand_1068 3.759678 0.303010 0.488412 -4.209402 -0.462870 -31.981203 
rand_1069 2.604988 1.163448 2.687593 -2.700574 -0.140606 -46.242654 
rand_1070 1.398807 0.818122 2.654533 -1.357432 -0.021374 -20.710103 
rand_1071 2.960135 1.100000 0.677929 -6.204897 -1.315588 -20.599397 
rand_1072 1.912936 0.630000 4.481893 -5.253956 -0.838221 -27.551164 
rand_1073 2.722056 0.788537 1.088848 -2.332938 -0.093267 -22.724322 
rand_1074 2.386566 0.870000 6.871185 -6.852716 -1.724479 -24.790635 
rand_1075 3.943778 0.970000 1.876895 -0.272764 -0.000283 -35.410283 
rand_1076 1.066973 1.100000 1.319560 -4.823747 -0.668201 -28.156365 
rand_1077 3.105392 1.210000 0.954008 -2.353588 -0.095668 -59.137550 
rand_1078 2.065799 0.970000 2.118578 -3.226452 -0.221483 -30.638035 
rand_1079 2.636031 0.663531 8.870673 -0.886448 -0.006882 -31.302775 
rand_1080 2.552746 1.126451 0.538666 -2.438522 -0.104785 -45.067752 
rand_1081 1.444324 0.790000 0.881299 -3.701856 -0.323419 -38.359624 
rand_1082 3.530372 1.280000 1.516984 -2.177427 -0.078541 -27.518792 
rand_1083 1.934971 0.860000 3.451177 -3.178922 -0.211801 -45.658307 
rand_1084 1.496155 0.901260 6.177751 -3.251349 -0.227188 -13.013065 
rand_1085 2.370935 1.160000 1.154508 -3.644869 -0.306837 -44.469688 
rand_1086 2.387780 0.600000 0.447614 -3.779586 -0.349451 -26.418095 
rand_1087 4.038971 0.570000 6.505490 -5.329910 -0.859812 -29.099092 
rand_1088 2.274691 1.000000 1.592510 -1.886389 -0.053019 -21.815579 
rand_1089 2.066107 1.000000 2.105308 -5.110879 -0.785372 -37.167496 
rand_1090 4.054953 1.130764 14.653579 -1.814892 -0.047177 -17.940944 
rand_1091 4.124526 1.100000 7.424264 -2.334005 -0.093517 -43.061877 
rand_1092 5.080396 0.497056 2.696604 -1.260303 -0.017539 -26.806885 
rand_1093 1.305777 0.903824 3.588192 -4.963550 -0.704676 -26.353098 
rand_1094 2.729011 1.100000 2.753875 -2.405208 -0.101392 -35.554471 
rand_1095 1.705808 1.090000 0.988588 -2.549900 -0.119107 -17.198954 
rand_1096 6.100148 0.623710 4.881761 -3.173794 -0.215171 -47.438956 
rand_1097 2.763471 0.211004 6.622217 -2.478041 -0.110891 -46.718936 
rand_1098 3.753830 0.973144 3.830096 -0.679082 -0.003310 -36.291465 
rand_1099 0.962479 0.476788 0.586439 -3.098408 -0.201393 -39.029808 
rand_1100 2.373792 0.880000 5.474239 -0.247952 -0.000224 -58.864628 
rand_1101 2.160822 0.676871 0.486230 -2.174610 -0.077046 -40.534872 
rand_1102 2.610244 1.150000 0.580807 -3.367751 -0.248855 -50.981740 
rand_1103 3.211587 1.107187 0.917755 -1.411373 -0.023982 -19.141735 
rand_1104 6.646353 0.974481 1.020944 -0.537611 -0.001765 -19.518279 
rand_1105 5.083161 0.940000 2.279489 -8.123551 -2.710941 -40.996688 
rand_1106 3.019846 1.146989 17.081884 -1.632792 -0.035769 -39.827445 
rand_1107 2.039173 0.945345 0.795028 -2.434212 -0.104819 -29.317260 
rand_1108 3.982921 1.020000 4.416648 -2.541449 -0.119615 -30.074557 
rand_1109 1.287818 1.040000 1.684485 -1.999893 -0.062070 -40.517953 
rand_1110 2.413620 0.686675 1.235420 -1.607366 -0.034164 -12.431978 
rand_1111 1.928057 0.550000 10.991337 -4.293020 -0.485336 -20.494884 
rand_1112 3.121433 1.148392 4.047847 -1.014847 -0.009845 -48.263237 
rand_1113 4.583301 0.813986 7.939850 -1.927444 -0.055162 -16.969598 
rand_1114 2.941463 0.780000 0.803619 -3.683475 -0.320444 -14.614487 
rand_1115 1.932105 0.840000 3.730604 -3.571811 -0.294090 -26.743950 
rand_1116 5.069848 1.050000 5.084123 -2.422387 -0.103224 -58.478070 
rand_1117 3.258266 0.340000 7.561940 -3.619628 -0.308228 -25.366347 
rand_1118 0.819227 1.142668 2.573444 -2.770633 -0.146934 -31.165905 
rand_1119 3.169824 1.030000 1.532491 -2.109846 -0.070774 -37.850052 
rand_1120 2.311207 1.345742 1.381225 -1.920188 -0.054847 -37.938721 
rand_1121 1.978521 1.252633 2.941291 -2.099411 -0.072282 -40.662913 
rand_1122 3.960089 0.760000 15.138578 -3.692356 -0.324293 -47.467076 
rand_1123 1.462777 1.058379 0.770522 -2.383390 -0.098890 -24.603438 
rand_1124 5.747773 1.290000 1.866772 -4.112661 -0.430463 -28.639044 
rand_1125 1.898008 0.740000 2.762866 -4.664628 -0.613600 -16.339996 
rand_1126 2.249007 1.120000 3.546733 -3.256348 -0.227885 -40.849717 
rand_1127 1.888792 0.850000 2.979703 -7.099359 -1.905829 -31.461463 
rand_1128 9.510017 0.365869 5.967476 -2.323311 -0.091145 -18.131578 
rand_1129 3.337216 1.360000 0.581352 -6.978905 -1.829643 -34.322520 
rand_1130 1.665707 0.916836 19.946979 -2.608804 -0.125596 -33.021980 
rand_1131 4.825114 0.770000 0.271422 -1.948496 -0.057672 -50.789831 
rand_1132 1.983937 0.930000 11.694152 -2.829696 -0.157017 -52.569793 
rand_1133 2.916618 0.450000 2.956556 -5.089864 -0.770012 -30.471179 
rand_1134 2.168709 0.470000 4.855273 -8.002427 -2.623563 -40.582579 
rand_1135 1.713020 0.236868 0.922657 -1.175111 -0.014777 -47.065400 
rand_1136 3.439788 0.683471 9.124922 -0.668118 -0.003150 -18.651286 
rand_1137 1.457799 0.970000 6.740340 -5.162747 -0.805559 -58.359068 
rand_1138 5.167840 1.190000 0.415501 -2.884561 -0.166801 -32.317287 
rand_1139 4.892173 1.010000 0.646759 -4.765784 -0.634719 -40.798957 
rand_1140 1.868428 0.625942 1.908187 -1.805999 -0.047151 -17.713157 
rand_1141 4.854616 1.100000 10.139237 -0.789448 -0.004991 -28.143764 
rand_1142 2.661829 0.930122 0.452467 -1.538576 -0.030141 -48.155495 
rand_1143 1.859588 0.796657 3.704623 -0.942743 -0.007983 -15.441146 
rand_1144 5.581178 0.867056 7.999535 -2.235305 -0.082942 -44.245206 
rand_1145 4.411110 0.671617 26.010290 -3.092981 -0.202375 -13.873586 
rand_1146 6.143599 1.164309 3.397712 -1.614366 -0.034147 -29.466543 
rand_1147 2.447550 1.242526 3.023194 -3.537072 -0.294928 -26.281839 
rand_1148 2.785313 0.870000 1.980563 -3.254552 -0.225336 -16.046797 
rand_1149 5.440738 1.006706 1.357633 -2.867678 -0.160790 -30.992400 
rand_1150 3.259069 0.814616 7.291150 -2.293757 -0.089463 -45.098479 
rand_1151 3.617842 0.880000 2.073181 -1.178331 -0.014898 -15.883928 
rand_1152 3.171463 1.116464 9.499498 -1.875581 -0.052479 -27.316693 
rand_1153 3.683089 0.990000 11.785741 -2.726431 -0.142115 -20.649917 
rand_1154 3.289710 0.770000 0.975223 -1.772651 -0.044365 -24.338325 
rand_1155 3.191527 0.716852 2.362332 -1.325320 -0.020339 -42.567689 
rand_1156 2.222137 1.157030 3.774455 -4.267479 -0.485445 -43.972477 
rand_1157 0.887310 0.590000 2.155240 -3.518960 -0.284995 -56.241124 
rand_1158 1.452897 0.920000 1.760648 -1.264290 -0.017978 -50.607289 
rand_1159 1.673341 0.510000 14.615696 -9.774819 -4.492862 -59.012403 
rand_1160 2.223964 0.355599 2.355429 -1.080522 -0.011595 -47.209258 
rand_1161 0.764292 1.380266 1.372337 -2.583493 -0.123751 -34.855563 
rand_1162 5.374443 0.950000 6.641551 -3.056006 -0.191312 -23.019793 
rand_1163 4.743501 0.225117 3.552453 -2.214056 -0.081114 -40.404378 
rand_1164 4.425222 1.380380 1.592072 -1.404946 -0.023540 -22.514000 
rand_1165 4.737544 0.687772 3.217626 -1.597159 -0.033237 -10.946594 
rand_1166 1.504667 1.060000 0.263223 -6.073307 -1.239523 -19.356390 
rand_1167 5.112150 0.530000 2.951579 -7.084854 -1.854948 -56.176290 
rand_1168 4.089680 1.090000 2.234272 -4.242707 -0.463471 -24.395481 
rand_1169 3.790744 1.009229 1.426365 -2.879702 -0.166070 -19.680796 
rand_1170 5.484163 1.040000 19.353179 -1.262728 -0.017416 -56.181843 
rand_1171 4.331452 0.382724 0.684278 -3.745453 -0.334344 -40.381566 
rand_1172 4.528079 0.995461 2.849919 -3.154956 -0.208921 -41.514323 
rand_1173 2.792836 1.190000 0.465584 -1.895068 -0.053840 -16.947335 
rand_1174 4.202226 0.680000 2.887022 -2.095043 -0.069079 -19.636654 
rand_1175 1.184187 0.930000 1.155446 -4.188198 -0.449052 -33.698401 
rand_1176 2.503670 0.990000 0.887578 -5.728179 -1.044564 -58.134861 
rand_1177 1.144783 1.140000 2.453600 -6.860861 -1.721284 -17.388256 
rand_1178 2.279942 0.990000 4.305343 -0.541275 -0.001812 -30.190653 
rand_1179 4.151642 0.800000 37.386631 -1.039989 -0.010393 -32.991745 
rand_1180 1.620942 0.870000 0.958196 -5.693029 -1.037044 -26.674194 
rand_1181 2.174068 0.161260 0.684842 -0.706779 -0.003723 -21.509196 
rand_1182 2.040743 0.960000 1.572785 -5.321484 -0.854383 -48.927215 
rand_1183 1.516324 0.619509 0.708310 -1.155368 -0.013983 -38.196276 
rand_1184 2.753815 0.401341 0.439365 -3.166552 -0.213326 -46.634761 
rand_1185 1.706041 0.920000 0.926806 -4.151371 -0.445436 -15.796841 
rand_1186 3.829624 0.900000 2.484089 -2.677672 -0.135264 -44.768199 
rand_1187 3.424689 0.680000 6.068473 -3.011345 -0.185161 -40.822195 
rand_1188 1.538183 1.240000 2.273765 -1.163390 -0.014380 -43.204345 
rand_1189 1.375595 0.743232 7.676534 -4.211080 -0.463569 -23.249606 
rand_1190 4.402241 0.750000 2.214445 -0.273041 -0.000282 -41.682611 
rand_1191 2.332684 0.480000 10.966743 -0.762504 -0.004525 -35.675394 
rand_1192 3.487051 0.544813 12.709932 -2.441866 -0.105048 -29.734432 
rand_1193 5.444240 1.299335 0.329014 -3.582794 -0.298374 -49.789617 
rand_1194 1.430799 0.896063 2.991608 -2.174141 -0.078272 -16.396538 
rand_1195 3.746268 0.956476 1.734392 -1.522383 -0.029481 -38.749086 
rand_1196 2.923182 0.358227 2.516124 -0.774634 -0.004804 -18.573131 
rand_1197 3.872621 1.040000 3.413465 -3.673082 -0.317828 -19.690387 
rand_1198 2.691914 0.595890 1.535468 -1.621879 -0.034849 -37.207135 
rand_1199 1.187089 0.333152 0.259665 -0.448975 -0.001089 -32.305027 
rand_1200 2.558255 0.100000 1.974460 -7.309093 -2.022753 -28.242012 
rand_1201 2.697731 1.050000 3.352131 -3.194113 -0.218228 -50.212847 
rand_1202 2.624347 0.370173 4.981137 -2.181102 -0.078880 -36.417863 
rand_1203 2.776813 0.950000 1.117301 -3.528823 -0.293180 -57.784321 
rand_1204 2.508279 1.050034 1.794690 -0.842221 -0.005943 -19.787247 
rand_1205 3.075877 0.850000 7.002792 -5.074495 -0.769509 -36.645953 
rand_1206 5.796973 0.740000 0.793271 -2.044774 -0.064968 -55.016279 
rand_1207 3.488927 1.180000 1.030874 -9.249247 -3.834922 -47.587549 
rand_1208 2.527838 1.359995 0.882901 -2.450271 -0.104889 -48.390201 
rand_1209 1.482117 0.920000 8.176865 -6.535283 -1.512915 -19.957069 
rand_1210 1.481162 1.070000 1.095732 -1.517638 -0.029258 -21.317886 
rand_1211 2.814837 0.153344 2.883090 -1.384563 -0.022819 -27.727743 
rand_1212 3.923840 1.231288 1.676036 -1.799483 -0.046807 -15.853871 
rand_1213 4.508784 0.800000 2.772353 -1.315853 -0.020181 -25.924253 
rand_1214 2.853674 0.620000 1.814544 -3.394022 -0.254704 -58.773122 
rand_1215 3.032203 1.210000 96.115746 -1.948852 -0.057075 -45.833655 
rand_1216 1.812832 1.100000 0.404801 -1.935044 -0.056141 -33.674472 
rand_1217 2.706590 1.210000 3.634937 -6.031777 -1.202163 -54.357909 
rand_1218 3.808980 0.730000 1.140794 -3.044397 -0.190100 -37.338342 
rand_1219 3.290414 1.100000 0.455777 -2.238504 -0.083114 -21.652936 
rand_1220 4.087827 1.240000 5.091684 -2.037314 -0.065203 -19.805672 
rand_1221 4.538801 1.340653 3.248047 -1.599323 -0.033513 -42.910685 
rand_1222 5.501495 1.030000 2.729593 -5.716848 -1.043674 -45.963389 
rand_1223 1.185042 1.030000 13.979172 -4.064421 -0.418349 -22.941926 
rand_1224 3.778444 1.374678 5.129292 -3.517618 -0.279764 -46.288141 
rand_1225 1.438214 1.010000 2.381856 -4.640948 -0.599712 -49.257051 
rand_1226 5.370260 0.945197 9.908522 -1.604259 -0.034345 -21.212132 
rand_1227 3.553148 1.014178 3.041622 -0.144896 -0.000052 -15.824698 
rand_1228 6.562398 0.926799 1.257022 -3.176878 -0.213367 -44.332209 
rand_1229 4.869320 0.942238 0.296596 -1.809586 -0.047115 -19.544487 
rand_1230 4.262816 0.830000 3.180454 -2.675558 -0.130700 -16.721871 
rand_1231 4.933619 1.050000 6.218306 -4.023457 -0.404984 -39.282107 
rand_1232 1.349373 0.810000 1.718255 -5.274282 -0.848075 -52.453604 
rand_1233 1.175625 1.050000 2.894090 -6.563186 -1.509149 -59.418771 
rand_1234 3.439283 0.870000 1.451427 -0.959773 -0.008448 -57.283075 
rand_1235 7.423662 0.940000 1.992118 -5.275492 -0.864360 -42.373263 
rand_1236 2.352066 0.380000 3.775531 -1.004518 -0.009573 -38.832363 
rand_1237 4.100512 1.195323 6.915541 -1.642420 -0.036220 -24.299467 
rand_1238 4.026837 1.140000 2.417479 -5.070132 -0.772883 -11.421046 
rand_1239 1.940415 0.820000 6.502504 -3.337838 -0.242638 -26.341609 
rand_1240 1.856688 1.070000 3.739620 -3.819319 -0.355483 -35.067931 
rand_1241 1.659034 0.816336 1.040380 -1.481685 -0.027374 -13.963458 
rand_1242 3.826619 0.960000 1.651341 -3.454692 -0.269976 -25.930655 
rand_1243 4.159431 1.040000 1.513362 -5.027127 -0.734255 -29.012454 
rand_1244 1.602443 1.030000 0.907649 -5.241690 -0.829422 -24.824019 
rand_1245 1.595017 1.176647 0.944882 -3.245486 -0.224482 -24.748240 
rand_1246 3.011706 0.524449 1.130526 -2.128370 -0.071409 -34.488611 
rand_1247 4.608636 0.423282 1.210450 -3.279905 -0.234680 -45.779815 
rand_1248 1.957979 0.900000 0.736147 -2.584961 -0.121962 -23.149121 
rand_1249 1.624880 1.170000 5.395527 -4.360704 -0.503856 -49.308961 
rand_1250 2.589876 1.250000 1.880450 -2.191617 -0.078260 -43.886531 
rand_1251 7.647647 1.050000 0.580356 -5.681740 -1.038088 -55.988304 
rand_1252 3.243800 1.120000 5.424306 -4.114271 -0.430464 -35.455377 
rand_1253 5.702541 0.663584 11.214600 -1.537593 -0.030448 -17.080479 
rand_1254 2.779176 0.850000 0.202774 -3.209969 -0.222478 -42.603621 
rand_1255 1.305462 0.930000 1.139197 -3.288228 -0.233249 -48.550396 
rand_1256 1.555872 0.480000 2.867891 -6.328031 -1.385779 -46.889392 
rand_1257 8.315686 1.100000 3.193847 -3.634351 -0.307429 -45.082431 
rand_1258 2.044502 0.890000 5.436931 -4.948100 -0.717607 -17.142926 
rand_1259 2.242167 0.100930 2.066569 -3.156764 -0.215465 -48.103072 
rand_1260 4.303584 1.020371 0.939300 -1.786105 -0.045381 -16.679327 
rand_1261 4.642913 0.820000 0.445657 -5.699962 -1.037199 -24.159810 
rand_1262 2.147710 0.845749 2.403641 -1.580771 -0.032425 -39.926298 
rand_1263 3.511500 0.850000 8.487938 -5.803395 -1.088181 -27.861998 
rand_1264 3.188816 0.520000 2.972548 -4.425872 -0.527047 -17.588063 
rand_1265 3.692904 1.250000 3.022770 -0.667596 -0.003204 -15.732551 
rand_1266 7.094285 1.100000 2.914937 -6.271063 -1.325362 -21.645734 
rand_1267 3.392744 0.640000 0.686229 -5.301507 -0.857715 -48.614557 
rand_1268 2.017876 0.350000 5.900223 -2.547921 -0.115412 -47.754172 
rand_1269 2.221437 0.540000 1.422657 -5.473506 -0.934057 -25.092669 
rand_1270 2.068355 1.257152 12.516785 -2.837061 -0.156138 -25.558691 
rand_1271 2.884141 0.860000 1.058145 -3.319413 -0.240888 -35.320432 
rand_1272 5.148253 1.000000 0.229476 -0.611802 -0.002518 -36.739628 
rand_1273 2.672893 0.154174 0.961233 -2.690772 -0.135122 -47.757044 
rand_1274 3.336714 1.056315 0.704288 -1.738020 -0.041721 -44.008906 
rand_1275 2.914172 1.167442 0.777337 -2.561655 -0.119990 -29.290951 
rand_1276 6.104749 0.889861 1.761682 -3.997993 -0.400956 -13.668900 
rand_1277 2.679433 0.980000 9.993482 -6.247223 -1.352503 -19.537605 
rand_1278 2.045656 0.770000 3.068524 -5.590885 -0.982530 -16.920588 
rand_1279 1.557197 0.735544 1.860968 -3.300026 -0.236696 -32.801018 
rand_1280 6.098110 1.206321 2.030573 -0.938400 -0.007997 -22.299837 
rand_1281 1.893094 0.670000 1.656972 -6.634484 -1.574449 -31.396672 
rand_1282 3.352522 1.040000 14.964706 -3.738363 -0.330745 -56.671856 
rand_1283 3.329521 1.080000 0.258115 -3.207685 -0.221716 -33.325965 
rand_1284 1.873730 1.000000 7.219445 -2.733694 -0.144040 -27.204015 
rand_1285 3.413272 0.800000 36.765810 -0.537494 -0.001789 -28.102600 
rand_1286 2.192955 1.315915 0.338012 -1.857640 -0.050479 -34.770702 
rand_1287 1.760489 1.090000 0.627211 -3.949487 -0.391820 -16.000124 
rand_1288 3.926359 0.920000 3.159814 -4.556079 -0.560243 -58.320130 
rand_1289 1.514779 0.164049 0.882256 -0.541016 -0.001773 -27.566686 
rand_1290 5.613150 0.180000 4.644855 -2.759111 -0.145488 -58.948707 
rand_1291 2.143628 0.790000 3.074160 -2.790116 -0.149348 -14.866277 
rand_1292 4.016037 1.082286 0.437148 -3.081526 -0.195174 -41.500004 
rand_1293 3.051834 0.777484 1.240981 -2.923460 -0.166644 -35.143389 
rand_1294 4.643592 1.060000 1.574297 -6.144867 -1.260754 -53.979906 
rand_1295 3.619149 0.550000 3.343070 -4.992469 -0.718673 -44.216282 
rand_1296 0.968367 1.250000 1.211903 -7.105469 -1.880074 -56.544538 
rand_1297 1.044674 0.990000 1.740380 -3.822431 -0.350761 -22.064425 
rand_1298 4.631690 0.405035 2.175428 -2.572886 -0.124242 -30.380837 
rand_1299 4.601245 1.010000 1.161925 -2.256518 -0.084877 -28.965027 
rand_1300 2.756880 1.106123 32.226639 -1.350557 -0.021311 -14.955094 
rand_1301 2.021134 0.659793 28.013864 -0.577529 -0.002140 -48.660588 
rand_1302 1.851829 1.130000 0.316086 -5.979824 -1.186155 -58.992674 
rand_1303 4.468203 1.360000 1.629496 -3.400684 -0.257482 -14.987165 
rand_1304 1.573326 0.940000 16.553080 -1.351370 -0.021234 -17.052884 
rand_1305 2.267735 0.880000 2.541316 -4.536249 -0.568466 -34.988643 
rand_1306 3.808823 0.853783 0.990441 -2.923862 -0.174699 -47.239583 
rand_1307 2.668862 1.020000 8.258481 -3.953534 -0.377891 -26.938663 
rand_1308 2.325292 0.900000 0.254836 -1.062613 -0.011090 -36.184989 
rand_1309 9.874454 0.978525 0.460860 -1.604633 -0.034225 -40.859957 
rand_1310 4.115782 1.178830 3.614446 -2.985878 -0.180813 -40.820457 
rand_1311 1.159680 0.860000 2.897419 -1.980476 -0.060515 -25.434388 
rand_1312 3.339613 1.073361 3.794418 -1.231224 -0.016654 -22.408076 
rand_1313 1.594079 0.710000 0.438893 -3.889750 -0.363791 -54.761597 
rand_1314 1.690644 1.040000 2.236214 -5.099936 -0.771653 -33.032953 
rand_1315 2.634500 0.770000 0.641844 -1.445114 -0.025932 -53.134634 
rand_1316 4.991169 0.790000 15.461558 -3.098171 -0.198259 -30.322964 
rand_1317 7.217711 0.770000 1.506892 -6.461341 -1.444287 -17.594288 
rand_1318 1.199159 0.760000 1.232846 -2.984346 -0.181580 -14.141612 
rand_1319 5.468807 1.020000 5.349022 -3.397286 -0.260043 -16.098976 
rand_1320 2.052056 0.900652 5.126910 -2.554884 -0.119701 -29.523419 
rand_1321 4.542042 0.890000 0.720309 -1.810261 -0.048143 -17.200344 
rand_1322 4.650387 1.258772 3.207038 -2.381330 -0.098580 -12.317502 
rand_1323 3.292583 0.820000 4.611325 -3.319577 -0.242718 -36.032893 
rand_1324 2.729582 1.069191 9.731059 -1.942131 -0.057632 -22.662596 
rand_1325 1.596422 0.476864 6.260916 -2.428880 -0.104647 -35.607907 
rand_1326 4.927664 1.030000 1.351575 -2.376612 -0.098896 -38.407177 
rand_1327 2.963089 1.150000 0.757687 -3.172341 -0.215214 -18.459797 
rand_1328 4.369773 0.860000 0.530555 -7.430245 -2.125635 -52.467029 
rand_1329 2.057209 0.900000 2.651585 -2.143871 -0.074277 -27.994746 
rand_1330 3.257119 0.199211 3.437677 -3.125795 -0.204805 -10.360646 
rand_1331 4.157915 1.200000 1.557240 -4.420904 -0.521119 -38.461632 
rand_1332 3.512982 1.240000 5.406226 -2.933527 -0.174168 -49.018517 
rand_1333 1.385032 0.737051 2.706346 -1.807744 -0.046394 -31.101178 
rand_1334 2.622985 0.224144 2.705892 -1.671749 -0.037651 -39.167167 
rand_1335 0.716880 0.450000 5.748979 -2.088491 -0.068249 -10.777653 
rand_1336 2.816595 0.890000 4.799522 -6.939281 -1.775773 -44.303815 
rand_1337 1.058605 0.490000 9.078078 -1.795530 -0.046077 -29.513380 
rand_1338 1.488325 0.961823 11.577042 -0.806776 -0.005237 -10.626680 
rand_1339 3.927505 1.010000 3.649593 -3.324558 -0.240851 -54.343903 
rand_1340 2.465474 1.170000 7.540317 -2.660139 -0.133176 -26.162839 
rand_1341 6.407483 0.615530 0.805307 -1.504238 -0.028608 -32.310237 
rand_1342 3.788504 0.860000 2.620961 -5.696010 -1.046544 -46.181476 
rand_1343 3.635455 0.812458 3.288191 -1.220187 -0.016691 -21.334231 
rand_1344 4.811722 1.000000 13.354501 -9.353779 -4.028635 -59.183525 
rand_1345 4.101380 1.030000 0.818731 -6.875728 -1.768926 -57.587674 
rand_1346 2.738811 0.321452 1.231834 -1.496752 -0.028468 -28.768638 
rand_1347 2.615526 1.334267 0.174321 -1.256966 -0.017639 -40.024349 
rand_1348 4.556775 0.940000 0.265812 -7.798028 -2.442260 -38.247238 
rand_1349 0.650687 1.117666 1.640449 -1.937598 -0.056630 -17.775317 
rand_1350 3.584746 0.810000 1.744988 -3.712140 -0.319131 -57.351119 
rand_1351 1.614953 1.110000 7.677188 -2.609243 -0.127554 -22.975638 
rand_1352 1.016622 1.298396 1.053730 -2.290072 -0.088752 -47.821626 
rand_1353 1.369970 1.060000 0.549093 -2.622049 -0.127908 -22.381928 
rand_1354 4.429906 0.665387 3.177291 -2.157237 -0.077492 -22.655289 
rand_1355 4.183015 1.180745 0.751441 -1.267074 -0.017733 -29.432057 
rand_1356 4.104434 0.890000 20.057776 -5.246094 -0.838481 -56.295079 
rand_1357 1.116972 1.240000 0.550910 -4.046321 -0.415696 -55.775714 
rand_1358 2.744593 0.520000 1.320020 -3.665510 -0.323110 -48.516545 
rand_1359 2.698045 1.090280 0.980791 -3.058521 -0.193778 -22.129715 
rand_1360 5.767946 1.169091 1.355678 -2.102788 -0.069137 -30.221775 
rand_1361 7.047931 0.550000 1.601759 -2.965936 -0.178270 -41.293786 
rand_1362 1.969449 0.146525 6.538253 -2.587312 -0.121836 -28.036830 
rand_1363 2.023113 0.500000 3.320840 -5.937893 -1.150429 -21.112624 
rand_1364 1.098093 0.340000 8.810456 -2.444814 -0.105805 -59.481398 
rand_1365 5.874972 0.652552 4.558877 -2.425628 -0.103160 -29.450010 
rand_1366 2.168659 1.292622 6.967250 -0.129384 -0.000038 -48.620514 
rand_1367 3.165929 0.188379 0.715215 -4.172898 -0.457441 -13.884695 
rand_1368 1.082511 0.880000 2.397306 -3.609637 -0.300226 -26.117012 
rand_1369 1.437327 1.313988 4.636134 -1.308222 -0.019578 -21.216473 
rand_1370 3.866835 1.311189 1.503632 -0.479319 -0.001310 -23.514458 
rand_1371 2.272302 0.820000 0.660864 -3.566428 -0.286616 -53.459174 
rand_1372 3.264870 1.070000 3.166025 -3.053030 -0.191691 -49.913514 
rand_1373 1.278968 0.820000 3.734942 -0.830047 -0.005753 -47.927226 
rand_1374 2.298764 0.800000 25.182332 -4.199566 -0.453389 -43.868654 
rand_1375 7.049405 0.498153 6.084002 -2.735690 -0.143653 -28.794992 
rand_1376 2.072543 0.734521 7.232796 -1.222090 -0.015973 -26.471494 
rand_1377 1.508592 1.042878 9.467834 -1.958578 -0.057684 -45.958313 
rand_1378 1.480391 0.860000 2.111499 -2.051021 -0.066029 -14.133671 
rand_1379 1.937150 0.990000 3.128223 -2.506128 -0.111402 -45.042774 
rand_1380 2.414491 0.670000 0.472809 -1.220626 -0.016355 -24.333787 
rand_1381 1.715704 0.780000 16.758365 -9.402655 -3.984077 -29.101429 
rand_1382 3.981078 0.990000 20.505658 -4.323355 -0.495851 -17.170576 
rand_1383 2.102708 0.889304 2.338140 -2.350724 -0.095579 -29.959685 
rand_1384 1.750709 1.156381 1.933124 -1.734459 -0.041517 -20.794117 
rand_1385 2.505896 0.914711 0.660358 -0.176378 -0.000087 -41.407511 
rand_1386 2.394163 0.692904 20.214113 -2.554365 -0.118891 -36.934346 
rand_1387 1.877820 0.732537 2.747905 -1.602955 -0.034137 -16.400606 
rand_1388 5.466533 1.350092 0.676661 -4.710814 -0.634904 -10.783623 
rand_1389 1.448770 1.360000 0.524799 -2.660582 -0.132241 -43.381383 
rand_1390 3.660627 0.701089 1.493657 -3.860768 -0.369326 -48.711469 
rand_1391 2.102294 0.549324 1.387139 -2.247092 -0.083857 -48.330451 
rand_1392 5.600465 0.910000 0.144196 -4.942885 -0.712696 -29.224763 
rand_1393 2.637904 0.768371 0.487027 -1.304782 -0.019371 -25.328432 
rand_1394 2.143976 0.997593 3.527149 -3.054489 -0.197316 -12.671746 
rand_1395 5.312993 0.800000 16.599242 -5.030545 -0.742929 -49.662303 
rand_1396 3.123222 1.344348 1.804952 -2.558636 -0.119098 -18.260126 
rand_1397 2.651591 1.000000 5.537387 -5.179983 -0.794185 -53.810326 
rand_1398 4.926056 0.753980 2.119774 -2.890405 -0.166961 -40.760388 
rand_1399 4.154003 0.820000 0.170446 -7.671282 -2.324030 -51.747844 
rand_1400 3.752531 0.940000 2.963416 -5.402725 -0.898260 -47.903488 
rand_1401 1.370740 0.950000 5.028504 -1.697854 -0.038880 -42.528342 
rand_1402 3.195847 0.499374 1.965510 -1.203830 -0.015557 -13.810129 
rand_1403 3.221327 0.868051 2.054136 -1.470445 -0.027300 -10.000240 
rand_1404 2.308862 1.120000 3.502189 -9.842675 -4.560709 -22.126817 
rand_1405 3.638753 1.000000 3.740313 -3.094746 -0.201114 -50.768383 
rand_1406 1.470215 0.890000 25.919882 -5.324597 -0.863386 -43.654772 
rand_1407 3.074248 0.648787 0.324857 -2.135225 -0.073119 -38.398621 
rand_1408 2.871994 1.245080 5.324405 -2.795276 -0.150428 -17.516932 
rand_1409 2.583347 0.963808 1.587006 -1.203948 -0.015803 -43.365645 
rand_1410 3.365623 0.910000 1.528698 -4.979220 -0.732365 -32.889969 
rand_1411 2.041419 0.750000 0.148261 -2.939779 -0.173529 -28.036020 
rand_1412 2.047956 0.639211 0.462867 -3.397187 -0.254027 -45.683777 
rand_1413 1.560683 0.617697 0.258906 -1.937694 -0.055661 -21.641710 
rand_1414 1.182961 0.850000 1.496507 -4.385211 -0.517617 -44.361797 
rand_1415 2.505356 0.940000 2.667578 -3.931473 -0.374203 -46.324490 
rand_1416 2.057192 0.514663 2.852625 -2.281153 -0.087334 -18.484875 
rand_1417 6.612450 1.055528 3.154180 -0.668510 -0.003213 -23.351222 
rand_1418 2.927658 0.748358 0.501350 -2.105219 -0.070264 -38.047043 
rand_1419 3.826467 0.940000 8.707358 -3.468021 -0.271464 -59.983556 
rand_1420 2.990817 0.699760 1.943235 -2.940944 -0.176328 -40.293506 
rand_1421 2.107671 1.032650 1.148253 -2.386537 -0.098786 -11.051938 
rand_1422 1.047235 1.130000 2.629433 -6.919688 -1.779750 -49.872292 
rand_1423 2.733683 0.930000 0.576630 -0.881053 -0.006762 -29.738223 
rand_1424 4.328709 0.930000 1.976115 -1.280827 -0.018454 -19.251353 
rand_1425 4.586547 0.780000 14.935623 -6.867067 -1.689882 -59.434727 
rand_1426 1.270594 0.488715 1.802421 -4.516747 -0.563497 -20.909579 
rand_1427 1.803159 0.810000 10.117446 -3.614644 -0.307121 -27.088340 
rand_1428 3.128888 0.930000 9.637545 -3.573207 -0.297516 -49.673031 
rand_1429 1.994274 0.960000 7.533683 -3.166620 -0.216411 -27.834793 
rand_1430 4.443156 0.489930 0.989365 -1.582424 -0.032818 -44.533094 
rand_1431 1.322743 0.962067 6.787759 -3.964442 -0.385726 -17.757628 
rand_1432 2.603926 0.860000 3.007105 -3.035260 -0.189772 -32.094327 
rand_1433 5.370382 1.143437 1.003686 -1.978240 -0.059897 -26.280900 
rand_1434 2.668981 0.800000 1.369504 -6.157428 -1.257544 -43.021576 
rand_1435 1.849953 0.563086 2.217330 -0.330293 -0.000477 -15.498742 
rand_1436 2.430027 0.850000 5.399899 -3.673457 -0.315363 -43.341882 
rand_1437 5.343186 0.688393 2.060941 -1.677939 -0.038134 -34.776508 
rand_1438 2.937499 0.580000 5.992752 -6.636054 -1.566265 -56.312216 
rand_1439 1.142475 0.975707 2.571782 -1.843865 -0.049166 -39.574794 
rand_1440 3.433701 0.980000 12.610799 -2.374712 -0.099379 -26.160094 
rand_1441 2.364276 0.453519 10.429639 -1.398296 -0.023276 -46.072572 
rand_1442 0.682119 1.060000 4.310501 -5.011561 -0.736293 -55.000208 
rand_1443 1.263179 1.160980 5.619784 -0.669001 -0.003206 -26.885730 
rand_1444 1.300363 1.280000 2.725846 -6.932454 -1.785991 -43.602474 
rand_1445 3.816243 1.130000 1.775391 -1.833128 -0.048031 -55.096711 
rand_1446 2.719766 1.126585 1.750448 -3.100899 -0.199844 -49.966233 
rand_1447 1.791714 0.559636 5.409226 -2.815311 -0.156408 -48.210659 
rand_1448 2.641649 0.579255 1.891433 -4.662920 -0.604217 -49.309407 
rand_1449 2.897814 0.745497 0.453924 -1.837215 -0.048599 -34.413510 
rand_1450 1.729589 0.885783 7.682895 -1.970513 -0.060047 -39.715378 
rand_1451 1.933008 1.071692 28.357768 -2.769938 -0.146876 -14.059601 
rand_1452 6.395895 1.317737 11.546611 -1.966462 -0.058400 -49.150601 
rand_1453 5.508603 1.329873 1.580528 -0.844050 -0.006017 -31.015028 
rand_1454 2.181364 1.360000 1.130383 -4.469259 -0.540384 -44.501312 
rand_1455 1.534710 1.390047 3.313494 -2.618121 -0.129081 -17.622633 
rand_1456 1.922225 0.710000 1.129449 -5.236581 -0.811072 -34.576801 
rand_1457 2.209013 0.652992 2.736967 -2.669346 -0.135895 -36.112113 
rand_1458 2.811787 1.280367 3.736968 -4.607851 -0.586434 -49.559968 
rand_1459 4.242464 0.753723 2.129324 -1.407430 -0.023978 -14.731180 
rand_1460 1.731303 1.040000 3.139517 -4.106123 -0.424237 -54.958982 
rand_1461 1.952159 1.371165 3.363273 -2.151171 -0.074106 -36.221655 
rand_1462 3.925962 0.982404 17.030332 -1.234080 -0.016552 -23.187117 
rand_1463 4.409116 0.890000 2.751163 -5.183138 -0.808236 -57.559008 
rand_1464 4.203400 0.980000 0.919092 -2.254050 -0.084847 -16.101056 
rand_1465 2.825390 0.972766 33.268334 -3.164361 -0.207930 -22.481604 
rand_1466 3.153956 0.520000 0.475359 -3.569470 -0.297629 -54.946968 
rand_1467 2.174186 0.928652 0.963691 -0.999981 -0.009444 -29.799218 
rand_1468 3.585352 0.980000 0.520894 -4.059686 -0.411903 -36.022251 
rand_1469 5.424421 0.210000 1.196313 -2.579082 -0.120622 -32.773581 
rand_1470 7.038903 1.010000 1.242243 -1.507211 -0.029081 -11.515269 
rand_1471 2.648612 0.729992 24.681856 -3.163511 -0.209153 -11.984452 
rand_1472 1.631490 0.380641 1.845806 -2.759090 -0.146226 -40.534386 
rand_1473 3.811306 1.105392 0.512988 -1.925861 -0.055734 -11.059251 
rand_1474 8.110303 0.490825 7.764176 -2.462576 -0.108508 -10.355201 
rand_1475 2.360749 1.279881 14.489194 -3.845799 -0.364607 -40.667512 
rand_1476 2.990768 1.020000 0.581482 -2.376493 -0.097957 -18.958985 
rand_1477 4.646648 1.100000 0.686730 -2.809108 -0.152027 -54.771257 
rand_1478 2.236349 0.670000 0.719301 -2.141680 -0.074091 -11.906726 
rand_1479 1.288599 1.080000 7.130767 -1.082411 -0.011768 -23.971702 
rand_1480 0.912263 0.980000 1.500416 -4.411478 -0.521050 -40.219284 
rand_1481 0.465791 1.020771 2.259219 -0.822749 -0.005687 -13.283229 
rand_1482 1.994949 0.910000 0.819514 -2.833876 -0.157638 -19.357034 
rand_1483 1.606017 0.867755 6.757859 -0.706666 -0.003698 -17.728797 
rand_1484 2.870180 1.070000 10.736034 -0.706850 -0.003763 -44.618114 
rand_1485 2.784509 0.981627 7.911490 -2.266530 -0.085905 -43.983692 
rand_1486 3.042730 0.770000 0.617745 -3.660912 -0.312967 -36.894287 
rand_1487 2.063443 0.700000 0.970440 -4.602309 -0.583243 -16.571189 
rand_1488 1.513784 1.069762 1.350650 -2.493777 -0.112272 -12.300685 
rand_1489 2.905624 1.114721 0.191787 -0.104455 -0.000021 -21.390442 
rand_1490 1.530010 1.060000 5.970260 -3.617938 -0.305131 -17.172430 
rand_1491 4.900607 0.999579 1.063569 -1.783679 -0.045436 -32.957187 
rand_1492 1.519303 1.060000 2.017860 -3.539908 -0.285764 -37.221694 
rand_1493 2.231911 0.830000 1.234336 -3.054152 -0.191383 -59.230478 
rand_1494 6.279053 0.658646 1.439917 -1.832684 -0.047884 -49.748264 
rand_1495 2.229814 1.260000 4.029185 -4.586261 -0.573028 -56.928093 
rand_1496 2.165544 1.069610 2.611734 -2.766834 -0.146122 -34.808815 
rand_1497 1.634505 0.740000 1.287881 -3.368035 -0.252419 -21.935901 
rand_1498 2.685420 1.110000 1.851785 -1.452288 -0.026089 -19.228116 
rand_1499 2.650935 0.850000 7.126169 -5.677221 -1.020238 -27.301612 
rand_1500 1.971399 0.900000 5.209951 -3.923716 -0.387949 -11.866119 
rand_1501 8.119814 0.930095 0.915439 -2.435802 -0.105327 -39.791609 
rand_1502 2.425273 0.914847 1.353044 -1.053520 -0.010592 -28.146778 
rand_1503 3.494445 1.243437 2.194822 -3.645208 -0.315928 -39.607124 
rand_1504 6.002300 0.867605 7.317983 -3.370299 -0.251291 -19.004316 
rand_1505 4.696783 0.469444 3.250311 -1.902367 -0.053554 -29.363913 
rand_1506 2.047949 1.224285 0.853452 -1.584810 -0.032459 -34.785301 
rand_1507 1.941008 1.210152 0.380658 -2.321084 -0.092068 -11.079312 
rand_1508 4.471097 1.090000 0.322950 -4.388886 -0.517790 -58.329512 
rand_1509 4.570811 1.120000 1.194592 -2.829628 -0.158897 -43.550866 
rand_1510 2.071736 1.150000 3.190190 -2.013997 -0.062824 -23.245005 
rand_1511 4.800877 1.030000 1.105750 -5.246858 -0.821676 -37.760695 
rand_1512 1.975024 0.961499 1.437367 -1.541070 -0.030621 -18.418862 
rand_1513 3.864726 1.213263 6.389302 -3.395125 -0.257697 -12.425850 
rand_1514 4.416393 1.137726 1.871410 -0.578984 -0.002151 -17.088379 
rand_1515 2.964412 1.270000 5.600462 -2.587974 -0.122162 -45.128838 
rand_1516 1.244404 0.640000 2.973917 -1.656832 -0.037055 -31.547810 
rand_1517 1.640907 1.109738 5.550981 -1.888965 -0.053062 -48.220202 
rand_1518 1.786059 1.110000 5.451591 -1.199671 -0.015462 -25.596947 
rand_1519 1.508233 0.699303 1.055384 -3.279994 -0.235219 -29.987651 
rand_1520 1.069191 1.063956 20.511669 -3.773804 -0.342956 -41.844396 
rand_1521 1.176227 1.317646 0.238162 -2.901678 -0.168821 -36.545120 
rand_1522 5.831991 0.770000 1.279722 -1.586739 -0.032467 -30.753417 
rand_1523 2.390588 0.625332 1.100377 -2.949205 -0.174258 -35.908901 
rand_1524 4.763887 1.354052 1.436788 -3.046308 -0.190634 -34.143498 
rand_1525 1.803364 0.960000 1.040359 -4.598950 -0.590915 -20.147858 
rand_1526 4.316494 0.890000 4.065933 -3.169517 -0.214134 -49.509036 
rand_1527 2.477295 0.590000 5.304704 -1.341763 -0.021209 -37.974279 
rand_1528 2.325213 1.107138 0.559633 -1.019853 -0.010070 -19.704351 
rand_1529 2.532671 0.960000 2.813295 -2.459269 -0.108012 -40.170074 
rand_1530 2.976355 0.845081 2.039849 -2.186683 -0.077356 -23.539811 
rand_1531 5.023015 1.340000 7.741345 -3.439661 -0.265575 -40.087324 
rand_1532 3.751064 0.770000 1.885633 -3.199026 -0.220478 -12.082388 
rand_1533 2.960107 1.283311 27.144234 -1.778846 -0.044904 -18.934813 
rand_1534 2.387865 1.092841 3.997034 -3.851799 -0.352872 -16.603102 
rand_1535 1.148183 0.810000 0.872400 -4.202146 -0.456687 -56.768884 
rand_1536 2.211128 0.910000 0.326519 -6.905130 -1.732041 -13.144848 
rand_1537 3.059619 0.990000 12.782047 -3.887249 -0.373732 -11.709725 
rand_1538 4.572202 1.120000 9.926678 -6.444983 -1.423919 -57.797736 
rand_1539 1.200310 1.240000 0.761990 -1.670255 -0.037328 -22.701254 
rand_1540 1.674095 0.510000 9.558935 -1.637571 -0.035894 -46.556221 
rand_1541 1.640368 0.910000 3.531286 -1.827014 -0.047614 -30.257191 
rand_1542 4.342145 0.480000 1.305054 -4.657169 -0.613550 -46.082928 
rand_1543 2.983192 1.363021 9.450983 -3.527164 -0.287652 -36.348498 
rand_1544 2.522787 1.262265 0.228438 -1.471190 -0.026941 -23.821036 
rand_1545 2.792166 1.055712 3.730163 -0.592822 -0.002319 -32.337258 
rand_1546 2.824516 0.910000 0.907945 -5.841600 -1.108806 -37.567650 
rand_1547 6.002108 1.080000 2.286485 -1.809681 -0.047007 -57.931182 
rand_1548 5.751350 0.840000 1.149546 -4.873530 -0.673781 -33.930558 
rand_1549 3.442489 1.080000 5.142058 -3.425600 -0.257631 -42.196225 
rand_1550 3.507292 0.820000 0.397476 -2.378708 -0.098316 -46.865123 
rand_1551 4.898522 0.899370 0.524211 -3.069588 -0.197364 -39.196797 
rand_1552 1.918826 1.080000 4.881533 -4.809714 -0.655798 -33.459431 
rand_1553 1.649924 0.741235 5.318533 -2.132096 -0.073384 -42.954558 
rand_1554 2.156403 0.724725 1.214509 -0.408436 -0.000851 -33.904772 
rand_1555 3.611502 0.980000 1.830547 -1.400514 -0.023644 -37.504032 
rand_1556 0.997077 0.940000 3.303101 -1.766984 -0.044625 -20.162624 
rand_1557 3.575675 0.300000 0.457169 -3.971070 -0.392677 -42.391712 
rand_1558 3.300725 0.247085 1.194691 -1.341093 -0.021107 -35.378770 
rand_1559 2.560474 0.690000 6.484090 -3.504274 -0.278462 -52.967733 
rand_1560 6.748251 0.860000 2.813803 -2.333308 -0.094197 -44.422894 
rand_1561 4.669348 0.940000 2.990978 -5.204299 -0.825571 -41.211459 
rand_1562 1.007190 0.920000 6.817328 -2.007479 -0.061232 -17.891801 
rand_1563 1.110575 0.950000 1.973137 -7.923761 -2.484129 -44.277568 
rand_1564 5.711086 0.578663 1.713490 -3.259416 -0.230063 -15.262509 
rand_1565 4.215028 0.444208 0.642320 -2.007952 -0.062393 -36.464137 
rand_1566 3.215146 1.116541 15.196780 -4.400874 -0.512317 -21.524222 
rand_1567 6.498613 0.500000 4.669507 -3.367629 -0.252339 -12.028570 
rand_1568 3.063307 0.904129 2.408325 -1.271401 -0.017896 -44.573880 
rand_1569 3.866716 0.438885 5.898186 -2.277477 -0.087096 -39.686580 
rand_1570 3.857809 0.460000 0.740091 -6.463811 -1.476298 -10.937708 
rand_1571 3.549281 0.750000 0.736176 -1.916599 -0.054424 -38.053101 
rand_1572 2.487037 0.837426 2.223357 -1.604904 -0.033975 -48.809906 
rand_1573 1.520221 0.490000 0.544845 -1.080162 -0.011582 -19.573119 
rand_1574 2.087488 0.900000 1.934044 -3.304149 -0.242637 -19.219098 
rand_1575 2.542591 1.019666 1.405428 -0.909414 -0.007469 -26.724974 
rand_1576 2.599164 0.933302 5.456506 -1.763230 -0.043820 -21.371603 
rand_1577 1.996250 1.060000 4.455397 -7.261420 -1.991568 -53.381585 
rand_1578 2.670394 0.435531 4.163585 -3.060594 -0.195329 -34.044928 
rand_1579 2.268000 0.910000 3.379002 -4.340021 -0.501629 -28.313857 
rand_1580 2.099457 1.120000 6.917515 -1.889138 -0.052621 -35.277008 
rand_1581 1.817580 1.081512 1.751928 -4.301215 -0.495951 -29.092752 
rand_1582 4.595390 1.030000 6.128914 -4.023945 -0.405706 -20.052674 
rand_1583 2.452031 1.136920 2.665599 -1.570957 -0.032208 -28.348074 
rand_1584 2.043648 0.718714 1.588968 -1.980593 -0.059752 -10.755655 
rand_1585 1.704079 0.710000 2.665074 -4.297208 -0.487200 -30.608800 
rand_1586 3.330023 0.710000 10.087303 -3.886681 -0.371157 -17.733040 
rand_1587 2.586334 1.000000 3.715741 -0.872290 -0.006489 -48.487659 
rand_1588 2.508573 1.100000 3.713565 -2.674769 -0.133616 -43.912162 
rand_1589 2.623760 0.890000 0.860908 -4.774424 -0.652365 -24.926898 
rand_1590 5.785389 0.775531 3.725110 -2.003076 -0.062965 -13.494490 
rand_1591 3.546115 0.660000 1.633530 -7.235770 -1.970610 -47.926741 
rand_1592 5.092646 1.100000 0.458018 -3.826933 -0.351450 -58.461281 
rand_1593 2.509921 0.770590 1.302288 -3.589120 -0.302921 -46.673281 
rand_1594 5.882236 0.835440 20.189653 -3.351803 -0.249384 -42.940660 
rand_1595 0.977257 0.970000 5.473056 -5.803740 -1.097830 -13.961336 
rand_1596 4.452268 0.940000 0.259169 -2.019669 -0.064258 -30.179371 
rand_1597 1.895279 0.900000 1.290651 -1.924599 -0.055646 -45.201796 
rand_1598 6.072541 0.840000 11.138274 -3.923918 -0.380729 -50.635633 
rand_1599 3.584645 0.913734 0.760365 -2.477441 -0.111034 -12.419549 
rand_1600 2.470776 1.340000 2.156330 -3.712346 -0.323275 -11.032116 
rand_1601 6.794334 0.810000 2.211745 -0.635279 -0.002797 -48.756254 
rand_1602 2.528898 1.020000 1.116919 -7.556623 -2.229290 -14.742649 
rand_1603 1.155213 0.990000 8.369016 -8.156208 -2.737385 -24.667176 
rand_1604 1.724385 0.650000 2.098329 -3.175554 -0.217525 -41.089367 
rand_1605 1.752776 1.020000 3.217213 -2.356718 -0.095750 -30.551936 
rand_1606 3.209863 0.830000 7.503540 -2.413404 -0.100914 -18.024083 
rand_1607 3.498703 1.010000 3.259612 -5.933104 -1.162219 -53.159053 
rand_1608 3.672810 0.122358 0.996981 -1.111605 -0.012583 -11.193463 
rand_1609 2.138108 0.780862 2.166853 -3.584564 -0.293242 -29.042108 
rand_1610 3.455633 0.738538 1.932501 -0.947803 -0.008218 -39.900499 
rand_1611 1.975653 0.735315 1.259717 -3.419391 -0.263647 -12.207777 
rand_1612 2.836263 1.080000 1.268356 -5.224521 -0.832617 -14.112089 
rand_1613 3.546922 0.187832 1.015472 -0.878205 -0.006648 -44.817222 
rand_1614 3.154674 0.504643 25.726368 -2.247865 -0.084150 -35.615405 
rand_1615 2.997013 0.980000 1.629518 -6.983207 -1.764496 -18.179156 
rand_1616 1.596879 0.513782 0.191296 -3.729397 -0.333979 -15.587024 
rand_1617 2.078156 0.537076 2.834455 -3.588332 -0.299007 -32.427211 
rand_1618 3.614779 0.400000 3.267778 -6.348229 -1.399297 -47.832285 
rand_1619 2.213816 1.240000 0.448535 -6.610830 -1.566542 -34.279111 
rand_1620 1.219789 0.110000 0.959793 -3.151302 -0.210784 -52.593825 
rand_1621 1.338206 0.899238 0.415940 -1.340217 -0.020899 -18.585385 
rand_1622 2.050135 1.010000 1.057443 -5.818330 -1.073071 -57.807747 
rand_1623 2.829319 1.010000 0.728789 -4.883740 -0.693243 -14.079514 
rand_1624 2.096669 0.540000 1.288551 -2.407771 -0.103776 -10.827016 
rand_1625 1.496019 1.356289 1.585800 -2.291364 -0.088522 -28.263054 
rand_1626 2.925715 0.613500 0.530189 -2.230058 -0.080904 -10.075577 
rand_1627 3.415842 0.800000 1.117271 -4.474513 -0.535909 -59.279070 
rand_1628 2.901497 0.664917 1.227253 -3.742988 -0.339156 -46.082845 
rand_1629 1.842784 0.720000 1.486381 -3.540340 -0.287071 -29.301891 
rand_1630 1.867781 1.110000 0.397718 -1.518429 -0.029691 -39.601586 
rand_1631 4.607150 0.530000 5.386312 -2.595760 -0.126253 -27.942533 
rand_1632 3.161359 1.285627 0.771734 -0.357957 -0.000585 -47.222623 
rand_1633 3.806131 0.886219 1.378624 -2.223306 -0.083170 -11.385212 
rand_1634 4.688005 0.924441 0.904741 -2.274303 -0.087633 -26.178040 
rand_1635 6.708359 0.423069 0.301421 -1.824031 -0.048298 -37.937085 
rand_1636 3.460155 0.760000 4.610715 -0.792903 -0.005071 -30.491524 
rand_1637 2.850030 1.170000 0.930285 -2.711195 -0.140713 -48.673875 
rand_1638 1.738266 0.520000 2.072067 -0.849203 -0.006089 -42.794092 
rand_1639 4.170119 0.675455 4.542214 -1.809529 -0.046436 -39.344563 
rand_1640 2.980594 1.020000 0.191220 -3.074226 -0.191465 -27.723688 
rand_1641 1.900656 1.150000 0.623063 -1.150478 -0.014160 -32.946134 
rand_1642 3.706636 0.920000 0.298015 -2.198292 -0.080153 -15.197901 
rand_1643 3.959657 0.706112 2.486701 -2.712012 -0.140045 -21.560737 
rand_1644 1.894552 0.900000 0.987117 -3.527389 -0.287197 -25.565674 
rand_1645 7.310143 0.940000 5.115621 -4.764514 -0.654440 -23.065110 
rand_1646 2.957147 0.181533 7.273824 -2.037511 -0.064541 -10.482601 
rand_1647 2.411606 1.100000 8.230188 -5.618153 -1.005163 -39.027889 
rand_1648 1.194318 0.561639 2.712902 -4.230459 -0.461902 -39.819053 
rand_1649 8.150797 1.171994 2.429520 -2.789338 -0.150008 -38.028225 
rand_1650 2.500687 1.307488 4.047805 -1.395276 -0.023191 -33.635619 
rand_1651 2.756473 1.090000 9.569416 -4.268991 -0.477704 -46.708000 
rand_1652 4.188679 0.893126 0.886475 -2.109806 -0.072755 -32.161228 
rand_1653 3.728866 0.639238 4.958634 -2.884585 -0.165271 -26.937548 
rand_1654 2.437998 0.870000 5.235390 -1.665336 -0.037995 -46.844927 
rand_1655 2.679904 0.434369 5.431361 -2.169484 -0.076572 -47.817121 
rand_1656 3.672585 0.840000 0.638746 -5.905562 -1.134562 -51.321242 
rand_1657 4.579350 0.593248 0.842586 -2.104445 -0.070294 -10.280624 
rand_1658 3.286492 0.800000 0.956842 -1.798355 -0.046092 -12.712116 
rand_1659 3.499811 1.020000 2.281672 -2.401189 -0.100605 -49.563208 
rand_1660 2.677081 1.030000 4.335710 -5.517050 -0.957757 -31.878059 
rand_1661 2.338706 0.410000 0.614357 -4.940607 -0.717118 -22.856150 
rand_1662 2.978372 0.640000 39.331636 -5.346544 -0.890758 -38.913620 
rand_1663 4.223944 0.440000 3.415112 -1.568530 -0.031570 -39.563038 
rand_1664 4.423361 0.820826 9.516249 -1.254258 -0.017359 -15.474155 
rand_1665 1.202757 0.980000 2.114897 -4.617254 -0.583867 -22.045311 
rand_1666 1.937255 1.080000 0.415638 -6.464442 -1.468172 -14.859026 
rand_1667 6.880384 0.520000 3.620392 -6.393882 -1.410048 -52.843903 
rand_1668 0.924173 0.800000 7.511216 -0.336900 -0.000498 -11.493049 
rand_1669 3.190425 0.470000 4.673204 -5.017374 -0.727054 -42.887442 
rand_1670 3.350174 0.920000 0.770100 -0.992530 -0.009266 -20.550036 
rand_1671 3.117969 1.063306 6.540665 -1.805072 -0.046271 -17.851582 
rand_1672 2.949882 0.610000 0.987464 -8.271524 -2.818484 -43.946332 
rand_1673 2.060096 0.410000 0.386362 -2.725706 -0.143149 -33.229600 
rand_1674 3.974657 0.940000 3.342257 -1.838371 -0.048954 -49.257352 
rand_1675 1.100843 0.806247 17.470247 -0.684000 -0.003459 -11.449745 
rand_1676 4.327585 0.380000 17.316895 -4.882865 -0.679438 -12.084916 
rand_1677 2.297257 0.990000 0.234801 -4.367042 -0.500593 -27.012243 
rand_1678 1.560337 1.130000 4.212751 -4.683362 -0.605780 -41.484137 
rand_1679 2.385617 1.267436 1.775356 -2.635077 -0.131774 -38.224886 
rand_1680 3.248389 0.890000 8.490647 -4.564614 -0.567495 -21.289220 
rand_1681 2.585462 1.246292 12.230904 -3.484113 -0.281372 -37.796638 
rand_1682 4.752864 1.187987 5.899294 -1.316358 -0.020005 -38.109603 
rand_1683 5.142782 0.770000 0.278623 -1.850314 -0.051078 -50.133097 
rand_1684 2.887333 1.177376 1.705412 -0.761689 -0.004480 -34.278090 
rand_1685 2.323982 1.054692 0.511982 -1.685892 -0.038693 -13.554610 
rand_1686 4.831277 1.186704 0.792758 -3.245772 -0.227851 -17.225395 
rand_1687 2.020883 0.140000 0.392688 -6.842524 -1.692114 -45.135857 
rand_1688 3.224291 1.235268 0.491865 -3.366441 -0.250714 -43.621139 
rand_1689 4.460910 1.322079 0.684370 -2.547528 -0.117837 -17.340755 
rand_1690 3.382607 1.371482 7.672397 -1.504453 -0.028517 -43.209695 
rand_1691 7.544816 0.747781 8.433758 -1.101588 -0.012091 -27.279962 
rand_1692 1.279263 0.652754 0.774315 -2.322468 -0.090947 -43.181194 
rand_1693 2.733851 1.135650 1.684856 -2.262550 -0.085200 -29.647475 
rand_1694 2.374590 0.920000 8.022196 -2.157378 -0.075863 -11.072727 
rand_1695 2.834397 1.080000 4.823916 -3.177270 -0.212411 -39.791498 
rand_1696 2.666560 0.526466 7.585373 -1.813709 -0.047205 -43.794605 
rand_1697 1.410661 0.990000 0.854069 -1.292820 -0.018825 -43.285922 
rand_1698 1.568722 0.950000 0.396184 -5.722211 -1.056966 -17.062895 
rand_1699 1.621775 0.480000 11.103644 -2.777327 -0.147861 -46.389347 
rand_1700 0.949952 0.930000 2.763262 -2.136042 -0.074455 -42.689561 
rand_1701 3.363586 1.385378 2.090139 -2.669882 -0.133657 -38.492836 
rand_1702 1.939116 0.676235 4.341529 -2.570827 -0.120987 -14.031804 
rand_1703 2.294163 0.740000 6.601519 -3.822944 -0.351338 -43.677696 
rand_1704 3.390025 1.020171 11.713729 -3.545362 -0.283702 -16.801178 
rand_1705 1.613578 1.332637 1.098508 -3.028320 -0.185209 -25.762518 
rand_1706 4.256039 0.620000 1.827926 -0.570424 -0.002075 -14.064036 
rand_1707 1.533128 0.810924 2.651569 -2.143107 -0.073555 -10.499426 
rand_1708 3.282653 0.550000 30.668597 -3.619713 -0.304981 -56.551373 
rand_1709 2.207420 1.060000 0.178064 -2.616225 -0.126151 -23.500348 
rand_1710 3.447547 0.840000 6.902220 -3.966168 -0.392827 -39.073670 
rand_1711 1.374054 1.190000 1.602900 -2.479763 -0.109204 -52.669588 
rand_1712 4.250258 1.364857 1.547738 -0.736077 -0.004123 -44.091594 
rand_1713 1.679558 0.419899 2.826337 -2.180639 -0.077104 -47.384373 
rand_1714 3.671102 0.960000 12.138966 -2.910019 -0.170564 -18.116391 
rand_1715 1.571309 0.684819 0.939377 -1.658858 -0.036918 -40.524333 
rand_1716 2.855014 1.031977 8.603822 -2.952628 -0.175633 -16.623659 
rand_1717 1.876166 0.730000 7.271556 -1.708310 -0.039636 -24.697484 
rand_1718 5.947886 0.399978 1.452886 -3.089284 -0.202155 -41.220866 
rand_1719 3.816331 1.050000 0.522606 -4.982732 -0.728923 -32.297332 
rand_1720 4.800010 0.693860 0.353536 -1.965843 -0.058012 -25.506944 
rand_1721 4.020591 0.960000 4.345465 -2.699378 -0.140898 -26.309470 
rand_1722 2.597734 0.725836 0.495055 -1.562925 -0.031385 -39.649518 
rand_1723 1.746565 1.260000 0.231474 -6.396607 -1.430507 -18.012486 
rand_1724 1.617584 0.998054 3.156218 -0.316469 -0.000425 -11.369807 
rand_1725 1.636707 1.060000 0.260673 -2.983297 -0.179099 -50.438637 
rand_1726 2.688890 1.030000 8.472677 -2.166347 -0.076284 -39.281082 
rand_1727 1.231349 1.170000 1.105218 -3.004356 -0.185193 -33.935593 
rand_1728 3.242048 0.990000 1.815910 -3.640176 -0.311029 -37.052310 
rand_1729 1.975963 0.740318 0.998493 -2.925525 -0.170241 -42.443765 
rand_1730 2.048185 0.850000 11.721679 -4.669188 -0.616119 -45.571167 
rand_1731 5.736417 0.860000 61.440874 -0.807503 -0.005372 -35.542282 
rand_1732 5.427850 1.008891 2.073112 -1.014425 -0.009886 -14.884822 
rand_1733 8.607368 0.384039 2.762167 -2.320218 -0.090168 -38.867239 
rand_1734 1.847021 1.006887 1.172063 -1.175836 -0.014442 -33.171864 
rand_1735 1.760404 0.955831 1.649106 -1.655194 -0.037591 -39.663375 
rand_1736 1.511109 1.388957 0.850088 -0.543404 -0.001855 -48.171879 
rand_1737 4.647668 0.730000 2.109961 -3.436136 -0.263601 -51.989639 
rand_1738 1.130411 0.856823 1.408558 -1.653836 -0.037778 -48.078169 
rand_1739 2.280389 1.110000 1.907988 -6.023664 -1.204926 -33.788219 
rand_1740 4.531885 0.690000 0.851448 -8.327975 -2.865186 -20.807793 
rand_1741 2.032128 0.950000 2.109709 -1.821419 -0.047506 -16.544003 
rand_1742 3.031080 0.790000 3.516731 -5.556446 -0.961524 -27.992192 
rand_1743 2.169535 1.279265 0.518688 -1.576063 -0.032599 -38.355917 
rand_1744 3.574565 0.700000 8.736048 -0.878908 -0.006648 -52.262987 
rand_1745 1.314863 0.998082 0.185743 -0.813386 -0.005477 -20.409795 
rand_1746 2.732077 0.610000 0.635385 -2.685353 -0.137614 -36.625373 
rand_1747 3.213121 0.930000 3.442155 -4.250568 -0.471200 -56.571525 
rand_1748 2.429102 0.940000 1.430540 -7.503598 -2.167729 -42.219427 
rand_1749 2.251493 1.119939 2.699351 -1.979014 -0.059931 -10.034161 
rand_1750 3.209904 1.090000 2.244325 -1.593406 -0.033070 -16.378851 
rand_1751 3.105045 0.902864 2.577116 -1.249340 -0.017049 -22.523466 
rand_1752 3.370562 0.887261 0.492113 -2.625550 -0.128580 -41.376396 
rand_1753 1.576988 0.813821 1.473821 -1.304282 -0.019499 -20.978665 
rand_1754 4.869281 0.881626 0.418503 -1.040969 -0.010585 -34.408146 
rand_1755 1.844876 0.900000 1.121075 -3.451296 -0.264549 -29.732906 
rand_1756 5.699966 0.710000 5.287493 -3.647893 -0.314194 -37.040259 
rand_1757 2.946370 1.359582 4.157246 -0.445361 -0.001065 -39.119624 
rand_1758 9.337431 1.200720 0.677584 -2.253846 -0.085755 -44.413918 
rand_1759 4.901168 1.279098 5.408698 -2.274198 -0.086910 -48.803898 
rand_1760 2.518297 1.040000 1.205367 -4.172180 -0.447666 -35.062850 
rand_1761 1.923273 1.130000 1.245836 -4.531187 -0.560680 -28.980432 
rand_1762 0.910846 1.040000 2.178466 -7.890569 -2.492479 -15.271027 
rand_1763 3.465378 0.500000 0.239063 -4.370395 -0.506568 -13.615577 
rand_1764 1.796202 0.992084 1.459906 -2.764599 -0.148398 -25.814286 
rand_1765 2.963344 0.950000 12.832510 -5.455210 -0.922419 -59.076937 
rand_1766 2.226252 0.358205 1.200903 -1.374400 -0.022682 -46.157265 
rand_1767 2.134955 1.329796 1.641022 -1.117977 -0.013071 -19.305053 
rand_1768 3.124666 1.060000 1.891251 -1.269894 -0.018187 -57.746284 
rand_1769 3.336076 1.282296 5.799217 -2.110323 -0.070287 -16.746649 
rand_1770 1.897604 1.110000 1.951981 -5.824977 -1.101978 -48.428317 
rand_1771 5.220328 0.780343 2.470953 -3.050156 -0.192841 -47.007951 
rand_1772 4.511428 0.893929 2.085634 -2.154518 -0.075358 -25.758914 
rand_1773 2.483007 0.180826 6.659607 -1.085655 -0.011867 -35.371411 
rand_1774 2.928213 1.110000 4.563201 -6.765784 -1.671025 -55.204617 
rand_1775 1.746636 0.957851 1.744830 -2.439672 -0.106183 -16.248313 
rand_1776 2.557441 0.375823 5.702228 -3.575140 -0.290664 -37.784247 
rand_1777 1.431339 0.880000 1.892264 -1.581812 -0.032553 -27.022880 
rand_1778 1.729528 0.900725 5.049644 -3.162153 -0.212007 -41.676660 
rand_1779 2.796571 1.030000 26.012259 -2.004970 -0.061571 -32.100026 
rand_1780 2.983898 1.234459 0.895011 -2.142192 -0.072789 -33.319837 
rand_1781 3.145222 0.900000 4.394819 -2.465529 -0.106729 -11.260789 
rand_1782 5.376597 0.960000 6.504737 -5.569733 -0.978069 -28.949744 
rand_1783 3.784528 1.200000 2.519627 -4.733635 -0.637099 -31.926304 
rand_1784 3.784339 1.170000 0.956532 -2.756443 -0.144965 -52.056731 
rand_1785 3.214653 0.930000 3.038088 -2.344278 -0.093913 -56.508453 
rand_1786 2.455027 1.187749 3.985605 -0.310600 -0.000403 -27.158609 
rand_1787 2.508176 0.920000 3.279936 -4.727846 -0.619467 -36.887589 
rand_1788 1.637797 1.000000 19.090908 -5.803799 -1.094161 -36.016762 
rand_1789 3.960236 1.120000 3.950692 -6.903428 -1.737238 -32.954448 
rand_1790 3.639093 1.000000 2.630542 -2.078023 -0.068315 -34.455782 
rand_1791 1.657106 0.324647 0.726045 -1.958450 -0.059199 -25.821488 
rand_1792 1.222130 0.880000 2.697790 -5.228219 -0.815042 -40.231764 
rand_1793 1.776034 0.500000 1.009555 -4.581835 -0.572639 -58.865584 
rand_1794 5.363167 0.508728 1.339104 -2.606308 -0.125430 -27.523433 
rand_1795 4.735637 1.130000 1.043537 -6.567294 -1.524777 -15.432226 
rand_1796 1.539100 1.030000 4.189010 -6.454654 -1.461126 -20.721238 
rand_1797 2.157209 0.621804 2.586952 -1.621672 -0.034826 -40.627145 
rand_1798 3.901167 0.540000 1.452254 -5.635474 -0.997320 -56.379321 
rand_1799 2.109760 0.760000 1.289812 -6.348567 -1.383410 -48.592818 
rand_1800 3.498749 1.170000 0.913976 -1.928578 -0.055922 -26.221335 
rand_1801 5.279974 0.427453 1.778492 -0.636163 -0.002770 -33.932509 
rand_1802 3.281340 1.050000 0.343615 -6.450913 -1.468538 -34.197500 
rand_1803 2.292801 1.120000 13.244490 -2.094128 -0.069542 -47.581180 
rand_1804 3.432464 1.030000 4.191456 -4.493801 -0.553507 -33.897847 
rand_1805 3.282776 1.390000 1.212731 -4.283317 -0.477282 -12.520426 
rand_1806 3.687815 1.000000 25.964115 -4.603284 -0.582949 -59.748503 
rand_1807 6.449290 0.990000 0.920044 -2.114857 -0.071859 -45.378943 
rand_1808 0.829775 1.143120 12.261602 -2.069484 -0.067348 -32.678213 
rand_1809 1.700194 0.682490 4.922287 -2.681803 -0.137506 -41.327662 
rand_1810 1.758004 0.880000 11.720523 -2.539925 -0.117547 -56.950895 
rand_1811 2.228053 1.260000 0.833866 -1.133087 -0.013378 -36.208456 
rand_1812 2.719317 0.610000 1.296477 -3.823631 -0.356362 -24.674714 
rand_1813 4.603715 0.837040 3.295474 -1.877108 -0.052317 -34.560363 
rand_1814 2.345062 0.429847 5.340604 -1.379666 -0.022789 -21.661875 
rand_1815 2.871324 1.260000 5.054184 -4.086384 -0.428707 -30.407136 
rand_1816 4.961787 1.310000 3.490306 -6.461621 -1.454294 -33.498221 
rand_1817 3.194529 0.807716 9.225379 -1.990954 -0.062448 -38.424636 
rand_1818 4.965827 1.277748 1.665123 -1.021187 -0.010185 -46.643148 
rand_1819 2.304234 1.180000 7.545115 -3.327593 -0.242231 -21.872125 
rand_1820 4.260025 0.947670 0.323657 -1.812537 -0.047434 -19.018345 
rand_1821 4.719655 1.203578 4.109656 -0.897121 -0.007028 -15.915714 
rand_1822 3.412764 1.258700 4.457094 -1.950271 -0.056785 -14.568026 
rand_1823 2.700339 0.790000 17.572719 -5.809241 -1.081512 -27.904077 
rand_1824 4.320925 1.023993 2.805659 -1.969870 -0.058940 -26.187548 
rand_1825 2.528295 1.200000 8.521602 -3.300804 -0.238295 -31.426081 
rand_1826 1.450637 0.880000 2.811495 -1.352528 -0.021770 -51.514334 
rand_1827 3.046649 1.030000 1.228331 -2.420515 -0.103340 -20.681247 
rand_1828 1.185427 0.222351 2.815844 -1.903305 -0.053190 -41.816077 
rand_1829 2.306352 1.123733 0.441000 -0.565038 -0.002019 -36.589546 
rand_1830 2.498798 1.128073 5.509887 -2.967437 -0.181864 -16.400472 
rand_1831 1.070884 0.830000 1.273465 -1.488883 -0.027369 -37.049448 
rand_1832 2.484183 1.190000 2.064628 -4.141029 -0.439007 -45.359031 
rand_1833 2.191423 1.070000 2.828761 -6.067218 -1.232960 -43.372106 
rand_1834 5.076639 0.970000 3.340090 -3.399147 -0.255080 -17.046015 
rand_1835 5.618898 0.880000 2.846577 -1.405414 -0.023709 -52.789913 
rand_1836 6.453788 1.341844 34.706465 -3.379477 -0.253622 -15.141674 
rand_1837 2.056884 1.094832 3.339905 -0.912000 -0.007416 -28.284464 
rand_1838 4.254612 1.302035 0.824182 -2.253275 -0.084782 -25.321972 
rand_1839 3.281039 1.107281 9.588920 -2.887381 -0.165023 -42.200226 
rand_1840 2.522205 0.970000 1.011819 -6.779359 -1.667790 -47.017343 
rand_1841 2.594759 0.660000 2.169147 -3.396179 -0.253110 -38.190392 
rand_1842 2.946708 1.260000 1.048440 -5.788849 -1.089650 -46.190406 
rand_1843 2.688811 0.790000 0.806104 -1.329021 -0.020510 -23.386819 
rand_1844 2.917938 1.270382 3.423046 -0.355766 -0.000582 -42.778977 
rand_1845 1.014141 0.930000 3.472714 -3.519299 -0.280970 -24.977351 
rand_1846 2.735518 1.123440 1.808328 -1.767923 -0.044515 -23.200315 
rand_1847 1.405177 0.880000 3.004291 -5.561652 -0.972266 -32.023049 
rand_1848 1.791450 0.550000 0.578187 -4.363834 -0.511905 -52.192829 
rand_1849 3.853906 1.110000 1.384763 -3.952820 -0.393008 -40.267053 
rand_1850 0.821458 1.080000 0.160136 -1.426742 -0.024101 -38.050114 
rand_1851 2.670259 1.276168 1.151479 -2.388083 -0.099385 -44.190114 
rand_1852 9.897309 0.940000 0.716543 -1.365359 -0.022210 -19.048700 
rand_1853 4.295189 0.632191 0.998622 -1.336312 -0.020884 -28.478037 
rand_1854 1.338163 0.940000 5.690386 -4.711276 -0.625617 -16.615736 
rand_1855 1.691192 0.618488 5.692355 -2.543596 -0.117437 -43.568087 
rand_1856 4.458407 1.020000 5.292302 -1.866874 -0.051039 -59.969175 
rand_1857 4.751299 0.202430 0.718809 -4.138758 -0.430376 -37.537258 
rand_1858 6.207091 0.167027 0.685508 -1.976071 -0.060097 -24.968935 
rand_1859 3.920436 1.100000 0.214361 -2.914402 -0.169916 -46.899335 
rand_1860 2.966909 1.110695 6.287399 -1.613587 -0.034137 -13.078417 
rand_1861 1.126852 1.130000 6.493696 -3.467930 -0.268289 -44.838271 
rand_1862 4.463598 0.544272 3.763221 -2.639052 -0.130268 -40.085344 
rand_1863 1.787658 1.070000 1.771756 -3.502000 -0.280378 -44.144407 
rand_1864 2.950509 0.275275 2.149171 -4.062019 -0.414897 -24.567102 
rand_1865 1.311632 0.800000 1.895098 -4.990065 -0.734144 -33.909880 
rand_1866 1.226985 1.032076 1.925158 -2.326713 -0.092164 -43.173149 
rand_1867 1.149824 1.160000 0.203459 -1.776001 -0.045588 -29.530719 
rand_1868 5.645047 1.040000 2.914593 -1.325132 -0.020245 -49.153909 
rand_1869 3.808629 0.960000 5.191489 -3.179750 -0.216917 -10.729638 
rand_1870 2.052332 1.310000 2.777023 -3.735281 -0.333787 -33.016057 
rand_1871 4.148829 0.727777 1.119146 -1.598124 -0.033729 -19.191712 
rand_1872 1.310037 1.220828 1.115116 -0.510476 -0.001531 -49.740914 
rand_1873 2.813263 0.512312 0.896122 -3.824048 -0.352749 -28.500043 
rand_1874 1.457982 1.250000 2.209426 -4.482929 -0.544731 -51.499458 
rand_1875 2.464321 0.720000 2.115156 -2.937811 -0.172004 -26.968850 
rand_1876 1.811436 0.940000 1.560151 -6.093543 -1.240683 -33.558725 
rand_1877 6.804673 0.870000 7.429524 -5.796398 -1.066221 -31.486052 
rand_1878 2.225642 1.043998 11.194728 -0.896337 -0.007025 -31.963846 
rand_1879 1.265141 0.820000 3.268676 -1.942689 -0.057439 -36.940030 
rand_1880 4.045416 1.000000 21.337784 -5.726794 -1.046764 -34.616038 
rand_1881 5.428049 0.500000 22.095869 -4.102258 -0.431220 -52.968498 
rand_1882 3.951341 0.425123 6.307104 -0.939133 -0.007961 -35.860002 
rand_1883 1.768886 0.780000 2.128506 -4.087610 -0.420779 -57.180624 
rand_1884 2.879009 1.010000 1.030669 -4.995118 -0.727188 -34.565637 
rand_1885 2.938240 1.020000 1.534024 -2.206375 -0.080815 -35.732106 
rand_1886 1.814389 0.790000 0.830961 -3.346634 -0.246727 -15.627612 
rand_1887 3.071228 0.680000 0.557659 -2.759622 -0.145880 -23.113705 
rand_1888 4.079003 0.568554 0.843564 -2.549776 -0.119354 -34.545577 
rand_1889 3.847517 0.455967 10.627133 -2.175342 -0.076310 -34.213328 
rand_1890 3.084647 1.050000 7.751899 -5.231400 -0.825019 -48.236025 
rand_1891 2.212640 0.896266 4.068466 -1.671678 -0.038248 -12.491576 
rand_1892 2.324954 0.970000 1.931866 -1.849465 -0.050561 -20.221735 
rand_1893 2.331069 0.760000 0.138017 -3.042939 -0.189276 -58.073383 
rand_1894 2.482540 1.000000 1.122434 -6.023279 -1.186955 -28.262982 
rand_1895 3.196495 0.454233 5.498114 -0.257605 -0.000235 -47.185988 
rand_1896 5.211937 0.860000 0.501748 -3.047029 -0.193403 -28.513032 
rand_1897 2.712499 0.669148 3.014047 -1.414863 -0.024151 -18.172447 
rand_1898 3.226176 0.820000 10.430356 -1.810212 -0.046935 -24.984511 
rand_1899 2.966637 0.650000 5.539588 -1.663003 -0.037719 -16.266619 
rand_1900 0.918657 1.280000 2.728657 -7.731083 -2.371696 -18.877536 
rand_1901 2.704856 0.356883 4.380694 -1.052423 -0.010655 -34.269243 
rand_1902 3.386019 0.928536 1.389471 -2.739959 -0.140468 -20.495270 
rand_1903 4.335353 0.740000 14.346893 -3.511305 -0.282842 -50.986140 
rand_1904 1.246820 1.258684 3.167006 -2.966961 -0.180811 -16.167042 
rand_1905 2.609717 1.020149 1.858592 -3.197608 -0.221941 -31.903969 
rand_1906 1.449815 1.000000 1.906273 -2.814077 -0.154213 -39.401023 
rand_1907 3.070711 1.040000 3.143647 -2.183594 -0.079321 -36.458372 
rand_1908 3.127024 1.040000 4.703785 -5.824688 -1.127673 -53.254126 
rand_1909 3.119869 0.750000 0.773166 -4.410868 -0.522841 -10.450005 
rand_1910 1.696464 1.299230 4.457510 -2.156792 -0.075974 -10.390298 
rand_1911 3.093383 0.990000 3.363172 -4.326748 -0.499787 -50.624891 
rand_1912 1.978030 0.980000 7.554564 -9.383172 -3.998741 -17.448260 
rand_1913 0.921797 0.977479 7.932700 -1.504347 -0.028522 -28.530201 
rand_1914 2.734940 0.480000 5.790047 -1.642289 -0.036513 -13.464465 
rand_1915 1.909354 0.781957 0.886176 -1.491875 -0.027826 -27.964159 
rand_1916 2.998191 1.110000 28.955156 -4.790467 -0.648293 -14.136714 
rand_1917 2.591164 0.750000 2.633846 -4.891351 -0.679987 -27.575732 
rand_1918 1.994984 0.750000 4.127758 -1.178630 -0.014776 -40.306906 
rand_1919 3.965950 0.358355 2.633876 -4.497991 -0.545327 -36.911403 
rand_1920 3.827880 0.966647 1.714677 -2.343046 -0.093694 -11.366541 
rand_1921 3.076230 0.820414 10.443296 -2.711162 -0.139486 -46.793167 
rand_1922 4.691657 0.880000 1.704814 -1.375473 -0.022058 -59.610448 
rand_1923 2.829388 0.444756 9.523777 -4.010794 -0.401868 -24.662842 
rand_1924 1.259657 0.540000 4.811607 -1.960658 -0.058746 -42.539395 
rand_1925 3.234382 1.010000 3.222192 -4.544991 -0.560758 -16.672064 
rand_1926 2.601104 1.090000 6.123632 -3.547132 -0.286538 -57.649382 
rand_1927 1.073214 1.080000 4.975918 -3.686201 -0.320641 -55.731368 
rand_1928 3.209796 1.100000 0.892635 -5.742510 -1.059945 -43.912029 
rand_1929 5.055511 1.300000 2.340053 -4.149034 -0.436039 -57.896438 
rand_1930 3.469212 0.830000 0.246691 -1.643836 -0.036137 -52.516290 
rand_1931 8.368845 0.990000 4.127331 -4.808517 -0.655939 -41.272980 
rand_1932 3.963228 1.120000 1.286338 -3.975123 -0.397249 -18.639152 
rand_1933 7.978385 1.230930 1.820985 -4.285422 -0.490045 -35.311893 
rand_1934 1.631810 0.450000 30.578729 -2.927999 -0.172001 -24.853219 
rand_1935 2.659011 0.687755 4.359732 -2.494277 -0.111620 -38.720948 
rand_1936 2.197643 0.820000 1.222084 -1.112840 -0.012717 -17.813108 
rand_1937 2.790901 1.160000 1.663203 -6.104552 -1.270912 -24.877138 
rand_1938 1.653131 0.847667 0.432145 -1.095930 -0.011878 -30.228671 
rand_1939 2.691505 0.540000 0.145485 -2.319329 -0.091995 -12.525868 
rand_1940 1.203502 0.740000 0.256071 -2.706695 -0.140988 -41.260692 
rand_1941 6.444377 1.253349 0.218508 -2.853079 -0.158351 -48.021238 
rand_1942 1.927377 0.672161 2.643078 -1.893266 -0.052578 -34.612967 
rand_1943 3.015364 0.439855 0.940843 -2.043859 -0.066449 -18.952641 
rand_1944 2.424388 1.034511 0.164307 -1.751062 -0.042226 -24.759483 
rand_1945 6.981558 0.812780 17.448289 -2.212437 -0.081815 -25.163180 
rand_1946 5.105971 0.890000 1.219116 -1.678495 -0.037943 -33.436514 
rand_1947 2.525238 1.070000 4.820938 -0.763010 -0.004485 -35.357465 
rand_1948 1.853241 1.200000 2.900471 -2.823677 -0.154081 -24.384652 
rand_1949 4.021653 0.880000 2.276882 -2.546021 -0.117070 -46.555005 
rand_1950 1.850319 0.700000 8.759749 -4.006418 -0.401403 -13.645125 
rand_1951 2.417929 1.297329 0.258790 -3.384648 -0.258846 -11.004022 
rand_1952 1.981118 1.032844 1.025247 -3.043736 -0.190973 -11.548298 
rand_1953 2.517459 0.540000 0.828083 -3.809744 -0.353185 -49.551498 
rand_1954 1.439259 1.070000 4.883038 -0.975435 -0.008838 -52.751145 
rand_1955 2.944999 1.020000 3.208274 -7.434243 -2.131586 -29.077931 
rand_1956 2.165576 1.007577 12.308899 -3.784602 -0.339258 -48.087536 
rand_1957 1.694252 0.850000 7.226459 -7.694489 -2.359840 -37.436919 
rand_1958 1.045354 1.060000 3.947618 -2.574457 -0.122127 -40.369052 
rand_1959 0.810601 0.875447 3.475308 -0.883396 -0.006712 -45.351563 
rand_1960 2.090285 0.780000 9.751342 -2.719723 -0.143595 -50.823361 
rand_1961 1.181151 1.312278 2.177796 -0.973410 -0.008893 -13.320102 
rand_1962 5.922611 1.275304 2.413905 -1.165612 -0.014106 -17.546986 
rand_1963 2.449156 0.800000 4.126641 -5.105288 -0.785204 -59.184443 
rand_1964 4.178917 0.840000 4.358694 -2.321418 -0.091474 -31.949105 
rand_1965 1.970968 1.170000 0.410071 -4.007292 -0.401501 -40.328489 
rand_1966 3.673932 1.010000 13.070940 -5.345390 -0.874952 -12.597035 
rand_1967 5.608204 1.200000 3.209732 -2.124656 -0.072634 -26.496739 
rand_1968 1.920039 0.488538 3.098256 -2.098255 -0.070341 -13.436651 
rand_1969 4.889955 1.210000 0.855088 -7.812578 -2.453379 -16.473946 
rand_1970 4.464728 1.020000 1.380774 -2.747284 -0.144604 -20.538222 
rand_1971 3.984160 1.323188 4.150051 -0.787383 -0.004987 -44.403088 
rand_1972 1.156600 1.124419 1.844211 -1.323265 -0.020346 -28.352067 
rand_1973 3.300618 1.374311 4.929661 -1.945747 -0.056918 -26.343034 
rand_1974 4.507430 0.610000 8.408468 -2.775512 -0.147136 -30.417267 
rand_1975 3.700097 0.930000 1.585392 -1.127038 -0.013049 -49.939373 
rand_1976 2.384845 1.040000 5.068946 -1.561993 -0.031358 -15.283891 
rand_1977 4.272938 0.880000 6.182627 -1.641077 -0.037162 -37.778972 
rand_1978 1.721047 1.210000 1.700569 -4.588279 -0.576456 -52.462418 
rand_1979 5.161758 1.210605 8.282980 -1.033140 -0.010080 -35.185502 
rand_1980 6.465084 0.836544 3.002921 -3.048614 -0.192176 -10.635011 
rand_1981 2.491912 1.180000 3.262650 -5.584495 -0.980102 -27.912037 
rand_1982 3.356401 0.449948 6.383985 -2.959579 -0.177843 -18.599458 
rand_1983 2.159895 1.140000 0.171582 -3.660407 -0.321110 -54.712713 
rand_1984 3.105051 1.207465 2.173509 -0.185100 -0.000099 -18.592134 
rand_1985 2.543756 1.070000 1.974464 -3.886005 -0.367294 -50.788445 
rand_1986 2.581082 1.290000 0.316454 -8.729391 -3.297033 -50.985661 
rand_1987 2.387297 0.936135 0.743748 -1.463622 -0.026549 -13.714235 
rand_1988 1.671455 1.170000 14.772688 -2.889302 -0.163391 -58.704975 
rand_1989 2.356038 1.070403 0.129526 -2.233796 -0.083408 -41.488438 
rand_1990 1.752226 0.848988 1.452503 -2.102431 -0.070671 -47.192190 
rand_1991 4.269599 0.944064 1.323061 -2.106771 -0.071732 -12.172279 
rand_1992 2.111757 0.680000 0.825023 -2.660935 -0.131651 -49.080535 
rand_1993 2.334459 1.140000 1.195480 -6.131572 -1.253547 -42.958930 
rand_1994 4.387074 0.880000 24.190470 -6.217241 -1.314533 -18.768216 
rand_1995 2.099716 0.930000 1.414556 -5.815007 -1.094611 -54.819289 
rand_1996 3.710113 1.080000 0.449344 -5.292322 -0.843737 -56.478881 
rand_1997 2.050834 1.161246 1.187287 -2.616130 -0.128201 -40.571844 
rand_1998 2.660261 0.689988 2.752112 -3.225076 -0.223478 -33.742397 
rand_1999 2.120645 0.730000 2.346606 -3.458957 -0.271632 -52.150207 
rand_2000 4.451870 0.730000 4.815538 -1.040038 -0.010623 -49.487144 
rand_2001 1.589919 1.210000 3.475474 -5.782375 -1.063517 -18.111238 
rand_2002 2.519448 1.040000 5.396694 -9.537546 -4.206235 -49.410659 
rand_2003 3.480961 0.690000 2.059040 -3.687431 -0.324314 -49.713616 
rand_2004 7.172446 0.136697 23.737781 -2.080157 -0.068971 -20.919565 
rand_2005 1.957491 1.050000 2.719469 -2.762306 -0.149246 -33.532743 
rand_2006 2.954679 0.690000 1.329658 -4.494359 -0.539703 -18.128363 
rand_2007 5.671637 0.840000 0.263863 -5.134947 -0.795363 -12.118921 
rand_2008 4.270418 1.390538 6.949772 -0.424092 -0.000918 -37.919829 
rand_2009 1.575845 1.100000 0.278896 -3.578522 -0.294093 -17.098731 
rand_2010 2.877041 1.166503 2.460819 -0.724967 -0.003991 -41.701204 
rand_2011 2.181944 0.898411 3.237361 -2.717305 -0.140267 -43.099699 
rand_2012 0.884813 0.880000 1.538410 -4.571291 -0.583210 -11.120849 
rand_2013 2.011093 0.810000 0.999731 -1.443216 -0.025906 -29.670348 
rand_2014 2.257857 0.970000 5.689438 -4.400727 -0.513192 -56.183202 
rand_2015 2.637699 0.900000 3.537690 -2.725803 -0.142453 -36.248339 
rand_2016 1.732900 1.294539 0.282794 -1.467158 -0.026741 -42.206839 
rand_2017 1.856054 1.103113 11.576432 -3.031962 -0.190020 -29.331501 
rand_2018 2.724690 1.302161 3.102361 -1.106848 -0.012316 -48.405049 
rand_2019 2.702875 0.961464 1.648415 -2.198357 -0.078988 -33.404151 
rand_2020 1.562382 1.340000 0.533916 -2.451687 -0.107033 -25.949793 
rand_2021 3.098364 0.900000 10.767096 -3.021415 -0.188186 -59.727076 
rand_2022 1.993623 1.058706 2.781173 -0.629023 -0.002625 -35.521401 
rand_2023 2.123035 1.180000 9.564613 -3.040963 -0.188021 -47.400416 
rand_2024 3.714367 1.150000 16.194295 -4.947163 -0.719772 -42.873165 
rand_2025 3.242424 1.052617 1.052728 -4.382025 -0.509740 -31.860231 
rand_2026 5.030588 0.445310 20.701339 -1.573839 -0.032041 -49.580978 
rand_2027 1.908632 1.170000 11.369662 -5.771000 -1.065205 -15.004033 
rand_2028 5.325018 0.729583 1.074658 -3.644232 -0.308293 -48.262013 
rand_2029 1.787119 1.070000 5.816930 -2.717489 -0.141136 -15.866308 
rand_2030 2.009693 1.110000 4.762026 -3.578043 -0.298863 -58.563552 
rand_2031 2.411636 1.060000 1.397178 -1.964003 -0.059501 -16.974698 
rand_2032 1.910770 0.870000 2.903498 -0.956376 -0.008591 -17.666424 
rand_2033 2.329806 0.920000 0.466488 -5.287753 -0.855328 -47.503999 
rand_2034 3.052626 0.684880 1.028145 -3.139002 -0.209822 -11.874845 
rand_2035 1.741899 0.960000 0.620390 -3.431939 -0.261723 -37.756292 
rand_2036 3.006347 1.120000 1.053120 -10.329474 -5.165196 -45.961419 
rand_2037 1.556302 0.680000 2.869898 -5.579927 -0.986506 -46.072334 
rand_2038 2.400773 1.030000 1.938375 -3.743547 -0.336695 -36.095618 
rand_2039 0.969959 0.800000 18.133592 -2.406996 -0.100182 -21.232917 
rand_2040 6.550767 0.970000 6.118391 -2.451806 -0.106843 -40.775953 
rand_2041 4.105348 1.047371 3.673185 -1.824837 -0.048785 -20.989277 
rand_2042 4.968112 0.610000 2.329268 -1.197651 -0.015491 -11.292679 
rand_2043 2.512128 1.040000 11.945035 -3.196991 -0.220977 -17.347353 
rand_2044 3.791123 1.029936 18.210748 -1.073223 -0.011398 -10.398136 
rand_2045 4.893023 0.510000 1.557416 -1.818228 -0.048202 -15.696619 
rand_2046 3.041481 1.115651 1.504107 -3.074451 -0.194734 -20.971547 
rand_2047 2.596695 0.780000 2.039267 -4.314921 -0.490931 -14.131666 
rand_2048 4.187972 0.560000 2.057362 -4.443673 -0.524819 -36.228148 
rand_2049 2.572934 1.024557 2.765613 -1.596302 -0.033242 -48.620010 
rand_2050 2.010582 0.210000 0.549772 -1.143410 -0.013607 -12.526617 
rand_2051 2.119187 0.761882 1.890723 -2.926342 -0.170775 -39.045470 
rand_2052 1.085529 1.080000 0.349760 -2.778233 -0.146923 -29.704675 
rand_2053 1.045193 1.120000 18.923231 -0.888603 -0.006806 -46.818100 
rand_2054 2.476878 1.160000 10.213488 -5.483735 -0.950903 -36.706215 
rand_2055 1.816296 0.880000 2.270286 -6.928639 -1.787191 -37.192565 
rand_2056 3.910285 0.779504 1.878063 -1.899957 -0.053879 -32.733412 
rand_2057 3.352921 1.056764 3.069710 -2.839688 -0.158120 -43.397583 
rand_2058 2.461392 1.171706 1.167642 -1.353995 -0.021266 -18.267803 
rand_2059 4.564673 1.110000 1.012738 -1.781832 -0.044365 -41.578547 
rand_2060 1.201393 0.730000 4.936639 -4.855204 -0.671573 -44.934600 
rand_2061 5.510780 1.060000 2.092812 -4.346630 -0.497962 -56.999095 
rand_2062 2.070180 1.150000 0.825611 -2.570315 -0.120453 -41.929833 
rand_2063 3.209849 0.670000 2.833012 -4.461598 -0.543174 -20.343110 
rand_2064 1.708829 1.036784 2.842282 -1.418916 -0.024810 -30.597485 
rand_2065 2.411261 1.140000 3.256366 -3.489786 -0.277473 -54.033323 
rand_2066 3.535979 1.308734 0.309246 -1.531601 -0.029983 -43.448081 
rand_2067 3.690188 1.090000 4.132743 -3.694188 -0.323727 -55.957150 
rand_2068 8.342933 0.250000 7.471196 -0.562212 -0.002005 -26.688105 
rand_2069 4.571076 0.590000 1.654045 -2.985786 -0.183214 -15.003572 
rand_2070 3.245862 1.059620 3.959064 -1.409849 -0.023701 -10.885196 
rand_2071 5.565727 1.118839 3.539214 -2.439799 -0.105147 -20.227132 
rand_2072 2.676512 0.910000 2.204855 -2.876288 -0.163492 -31.723246 
rand_2073 3.186342 0.710000 0.768102 -2.445376 -0.105652 -18.279668 
rand_2074 5.199040 1.030000 2.916555 -5.679108 -1.021553 -17.218352 
rand_2075 2.129140 0.600000 0.708549 -2.463333 -0.107423 -28.955353 
rand_2076 3.055229 0.950000 4.360850 -3.213370 -0.224292 -57.714444 
rand_2077 3.076787 0.721330 4.090728 -3.321416 -0.239663 -20.356588 
rand_2078 3.196845 0.880000 0.876821 -3.969148 -0.393566 -41.925329 
rand_2079 2.088543 0.759902 4.248234 -1.562641 -0.031898 -14.116878 
rand_2080 2.043801 0.720000 0.660792 -2.723043 -0.139673 -15.458218 
rand_2081 3.585519 1.312655 0.978802 -2.139278 -0.074008 -48.270619 
rand_2082 3.042655 0.840000 1.225201 -3.337643 -0.246949 -33.392309 
rand_2083 6.121709 1.261444 4.611025 -0.799645 -0.005187 -13.126060 
rand_2084 4.590435 1.080000 2.520146 -3.669022 -0.318637 -50.354348 
rand_2085 2.147392 1.160000 3.034420 -0.459350 -0.001167 -45.140277 
rand_2086 1.168201 1.100000 0.834830 -1.611705 -0.034315 -41.301338 
rand_2087 1.738252 0.905763 2.272824 -2.080924 -0.068677 -28.695475 
rand_2088 2.676523 0.920000 2.585238 -7.832470 -2.492441 -47.384388 
rand_2089 3.357120 0.780000 7.502079 -1.594928 -0.033790 -35.080674 
rand_2090 3.994700 0.970000 1.162034 -6.113081 -1.276988 -32.530350 
rand_2091 2.168908 1.000000 4.889299 -0.964264 -0.008553 -30.565827 
rand_2092 4.022103 0.860000 12.739472 -2.908390 -0.167386 -43.267042 
rand_2093 4.599942 1.060000 4.104662 -6.749347 -1.619477 -52.858154 
rand_2094 2.137822 0.820000 1.103338 -5.868113 -1.137976 -18.335832 
rand_2095 2.988444 0.381010 3.102268 -4.036567 -0.413419 -39.737986 
rand_2096 1.645422 1.062219 3.285859 -0.365592 -0.000628 -26.909985 
rand_2097 2.879568 0.837453 2.383331 -2.401236 -0.099803 -13.517672 
rand_2098 3.328014 1.000000 4.797595 -0.446744 -0.001067 -25.234954 
rand_2099 1.626351 1.032318 2.497560 -0.887566 -0.006918 -34.908628 
rand_2100 0.862315 0.780000 0.492911 -7.006968 -1.860631 -56.289902 
rand_2101 5.149693 0.837716 3.519240 -1.915077 -0.054381 -48.191654 
rand_2102 3.979290 0.533846 7.834416 -1.504602 -0.028199 -10.618511 
rand_2103 1.334905 1.305705 2.812304 -1.352343 -0.021395 -30.005254 
rand_2104 2.073937 1.105367 2.348468 -2.352789 -0.096459 -43.539795 
rand_2105 3.144389 1.080000 1.120238 -4.616510 -0.586611 -59.527804 
rand_2106 1.488353 0.191680 2.246702 -2.375590 -0.098671 -45.287378 
rand_2107 3.014451 0.808021 18.333899 -2.255695 -0.085037 -20.321017 
rand_2108 5.988130 1.270000 6.843147 -3.817776 -0.348154 -54.646768 
rand_2109 1.898177 1.157185 4.441912 -3.454283 -0.270800 -31.525332 
rand_2110 8.662230 0.840000 11.902222 -2.441086 -0.105337 -59.761106 
rand_2111 2.671195 1.080000 1.182063 -7.870668 -2.501829 -41.267192 
rand_2112 1.317711 1.056719 0.182934 -2.392374 -0.100636 -33.365296 
rand_2113 0.981586 1.010000 1.976263 -8.442241 -3.048531 -47.484408 
rand_2114 1.467724 0.474683 5.195097 -2.365302 -0.096520 -34.994340 
rand_2115 1.536628 1.310000 5.013980 -4.161344 -0.457324 -21.365345 
rand_2116 3.718196 0.770000 1.382987 -3.983254 -0.400137 -43.066269 
rand_2117 1.045192 0.900000 5.080295 -3.641093 -0.305048 -32.551360 
rand_2118 2.496909 0.850000 7.011602 -2.815246 -0.154031 -26.715524 
rand_2119 1.126101 0.773867 1.666128 -1.303094 -0.019413 -48.239019 
rand_2120 2.486727 1.100000 1.052503 -4.537603 -0.558750 -43.669314 
rand_2121 4.024112 1.200000 1.162199 -3.684071 -0.317294 -21.067788 
rand_2122 1.171722 1.000000 2.433311 -3.519965 -0.283890 -43.394879 
rand_2123 2.378946 1.100000 11.671667 -2.905194 -0.171269 -12.943672 
rand_2124 2.886925 1.080960 2.325464 -0.884157 -0.006942 -25.586185 
rand_2125 2.807891 1.228667 5.315766 -2.976139 -0.180480 -33.181016 
rand_2126 2.370996 1.258879 9.427015 -5.678752 -1.051045 -13.131637 
rand_2127 3.639723 0.893564 10.514976 -2.604358 -0.122732 -29.581974 
rand_2128 2.049607 1.000000 1.145233 -2.213868 -0.081787 -10.526750 
rand_2129 3.039037 0.970000 2.302671 -1.250109 -0.017135 -39.726015 
rand_2130 1.851911 1.030000 5.497287 -5.912528 -1.159016 -55.529718 
rand_2131 3.641885 1.133830 4.835295 -2.492286 -0.110829 -40.367204 
rand_2132 3.479382 0.534717 0.890720 -1.940999 -0.057605 -14.163216 
rand_2133 1.458017 1.170000 4.226187 -2.981266 -0.179369 -33.872828 
rand_2134 6.411933 1.130000 6.302901 -5.185092 -0.801117 -37.334874 
rand_2135 3.722372 1.170000 0.517002 -1.922051 -0.055164 -40.767936 
rand_2136 3.639376 1.150000 3.679030 -7.675803 -2.327519 -11.966046 
rand_2137 3.181205 1.034840 1.695611 -1.376407 -0.022494 -13.852327 
rand_2138 2.766403 0.641296 13.758226 -1.153710 -0.014007 -35.364893 
rand_2139 2.799515 1.100000 1.920309 -3.586108 -0.296596 -56.306793 
rand_2140 3.089789 0.243911 0.983955 -4.066685 -0.418424 -29.770046 
rand_2141 2.249801 1.160000 2.923225 -1.569698 -0.031733 -48.020928 
rand_2142 1.470158 0.880579 13.365881 -2.331902 -0.093059 -10.589769 
rand_2143 1.447907 0.990000 26.935570 -4.884512 -0.676726 -40.201774 
rand_2144 4.413540 0.860000 18.834413 -0.864934 -0.006366 -51.961401 
rand_2145 1.777739 0.677469 0.508496 -1.287213 -0.018785 -46.973681 
rand_2146 2.955357 1.251697 1.210186 -1.302992 -0.019200 -27.263855 
rand_2147 1.071786 0.550000 4.134606 -5.379377 -0.895255 -40.339131 
rand_2148 1.300785 0.820000 2.038807 -1.986961 -0.060446 -59.507996 
rand_2149 2.308841 1.143481 1.271087 -2.865986 -0.160262 -36.322591 
rand_2150 1.819095 0.880000 2.615443 -5.204451 -0.807810 -12.484886 
rand_2151 2.403684 0.131438 0.271606 -3.154668 -0.213870 -35.388445 
rand_2152 3.673866 0.628664 1.466853 -0.489003 -0.001346 -48.628680 
rand_2153 2.440592 1.060000 1.309448 -5.749580 -1.056077 -30.953064 
rand_2154 2.659795 1.129917 7.327094 -2.149948 -0.074750 -38.588186 
rand_2155 1.654872 0.760000 2.090716 -6.276461 -1.356161 -34.902937 
rand_2156 2.440040 0.260000 3.555026 -3.294456 -0.239680 -47.181429 
rand_2157 3.041549 0.333929 5.081064 -1.448873 -0.025747 -47.823805 
rand_2158 1.468946 1.060000 0.651457 -2.504409 -0.112223 -15.993271 
rand_2159 4.731696 0.770000 0.721290 -4.276200 -0.476743 -13.356192 
rand_2160 2.419103 0.760000 1.678013 -9.116904 -3.759873 -11.668560 
rand_2161 3.116352 0.840000 4.103570 -3.954219 -0.390613 -50.650592 
rand_2162 4.376298 1.240000 2.003069 -1.773209 -0.044494 -31.511076 
rand_2163 2.616848 1.163813 3.585146 -2.251858 -0.085494 -34.882420 
rand_2164 1.985312 1.080000 2.679915 -3.782803 -0.341068 -40.536728 
rand_2165 2.114356 0.381975 3.473942 -1.735256 -0.041376 -39.892779 
rand_2166 1.458678 1.010000 1.769781 -1.786283 -0.045376 -51.790436 
rand_2167 1.864095 1.050000 3.110421 -1.718602 -0.041318 -13.141891 
rand_2168 3.508146 0.730000 1.078348 -2.464310 -0.109713 -29.825983 
rand_2169 3.416692 0.792769 1.467282 -1.458017 -0.026165 -38.293293 
rand_2170 1.842295 1.313523 4.622291 -2.127593 -0.073065 -17.987767 
rand_2171 1.484340 1.237401 2.177459 -0.205368 -0.000130 -41.140209 
rand_2172 5.957909 0.910000 2.768824 -6.267441 -1.329525 -16.988461 
rand_2173 0.761146 1.090000 1.008830 -4.083282 -0.426311 -46.744314 
rand_2174 2.942434 0.910000 4.862699 -3.611758 -0.311599 -43.856005 
rand_2175 3.314150 1.010000 5.911697 -4.985729 -0.726399 -33.715927 
rand_2176 2.227021 0.821436 5.445732 -2.716379 -0.142711 -40.966229 
rand_2177 1.926495 1.247742 1.765693 -2.673749 -0.134183 -36.826120 
rand_2178 2.112591 1.212324 0.449507 -2.277597 -0.087126 -10.866125 
rand_2179 1.636104 0.150000 0.945223 -1.895079 -0.053115 -44.767051 
rand_2180 2.448428 1.260116 5.395710 -3.245497 -0.228874 -47.834044 
rand_2181 2.178582 1.153724 0.545148 -1.074971 -0.011655 -41.158855 
rand_2182 3.148740 1.322462 12.228570 -3.132043 -0.207804 -39.895763 
rand_2183 4.898170 0.960000 2.005824 -2.628314 -0.128699 -12.832555 
rand_2184 1.453663 0.700462 2.553295 -2.143699 -0.073757 -20.023452 
rand_2185 1.859978 1.385292 2.808331 -3.642353 -0.307520 -28.326954 
rand_2186 1.570408 1.007421 4.063918 -1.538666 -0.030950 -32.012846 
rand_2187 4.069733 0.190784 2.172257 -1.695421 -0.039831 -49.140814 
rand_2188 5.008563 0.980000 7.779444 -0.236924 -0.000197 -46.800974 
rand_2189 5.036044 0.967775 4.562927 -2.435632 -0.105826 -39.150158 
rand_2190 2.652199 0.455020 1.656664 -2.035847 -0.064052 -41.308801 
rand_2191 3.320711 1.100000 2.196175 -3.496433 -0.278769 -24.092603 
rand_2192 1.502811 1.080000 5.928682 -1.857463 -0.050544 -11.465202 
rand_2193 8.641947 1.010000 2.190882 -3.168671 -0.214798 -54.947876 
rand_2194 5.696383 1.187292 2.257387 -0.391491 -0.000759 -20.738459 
rand_2195 2.083266 0.568064 3.808065 -2.961014 -0.174615 -45.479943 
rand_2196 2.008872 1.189073 0.459779 -0.807435 -0.005357 -48.745340 
rand_2197 1.136792 1.090510 91.252739 -2.299178 -0.089312 -17.783222 
rand_2198 5.057233 0.810000 3.015372 -7.226527 -1.969053 -22.105286 
rand_2199 3.268806 1.031552 2.052307 -1.599477 -0.033261 -12.022031 
rand_2200 4.557308 0.170000 9.023922 -3.709801 -0.327652 -12.367849 
rand_2201 2.109088 0.990000 8.979023 -3.763588 -0.334749 -42.958334 
rand_2202 3.969310 1.120000 2.405136 -9.928090 -4.679549 -18.326061 
rand_2203 2.789065 0.600000 3.945637 -7.865309 -2.472872 -15.396998 
rand_2204 3.019865 1.168853 9.134165 -3.341032 -0.241136 -38.323658 
rand_2205 1.488719 1.098290 2.363351 -0.786863 -0.005029 -22.829440 
rand_2206 1.422739 1.030000 1.444996 -1.882797 -0.051894 -29.704331 
rand_2207 1.416915 0.298568 16.914184 -2.477320 -0.111037 -48.311166 
rand_2208 2.389538 0.917687 1.608438 -2.124273 -0.072473 -47.622059 
rand_2209 3.296297 0.810000 2.867551 -1.394608 -0.023393 -23.733850 
rand_2210 2.680316 0.709097 3.096742 -4.156066 -0.437815 -33.052523 
rand_2211 2.190815 1.324555 7.197502 -0.863319 -0.006357 -31.139125 
rand_2212 6.087472 0.739236 1.495604 -1.174774 -0.014372 -12.330616 
rand_2213 2.315889 1.070000 0.368681 -7.792407 -2.403058 -53.185486 
rand_2214 0.981359 0.620000 3.541391 -3.165830 -0.215000 -54.678066 
rand_2215 2.127172 1.361362 4.476610 -3.195128 -0.221282 -15.198290 
rand_2216 1.580456 0.780000 7.710841 -8.897319 -3.477162 -47.194249 
rand_2217 8.042704 0.884008 21.263559 -3.024598 -0.188752 -15.895260 
rand_2218 2.806317 0.740000 0.917171 -2.137860 -0.074225 -40.692590 
rand_2219 2.966975 0.910000 1.169373 -7.880089 -2.542305 -23.211944 
rand_2220 5.171749 1.285117 6.990481 -2.459022 -0.107944 -41.598595 
rand_2221 2.667821 0.840000 9.948238 -2.601099 -0.127367 -21.474366 
rand_2222 2.519220 0.433092 3.332394 -0.837634 -0.005859 -27.780189 
rand_2223 3.022399 0.910000 4.052133 -2.190399 -0.080426 -18.448041 
rand_2224 1.367335 1.040000 4.428736 -3.382006 -0.259566 -49.345371 
rand_2225 4.054720 1.000711 1.534965 -2.030765 -0.063742 -44.280750 
rand_2226 2.000702 1.075155 0.557680 -1.348144 -0.021288 -30.176678 
rand_2227 3.027241 0.735296 1.015393 -2.494110 -0.109660 -21.946006 
rand_2228 2.045841 0.533733 2.114835 -2.572142 -0.122567 -24.922334 
rand_2229 4.421674 0.614677 7.233508 -2.805993 -0.151061 -47.540026 
rand_2230 1.661487 0.890000 2.241056 -0.564034 -0.002005 -40.900061 
rand_2231 1.722869 0.599586 1.829162 -4.558703 -0.564630 -32.146186 
rand_2232 2.600282 0.680000 1.019948 -4.263295 -0.480233 -54.339432 
rand_2233 2.469226 0.910000 6.390976 -6.377996 -1.415503 -32.687472 
rand_2234 1.616161 0.960000 12.123215 -7.702822 -2.342551 -26.193766 
rand_2235 5.007265 0.990000 1.209761 -3.081693 -0.197956 -23.516254 
rand_2236 1.136095 0.980000 2.988853 -3.184110 -0.219224 -14.267839 
rand_2237 2.194549 0.422381 2.139767 -1.892189 -0.052776 -47.418349 
rand_2238 1.112379 0.867100 0.146240 -3.279676 -0.234494 -32.841202 
rand_2239 1.304157 0.399603 1.978522 -1.822800 -0.047584 -38.955677 
rand_2240 2.420231 1.330507 0.767093 -0.930630 -0.007727 -37.697306 
rand_2241 2.809905 1.010000 2.199841 -1.912223 -0.054976 -59.667464 
rand_2242 2.290001 0.970000 0.117115 -7.730334 -2.382758 -40.602705 
rand_2243 3.586034 1.111675 2.938003 -0.652319 -0.002968 -40.471575 
rand_2244 2.174183 0.870000 13.258972 -1.423027 -0.024599 -17.521871 
rand_2245 2.695372 1.142903 1.565312 -0.624460 -0.002648 -30.997279 
rand_2246 2.277997 1.080000 2.902669 -3.607512 -0.299494 -33.426094 
rand_2247 2.844853 0.930000 2.735965 -0.875965 -0.006765 -55.509630 
rand_2248 5.900708 1.070000 0.559296 -3.621205 -0.305279 -38.131422 
rand_2249 2.391412 0.820000 3.489367 -2.904282 -0.168462 -10.626753 
rand_2250 5.021962 0.355291 0.210333 -0.636116 -0.002810 -42.570684 
rand_2251 2.999647 1.236907 0.751848 -0.176270 -0.000087 -26.453016 
rand_2252 1.448814 0.950000 3.335997 -2.229487 -0.083090 -32.354135 
rand_2253 2.310425 0.520000 1.199573 -1.944516 -0.056525 -11.034313 
rand_2254 5.550358 1.117230 11.228294 -2.309533 -0.090662 -26.131464 
rand_2255 3.323177 1.273651 11.017116 -4.549678 -0.563114 -40.758713 
rand_2256 3.794714 0.737999 1.927455 -3.055971 -0.193148 -46.336147 
rand_2257 4.478195 1.380000 0.531356 -5.318808 -0.869813 -11.715352 
rand_2258 4.546485 0.970000 0.968079 -5.175713 -0.808447 -17.675571 
rand_2259 2.062199 0.640000 3.513267 -5.665225 -1.020461 -16.109008 
rand_2260 3.040027 1.060000 3.154637 -2.849635 -0.162279 -39.717450 
rand_2261 2.592106 1.083948 8.772195 -2.442530 -0.105456 -28.216957 
rand_2262 5.555925 0.970000 0.322228 -1.216282 -0.016162 -32.344383 
rand_2263 1.235757 0.960000 1.839987 -2.693349 -0.137180 -13.885322 
rand_2264 2.165017 1.200000 5.651860 -2.497189 -0.110231 -31.347179 
rand_2265 2.100510 0.770000 5.901074 -4.661633 -0.603890 -50.003990 
rand_2266 4.324086 0.970262 1.487700 -0.519216 -0.001613 -13.187543 
rand_2267 4.602104 0.220529 1.806496 -1.451527 -0.026171 -18.455393 
rand_2268 4.018490 1.080000 8.423473 -5.226827 -0.827944 -32.569209 
rand_2269 4.917928 1.050000 2.954387 -4.565412 -0.565633 -52.097480 
rand_2270 5.509469 0.980000 4.285459 -7.510762 -2.146802 -53.655062 
rand_2271 3.027391 1.250000 0.661245 -5.985976 -1.190615 -39.331747 
rand_2272 1.768880 0.980000 4.022989 -5.499979 -0.943682 -49.033203 
rand_2273 4.427216 1.210000 0.405906 -1.227159 -0.016282 -29.189994 
rand_2274 1.668256 1.225401 11.502966 -1.327530 -0.020255 -36.290657 
rand_2275 2.854832 0.670000 0.640251 -3.510954 -0.278420 -25.830378 
rand_2276 1.561398 0.475098 1.722460 -0.871925 -0.006525 -18.033775 
rand_2277 9.308417 0.911362 3.513226 -3.903722 -0.373156 -13.523603 
rand_2278 2.772094 1.250427 0.739107 -2.752664 -0.145174 -37.246306 
rand_2279 1.999593 0.950000 2.488649 -3.157911 -0.208699 -42.438692 
rand_2280 4.426653 1.070000 10.507704 -2.549127 -0.116403 -36.901302 
rand_2281 1.543562 1.000000 0.387537 -2.741980 -0.144369 -21.573455 
rand_2282 0.768895 1.065999 0.593138 -0.941814 -0.008063 -47.233075 
rand_2283 4.877534 0.566714 11.235104 -2.747211 -0.144391 -44.897007 
rand_2284 2.880902 1.240072 16.525081 -4.205241 -0.456390 -28.256323 
rand_2285 3.201447 1.160000 0.349275 -5.211011 -0.819087 -21.623917 
rand_2286 6.122696 1.160000 2.812418 -7.918590 -2.515225 -34.035818 
rand_2287 2.754044 1.246285 1.678440 -0.971101 -0.008765 -10.018416 
rand_2288 3.805986 0.941426 1.738104 -2.668900 -0.133406 -25.999189 
rand_2289 1.543643 0.855050 4.161760 -2.668326 -0.131915 -19.658573 
rand_2290 3.979345 0.668622 0.490624 -2.042806 -0.065288 -21.667036 
rand_2291 2.426969 0.607381 1.446949 -0.304079 -0.000376 -19.708468 
rand_2292 1.722415 1.070000 3.538514 -3.681918 -0.325950 -57.065169 
rand_2293 2.308430 1.171376 0.491476 -1.819296 -0.047575 -45.803978 
rand_2294 2.735694 0.750000 4.901881 -3.609413 -0.303743 -35.198307 
rand_2295 3.208383 0.676800 1.844185 -1.402297 -0.023571 -19.772927 
rand_2296 1.942323 1.070000 12.515791 -1.076732 -0.011525 -37.475905 
rand_2297 4.120953 0.181999 1.921935 -1.781066 -0.044897 -30.768110 
rand_2298 1.143416 0.690000 5.682308 -5.574586 -0.983715 -16.340417 
rand_2299 2.319212 0.800000 0.425440 -7.061944 -1.862164 -38.933029 
rand_2300 3.013720 0.780000 20.795967 -7.117789 -1.895109 -48.644111 
rand_2301 0.672083 0.980000 5.086739 -5.290553 -0.858093 -48.998833 
rand_2302 1.096927 1.010000 3.491240 -2.849368 -0.161672 -42.714368 
rand_2303 3.923875 0.177181 2.379452 -3.106848 -0.202095 -27.358095 
rand_2304 2.387236 1.089239 0.842883 -2.963081 -0.180201 -29.573430 
rand_2305 3.427985 0.423702 1.351663 -0.795890 -0.005029 -19.815884 
rand_2306 2.784356 1.190853 1.071821 -2.905850 -0.171881 -37.129350 
rand_2307 2.419587 0.903091 1.721350 -3.665505 -0.312822 -30.016899 
rand_2308 3.923742 0.970000 1.424509 -6.488465 -1.487106 -28.096496 
rand_2309 1.822781 1.080000 4.321500 -6.596893 -1.553733 -56.340203 
rand_2310 2.699550 0.817176 12.331898 -2.249841 -0.084140 -35.023341 
rand_2311 1.845979 0.581479 0.701975 -3.352240 -0.246889 -27.475713 
rand_2312 1.845991 0.940000 0.666277 -3.729040 -0.327658 -39.991013 
rand_2313 1.316822 0.308179 8.596536 -2.708433 -0.139599 -13.422182 
rand_2314 2.280945 1.316543 0.637407 -2.522072 -0.114796 -34.761896 
rand_2315 2.197816 1.238762 9.893980 -0.842115 -0.005885 -40.940688 
rand_2316 2.275402 0.792288 0.880558 -2.341353 -0.093022 -39.929880 
rand_2317 2.674200 0.190000 3.105586 -11.559378 -6.884535 -38.547368 
rand_2318 2.952039 0.793327 0.320179 -2.166336 -0.075968 -20.313522 
rand_2319 3.414567 0.766764 3.541874 -1.839089 -0.048573 -30.929424 
rand_2320 4.021448 0.880000 1.653897 -4.018546 -0.403687 -53.800373 
rand_2321 4.006164 0.908609 5.490549 -2.075929 -0.068835 -31.879568 
rand_2322 2.340130 0.655708 1.494749 -5.141066 -0.790986 -11.393581 
rand_2323 2.632021 1.104844 2.706928 -1.676757 -0.038214 -27.387530 
rand_2324 5.508818 0.978143 4.508038 -0.963301 -0.008662 -46.120953 
rand_2325 2.016553 1.260000 0.935287 -3.592018 -0.298952 -33.896684 
rand_2326 3.748931 0.950000 0.598351 -4.369319 -0.514011 -23.505320 
rand_2327 1.771794 1.086872 19.030221 -2.165858 -0.076711 -15.554497 
rand_2328 3.282481 0.152366 2.454984 -3.485643 -0.280690 -11.730212 
rand_2329 4.019807 1.053837 4.684287 -2.383804 -0.100368 -31.592891 
rand_2330 4.295758 1.364856 0.530465 -1.496027 -0.028271 -49.360081 
rand_2331 1.603696 0.400000 1.146833 -6.140916 -1.281534 -43.982310 
rand_2332 2.477036 1.395751 6.006904 -2.244284 -0.083796 -14.494412 
rand_2333 4.226942 0.670000 0.605147 -1.585118 -0.032858 -14.886359 
rand_2334 2.995738 0.610000 0.711388 -2.849359 -0.159718 -13.595996 
rand_2335 1.971665 0.880000 2.234109 -2.950917 -0.173063 -53.770274 
rand_2336 1.838552 0.717645 2.465509 -0.980493 -0.009092 -16.828818 
rand_2337 2.307043 1.150000 16.217985 -5.134328 -0.791953 -55.354207 
rand_2338 4.406756 1.030000 2.820356 -6.461398 -1.460010 -42.409516 
rand_2339 2.123417 1.110000 63.747232 -3.457757 -0.277089 -16.607061 
rand_2340 2.202658 0.621050 1.195304 -2.031422 -0.064586 -29.034353 
rand_2341 2.312494 0.820000 1.225779 -2.854419 -0.161064 -17.427961 
rand_2342 2.868382 0.861528 9.328068 -2.516258 -0.116040 -45.717015 
rand_2343 2.468263 0.950000 0.530752 -3.628661 -0.307563 -56.290201 
rand_2344 3.034181 0.730000 3.095502 -3.821264 -0.351072 -31.052401 
rand_2345 3.881253 1.170000 2.424755 -1.668142 -0.037175 -26.517203 
rand_2346 2.973453 1.080000 0.372011 -5.042694 -0.733432 -25.880719 
rand_2347 2.293585 0.830000 8.011568 -3.928357 -0.386645 -33.927722 
rand_2348 1.428261 1.316748 1.959810 -1.701415 -0.039757 -14.823528 
rand_2349 2.749566 1.218433 0.753390 -0.872108 -0.006580 -38.732373 
rand_2350 0.882226 0.980000 2.630644 -4.398282 -0.514033 -33.030833 
rand_2351 1.777439 0.940000 0.869262 -4.014620 -0.405570 -14.457709 
rand_2352 2.103026 0.441119 1.558608 -2.223744 -0.081072 -24.462898 
rand_2353 4.332091 1.100000 2.988159 -5.879064 -1.126957 -15.665299 
rand_2354 4.344613 1.000000 1.893212 -3.650035 -0.307008 -24.762440 
rand_2355 4.868484 0.730000 1.795204 -5.630265 -1.012728 -58.635330 
rand_2356 2.520037 0.880000 3.314901 -2.052214 -0.064848 -58.784258 
rand_2357 2.825654 0.938357 3.984495 -2.878272 -0.163239 -20.488935 
rand_2358 2.031399 0.290000 1.657130 -2.838350 -0.158603 -23.080297 
rand_2359 2.182537 0.990000 0.818097 -2.864816 -0.161962 -21.298349 
rand_2360 3.515686 0.940000 2.078031 -4.190117 -0.450423 -28.632198 
rand_2361 2.885707 1.015776 0.882504 -1.507720 -0.028703 -34.475549 
rand_2362 1.999567 1.248015 17.795174 -1.470206 -0.026303 -19.105188 
rand_2363 1.253366 1.030000 1.031764 -7.190616 -1.955817 -22.084157 
rand_2364 2.451475 1.030000 2.850256 -4.645308 -0.598392 -22.420001 
rand_2365 2.095500 1.040000 3.571614 -1.561197 -0.031313 -22.177117 
rand_2366 2.065357 0.699694 17.389193 -2.372900 -0.096876 -47.399318 
rand_2367 3.698135 1.110000 8.645191 -9.278325 -3.890064 -12.222939 
rand_2368 5.992963 0.800086 1.537444 -3.204401 -0.216611 -38.131143 
rand_2369 7.999254 1.200000 5.701614 -3.945383 -0.383241 -13.679438 
rand_2370 2.008206 0.850000 1.651074 -4.306653 -0.485772 -43.285815 
rand_2371 1.458048 0.900000 1.471477 -1.847824 -0.050191 -25.032273 
rand_2372 1.560303 0.809068 3.886663 -2.410666 -0.102676 -14.795893 
rand_2373 1.952992 1.190000 0.336901 -4.146776 -0.432126 -50.087073 
rand_2374 2.513034 1.180000 1.007716 -4.080102 -0.422022 -46.247363 
rand_2375 6.591563 1.190000 0.115050 -6.785159 -1.682993 -37.764957 
rand_2376 3.614677 0.930000 0.755264 -4.694891 -0.623350 -34.984040 
rand_2377 2.176417 0.985001 2.267492 -1.286367 -0.018674 -25.245562 
rand_2378 2.125484 1.090000 3.717563 -5.258989 -0.844816 -50.091179 
rand_2379 1.486488 0.849678 1.561611 -2.034646 -0.064738 -13.988785 
rand_2380 4.715477 0.456555 8.049022 -2.826759 -0.156016 -32.485407 
rand_2381 2.698050 0.920000 1.007876 -5.155606 -0.789660 -19.835634 
rand_2382 5.237635 0.980000 0.653688 -1.341528 -0.020973 -22.673924 
rand_2383 3.869992 0.609945 1.874636 -1.899257 -0.052887 -10.428289 
rand_2384 5.510459 1.053985 4.959000 -1.388243 -0.023064 -14.054063 
rand_2385 2.785890 0.860000 1.873265 -3.640039 -0.307918 -45.537645 
rand_2386 1.040962 0.881361 1.316214 -3.277845 -0.233691 -14.865616 
rand_2387 2.157494 0.670000 0.721795 -1.022548 -0.009916 -18.378317 
rand_2388 4.001018 0.890000 0.932601 -4.245358 -0.470961 -51.257893 
rand_2389 3.649539 1.030000 3.380713 -4.064723 -0.421697 -16.402573 
rand_2390 2.979886 0.680000 1.242770 -9.890650 -4.562149 -35.594870 
rand_2391 1.367043 0.604745 0.616286 -0.490505 -0.001369 -28.801621 
rand_2392 1.014872 0.460000 1.152834 -3.085999 -0.200200 -31.059465 
rand_2393 2.792311 0.376326 5.954579 -4.358133 -0.503749 -18.320598 
rand_2394 4.979343 0.970000 3.020898 -5.001434 -0.719648 -40.936315 
rand_2395 4.732749 1.090000 1.662041 -4.848058 -0.674004 -16.331165 
rand_2396 1.551617 0.650000 0.533823 -4.054713 -0.420840 -39.022108 
rand_2397 1.600186 0.747031 0.663938 -0.218700 -0.000156 -31.598339 
rand_2398 2.142109 0.985033 1.102457 -2.929174 -0.167753 -10.676678 
rand_2399 9.039025 0.845139 0.154691 -0.518636 -0.001607 -26.850567 
rand_2400 3.488619 1.175163 2.922033 -0.517321 -0.001590 -34.886019 
rand_2401 2.925414 0.989877 6.930252 -2.498614 -0.110309 -27.149199 
rand_2402 3.160091 0.755363 2.140049 -1.723670 -0.040984 -31.282341 
rand_2403 0.680444 0.820000 1.517744 -6.662222 -1.607833 -32.178515 
rand_2404 1.646941 0.912240 1.011083 -0.602927 -0.002419 -29.173124 
rand_2405 2.304698 0.930000 1.229089 -0.636699 -0.002774 -34.952042 
rand_2406 2.638119 1.190000 1.033334 -2.561603 -0.120026 -36.630917 
rand_2407 4.855170 1.120000 0.975216 -4.884468 -0.686367 -10.574267 
rand_2408 2.114330 0.646216 7.204363 -0.290210 -0.000334 -42.838264 
rand_2409 1.670886 0.890000 12.649791 -3.879642 -0.365266 -55.379932 
rand_2410 1.945545 0.790000 0.628019 -1.943863 -0.057084 -31.187460 
rand_2411 3.865713 1.010000 1.436748 -3.401703 -0.257423 -53.533031 
rand_2412 4.929016 0.456542 1.238811 -2.523583 -0.114973 -44.419187 
rand_2413 2.470094 1.261350 8.527046 -1.887894 -0.053328 -44.756781 
rand_2414 4.926354 1.100000 0.695434 -4.925622 -0.704720 -32.265837 
rand_2415 3.542195 1.020000 0.585896 -6.953893 -1.793297 -58.206135 
rand_2416 3.002276 1.010000 4.365690 -5.595350 -0.988485 -40.603408 
rand_2417 4.400239 0.930000 0.549396 -2.181783 -0.078173 -41.655613 
rand_2418 3.503008 1.054931 4.615326 -2.040106 -0.064629 -34.593429 
rand_2419 1.358797 1.000000 4.606973 -3.439688 -0.269623 -17.595812 
rand_2420 2.092752 1.010000 1.671264 -2.491292 -0.110789 -34.893889 
rand_2421 2.317107 1.111386 3.807065 -3.379135 -0.257335 -44.143158 
rand_2422 1.557691 1.211838 3.506680 -1.166998 -0.014614 -43.252736 
rand_2423 6.211449 0.899941 6.808997 -1.033960 -0.010505 -32.770554 
rand_2424 3.108230 1.100000 0.559040 -5.781354 -1.082389 -41.476080 
rand_2425 1.859008 1.060000 6.461074 -6.678205 -1.559583 -39.764303 
rand_2426 4.635863 0.503281 0.726781 -3.040167 -0.191697 -38.781804 
rand_2427 1.946532 1.390000 0.376041 -2.026031 -0.064008 -13.345497 
rand_2428 3.691405 1.353779 0.731012 -2.761111 -0.147920 -33.088694 
rand_2429 4.614056 0.960000 4.030752 -3.047925 -0.191965 -56.986953 
rand_2430 1.834574 0.983464 4.768351 -3.803542 -0.349264 -47.420122 
rand_2431 1.343673 0.630000 1.272301 -3.475959 -0.268890 -11.240571 
rand_2432 3.300576 0.880000 6.837135 -3.783176 -0.346918 -42.083542 
rand_2433 3.562705 0.970000 1.714634 -2.328090 -0.092465 -10.596693 
rand_2434 2.857681 1.187277 3.011345 -1.882130 -0.052622 -19.163099 
rand_2435 6.729318 0.630529 3.559072 -1.423738 -0.024618 -25.889714 
rand_2436 2.464160 0.920000 0.606280 -5.191862 -0.800690 -40.798492 
rand_2437 1.796833 0.472536 2.866937 -0.955691 -0.008404 -18.250804 
rand_2438 2.873643 1.090000 1.138946 -6.351046 -1.373504 -10.604499 
rand_2439 2.156181 0.840000 2.238008 -6.134901 -1.249658 -21.665608 
rand_2440 7.917370 0.670000 3.972587 -4.784193 -0.639459 -42.577154 
rand_2441 2.653229 1.215881 1.304132 -0.735340 -0.004163 -25.590181 
rand_2442 3.213460 0.380000 1.449229 -4.394575 -0.518286 -30.264425 
rand_2443 1.946646 0.740000 1.844526 -3.456840 -0.265440 -30.435950 
rand_2444 2.858781 0.716780 2.643492 -3.069849 -0.194792 -29.937501 
rand_2445 2.256619 0.202793 56.163460 -0.130915 -0.000040 -16.862029 
rand_2446 3.008020 1.153760 4.866394 -1.360788 -0.022034 -46.408237 
rand_2447 2.617582 0.226475 5.725469 -3.408745 -0.255190 -26.966657 
rand_2448 1.103205 0.824179 0.784697 -0.626880 -0.002704 -24.497099 
rand_2449 2.873131 0.860000 18.600517 -4.691373 -0.602184 -33.863708 
rand_2450 1.818023 0.810000 7.942244 -4.730215 -0.629275 -47.799218 
rand_2451 4.773834 1.000000 1.137885 -6.115977 -1.243845 -19.640076 
rand_2452 2.588263 0.184860 1.804586 -2.252188 -0.084639 -10.403619 
rand_2453 2.698707 0.832667 5.798432 -0.805409 -0.005329 -44.167128 
rand_2454 2.398678 0.880000 9.770102 -4.274072 -0.483995 -39.773832 
rand_2455 4.628854 0.903305 2.532002 -4.025551 -0.408709 -20.899396 
rand_2456 2.790298 1.342316 2.737734 -2.150454 -0.075008 -16.656346 
rand_2457 3.091653 1.253747 1.130991 -2.572669 -0.120853 -16.813203 
rand_2458 3.390533 1.250000 1.338794 -3.583572 -0.293286 -42.163075 
rand_2459 2.982410 1.177860 0.775731 -2.360476 -0.095796 -47.718266 
rand_2460 2.904128 0.674246 4.352033 -2.214169 -0.080768 -18.665166 
rand_2461 2.389553 0.920000 1.794324 -2.700619 -0.139787 -39.848855 
rand_2462 1.413848 0.880000 6.876378 -2.912733 -0.169919 -53.798844 
rand_2463 4.090147 0.970000 4.123784 -4.999518 -0.737129 -26.025549 
rand_2464 2.037549 0.902024 21.300488 -3.520010 -0.282173 -20.302464 
rand_2465 2.841820 1.048948 24.251572 -2.571596 -0.121415 -46.891470 
rand_2466 5.416814 0.840000 2.059699 -4.925228 -0.697457 -54.222729 
rand_2467 4.568112 1.090000 7.594947 -2.732800 -0.143049 -57.117455 
rand_2468 2.288426 0.860000 0.797246 -5.873353 -1.139206 -26.211483 
rand_2469 5.353722 0.950000 0.481509 -3.319785 -0.242285 -51.560633 
rand_2470 1.840241 0.568572 1.004403 -2.382874 -0.098729 -14.588435 
rand_2471 1.595209 1.000000 0.347263 -2.574348 -0.121937 -51.426816 
rand_2472 1.641847 0.910000 0.423762 -3.255275 -0.228867 -47.386035 
rand_2473 2.397264 0.890000 0.658686 -4.392591 -0.513825 -56.770321 
rand_2474 2.316790 1.040000 1.220617 -2.049065 -0.066544 -24.416412 
rand_2475 1.212735 0.870000 1.370152 -5.224161 -0.823730 -45.420317 
rand_2476 2.238042 0.950000 1.012530 -7.068707 -1.864227 -26.611040 
rand_2477 3.022389 0.980000 0.392220 -3.693040 -0.324805 -40.236964 
rand_2478 1.781368 0.769170 1.195969 -0.491097 -0.001390 -15.583416 
rand_2479 2.737683 1.354790 2.332210 -0.882389 -0.006869 -28.696561 
rand_2480 4.543826 0.511732 1.857730 -4.157782 -0.443247 -12.005287 
rand_2481 3.904346 0.650000 5.255563 -2.032425 -0.064468 -46.375571 
rand_2482 2.591304 0.880000 1.028739 -5.790640 -1.067589 -28.076505 
rand_2483 2.490627 0.735256 1.136266 -1.084372 -0.011677 -18.025966 
rand_2484 1.583703 0.750000 0.502306 -1.465378 -0.026733 -47.696967 
rand_2485 2.301605 1.230000 4.434183 -7.276651 -2.011857 -58.727336 
rand_2486 5.968137 1.340000 0.698480 -2.291810 -0.089111 -39.503979 
rand_2487 4.330342 1.000000 1.465838 -3.323988 -0.245124 -36.009221 
rand_2488 4.957023 0.780000 3.614712 -1.810992 -0.047270 -50.833078 
rand_2489 1.277086 0.970000 1.202246 -3.932232 -0.383716 -44.688353 
rand_2490 2.820439 0.859612 1.273809 -3.273199 -0.236073 -41.789014 
rand_2491 1.700958 0.940000 4.921039 -5.286377 -0.848664 -10.526049 
rand_2492 3.137402 0.600000 2.489013 -4.492367 -0.549592 -44.448363 
rand_2493 0.863288 0.980000 1.356726 -1.404605 -0.023176 -14.680069 
rand_2494 4.457357 1.250847 0.949255 -2.470867 -0.109841 -36.129661 
rand_2495 3.019168 1.334642 9.249530 -1.482027 -0.027022 -30.379021 
rand_2496 2.144954 0.920000 14.497518 -3.785187 -0.342607 -22.023953 
rand_2497 1.861963 0.546011 4.926828 -1.069700 -0.011289 -30.374164 
rand_2498 1.372838 0.976345 3.233169 -2.560472 -0.119281 -22.247760 
rand_2499 4.396234 1.183832 1.461513 -1.351774 -0.021548 -11.167444 
rand_2500 2.158838 0.906959 0.766341 -0.822574 -0.005583 -26.260961 
rand_2501 2.046317 1.277849 5.091243 -2.910929 -0.172130 -46.038260 
rand_2502 2.626632 0.870000 1.103613 -3.980074 -0.393606 -49.246550 
rand_2503 2.263322 0.356586 1.564201 -3.092136 -0.199789 -19.226269 
rand_2504 3.100013 1.360000 1.990086 -2.988188 -0.181765 -13.057926 
rand_2505 3.390087 0.880000 3.688031 -0.960584 -0.008498 -35.906369 
rand_2506 1.248956 0.521870 2.492416 -0.595625 -0.002370 -15.253930 
rand_2507 4.077010 1.050000 9.670635 -5.084625 -0.769231 -42.637080 
rand_2508 1.938683 1.000000 2.106734 -3.534023 -0.290243 -42.102219 
rand_2509 2.859495 0.970572 0.599102 -1.750050 -0.043666 -29.716548 
rand_2510 2.715915 0.920000 2.319936 -7.189778 -1.984943 -37.861393 
rand_2511 2.611826 1.236795 2.542675 -0.984716 -0.009232 -38.760764 
rand_2512 4.671959 1.251611 23.894181 -3.186942 -0.219264 -15.276799 
rand_2513 5.296385 0.104043 0.810649 -2.298238 -0.089808 -35.359604 
rand_2514 2.995014 1.170000 0.872535 -4.887832 -0.688258 -31.486212 
rand_2515 3.191222 1.095042 1.067052 -1.530951 -0.029332 -17.231574 
rand_2516 2.442691 0.530000 3.762778 -4.868403 -0.671588 -21.605977 
rand_2517 2.904551 0.244168 2.704695 -1.626978 -0.034846 -32.739002 
rand_2518 3.595008 0.900000 0.516319 -2.423892 -0.102397 -39.558589 
rand_2519 3.834797 0.870199 58.415819 -2.732763 -0.140985 -38.869449 
rand_2520 3.429240 1.091412 8.080525 -1.642034 -0.035755 -42.005429 
rand_2521 4.407175 0.923525 10.304868 -3.144586 -0.209987 -32.552098 
rand_2522 3.581229 0.888063 0.667667 -1.046595 -0.010726 -16.045007 
rand_2523 2.713515 0.598394 0.412217 -2.770975 -0.147993 -14.054437 
rand_2524 1.987493 1.160000 12.367542 -0.341874 -0.000517 -36.912987 
rand_2525 1.106822 1.176745 2.614687 -1.875940 -0.051887 -36.547247 
rand_2526 1.860735 0.755008 1.140816 -2.778070 -0.149775 -28.206903 
rand_2527 2.500999 0.270000 2.209316 -6.492403 -1.491236 -23.402023 
rand_2528 6.262007 0.820000 3.826706 -1.887587 -0.052847 -47.024115 
rand_2529 5.570352 1.390000 0.308192 -3.226982 -0.227831 -32.829561 
rand_2530 6.009228 1.030524 2.853995 -1.275578 -0.017889 -43.338898 
rand_2531 3.518449 1.090000 8.730583 -3.435985 -0.264585 -10.779787 
rand_2532 1.212880 0.250000 3.813346 -1.376452 -0.022407 -12.589490 
rand_2533 2.123711 1.037339 4.218478 -0.578871 -0.002160 -16.585817 
rand_2534 1.971621 1.020000 3.845880 -1.552160 -0.030945 -24.396690 
rand_2535 1.631419 0.611799 0.827617 -3.316439 -0.238428 -25.060489 
rand_2536 4.248631 1.240000 1.589669 -2.153566 -0.076656 -34.465412 
rand_2537 9.513646 0.908680 8.852646 -0.480938 -0.001302 -27.802572 
rand_2538 1.243343 1.271035 0.900833 -1.556572 -0.031945 -37.172118 
rand_2539 2.795562 0.990000 1.779058 -2.331392 -0.094835 -17.620459 
rand_2540 2.162718 1.070000 1.059426 -1.771447 -0.044086 -25.238370 
rand_2541 2.328839 1.334444 0.698791 -0.819736 -0.005482 -33.559927 
rand_2542 3.660662 0.368167 9.825687 -1.495675 -0.028020 -37.906543 
rand_2543 3.497867 1.060000 27.435984 -5.529917 -0.970767 -23.038217 
rand_2544 3.042307 0.626346 4.068384 -0.380259 -0.000695 -31.379738 
rand_2545 1.458234 0.890000 5.511913 -5.483811 -0.934895 -19.348254 
rand_2546 2.970490 0.980000 1.558299 -0.931139 -0.007616 -17.679112 
rand_2547 5.413429 1.301235 1.785326 -0.671312 -0.003227 -38.020768 
rand_2548 1.724887 0.770000 1.152754 -5.269000 -0.850841 -28.852143 
rand_2549 2.039958 1.049271 2.761401 -3.186703 -0.225408 -14.426316 
rand_2550 3.927322 1.030000 0.232068 -3.363018 -0.249339 -31.727725 
rand_2551 5.993914 0.780000 2.758442 -4.215747 -0.460990 -35.970286 
rand_2552 4.383230 1.370000 1.487762 -2.656483 -0.133402 -43.465636 
rand_2553 4.380737 1.130000 3.616105 -3.836518 -0.353865 -39.025407 
rand_2554 3.269848 0.970000 2.468905 -4.562031 -0.567154 -51.282399 
rand_2555 5.677007 0.990000 2.954852 -6.508843 -1.477768 -45.404658 
rand_2556 2.080364 0.400000 0.965974 -5.101197 -0.775550 -51.558173 
rand_2557 3.902463 0.910000 1.865853 -2.429507 -0.101491 -20.652462 
rand_2558 2.015410 0.990000 0.401734 -1.435118 -0.024542 -25.029163 
rand_2559 1.678885 0.900000 1.389490 -5.219875 -0.811573 -20.543691 
rand_2560 2.035365 0.960000 0.590185 -3.411639 -0.261629 -23.375884 
rand_2561 3.106068 1.214824 2.567541 -1.836208 -0.049916 -40.896228 
rand_2562 3.741651 1.226083 8.947922 -1.223919 -0.016578 -41.425131 
rand_2563 1.575323 1.050000 0.477818 -1.403513 -0.023497 -37.035794 
rand_2564 2.314339 0.840000 2.477080 -7.469748 -2.166911 -49.121711 
rand_2565 4.172094 0.940000 1.655302 -3.839858 -0.355114 -14.025581 
rand_2566 2.192204 0.960000 1.680545 -2.014737 -0.062124 -17.861866 
rand_2567 1.939649 0.910000 5.327370 -5.184240 -0.804690 -16.889342 
rand_2568 3.209504 0.870000 3.350851 -3.546917 -0.292057 -14.673238 
rand_2569 3.188729 0.259244 7.783458 -2.728892 -0.142003 -14.084396 
rand_2570 2.985371 0.790000 0.877137 -4.247467 -0.465132 -51.223635 
rand_2571 3.259995 0.920000 6.550008 -1.363686 -0.021810 -24.468051 
rand_2572 2.694489 1.290560 6.758369 -4.077132 -0.416067 -45.862254 
rand_2573 1.620350 0.448634 1.551749 -2.056360 -0.066273 -49.993065 
rand_2574 4.586613 1.020000 4.723847 -1.730984 -0.042044 -50.085720 
rand_2575 2.592965 1.019159 1.306282 -0.541157 -0.001819 -15.994753 
rand_2576 4.637846 0.880000 3.493277 -1.160371 -0.014310 -48.655301 
rand_2577 4.618246 0.777448 1.344108 -1.642087 -0.036025 -26.595459 
rand_2578 2.277289 0.790000 1.525110 -2.667307 -0.130548 -42.128938 
rand_2579 2.532898 1.210000 23.721923 -2.784634 -0.149559 -26.148115 
rand_2580 5.394231 1.043532 2.093581 -1.185752 -0.015200 -40.774184 
rand_2581 2.989564 0.447980 3.669234 -2.198598 -0.079883 -27.284076 
rand_2582 2.040121 0.920000 11.024521 -3.779439 -0.342482 -14.618206 
rand_2583 1.939503 0.900000 19.472610 -9.298898 -3.913410 -45.321163 
rand_2584 1.845557 1.090000 2.295435 -2.719645 -0.139255 -43.243341 
rand_2585 7.979119 0.390309 0.176836 -2.196850 -0.079682 -41.934681 
rand_2586 2.020687 0.980000 4.834855 -3.308579 -0.241505 -48.776010 
rand_2587 2.628997 0.951701 1.851831 -2.222366 -0.081245 -33.855906 
rand_2588 5.495371 0.890000 5.456534 -5.090745 -0.760951 -20.950625 
rand_2589 1.209824 0.979616 1.008143 -3.538048 -0.288501 -26.282177 
rand_2590 2.478812 0.630000 0.591347 -1.184444 -0.015179 -32.535843 
rand_2591 0.845267 0.864934 5.421985 -2.080685 -0.067489 -28.642724 
rand_2592 0.776383 1.160000 4.110687 -4.244474 -0.466884 -27.183504 
rand_2593 3.064158 0.790000 1.229644 -1.755989 -0.043088 -52.417746 
rand_2594 5.258902 0.675800 2.807400 -0.356914 -0.000586 -22.860978 
rand_2595 2.376070 0.940000 5.903222 -4.520677 -0.557089 -39.477991 
rand_2596 2.609970 0.487214 0.837579 -1.341291 -0.020684 -33.367533 
rand_2597 9.627233 0.473022 3.016017 -0.921510 -0.007605 -31.448976 
rand_2598 2.224084 1.190000 1.905368 -1.945102 -0.055989 -58.649256 
rand_2599 1.315876 0.740000 0.880109 -3.349210 -0.245338 -38.893617 
rand_2600 6.426868 0.845636 1.839005 -2.083372 -0.067934 -13.241436 
rand_2601 2.586957 0.393009 0.233885 -1.609068 -0.033943 -27.826449 
rand_2602 7.283071 1.060000 1.578591 -2.087753 -0.069135 -10.867153 
rand_2603 1.844038 0.880000 1.191524 -2.161650 -0.075635 -44.770069 
rand_2604 2.458498 1.390766 1.487833 -2.738376 -0.144519 -23.673967 
rand_2605 3.742106 0.577624 1.201481 -1.763538 -0.044388 -29.397817 
rand_2606 1.962802 1.220000 1.899307 -6.124816 -1.276998 -46.628876 
rand_2607 2.456044 1.010000 3.043160 -5.161513 -0.790286 -51.480542 
rand_2608 1.694822 0.718904 2.075938 -2.974569 -0.181612 -41.521940 
rand_2609 2.033719 1.060000 0.330853 -1.326321 -0.020206 -55.241557 
rand_2610 2.266607 1.090000 4.084802 -3.098622 -0.204243 -57.174410 
rand_2611 2.839253 1.140000 3.806296 -1.516259 -0.029464 -48.016487 
rand_2612 2.750368 0.256843 7.117860 -1.357966 -0.021828 -36.958806 
rand_2613 2.527053 0.503934 12.574928 -2.427270 -0.105363 -10.387934 
rand_2614 1.655451 0.778447 1.892052 -3.242906 -0.225222 -45.963893 
rand_2615 1.749594 0.510000 1.734283 -2.111662 -0.072104 -17.144218 
rand_2616 2.402469 1.170000 1.993511 -4.105366 -0.432937 -39.798892 
rand_2617 2.664988 1.099088 2.440361 -2.131297 -0.073024 -39.673762 
rand_2618 4.555023 0.997691 1.491702 -1.296093 -0.019046 -40.899471 
rand_2619 3.345000 0.978717 3.130947 -1.997118 -0.060939 -44.572150 
rand_2620 4.911297 0.212854 1.706451 -3.354629 -0.250151 -38.574894 
rand_2621 2.752576 1.290000 2.018182 -9.361562 -3.987097 -52.022171 
rand_2622 1.662298 0.361019 2.478737 -1.686848 -0.038324 -46.999981 
rand_2623 2.503728 1.250000 1.304355 -5.047248 -0.743841 -31.109855 
rand_2624 2.997682 0.990000 0.858144 -7.172511 -1.940964 -40.274454 
rand_2625 4.319240 0.850000 9.428873 -1.294920 -0.018965 -39.980191 
rand_2626 2.980029 0.663696 2.460098 -2.860709 -0.159195 -41.586748 
rand_2627 3.706163 0.420551 34.658393 -2.675697 -0.136822 -27.753498 
rand_2628 2.044985 1.131999 23.753301 -1.422088 -0.024707 -26.882997 
rand_2629 2.231561 0.285114 12.959540 -2.123750 -0.071950 -27.932197 
rand_2630 8.394553 1.000000 0.335903 -2.304946 -0.089854 -43.270284 
rand_2631 3.556448 0.942422 4.919451 -1.552798 -0.030951 -23.245864 
rand_2632 1.510673 0.970000 1.121750 -5.305463 -0.858391 -29.632189 
rand_2633 3.992558 0.960000 0.192147 -2.346119 -0.096143 -43.301825 
rand_2634 2.150511 1.164769 0.352683 -2.422931 -0.101770 -14.474682 
rand_2635 3.484116 0.299033 2.751583 -1.102816 -0.012325 -16.935861 
rand_2636 6.045086 1.040000 5.139068 -3.002335 -0.185117 -53.313710 
rand_2637 3.149230 0.681640 2.857910 -2.521731 -0.115670 -10.903223 
rand_2638 1.051756 0.952629 3.964977 -1.337344 -0.020718 -48.902626 
rand_2639 2.457547 0.474797 1.716133 -0.972294 -0.008782 -31.317386 
rand_2640 1.975387 1.200531 2.059521 -3.374345 -0.250115 -33.728710 
rand_2641 2.807969 0.820000 1.003090 -4.479847 -0.540289 -22.728789 
rand_2642 7.446210 0.461146 8.782250 -0.492459 -0.001410 -10.307063 
rand_2643 2.255593 0.880000 4.174436 -8.996909 -3.535366 -26.424976 
rand_2644 2.285901 0.790000 29.464575 -6.895763 -1.732872 -55.933198 
rand_2645 4.525688 1.281945 0.115812 -1.712977 -0.040020 -42.571071 
rand_2646 8.102144 0.859533 7.284385 -2.432991 -0.104379 -34.297559 
rand_2647 2.280316 0.910000 7.803677 -5.619031 -0.991554 -18.849630 
rand_2648 3.146280 0.860000 7.586234 -1.312837 -0.019980 -33.149894 
rand_2649 0.813140 0.340933 3.822928 -2.774409 -0.150839 -39.357726 
rand_2650 2.053645 0.970000 0.991165 -5.002712 -0.739059 -36.280703 
rand_2651 1.170727 1.110000 32.615982 -5.190426 -0.804379 -16.832381 
rand_2652 2.028652 1.276989 1.630279 -0.745955 -0.004203 -17.450474 
rand_2653 3.651699 1.010000 4.848044 -1.841278 -0.049382 -11.404377 
rand_2654 1.780641 1.070000 15.917153 -6.713164 -1.605698 -16.227487 
rand_2655 3.920324 1.260000 0.418621 -4.824063 -0.660114 -57.730869 
rand_2656 2.687195 1.158846 4.381459 -2.308409 -0.091791 -45.179865 
rand_2657 2.368371 1.048073 2.859708 -3.383926 -0.257752 -45.119251 
rand_2658 6.326623 0.910000 1.385305 -3.609389 -0.302080 -18.704043 
rand_2659 1.894067 0.612987 13.172046 -1.005150 -0.009815 -34.427140 
rand_2660 2.278627 1.260759 1.289517 -0.792814 -0.005012 -41.435305 
rand_2661 7.383266 0.909325 1.896012 -2.327441 -0.090668 -35.568214 
rand_2662 3.469034 0.462802 3.761534 -1.899849 -0.052667 -27.899095 
rand_2663 2.391865 0.532179 5.175072 -3.440019 -0.264645 -14.479293 
rand_2664 8.610026 0.766795 1.774357 -3.330636 -0.241342 -16.572745 
rand_2665 4.219919 0.254473 0.879935 -1.579666 -0.032422 -12.325589 
rand_2666 1.015291 1.182047 0.997188 -1.928640 -0.056664 -27.189280 
rand_2667 3.385366 0.968191 0.420306 -0.232757 -0.000185 -15.863179 
rand_2668 2.362016 0.880000 8.017974 -9.555828 -4.258998 -10.886007 
rand_2669 2.803476 1.366274 1.367162 -1.618625 -0.034368 -27.794510 
rand_2670 2.050067 1.280000 0.876539 -7.942953 -2.524657 -52.498915 
rand_2671 4.312647 0.951346 2.447356 -2.726096 -0.141669 -45.075718 
rand_2672 2.258027 0.530000 4.492103 -1.396547 -0.023466 -56.485890 
rand_2673 0.826115 1.230000 1.266922 -3.740244 -0.329926 -30.202461 
rand_2674 2.756693 1.080000 0.654321 -1.377690 -0.022170 -29.760305 
rand_2675 0.662728 0.929409 1.168158 -3.802465 -0.350623 -17.958607 
rand_2676 2.426654 1.050000 1.303852 -1.651986 -0.036293 -52.944652 
rand_2677 3.018241 0.740000 0.342674 -7.202908 -1.986320 -57.956850 
rand_2678 1.315890 1.259377 1.177983 -2.624481 -0.128743 -47.634167 
rand_2679 1.493280 0.690000 0.544016 -4.927953 -0.699539 -24.153799 
rand_2680 2.675311 0.920000 9.914787 -1.160797 -0.014273 -49.273821 
rand_2681 1.480045 1.120000 1.733647 -2.090232 -0.068082 -11.860302 
rand_2682 1.144403 0.293583 1.735158 -1.277303 -0.018319 -24.551038 
rand_2683 4.313747 1.199414 1.574009 -0.811102 -0.005419 -38.376773 
rand_2684 3.205711 1.125177 7.429601 -3.519060 -0.280890 -23.298650 
rand_2685 5.496184 0.884663 4.949765 -0.726303 -0.004019 -39.566828 
rand_2686 3.716284 0.560000 3.194067 -4.177841 -0.451492 -22.079671 
rand_2687 2.188491 0.550021 5.631580 -3.115268 -0.202202 -33.593338 
rand_2688 2.888411 0.950000 2.391249 -3.035684 -0.192480 -10.360991 
rand_2689 7.183038 1.290000 2.329240 -6.060607 -1.226020 -27.987359 
rand_2690 1.788776 0.585491 15.546900 -1.293967 -0.018863 -20.034384 
rand_2691 4.171247 1.208756 3.700982 -1.004914 -0.009609 -10.177528 
rand_2692 2.579970 0.980000 5.247034 -4.351608 -0.498544 -51.681740 
rand_2693 0.742732 1.080000 3.281858 -2.268304 -0.085979 -11.378527 
rand_2694 2.180565 1.260000 1.449427 -4.068299 -0.420007 -15.962579 
rand_2695 2.238511 0.939584 3.143159 -1.994214 -0.061273 -24.332502 
rand_2696 3.005475 0.782890 0.307741 -1.947624 -0.056841 -23.824171 
rand_2697 4.584954 0.543778 1.668004 -0.360408 -0.000610 -21.279576 
rand_2698 1.904092 0.860000 12.765204 -4.310176 -0.489118 -58.131461 
rand_2699 3.061755 0.800000 1.732229 -2.209501 -0.079512 -10.405197 
rand_2700 3.181033 0.710000 0.848017 -2.750002 -0.143052 -59.170527 
rand_2701 1.659347 0.848241 16.880751 -2.140202 -0.074154 -42.710009 
rand_2702 2.018148 1.100000 0.581801 -7.609124 -2.270496 -13.508530 
rand_2703 6.264507 0.350000 1.133995 -2.507284 -0.112507 -19.645797 
rand_2704 1.763735 0.579496 1.762109 -1.414994 -0.024001 -16.353367 
rand_2705 1.551767 0.890000 1.733839 -1.696657 -0.039407 -27.521925 
rand_2706 1.848248 1.060872 1.525038 -0.783416 -0.004826 -11.158722 
rand_2707 3.045947 1.160000 1.390649 -6.451604 -1.460316 -23.124557 
rand_2708 2.176547 0.750000 3.346425 -0.857831 -0.006251 -22.598334 
rand_2709 2.000628 0.743381 1.805873 -2.160864 -0.075518 -16.587531 
rand_2710 1.524496 1.066909 0.336363 -1.239846 -0.016858 -23.169292 
rand_2711 2.369132 0.920000 2.004725 -1.741137 -0.042623 -11.057602 
rand_2712 2.796541 1.030000 1.365524 -3.184900 -0.213527 -59.577114 
rand_2713 3.173507 0.710000 6.330631 -3.288819 -0.235674 -15.547336 
rand_2714 5.131999 0.774576 2.061604 -4.085335 -0.418442 -19.788388 
rand_2715 2.011709 0.867237 0.217520 -1.502465 -0.028798 -35.212460 
rand_2716 2.645031 1.380734 0.997864 -1.722246 -0.041013 -21.929943 
rand_2717 2.352371 0.370000 4.617663 -0.937700 -0.007980 -42.190630 
rand_2718 1.875075 1.050000 1.558912 -4.503653 -0.544573 -50.442614 
rand_2719 0.562829 0.650000 7.712492 -5.992615 -1.191243 -46.187020 
rand_2720 3.493247 1.169447 6.492823 -2.564914 -0.119578 -22.523885 
rand_2721 2.519186 0.408600 2.411693 -1.732783 -0.041838 -37.163645 
rand_2722 4.173525 1.280000 7.694083 -7.572387 -2.237237 -49.067243 
rand_2723 1.479497 0.671343 5.909598 -2.843554 -0.161225 -46.935721 
rand_2724 3.036328 1.170000 4.980310 -4.358858 -0.497242 -56.204471 
rand_2725 5.144817 1.180000 2.219193 -4.181489 -0.453845 -38.416268 
rand_2726 4.013969 0.710000 0.949525 -2.564179 -0.119115 -49.642277 
rand_2727 2.227021 0.670300 0.305882 -3.697150 -0.319767 -16.356051 
rand_2728 2.133742 0.620000 4.755053 -2.817723 -0.154947 -42.141039 
rand_2729 4.144483 0.430000 3.694106 -2.584892 -0.122624 -14.773510 
rand_2730 4.313371 1.033859 7.212282 -1.706226 -0.040515 -42.945810 
rand_2731 3.077780 1.140000 5.930886 -2.561096 -0.121082 -18.973606 
rand_2732 1.849484 1.200000 2.763836 -3.056202 -0.189269 -45.787644 
rand_2733 1.256026 1.210000 6.210848 -1.792870 -0.045100 -59.238864 
rand_2734 2.383294 1.328874 0.877255 -3.871953 -0.364054 -23.683757 
rand_2735 2.324642 0.875995 0.973091 -2.529317 -0.117817 -20.270267 
rand_2736 6.211106 0.812249 2.762304 -0.741695 -0.004190 -39.397404 
rand_2737 2.575467 0.940000 0.311706 -5.896926 -1.132780 -40.541747 
rand_2738 2.138851 0.720000 4.229323 -3.606975 -0.300952 -18.883286 
rand_2739 2.646516 0.920948 23.835902 -2.041997 -0.064723 -21.457289 
rand_2740 2.288656 1.330000 3.632079 -4.216716 -0.461511 -16.100651 
rand_2741 2.821632 1.135394 0.620554 -2.708395 -0.137483 -49.013353 
rand_2742 1.624984 0.500000 1.162978 -6.458823 -1.463943 -44.665788 
rand_2743 1.618736 0.770000 7.587044 -6.124471 -1.267722 -48.129386 
rand_2744 3.386364 0.910000 0.776519 -1.811634 -0.046527 -49.719228 
rand_2745 3.189138 1.120000 7.727210 -1.730813 -0.042162 -55.766255 
rand_2746 2.903987 0.725538 10.114543 -0.827558 -0.005629 -45.097707 
rand_2747 9.712853 0.907140 1.887076 -1.585166 -0.032987 -48.574043 
rand_2748 2.089325 0.860000 0.964970 -2.790536 -0.150130 -19.733244 
rand_2749 2.653574 0.960000 4.693018 -6.334719 -1.396510 -37.885494 
rand_2750 3.338384 1.080000 1.227899 -4.854587 -0.665738 -30.655507 
rand_2751 2.809170 1.150000 0.592711 -3.020604 -0.189699 -22.943590 
rand_2752 3.349502 0.856992 3.745801 -2.655789 -0.132420 -36.331934 
rand_2753 1.214550 1.343725 7.554040 -2.533363 -0.114939 -33.476417 
rand_2754 1.383800 0.666382 0.752053 -0.801848 -0.005221 -19.108148 
rand_2755 3.005954 0.133182 2.334582 -1.305505 -0.019410 -14.330319 
rand_2756 4.305247 1.049910 4.854734 -2.705848 -0.137707 -49.572314 
rand_2757 2.410586 1.025491 5.760358 -1.317906 -0.020247 -23.284276 
rand_2758 6.051698 0.690000 1.151181 -2.597020 -0.124652 -32.250022 
rand_2759 2.173395 1.204695 4.743963 -1.503388 -0.028213 -37.444358 
rand_2760 4.456997 1.180000 4.057724 -3.275864 -0.232129 -24.002193 
rand_2761 2.240760 1.168072 0.271843 -3.904620 -0.378306 -37.454429 
rand_2762 2.233685 0.540000 3.289534 -2.705811 -0.139267 -26.006718 
rand_2763 3.779439 0.603519 8.604768 -2.377620 -0.096745 -46.914881 
rand_2764 2.214295 0.753391 2.699952 -2.143596 -0.072575 -19.281241 
rand_2765 4.430344 1.090000 0.775332 -1.014902 -0.010009 -18.649666 
rand_2766 2.722900 0.162549 19.507225 -2.094940 -0.070159 -46.848138 
rand_2767 1.323731 1.050000 5.278621 -4.346028 -0.497780 -30.519516 
rand_2768 0.982051 0.534538 2.261767 -1.480505 -0.027255 -20.471594 
rand_2769 3.450944 0.860000 1.396065 -3.719864 -0.329010 -19.560954 
rand_2770 2.819709 1.080000 1.287132 -3.197570 -0.222993 -35.662376 
rand_2771 3.712556 0.960000 0.479799 -2.767648 -0.147150 -22.930302 
rand_2772 3.736428 0.350000 1.992374 -3.191258 -0.216895 -50.325198 
rand_2773 3.240015 0.890000 2.129070 -4.238079 -0.466273 -38.794514 
rand_2774 2.219064 0.961082 3.101240 -1.713909 -0.039549 -38.378169 
rand_2775 4.121993 1.213113 0.644730 -1.167921 -0.014305 -17.678949 
rand_2776 1.636153 0.490000 2.034992 -2.962733 -0.174562 -43.686811 
rand_2777 1.718752 0.920000 1.873989 -4.969908 -0.716056 -29.456144 
rand_2778 3.391889 1.070000 2.781508 -6.310427 -1.366948 -46.631009 
rand_2779 1.985191 0.680000 0.901007 -3.524795 -0.282512 -40.394864 
rand_2780 3.035276 0.630000 0.559965 -0.912223 -0.007414 -56.068015 
rand_2781 2.079582 0.500000 0.657195 -4.041414 -0.416794 -23.995830 
rand_2782 3.267972 1.020000 0.162765 -4.689192 -0.600589 -33.988517 
rand_2783 2.915577 1.370000 0.595964 -5.728566 -1.048439 -47.057377 
rand_2784 3.540913 0.800000 5.267414 -1.071262 -0.011564 -32.236264 
rand_2785 3.334510 0.414947 16.708750 -2.894151 -0.165622 -32.125704 
rand_2786 3.944130 0.120698 4.267568 -2.839701 -0.158937 -30.563012 
rand_2787 6.351641 1.160000 4.535226 -2.854073 -0.158067 -55.691652 
rand_2788 2.850841 1.040000 0.338372 -1.294250 -0.019012 -52.210689 
rand_2789 3.775759 1.177934 0.765821 -3.555167 -0.291904 -34.864711 
rand_2790 4.447917 1.080000 11.957064 -6.827443 -1.645183 -26.056967 
rand_2791 1.244362 1.313747 0.882609 -0.405426 -0.000827 -32.595345 
rand_2792 4.402549 1.238819 2.595795 -2.425092 -0.105680 -30.530986 
rand_2793 2.855796 1.333875 6.626428 -0.870579 -0.006498 -29.881645 
rand_2794 2.849490 0.411550 10.938029 -3.173587 -0.218689 -33.993953 
rand_2795 4.514549 0.980000 0.137904 -4.873432 -0.690274 -59.974258 
rand_2796 5.741131 1.153036 2.350115 -1.552646 -0.031130 -38.989483 
rand_2797 3.198173 0.749739 2.315656 -2.673117 -0.133997 -40.496112 
rand_2798 3.710846 0.923573 0.900642 -2.465373 -0.106873 -36.798152 
rand_2799 2.641597 1.120000 3.119936 -2.631749 -0.128385 -54.151435 
rand_2800 4.564842 1.110000 1.491094 -2.492982 -0.110793 -17.158139 
rand_2801 7.219917 0.320000 4.516032 -2.022195 -0.063453 -38.338249 
rand_2802 2.646502 0.900000 2.678812 -3.550007 -0.288108 -52.865999 
rand_2803 2.917104 1.040000 6.216843 -3.146892 -0.207538 -15.096915 
rand_2804 3.220198 0.970000 5.978601 -7.060971 -1.868064 -56.666564 
rand_2805 2.305536 0.570000 1.735972 -3.669215 -0.320986 -37.630752 
rand_2806 4.087966 0.867616 20.666538 -1.925459 -0.055562 -46.579192 
rand_2807 0.620465 0.790000 2.448616 -4.204014 -0.459853 -36.712238 
rand_2808 3.495392 0.560000 1.861929 -5.238543 -0.834204 -38.157094 
rand_2809 2.475068 0.787289 5.739884 -2.045636 -0.064914 -42.083954 
rand_2810 3.646806 1.010000 0.930153 -1.936555 -0.057070 -20.736897 
rand_2811 2.447644 0.930000 0.579071 -4.815360 -0.666182 -50.065943 
rand_2812 1.766831 1.210000 0.935469 -2.827052 -0.154933 -16.217328 
rand_2813 3.645128 1.040000 4.949610 -3.951563 -0.384913 -38.594584 
rand_2814 0.691915 1.280000 1.059267 -0.194379 -0.000114 -30.597081 
rand_2815 1.430589 1.340508 0.626159 -1.677156 -0.037909 -49.068281 
rand_2816 5.347305 0.668080 9.597312 -3.244651 -0.227258 -10.915986 
rand_2817 2.106259 1.390884 4.569870 -3.598667 -0.302135 -46.029525 
rand_2818 3.855006 0.930000 2.236461 -3.420858 -0.265087 -14.985712 
rand_2819 3.053306 1.020000 1.969920 -2.644635 -0.130808 -22.000442 
rand_2820 2.429551 1.150000 4.193849 -2.765066 -0.148425 -13.348599 
rand_2821 6.105892 0.743344 9.575833 -0.123058 -0.000033 -48.835119 
rand_2822 4.774881 1.250000 3.468937 -4.235269 -0.460393 -42.187259 
rand_2823 3.220144 0.860000 5.504447 -1.181820 -0.014904 -49.395034 
rand_2824 5.683276 0.630000 9.215165 -2.814798 -0.152601 -23.240767 
rand_2825 3.268069 0.621634 1.033492 -2.886906 -0.166249 -41.480541 
rand_2826 4.245382 1.110000 7.935542 -4.747975 -0.633725 -23.160197 
rand_2827 3.910024 0.210000 3.786297 -3.775351 -0.345024 -24.295518 
rand_2828 6.190421 1.170000 3.802845 -2.411931 -0.102044 -20.439050 
rand_2829 2.733706 0.980000 6.584337 -3.327727 -0.243303 -39.083580 
rand_2830 1.130411 0.580000 0.302188 -4.770536 -0.640831 -46.046118 
rand_2831 2.628262 1.013738 1.290992 -1.559677 -0.031282 -39.455396 
rand_2832 2.232955 0.505540 1.055915 -1.836590 -0.049181 -31.232202 
rand_2833 2.471183 1.262028 11.717261 -2.304791 -0.089705 -41.679775 
rand_2834 3.495114 1.020000 0.747767 -3.388877 -0.256658 -59.973523 
rand_2835 2.468999 1.080000 2.772239 -2.597878 -0.124743 -56.138259 
rand_2836 2.927897 0.900000 0.407895 -1.926192 -0.055216 -54.748121 
rand_2837 7.292139 0.667055 12.550441 -2.443537 -0.104934 -37.790412 
rand_2838 0.816996 0.950000 11.762956 -3.090804 -0.198230 -29.655185 
rand_2839 1.176610 1.212093 18.824678 -3.733597 -0.329724 -17.250283 
rand_2840 3.303236 1.120448 0.831330 -2.770390 -0.149938 -16.593823 
rand_2841 5.761906 1.070000 1.177528 -2.769732 -0.148819 -29.122144 
rand_2842 5.297328 1.060000 2.345886 -2.237894 -0.082076 -50.779785 
rand_2843 2.330829 1.150000 7.794400 -2.197374 -0.079729 -20.266499 
rand_2844 1.618353 1.367550 0.864642 -2.127056 -0.072919 -41.992432 
rand_2845 5.563966 1.292278 3.295804 -0.339809 -0.000514 -27.732332 
rand_2846 3.643497 0.900000 2.820750 -2.190423 -0.077685 -11.598111 
rand_2847 3.295583 1.050000 1.313352 -1.757418 -0.043306 -51.121365 
rand_2848 1.147240 0.362771 0.134977 -1.624296 -0.035799 -26.092192 
rand_2849 1.883838 1.260000 1.360000 -0.717744 -0.003888 -44.811545 
rand_2850 2.160000 1.281589 1.003619 -0.186664 -0.000102 -39.513175 
rand_2851 1.126762 0.830000 50.373148 -4.441996 -0.535222 -27.012281 
rand_2852 1.348238 0.739981 1.214064 -1.981613 -0.060654 -32.911643 
rand_2853 7.270384 0.510000 6.341524 -3.053235 -0.191364 -10.692266 
rand_2854 5.126794 0.769634 3.893224 -1.814884 -0.046825 -26.846453 
rand_2855 1.531661 1.018309 2.453074 -3.590140 -0.296223 -38.210632 
rand_2856 3.430010 0.718778 2.011968 -1.882931 -0.051769 -32.645332 
rand_2857 3.021695 1.253770 1.931912 -2.283330 -0.089135 -36.401913 
rand_2858 2.012083 0.980000 14.622375 -4.055701 -0.422190 -38.704323 
rand_2859 4.542536 0.900000 2.015054 -1.483318 -0.028046 -18.996503 
rand_2860 4.719100 1.100000 1.496500 -3.014021 -0.186771 -45.406135 
rand_2861 2.542137 1.275357 3.934003 -0.669481 -0.003193 -42.239531 
rand_2862 1.489782 1.150000 2.942516 -2.673443 -0.133990 -50.665650 
rand_2863 2.174083 1.021983 0.689515 -2.433218 -0.105490 -43.089773 
rand_2864 5.993464 0.662887 13.274193 -2.347222 -0.093975 -13.429517 
rand_2865 1.736570 1.386126 9.853850 -0.101969 -0.000020 -41.154653 
rand_2866 6.770392 0.970000 2.570207 -6.364626 -1.385482 -13.293361 
rand_2867 3.038525 1.130000 2.437971 -2.668473 -0.135197 -19.635903 
rand_2868 4.648896 1.150000 3.868163 -5.275538 -0.839512 -41.331685 
rand_2869 3.165688 1.337158 0.751162 -1.300823 -0.019669 -11.937389 
rand_2870 2.461321 0.440642 0.996869 -1.750457 -0.043964 -10.413908 
rand_2871 5.353483 1.060000 2.311958 -5.648038 -1.026687 -13.180914 
rand_2872 3.471297 1.374519 1.537673 -0.425365 -0.000957 -18.994734 
rand_2873 4.710496 1.245846 2.630241 -3.110169 -0.201565 -49.279095 
rand_2874 1.790909 0.785979 4.330225 -3.137728 -0.209845 -43.617653 
rand_2875 2.902941 0.890000 0.262459 -2.288711 -0.089026 -46.991800 
rand_2876 1.563810 1.000000 4.915506 -2.104456 -0.070433 -54.450292 
rand_2877 1.468349 0.930000 0.727365 -5.145740 -0.775651 -32.475646 
rand_2878 2.497333 0.685762 0.930879 -4.034046 -0.413996 -29.666631 
rand_2879 2.970199 0.677269 9.711831 -2.787612 -0.151882 -25.246830 
rand_2880 2.431774 1.006101 3.895620 -1.715497 -0.041080 -42.380647 
rand_2881 1.571451 1.351242 8.352945 -1.475481 -0.027028 -18.793501 
rand_2882 2.173476 0.969114 3.420866 -1.879185 -0.051744 -33.626256 
rand_2883 6.985711 0.646055 0.926598 -2.994490 -0.180655 -33.403568 
rand_2884 2.610025 0.890000 1.082539 -5.257894 -0.829328 -15.521849 
rand_2885 2.660543 0.840000 0.466882 -3.649715 -0.311386 -25.649843 
rand_2886 2.451261 0.814267 3.364793 -2.332383 -0.092651 -46.863775 
rand_2887 1.969122 0.590781 0.805673 -2.470606 -0.106609 -21.068701 
rand_2888 2.870589 0.531101 7.060718 -1.133770 -0.013363 -33.057790 
rand_2889 2.017298 1.040000 0.833730 -4.303952 -0.483837 -28.483821 
rand_2890 2.273899 0.537108 0.815646 -3.568951 -0.292006 -21.523857 
rand_2891 2.777769 0.490000 1.251702 -1.850913 -0.050356 -57.788628 
rand_2892 1.602495 1.385104 2.776405 -1.826454 -0.048202 -24.243315 
rand_2893 4.281437 0.700000 2.530839 -6.608596 -1.552240 -46.079991 
rand_2894 0.562666 0.920000 3.331111 -3.339639 -0.248297 -57.954595 
rand_2895 5.251148 1.100000 0.938560 -1.840655 -0.049169 -16.638208 
rand_2896 2.617538 0.890000 1.247852 -0.620166 -0.002592 -20.215443 
rand_2897 5.351065 1.368077 2.861760 -0.526239 -0.001672 -42.966908 
rand_2898 2.775542 0.870000 8.814713 -5.391142 -0.902500 -28.453840 
rand_2899 3.057387 0.757547 0.441575 -1.682203 -0.038828 -49.916159 
rand_2900 2.506513 1.378235 2.920707 -2.450410 -0.105359 -26.208885 
rand_2901 1.448108 1.057089 0.615384 -2.141022 -0.072436 -26.256447 
rand_2902 3.750027 1.311344 0.539648 -2.212620 -0.079353 -38.588015 
rand_2903 1.821411 1.040000 3.132052 -1.727776 -0.042062 -55.659620 
rand_2904 2.616516 0.900000 10.290963 -1.809820 -0.046854 -30.633500 
rand_2905 2.258081 1.186561 0.456072 -2.287729 -0.087339 -46.977252 
rand_2906 3.026172 0.780000 3.928078 -3.205611 -0.218665 -48.244407 
rand_2907 2.730470 1.152987 2.636630 -0.134974 -0.000043 -40.853210 
rand_2908 3.378166 1.080000 2.453747 -6.327282 -1.390420 -47.659534 
rand_2909 3.018011 1.130000 11.396255 -3.065443 -0.192647 -10.594293 
rand_2910 2.568679 0.160562 4.187123 -2.374189 -0.097859 -19.499815 
rand_2911 2.561909 0.910000 3.647999 -7.170655 -1.980897 -25.011166 
rand_2912 3.586410 0.800000 0.898801 -8.688371 -3.205686 -23.901770 
rand_2913 1.220048 1.293755 0.908586 -3.191006 -0.217981 -40.473812 
rand_2914 2.656185 0.940851 2.092151 -1.500124 -0.028495 -25.116357 
rand_2915 3.249296 0.810000 2.789119 -4.128980 -0.435613 -42.022668 
rand_2916 6.145133 0.700000 1.413780 -1.934501 -0.056143 -26.820214 
rand_2917 2.358409 0.923210 1.826827 -2.998094 -0.180403 -39.686764 
rand_2918 2.102107 0.710000 25.021073 -4.349780 -0.498097 -34.594165 
rand_2919 0.793383 1.050000 0.972895 -1.348528 -0.021321 -51.816368 
rand_2920 1.028667 1.330411 2.876901 -2.303895 -0.089312 -36.802264 
rand_2921 1.321166 0.624700 1.870712 -0.664016 -0.003124 -43.341862 
rand_2922 4.226943 0.693125 2.102417 -1.635679 -0.035668 -42.565361 
rand_2923 4.776071 0.978923 6.481780 -3.378048 -0.253301 -45.824014 
rand_2924 4.245356 0.277031 14.595967 -4.493585 -0.541053 -37.167930 
rand_2925 2.254382 0.470000 0.992037 -0.326139 -0.000463 -54.943031 
rand_2926 3.001774 0.719125 1.626340 -1.690747 -0.038872 -15.346502 
rand_2927 2.663914 0.564255 1.914510 -2.961932 -0.178071 -20.011902 
rand_2928 5.509355 0.610060 0.987609 -3.193136 -0.219726 -29.988016 
rand_2929 1.854200 1.020000 2.254599 -8.887158 -3.397589 -36.783955 
rand_2930 5.054206 0.950000 2.184935 -8.468806 -3.022605 -10.035727 
rand_2931 1.321648 0.293769 1.309455 -2.706991 -0.139525 -15.196552 
rand_2932 2.179690 0.590000 0.451735 -3.641674 -0.310844 -24.049621 
rand_2933 4.344200 1.160000 1.088943 -4.151180 -0.442701 -14.506266 
rand_2934 1.763831 0.980000 0.948086 -5.981918 -1.205279 -44.811242 
rand_2935 3.384339 0.990627 1.312753 -2.265598 -0.084807 -25.346669 
rand_2936 1.203015 0.407630 3.359665 -3.291884 -0.236353 -38.297562 
rand_2937 2.154787 1.254221 2.263696 -2.934586 -0.173763 -16.776096 
rand_2938 2.318188 1.170000 25.956839 -4.571875 -0.583217 -42.526179 
rand_2939 1.403527 1.080000 2.968943 -5.130712 -0.783189 -40.200959 
rand_2940 2.227517 0.928551 0.394006 -2.341680 -0.092229 -40.661368 
rand_2941 2.513418 0.340000 4.329704 -2.468795 -0.108657 -12.333775 
rand_2942 3.067614 0.920000 0.773038 -3.445522 -0.263881 -42.773410 
rand_2943 1.566541 1.360000 5.721780 -2.311824 -0.091239 -47.729108 
rand_2944 2.186711 0.858481 2.816000 -1.665264 -0.037233 -14.174258 
rand_2945 1.852753 1.166413 0.340832 -1.124306 -0.013099 -29.335690 
rand_2946 1.623211 1.156810 14.170830 -2.692902 -0.136909 -42.767057 
rand_2947 8.478938 0.267417 0.693840 -2.596786 -0.124585 -11.088320 
rand_2948 2.499794 1.030000 1.361918 -1.696463 -0.039605 -18.316990 
rand_2949 1.864314 1.030000 3.840042 -2.778903 -0.152555 -39.742764 
rand_2950 2.201798 0.820000 4.867950 -2.919214 -0.169132 -42.956840 
rand_2951 4.381927 1.081325 2.187122 -1.561941 -0.031432 -11.034169 
rand_2952 2.189351 1.261628 2.233467 -0.505278 -0.001486 -22.344952 
rand_2953 3.113677 0.720000 1.812536 -4.181216 -0.458415 -21.225526 
rand_2954 3.077678 0.436550 1.121478 -2.376182 -0.098812 -25.518109 
rand_2955 2.374627 0.418035 0.580949 -2.768491 -0.147697 -35.818310 
rand_2956 2.385877 1.233852 1.631079 -0.913262 -0.007412 -11.557315 
rand_2957 2.839880 0.620000 0.260577 -2.619539 -0.128659 -48.284843 
rand_2958 5.216346 1.010000 1.484272 -6.217239 -1.320823 -17.736887 
rand_2959 2.054766 1.090925 0.704181 -4.145342 -0.444561 -24.519065 
rand_2960 1.709869 0.439682 0.861755 -2.749027 -0.146152 -13.606974 
rand_2961 5.911166 1.275916 5.243192 -2.643471 -0.128753 -49.984655 
rand_2962 2.183267 0.650000 6.297290 -3.616556 -0.311438 -29.628871 
rand_2963 3.585961 0.740000 3.538462 -6.642025 -1.543037 -21.579011 
rand_2964 2.107868 1.270000 13.223053 -4.052366 -0.420845 -41.633704 
rand_2965 3.534258 0.800000 1.531253 -5.637327 -1.008197 -11.569160 
rand_2966 1.405120 1.153250 2.938775 -2.813870 -0.154000 -14.544205 
rand_2967 2.053805 1.305772 1.096038 -1.803896 -0.046446 -43.275009 
rand_2968 1.738329 0.930000 6.306179 -0.230766 -0.000179 -29.428520 
rand_2969 3.246882 1.000000 3.237352 -5.648635 -1.024066 -57.033666 
rand_2970 0.630392 0.430000 1.700388 -1.569706 -0.031933 -23.540896 
rand_2971 3.016411 1.236216 4.678895 -2.742341 -0.144451 -29.804178 
rand_2972 2.267764 0.272113 4.063661 -2.045583 -0.066148 -42.925904 
rand_2973 4.877683 0.660000 0.563943 -4.358709 -0.505397 -33.646328 
rand_2974 2.166441 1.310000 4.087084 -5.565853 -0.979743 -42.407854 
rand_2975 2.324070 0.670000 1.261811 -4.162363 -0.444267 -18.992593 
rand_2976 2.310835 1.060000 1.397449 -2.222023 -0.082615 -21.344929 
rand_2977 1.962510 0.968095 13.394671 -2.405061 -0.100436 -11.012367 
rand_2978 1.276222 1.010000 0.237538 -2.350063 -0.094737 -27.617864 
rand_2979 2.986464 0.960000 0.887141 -2.376260 -0.099001 -19.961583 
rand_2980 5.308222 1.070471 1.555502 -1.091441 -0.012100 -28.791152 
rand_2981 4.575801 1.140000 3.538705 -2.557856 -0.119725 -41.389014 
rand_2982 3.604335 1.330000 3.698816 -4.866657 -0.676435 -38.449111 
rand_2983 2.737315 0.808230 2.480463 -2.380319 -0.099947 -34.226376 
rand_2984 1.690906 0.569295 6.302388 -0.731704 -0.004078 -40.211651 
rand_2985 4.456504 1.100000 0.785312 -5.741180 -1.049443 -32.566680 
rand_2986 2.798363 0.276448 1.739976 -4.560899 -0.566089 -40.365015 
rand_2987 1.878777 1.329259 1.683422 -0.556141 -0.001881 -20.664952 
rand_2988 1.684094 0.740000 1.750818 -3.551692 -0.288760 -35.445268 
rand_2989 2.469193 1.060000 3.177749 -3.539232 -0.285399 -52.361196 
rand_2990 3.077802 0.856756 25.755523 -1.092313 -0.011922 -11.357369 
rand_2991 2.649421 0.870000 2.120535 -3.799847 -0.350085 -28.281448 
rand_2992 2.087617 1.280000 6.908528 -5.377346 -0.893709 -35.973169 
rand_2993 1.972066 1.120000 6.567597 -4.281053 -0.475012 -46.018505 
rand_2994 2.583796 0.390000 1.228344 -3.409958 -0.260508 -42.104323 
rand_2995 2.802908 1.062692 18.526604 -1.471658 -0.026638 -14.317662 
rand_2996 2.613275 1.192911 1.623510 -0.563381 -0.002008 -28.671836 
rand_2997 2.244817 1.229989 2.449594 -3.060781 -0.198183 -26.698863 
rand_2998 2.233627 0.590000 5.514737 -6.701516 -1.593041 -43.769694 
rand_2999 2.959301 1.100000 5.425810 -4.897885 -0.688586 -34.777720 
