pl_orbper	st_mass	planet_mass	env_mass
323.21	2.09	-0.3018300957548305	-0.01207320383019322
516.21997	2.78	-1.9055046153920727	-0.0762201846156829
186.76	1.78	-8.090864399970796	-0.32363457599883183
1765.0389	0.91	-3.1707208354154752	-0.12682883341661902
1773.40002	0.9	-7.371266456521246	-0.29485065826084983
799.45	0.98	-8.18461426141759	-0.3273845704567036
798.5	0.99	-10.58488064418528	-0.4233952257674112
800.8	1.0	-7.908483951915708	-0.31633935807662833
798.5	1.08	-6.857486897623345	-0.2742994759049338
578.38	1.22	-18.8810680761452	-0.7552427230458081
982.85	2.1	-20.1889373950494	-0.807557495801976
30.33	1.05	-19.561457119539032	-0.7824582847815613
452.8	1.54	-5.001498590662412	-0.20005994362649648
406.0	0.48	-4.662759661550545	-0.1865103864620218
335.1	1.16	-17.503755052718137	-0.7001502021087255
345.4	1.16	-13.758846045423972	-0.5503538418169589
335.10001	1.93	-8.313381927736824	-0.33253527710947295
270.27	1.23	-14.619677804259407	-0.5847871121703763
479.1	0.98	-9.25106139741615	-0.37004245589664597
1076.6	1.06	-4.914071500305462	-0.19656286001221848
1078.0	1.06	-4.94749642243837	-0.19789985689753478
14002.0	1.06	-11.599870415800874	-0.46399481663203496
14965.0	1.65	-8.801237164742295	-0.3520494865896918
4.2307969	1.07	-14.771012340076155	-0.5908404936030462
4.231	1.04	-8.104423117439117	-0.3241769246975647
4.230785	1.03	-4.975049607283895	-0.1990019842913558
14.6516	0.91	-7.002260646519031	-0.2800904258607612
14.465314	0.9	-12.275912325321976	-0.49103649301287905
14.648	0.85	-15.44874336122614	-0.6179497344490456
14.65171	0.97	-6.497569029173764	-0.25990276116695055
14.65162	0.9	-3.0856831635279205	-0.12342732654111682
44.38	0.9	-13.2883940392712	-0.531535761570848
44.4175	0.95	-5.289529629433691	-0.21158118517734764
44.3989	0.91	-1.3927502810876127	-0.055710011243504505
43.93	0.95	-11.991060385453883	-0.47964241541815533
4517.4	0.95	-1.0106648330557013	-0.040426593322228054
5370.0	0.9	-9.51611183916893	-0.38064447356675724
5574.2	0.91	-7.009620907633573	-0.2803848363053429
4867.0	0.9	-12.067451584943115	-0.4826980633977246
5360.0	0.95	-1.2519477384186635	-0.05007790953674654
4820.0	0.97	-12.422966575385376	-0.49691866301541504
4825.0	0.95	-7.12712109105327	-0.28508484364213077
0.737	0.87	-2.3047705501759332	-0.09219082200703733
0.7365474	0.91	-9.446352226794339	-0.3778540890717736
0.7365515	0.95	-14.847003331523352	-0.5938801332609341
0.736539	0.9	-25.049513493759378	-1.0019805397503752
2.79674	0.9	-2.7915624152997314	-0.11166249661198925
0.73654	0.96	-5.638300753016624	-0.22553203012066497
260.91	0.9	-9.652487750386495	-0.38609951001545983
260.0	0.9	-7.374262583322707	-0.2949705033329083
261.2	0.9	-13.909064728245811	-0.5563625891298325
259.88	0.91	-7.2111660806976525	-0.2884466432279061
262.0	0.95	-5.759396712009015	-0.2303758684803606
899.0	1.7	-2.9357564421687945	-0.11743025768675178
874.774	1.82	-1.2893802858170347	-0.051575211432681387
919.86	1.32	-21.634085560973226	-0.865363422438929
934.3	1.44	-7.926075718529209	-0.31704302874116835
38.0957	0.91	-18.411752754558663	-0.7364701101823465
38.021	0.94	-1.0165614896590591	-0.040662459586362366
123.01	0.94	-0.46290255330353625	-0.01851610213214145
763.0	1.52	-15.58870413850341	-0.6235481655401364
735.1	1.34	-13.785150355193688	-0.5514060142077475
116.6884	1.11	-7.432389955102451	-0.29729559820409807
116.6926	1.09	-12.782627097221162	-0.5113050838888465
116.69335	1.06	-4.187051352691469	-0.16748205410765876
691.9	2.49	-8.010404111835303	-0.32041616447341215
2051.62	1.92	-7.3367876046895475	-0.2934715041875819
93.4	1.8	-4.344480660590115	-0.1737792264236046
1005.57	1.23	-13.705555068054208	-0.5482222027221684
181.4	1.4	-5.071217929563758	-0.20284871718255035
7520.0	1.2	-16.6365913057746	-0.665463652230984
8.463	0.5	-10.985122588050952	-0.4394049035220381
8.46308	0.51	-9.779689988316573	-0.3911875995326629
8.463	0.5	-4.219700627457159	-0.16878802509828636
8.4631427	0.6	-10.425030690278597	-0.4170012276111439
18.85969	0.51	-1.3734445678749536	-0.05493778271499815
12.73596	0.51	-6.7450336893883	-0.269801347575532
268.94	0.86	-8.680155190746031	-0.3472062076298413
268.94	0.49	-22.02803744141861	-0.8811214976567445
621.99	2.8	-1.7924243692270334	-0.07169697476908134
578.2	0.8	-4.08344950032034	-0.1633379800128136
41.688644	0.96	-7.423778694994791	-0.29695114779979165
307.88	0.81	-5.155560716728816	-0.20622242866915266
733.0	1.09	-1.489617454555409	-0.059584698182216365
2590.0	1.52	-0.22364612122081284	-0.008945844848832514
265.59	0.91	-6.040363747395922	-0.2416145498958369
1230.0	0.82	-10.137459608657542	-0.4054983843463017
125.94	0.7	-0.29337135070434883	-0.011734854028173954
3.48777	1.01	-3.3619446853221264	-0.13447778741288505
3.48777	1.47	-10.383194836322648	-0.41532779345290594
3.487	1.1	-8.360376854761977	-0.3344150741904791
1667.0	0.57	-22.302856482089773	-0.8921142592835909
1634.0	0.65	-11.55551477514619	-0.4622205910058476
714.29999	2.12	-2.2700623489348226	-0.09080249395739291
4.2889731	1.41	-15.739889254924481	-0.6295955701969793
655.59998	0.31	-14.109422362514142	-0.5643768945005657
655.57	0.74	-13.764739245286254	-0.5505895698114501
6360.0	0.68	-5.598060062129343	-0.22392240248517373
6240.0	0.69	-15.987861855164816	-0.6395144742065927
3.1533	0.16	-18.78602759158537	-0.7514411036634148
10037.5	0.02	-11.89144210406894	-0.4756576841627576
1.5089557	1.03	-1.4389291253135845	-0.05755716501254338
1.5089557	0.95	-4.210128829770119	-0.1684051531908048
13.2406	0.89	-2.9270649066396093	-0.11708259626558437
13.2406	0.89	-4.170473611740356	-0.16681894446961423
13.2406	0.9	-19.204493319783268	-0.7681797327913307
2.99427803	1.27	-0.2973592582592609	-0.011894370330370437
2.99433	1.26	-15.38570797764814	-0.6154283191059257
2.994325	1.23	-3.4410354101506835	-0.13764141640602734
2.99433	1.27	-8.009221021093383	-0.32036884084373535
2.828042	1.08	-4.788512711529972	-0.19154050846119888
2.828042	1.08	-7.65767059886112	-0.3063068239544448
4.03519	1.09	-7.566490848071325	-0.302659633922853
4.03519	1.09	-9.117605858675887	-0.36470423434703547
1.51214	1.13	-8.689065569812037	-0.34756262279248146
3.7681	1.04	-11.125014594025043	-0.4450005837610017
1.9000693	0.95	-18.968441134727918	-0.7587376453891167
1.9000693	0.95	-6.30684959417109	-0.2522739837668436
1.90009	0.88	-4.43871091254568	-0.17754843650182722
3.89713	1.21	-22.202395517385007	-0.8880958206954003
3.8971379	1.21	-4.435525442198201	-0.17742101768792803
1.7429975	0.97	-1.028706339990678	-0.04114825359962712
1.7429935	1.0	-7.1434143180965535	-0.28573657272386216
1.7429935	1.02	-8.345892848008411	-0.33383571392033645
1.74299673	0.97	-2.4771429953613127	-0.09908571981445251
9.24285	1.11	-4.248934591813385	-0.1699573836725354
9.24285	1.14	-7.84849098812151	-0.3139396395248604
9.24285	1.14	-8.750464018553368	-0.3500185607421347
1675.0	1.14	-11.70060316004047	-0.46802412640161883
2.72474	1.29	-6.221188219796479	-0.24884752879185917
9.75598	1.1	-14.803394465822294	-0.5921357786328918
3.6313	1.14	-13.833483143780594	-0.5533393257512238
3.6313	1.12	-15.748018239344908	-0.6299207295737963
3.6313	1.14	-5.544627457928236	-0.22178509831712945
5.1134	0.91	-18.573965953083075	-0.742958638123323
11.759	0.91	-15.898897221485445	-0.6359558888594178
4.86069	1.09	-4.021981117590303	-0.16087924470361212
4.20474	1.09	-0.8529697874777764	-0.03411879149911106
3.57532	1.05	-2.981854585194909	-0.11927418340779637
3.57532	1.05	-2.5242144088058067	-0.10096857635223228
5.20851	1.01	-10.320706442050769	-0.41282825768203074
2.85057	0.97	-1.3966473817893097	-0.05586589527157239
2.8505615	0.9	-3.85586174648242	-0.15423446985929679
4.2567994	1.4	-9.693451136424041	-0.38773804545696167
4.2568	1.37	-0.4000444684586803	-0.01600177873834721
4.2567994	1.37	-8.631681646504434	-0.34526726586017736
9.06005	0.98	-14.70507969565963	-0.5882031878263853
4.62941	1.25	-7.103490793844755	-0.2841396317537902
5.616531	1.32	-8.862565992223505	-0.3545026396889402
9.20205	1.16	-3.8215639479421135	-0.15286255791768455
4.0379156	0.99	-4.800277775425281	-0.19201111101701124
4.0378962	1.0	-6.949981226221041	-0.27799924904884166
4.0378962	1.0	-10.189397588932886	-0.40757590355731543
8.886593	1.05	-9.679840242590906	-0.38719360970363625
0.85359159	0.91	-6.237168506778234	-0.24948674027112938
0.853585	0.9	-14.307353678700856	-0.5722941471480343
0.85359165	0.9	-18.650603390416293	-0.7460241356166517
3.697	0.92	-12.66065630921372	-0.5064262523685489
3.7	0.9	-5.952516370337521	-0.23810065481350084
6.212381	0.88	-3.1841308873800194	-0.1273652354952008
6.21229	0.88	-0.5579784878030487	-0.022319139512121947
6.212445	0.89	-3.5692152740279193	-0.1427686109611168
95.272656	0.96	-11.882055010959165	-0.4752822004383666
95.2738	0.96	-4.434313886485419	-0.17737255545941674
6.7183678	1.08	-8.478178322004085	-0.33912713288016344
4098.1	0.51	-9.902510681268373	-0.3961004272507349
18.57	1.21	-3.504736334241156	-0.14018945336964625
2.882	1.21	-5.435904558190201	-0.21743618232760803
6.6732	0.87	-7.970901770043722	-0.31883607080174886
10220.0	0.69	-11.246354935756404	-0.4498541974302562
8.1387	0.96	-15.55709326131872	-0.6222837304527488
6.7987	0.29	-5.912995820194858	-0.23651983280779434
28.1656	0.41	-9.280777451690469	-0.3712310980676187
2.13174	0.78	-13.108553294953097	-0.524342131798124
0.87703	1.02	-4.47881749278344	-0.1791526997113376
2.71578	0.67	-8.717536834385337	-0.34870147337541346
2.0478	0.73	-1.1779156976145977	-0.04711662790458391
4.16959	0.8	-12.951117966230967	-0.5180447186492387
8.050722	0.88	-27.28317217184818	-1.0913268868739272
8.0468	0.91	-12.833314888248156	-0.5133325955299263
4.50756	0.93	-16.490983995003916	-0.6596393598001566
1.58252	0.71	-26.140918246453374	-1.045636729858135
17.515472	0.83	-1.5699482472360042	-0.06279792988944018
21.169619	0.61	-5.275936153804853	-0.21103744615219414
21.1595	0.59	-7.52772027348948	-0.3011088109395792
5.213	0.83	-3.684229676648888	-0.1473691870659555
5.213965	0.83	-1.3689168261077662	-0.05475667304431065
18.0983	1.11	-22.268092508058505	-0.8907237003223402
15.2841	0.95	-15.56423071653815	-0.622569228661526
23.228555	0.99	-6.086386409056717	-0.24345545636226867
23.24110566	1.13	-15.136554187752976	-0.605462167510119
23.226	1.13	-10.636081329078882	-0.4254432531631553
13.603	0.72	-2.297227161146468	-0.09188908644585872
65.55	0.69	-14.229677857131097	-0.5691871142852439
0.70531	0.94	-5.7603695213537485	-0.23041478085414993
0.571292	0.94	-4.374235520211078	-0.17496942080844313
0.571299	0.97	-12.225707408932067	-0.4890282963572827
0.571	0.9	-10.270155317680334	-0.4108062127072134
0.571292	0.95	-4.960535389166879	-0.19842141556667517
13.339079	0.97	-9.54244259055243	-0.3816977036220972
13.341245	0.93	-3.261898434444405	-0.13047593737777619
16.13655	1.07	-5.145809978505337	-0.20583239914021348
6.1802679	1.32	-6.068786396320444	-0.24275145585281777
3650.0	0.9	-24.213375923911997	-0.9685350369564799
15.624	1.05	-8.397309452483883	-0.33589237809935535
35.747	1.05	-10.718544067805286	-0.4287417627122115
2.30538	0.3	-2.24508778059519	-0.0898035112238076
5.7459996	0.29	-7.548475086782826	-0.301939003471313
5.7459982	0.3	-21.67388418353829	-0.8669553673415317
10.3465	0.12	-8.632314318560153	-0.34529257274240616
21.202	0.12	-6.0861940099596765	-0.24344776039838706
3.204	0.12	-18.01584780779507	-0.7206339123118027
6.689	0.12	-7.680234224681081	-0.30720936898724327
13.031	0.12	-14.691765432785848	-0.587670617311434
1.62892911	0.19	-3.1727668817417864	-0.12691067526967145
1.62893	0.18	-8.49806203957396	-0.3399224815829584
1.6289287	0.18	-5.1738996537376245	-0.20695598614950497
1.6289304	0.18	-4.569353596065739	-0.18277414384262958
41.375	0.37	-17.562421399872242	-0.7024968559948898
535.9	0.37	-1.8197622459566447	-0.07279048983826579
532.58	0.34	-1.5312234401783142	-0.06124893760713257
1.58040457	0.16	-7.104348947049663	-0.2841739578819865
1.58040454	0.16	-9.861659678298247	-0.3944663871319299
1.58040433	0.18	-6.70669655323893	-0.2682678621295572
1.58040417	0.18	-2.3957780667263613	-0.09583112266905446
1.58040835	0.18	-17.41014800129585	-0.696405920051834
1.58040482	0.16	-8.33662959080519	-0.3334651836322076
1.58040487	0.15	-3.891762872256197	-0.15567051489024789
1.5804049	0.16	-6.324452671497491	-0.25297810685989963
0.5182331	0.38	-16.89583468267295	-0.6758333873069181
0.5182464	0.38	-2.4058823650876624	-0.0962352946035065
3.6511	0.18	-15.13848529540524	-0.6055394118162096
35.589	0.76	-21.969329040717668	-0.8787731616287067
11.4432	0.4	-10.876139807617829	-0.4350455923047132
2333.0	0.39	-8.131984618579608	-0.32527938474318435
2303.0	0.36	-0.6575742653295271	-0.026302970613181084
17.38	0.43	-3.477667631733127	-0.1391067052693251
106.3	0.43	-0.79123093589256	-0.0316492374357024
69.971	0.62	-17.663352314979086	-0.7065340925991634
526.115	0.58	-7.343756856977164	-0.29375027427908657
14.238	0.36	-4.217841471612697	-0.1687136588645079
18.6498	0.29	-6.8479090826640565	-0.27391636330656227
11.949	0.47	-0.95684397887273	-0.0382737591549092
1.22003	0.68	-8.654449445466158	-0.34617797781864634
5.974	0.68	-2.0847718492023186	-0.08339087396809275
257.8	0.68	-9.937355088335392	-0.3974942035334157
692.0	0.42	-1.9382331715689172	-0.0775293268627567
692.9	0.26	-14.818413777667088	-0.5927365511066836
695.36	0.45	-12.693116583215573	-0.507724663328623
5312.0	0.24	-7.866898520220934	-0.3146759408088374
6739.323	0.42	-4.159917637770294	-0.1663967055108118
10000.0	0.42	-5.862411178134801	-0.23449644712539205
10.66669	0.89	-0.46459937996741685	-0.018583975198696673
4100.0	0.69	-11.21932630234394	-0.4487730520937576
30.5987	0.42	-18.39120377219985	-0.7356481508879941
122.6196	0.42	-7.42949802066479	-0.2971799208265916
123.75	0.42	-19.768757082684946	-0.7907502833073978
48.1345	0.42	-1.1002401968301703	-0.04400960787320681
13.2543	0.42	-2.392304870133445	-0.0956921948053378
40.54	0.16	-5.720843724049944	-0.22883374896199776
14.207	0.47	-3.96818576019327	-0.15872743040773082
24.45	0.64	-1.3301663670359956	-0.05320665468143982
3.336665	0.5	-10.630428593620593	-0.4252171437448237
3.33714	0.54	-2.664720496910097	-0.10658881987640388
3.336649	0.51	-2.2709108150268023	-0.09083643260107209
3.3366487	0.51	-8.637240264318683	-0.3454896105727473
3.336649	0.5	-12.068337176404501	-0.4827334870561801
3.33665	0.54	-18.17594578254026	-0.7270378313016105
1.1980035	0.36	-4.255446891662674	-0.17021787566650698
15.509	0.36	-9.396399058490127	-0.3758559623396051
203.69	0.12	-13.511900367245318	-0.5404760146898128
3.930623	0.34	-5.435620933987332	-0.21742483735949328
3.93072	0.34	-18.5334018063883	-0.7413360722555321
3.9306	0.34	-0.30108731969191077	-0.01204349278767643
55.661	0.34	-5.229147827093676	-0.20916591308374707
2.64561	0.45	-4.1586926434441125	-0.1663477057377645
0.321962	0.45	-4.616804230908551	-0.18467216923634205
2.6162745	0.31	-5.672340624277474	-0.22689362497109897
2.616235	0.31	-12.30611478489974	-0.49224459139598964
15.04	0.31	-32.505926330725856	-1.3002370532290344
7.02679	0.43	-0.32719375104568005	-0.013087750041827202
6.905	0.63	-7.1711650328522225	-0.2868466013140889
13.74	0.5	-1.648848626580707	-0.06595394506322828
12.9382	0.39	-6.4329506406447345	-0.25731802562578937
50.8	0.65	-5.675764463972947	-0.2270305785589179
51.625	0.69	-2.886883620326931	-0.11547534481307724
744.7	0.69	-3.1515350673981097	-0.1260614026959244
26.161	0.35	-18.318251694531035	-0.7327300677812414
20.129	0.35	-3.452776548039649	-0.13811106192158595
7.3709	0.59	-8.016902573140122	-0.3206761029256049
7.3705	0.48	-12.65620549074065	-0.506248219629626
7.3697	0.48	-3.5792796540316574	-0.1431711861612663
3400.0	0.48	-11.85760898426284	-0.4743043593705136
2.644	0.42	-9.988750955942672	-0.3995500382377069
2.64385	0.45	-10.541283380474269	-0.42165133521897075
2.64389751	0.45	-10.235668002855766	-0.40942672011423065
2.643943	0.42	-6.6551089225124915	-0.26620435690049965
2.64389803	0.45	-7.245071128322594	-0.2898028451329038
2.6441	0.41	-5.090427872215072	-0.20361711488860287
2.64385	0.44	-5.944560087315839	-0.23778240349263358
2.6438979	0.45	-15.637894273768175	-0.6255157709507271
2.643859	0.42	-17.71581036715447	-0.7086324146861789
2.64388312	0.47	-10.84938431237521	-0.43397537249500845
3448.0	0.49	-13.224763624234056	-0.5289905449693623
3448.0	0.49	-7.446231063256008	-0.2978492425302403
9.567	0.45	-3.8920022441244218	-0.15568008976497688
1.46712127	0.31	-1.0062105196116973	-0.04024842078446789
1.4671205	0.33	-2.81023146407632	-0.1124092585630528
140.43	0.51	-3.382055006052202	-0.1352822002420881
8.7076	0.52	-7.212805703178861	-0.28851222812715444
5.3686	0.31	-18.097322946754993	-0.7238929178701997
5.36841	0.31	-7.2543445356145835	-0.29017378142458333
5.366	0.31	-2.6873337449445094	-0.10749334979778037
12.919	0.31	-14.097305103135962	-0.5638922041254385
12.9191	0.31	-2.299740519297265	-0.0919896207718906
12.9144	0.32	-6.914952854086729	-0.2765981141634692
12.914	0.31	-0.362840950944308	-0.01451363803777232
3.14867	0.31	-0.7064127164331534	-0.028256508657326138
3.149	0.31	-13.440196670212977	-0.5376078668085191
604.8	0.53	-13.403265186377919	-0.5361306074551168
598.3	0.54	-5.678354889393482	-0.2271341955757393
600.1	0.51	-7.460932964652759	-0.2984373185861104
62.24	0.33	-10.563210311390325	-0.422528412455613
256.2	0.33	-1.2350923881933205	-0.04940369552773282
4.6938	0.35	-4.594367724984256	-0.18377470899937023
1051.44521	0.63	-5.472389267776926	-0.21889557071107704
1050.3	0.71	-17.789052228573816	-0.7115620891429526
13921.42302	0.63	-10.91378904914823	-0.4365515619659292
3.6	0.71	-23.199218995358834	-0.9279687598143533
3.60076	0.63	-5.228680169020885	-0.2091472067608354
35.37	0.71	-0.4031575647679446	-0.016126302590717786
17.478	0.27	-2.4172131693059455	-0.09668852677223783
57.32	0.27	-2.0835215514999277	-0.0833408620599971
24.16	0.55	-5.260817020182989	-0.21043268080731956
38.142	0.4	-11.233622212828951	-0.44934488851315807
38.152	0.42	-7.092248939700278	-0.28368995758801113
727.562	0.4	-8.00370107739989	-0.32014804309599565
5.101284	0.53	-2.1132262782743547	-0.08452905113097418
0.9263237	0.41	-7.835298210457203	-0.31341192841828813
6.64064	0.41	-17.974158213968295	-0.7189663285587318
3507.0	0.44	-7.31825632532203	-0.2927302530128812
3853.0	0.45	-11.362029644358028	-0.4544811857743211
3657.0	0.45	-2.02929509979732	-0.0811718039918928
1890.0	0.49	-3.6347443654352602	-0.1453897746174104
1882.0	0.65	-12.13570360956791	-0.4854281443827164
1925.31	0.45	-5.368480888222555	-0.2147392355289022
1940.0	0.5	-2.2327294183065756	-0.08930917673226302
1924.0	0.46	-11.702946989978203	-0.46811787959912815
7068.0	0.49	-0.4144755020211823	-0.01657902008084729
5990.0	0.45	-1.2972015678884092	-0.05188806271553637
15.76491	0.93	-2.8486644577304885	-0.11394657830921955
61.082	0.34	-7.444238834890571	-0.29776955339562283
60.83	0.34	-0.6152540530651809	-0.024610162122607235
61.087	0.37	-3.9474744136570674	-0.1578989765462827
61.03474	0.37	-11.004889968665495	-0.4401955987466198
61.065	0.33	-9.001435832792165	-0.3600574333116866
30.0881	0.32	-10.317203225413841	-0.41268812901655366
30.22902	0.37	-1.5800432294585673	-0.0632017291783427
30.259	0.33	-11.075306632092994	-0.4430122652837198
30.12	0.34	-1.053482215485087	-0.04213928861940348
30.455	0.34	-12.693018046785806	-0.5077207218714322
1.93778	0.34	-18.565491798397744	-0.7426196719359098
1.937916	0.37	-5.188188473233701	-0.20752753892934805
1.937848	0.37	-7.78312966087183	-0.3113251864348732
1.938	0.34	-6.178893299238715	-0.2471557319695486
124.5	0.37	-25.256864406556026	-1.0102745762622412
124.4	0.34	-4.06093394057601	-0.16243735762304043
21.789	0.49	-19.55846595384343	-0.7823386381537373
284.39	0.44	-13.604851071849868	-0.5441940428739948
767.887	0.15	-10.954229098871751	-0.43816916395487004
13.4586	0.62	-15.720616941395306	-0.6288246776558123
73.94	0.6	-10.636140217893116	-0.4254456087157247
18.27	0.59	-18.629625696594054	-0.7451850278637622
19240.75467	0.67	-2.3461737688220303	-0.09384695075288121
1.2089819	0.61	-15.391674419076857	-0.6156669767630742
1.2089802	0.61	-0.6499254429337097	-0.025997017717348386
3.64823	0.64	-9.122077234335384	-0.36488308937341535
3.648103	0.62	-18.630743531703025	-0.745229741268121
3.648096	0.61	-11.149706660394807	-0.4459882664157923
3.6480957	0.61	-13.963288690598976	-0.5585315476239591
6.2014698	0.61	-1.0605300415228704	-0.04242120166091482
6.20142	0.64	-5.9760283953093	-0.23904113581237202
6.20183	0.62	-16.44163881022374	-0.6576655524089496
6.20141	0.66	-7.125012399363059	-0.28500049597452237
3.822	0.56	-13.45372287477464	-0.5381489149909856
13.8508	0.52	-8.006386855943035	-0.3202554742377214
15.53209	0.42	-5.147731198915499	-0.20590924795661994
15.53	0.43	-1.1612923158764406	-0.04645169263505762
4.46529976	1.13	-1.752750746914061	-0.07011002987656244
4.4652934	1.12	-5.7483223055146055	-0.22993289222058422
4.46543	1.13	-22.9002225899985	-0.91600890359994
4.4652934	1.13	-8.978224184224764	-0.3591289673689906
4.46529913	1.13	-15.405948938484187	-0.6162379575393675
4.4652934	1.13	-4.683716755305846	-0.18734867021223384
4.88780271	0.83	-4.933741142095191	-0.19734964568380764
4.8878009	0.81	-0.20772409163293748	-0.0083089636653175
4.88780308	0.77	-11.81701046628151	-0.47268041865126037
4.88780308	0.83	-7.307578495747971	-0.29230313982991885
4.8878162	0.81	-8.347293946921573	-0.3338917578768629
4.88780271	0.83	-4.989410015814042	-0.19957640063256168
3.21305762	0.73	-18.812896902789976	-0.7525158761115991
3.21	0.74	-17.498110927896192	-0.6999244371158477
3.21305929	0.73	-0.9139875417640908	-0.036559501670563634
3.21305751	0.73	-8.929404860307928	-0.3571761944123171
3.2130598	0.73	-12.389442873460803	-0.4955777149384321
3.2130579	0.73	-2.5447050353817184	-0.10178820141526874
2.9162381	1.32	-19.365266514041757	-0.7746106605616703
2.9162383	1.32	-6.822513760618515	-0.2729005504247406
2.9162383	1.22	-16.345338756553033	-0.6538135502621214
2.91626	1.22	-2.364892780231517	-0.09459571120926068
445.82	1.32	-2.567570778054269	-0.10270283112217075
445.82	1.32	-0.5979852596344986	-0.023919410385379942
428.5	1.22	-12.03542028727069	-0.4814168114908276
4.627682	1.39	-20.93198122228775	-0.83727924889151
4.627649	1.32	-3.0300253914785253	-0.12120101565914101
4.6276594	1.43	-0.663091006394801	-0.02652364025579204
4.62767	2.65	-8.719360109479464	-0.34877440437917856
4.62766098	1.39	-0.734272388815722	-0.02937089555262888
4.6276691	1.42	-0.959223246637211	-0.03836892986548844
4.6276623	1.39	-5.158273515670561	-0.20633094062682245
10.86345165	1.01	-10.15401031802914	-0.4061604127211656
10.863502	1.01	-15.397592196034163	-0.6159036878413665
10.863502	1.01	-2.094994494456596	-0.08379977977826383
2.77596748	1.22	-2.814299052307714	-0.11257196209230856
2.7759712	1.22	-17.78483215005656	-0.7113932860022624
2.77596	1.2	-9.731639717681428	-0.38926558870725714
10.338523	0.86	-2.637234659836008	-0.10548938639344031
10.3385346	0.86	-10.480003590506106	-0.41920014362024427
5584.0	0.92	-6.998221066055529	-0.2799288426422212
5.50802941	0.77	-5.983655191330859	-0.2393462076532344
5.5080291	0.77	-3.4274426279328294	-0.13709770511731317
5.508023	0.77	-14.152472960521992	-0.5660989184208797
5.507978	0.77	-4.597935097403912	-0.1839174038961565
5.50803	0.77	-1.9991709052812334	-0.07996683621124934
4.008778	0.84	-16.934595980302237	-0.6773838392120896
4.00878423	0.84	-18.586371230221463	-0.7434548492088585
4.00878322	0.81	-20.143026622232895	-0.8057210648893158
4.008778	0.84	-17.496655155240294	-0.6998662062096118
4.0087842	0.83	-6.04140952601767	-0.2416563810407068
5.63346785	1.31	-32.98075290582425	-1.3192301162329698
5.6335152	1.33	-10.64036479877764	-0.42561459195110557
5.6334729	1.28	-14.3450772714205	-0.57380309085682
5.63347	1.93	-8.579279284054211	-0.34317117136216846
5.63341	1.3	-17.149425280599264	-0.6859770112239706
5.6335158	1.33	-13.003462952360612	-0.5201385180944245
5.63346964	1.33	-6.201843693660834	-0.24807374774643337
5.6334729	1.36	-19.245471999760785	-0.7698188799904314
8500.0	1.33	-2.842686276214425	-0.113707451048577
2.8753186	0.76	-11.58633610620488	-0.46345344424819523
2.87531773	0.76	-16.353935912539598	-0.6541574365015839
2.8753187	0.73	-4.183128444752957	-0.1673251377901183
2.87531693	0.76	-7.999100078467552	-0.3199640031387021
4.124481	0.95	-15.045110846611902	-0.6018044338644761
4.124481	0.95	-5.538467740985337	-0.22153870963941347
4.12448852	0.95	-7.061496350950928	-0.28245985403803714
4.1244799	1.24	-1.277001110178909	-0.051080044407156355
3.21222	1.13	-15.911098999986066	-0.6364439599994427
3.21223328	0.94	-15.19108614444236	-0.6076434457776945
1.2128864	1.13	-5.224430058106961	-0.20897720232427844
3.355246	1.19	-16.527018600592744	-0.6610807440237098
3.35524	1.19	-3.14000360019885	-0.125600144007954
3.35524	1.37	-0.7626349989789255	-0.03050539995915702
3.35524439	1.19	-3.2001852386207155	-0.12800740954482862
3.3552479	1.19	-6.732829910211723	-0.2693131964084689
3.65281591	0.99	-0.8628567508906988	-0.03451427003562795
3.65281514	1.01	-6.971362037431451	-0.27885448149725806
3.652836	1.01	-12.110631739027733	-0.4844252695611093
4.2345002	0.82	-5.120901698125829	-0.20483606792503317
4.234516	0.82	-4.169646877897959	-0.16678587511591836
4.234503	0.82	-18.298181445653203	-0.7319272578261281
4.2345023	0.85	-16.20355124961427	-0.6481420499845709
3.0395803	0.92	-10.76897717305486	-0.43075908692219445
3.03957804	0.94	-0.15670728878028356	-0.006268291551211343
3.039577	0.92	-16.70673455558629	-0.6682693822234517
3.25721296	1.02	-4.1715979668075205	-0.16686391867230083
3.2572129	1.02	-9.518397990320283	-0.38073591961281134
3.257215	1.02	-5.779636674956091	-0.23118546699824363
5.723371	1.21	-6.757302748809621	-0.27029210995238484
5.72339	1.21	-8.710789970190463	-0.34843159880761854
5.72319	1.45	-10.35447637453235	-0.41417905498129404
5.723186	1.21	-18.705745286031394	-0.7482298114412558
2.899703	0.93	-6.14717098778202	-0.2458868395112808
2.899736	0.92	-7.723598993048956	-0.30894395972195826
2.89973815	0.93	-3.7611637903815853	-0.1504465516152634
2.899736	0.93	-12.041243673943134	-0.4816497469577254
2.899703	0.94	-3.349772896047465	-0.1339909158418986
2.8106016	1.24	-11.98748861198087	-0.4794995444792348
2.81060097	1.24	-8.105458503081104	-0.3242183401232442
2.810595	1.24	-7.5945021341444345	-0.3037800853657774
5.005419	1.31	-5.313557673494712	-0.21254230693978848
5.0052724	1.15	-5.826099705229591	-0.23304398820918365
5.00542	1.31	-1.8733963341694602	-0.07493585336677841
5.005425	1.22	-19.553830945008094	-0.7821532378003238
5.005425	1.22	-12.680458234988413	-0.5072183293995365
2.150008	1.16	-8.917979255368598	-0.3567191702147439
2.1500085	1.16	-15.592928975404455	-0.6237171590161782
2.1500082	1.16	-6.868977431768557	-0.27475909727074227
2.15001	1.09	-1.297399168031805	-0.0518959667212722
2.1500082	1.13	-17.414737637849708	-0.6965895055139883
3.4744767	1.38	-1.7662959625231638	-0.07065183850092656
3.474474	1.38	-15.150988970701844	-0.6060395588280738
3.47447	1.82	-7.179723024514016	-0.28718892098056065
3.47447703	1.38	-15.778572005366513	-0.6311428802146606
3.474474	1.38	-5.987152205009642	-0.2394860882003857
5.452654	1.39	-23.848668935911565	-0.9539467574364626
3.646706	1.24	-3.313419944259153	-0.13253679777036614
3.6466566	1.18	-0.21087079220934768	-0.008434831688373907
3.64671	23.56	-9.218275526111132	-0.3687310210444453
1.32734683	1.03	-6.0412244441130145	-0.24164897776452057
1.327347	1.02	-19.3973909892906	-0.775895639571624
1.3273468	1.03	-14.226832870878965	-0.5690733148351587
1.32734681	1.02	-2.483991037845934	-0.09935964151383736
1.32735	0.78	-14.507615005366514	-0.5803046002146606
2.797436	0.93	-6.261303408737315	-0.2504521363494926
2.79744256	0.93	-4.161475795360774	-0.16645903181443097
4.640382	0.89	-1.285201495749983	-0.051408059829999325
3.54387	1.4	-6.6441023630233955	-0.2657640945209358
3.0565195	0.56	-13.380942522197696	-0.5352377008879079
3.0565195	1.27	-3.488247283339725	-0.139529891333589
3.056536	1.26	-16.911581610580228	-0.6764632644232091
3.0565254	1.25	-12.0525471479558	-0.482101885918232
3.056328	1.26	-14.309757371793308	-0.5723902948717323
4.457243	1.51	-11.239511215266683	-0.4495804486106673
4.45724	1.03	-0.2122881747885748	-0.008491526991542993
4.4572184	1.51	-11.350276513698978	-0.4540110605479591
4.4572173	1.51	-7.585036694746945	-0.3034014677898778
2.6940497	1.42	-3.406590181186742	-0.1362636072474697
2.694047	1.42	-10.585331421187991	-0.4234132568475197
2.69405	2.56	-8.223986850451537	-0.32895947401806147
4.641878	1.18	-13.072300273567652	-0.5228920109427061
4.64183885	1.18	-0.695755226794182	-0.02783020907176728
4.641878	1.18	-2.4440036014013264	-0.09776014405605306
4.6418381	1.06	-0.2591266669242183	-0.010365066676968734
3.332687	1.05	-16.26909745397372	-0.6507638981589489
3.332687	1.05	-6.3502246217409875	-0.2540089848696395
3.332683	1.01	-28.673764551052148	-1.146950582042086
3.33268054	1.05	-10.612216527191176	-0.42448866108764705
3.3326414	1.03	-18.280686807953074	-0.731227472318123
4.30119	0.94	-24.35841708866068	-0.9743366835464272
4.3011886	0.86	-7.609682942348994	-0.30438731769395977
872.2	0.94	-2.1026294087489084	-0.08410517634995633
3.128992	1.26	-8.740394767490095	-0.3496157906996038
3.12899506	1.26	-10.851595114180805	-0.4340638045672322
3.1289923	0.99	-13.68499891502611	-0.5473999566010445
4.46313574	1.28	-13.200917379898039	-0.5280366951959216
4.463129	1.28	-5.201746130393459	-0.20806984521573835
2.6915535	1.54	-13.682096434861586	-0.5472838573944635
2.691548	1.54	-17.5138719749809	-0.7005548789992361
2.7884732	1.04	-18.506249504586226	-0.740249980183449
2.788491	1.04	-4.744906548577356	-0.18979626194309426
3.12200511	1.27	-2.0111684647914583	-0.08044673859165834
3.1220018	1.27	-3.3848993259337288	-0.13539597303734915
3.1220157	1.27	-1.0209130838454668	-0.04083652335381867
4.21802091	0.96	-4.903820139170463	-0.19615280556681852
4.21802122	0.98	-6.233650402181772	-0.2493460160872709
4.2180226	0.98	-1.62996733095066	-0.06519869323802639
2.7535965	0.84	-7.930178856513585	-0.3172071542605434
2.7535973	0.89	-18.154206686201892	-0.7261682674480757
1.96162371	1.09	-22.082008991749134	-0.8832803596699654
1.9616241	1.09	-2.8489168130326896	-0.11395667252130759
3.7998534	0.65	-22.420751649317808	-0.8968300659727123
3.799847	0.65	-10.224529617619867	-0.40898118470479466
3.5852329	1.01	-1.503065055330612	-0.06012260221322448
3.58523207	1.01	-5.065548885772463	-0.20262195543089853
3.5852467	1.01	-4.562174897173592	-0.1824869958869437
3.5852313	1.03	-6.18106588972122	-0.2472426355888488
2.79083	1.42	-14.984497323903009	-0.5993798929561204
2.790825	1.3	-10.604844192865782	-0.4241937677146313
2.7908327	1.3	-10.327369912761112	-0.4130947965104445
2.4653	2.77	-11.522947990087214	-0.4609179196034886
3.853003	1.29	-10.331364313513168	-0.4132545725405267
3.85299668	1.29	-1.0875949332888186	-0.04350379733155275
3.85298	1.79	-0.5328071557118077	-0.021312286228472307
4.7947813	1.44	-6.0709546181183125	-0.2428381847247325
1.90231289	1.0	-10.788901531492924	-0.43155606125971696
2.64532306	1.02	-4.937060769832238	-0.1974824307932895
2.6453235	1.02	-2.0752566556490075	-0.0830102662259603
3.377728	0.93	-8.93684805951162	-0.3574739223804648
4.007232	1.3	-1.2002827108618104	-0.04801130843447242
2.6054552	1.21	-2.9886078701949566	-0.11954431480779826
2.60544751	1.3	-18.817642137836394	-0.7527056855134557
2.972089	1.25	-12.391089585621875	-0.495643583424875
2.972086	1.25	-8.34165760176447	-0.33366630407057885
4.8101042	1.64	-6.961853793223627	-0.2784741517289451
2.29840555	0.68	-7.557654897352648	-0.3023061958941059
2.29840551	0.68	-8.36827315400493	-0.33473092616019723
4.7869491	1.65	-3.5028684180745726	-0.1401147367229829
2.2047363	1.47	-12.180600754455716	-0.48722403017822863
2.204736	1.47	-7.5228316334483685	-0.3009132653379347
2.20473536	1.52	-14.02303376780505	-0.560921350712202
2.20473542	1.35	-5.248249541575044	-0.20992998166300175
2.2047354	1.47	-2.529376678569941	-0.10117506714279766
2.20473536	1.52	-2.899553258663761	-0.11598213034655044
2.204737	1.35	-2.174070389721242	-0.08696281558884968
2.2047354	1.35	-2.29588631695272	-0.0918354526781088
2.20474	1.56	-8.226211874744948	-0.3290484749897979
2.20473542	1.45	-19.358797991494452	-0.7743519196597781
2.2047372	1.47	-12.47284967787987	-0.4989139871151948
2.204737	1.51	-2.616561747965937	-0.10466246991863748
2.20473536	1.47	-17.266324721630454	-0.6906529888652182
2.7443245	1.89	-10.280771282586603	-0.4112308513034641
2.74431939	1.89	-5.394389434158706	-0.21577557736634823
3.0763458	1.28	-15.651779504979586	-0.6260711801991835
3.0763776	1.28	-0.5410059461711024	-0.021640237846844098
3.0763433	1.28	-7.3544539367058475	-0.2941781574682339
3.922814	1.28	-0.28674496646139847	-0.011469798658455939
3.9228108	1.28	-3.010608430351638	-0.12042433721406552
3.92281131	1.28	-13.167446336271652	-0.5266978534508661
3.922814	1.28	-11.710783907043998	-0.4684313562817599
3.9228105	1.28	-7.424684763429768	-0.29698739053719075
3.4464553	0.99	-2.008922953055821	-0.08035691812223285
3.312846	1.1	-17.550662866488327	-0.7020265146595331
3.312846	1.1	-11.243187159598733	-0.4497274863839493
3.3128281	1.1	-14.160470599562265	-0.5664188239824907
3.6191613	1.0	-23.950118391736154	-0.9580047356694462
3.619188	1.33	-5.56553808446638	-0.2226215233786552
3.142846	1.21	-0.5447892582519713	-0.021791570330078853
3.0440499	0.96	-7.929214154814745	-0.3171685661925898
3.0440511	0.96	-1.2577229417751075	-0.0503089176710043
3.0440499	0.96	-0.8788410080531948	-0.03515364032212779
2.7667641	0.97	-6.310569814629343	-0.2524227925851737
2.766763	0.97	-4.440791027258433	-0.17763164109033733
1.74748753	0.87	-3.289335274512456	-0.13157341098049824
16.254688	1.13	-7.780136092160607	-0.3112054436864243
0.83784	1.04	-4.955331693666984	-0.19821326774667936
0.8378434	1.04	-18.214165949577875	-0.728566637983115
1.35413368	0.88	-0.5271508911643854	-0.021086035646575418
1.354133	0.88	-6.299485974320512	-0.2519794389728205
4.7228127	0.76	-10.482608900397924	-0.419304356015917
4.7228189	0.76	-25.282659063343765	-1.0113063625337506
2.1605107	1.12	-2.6680729759238315	-0.10672291903695326
2.1605156	1.12	-9.040120270834402	-0.3616048108333761
1.3484978	1.07	-17.371386403917985	-0.6948554561567194
1.3484975	1.22	-6.939053989941955	-0.2775621595976782
1.3484978	1.07	-2.18549744246401	-0.0874198976985604
4.298643	0.99	-11.026257680593778	-0.4410503072237511
4.2986432	0.99	-6.586207602584799	-0.263448304103392
3.3023928	1.3	-13.231168225751757	-0.5292467290300703
4.637038	1.42	-21.922249427274128	-0.8768899770909652
4.637038	1.42	-7.350508186817654	-0.2940203274727062
4.6370496	1.42	-3.418179158701022	-0.13672716634804088
4.6058791	1.03	-1.9767328658970913	-0.07906931463588365
4.6058749	1.03	-25.040850628881792	-1.0016340251552718
3.547851	1.21	-6.329896142182406	-0.25319584568729625
3.547851	1.21	-10.363235385429672	-0.41452941541718685
3.1743516	1.09	-3.7717022699289946	-0.1508680907971598
2.8126535	1.1	-5.503337597311267	-0.2201335038924507
2.8126548	1.1	-12.986431541206457	-0.5194572616482583
2.5495614	1.06	-9.571518222603176	-0.38286072890412703
2.5495551	1.06	-10.033048305198337	-0.4013219322079335
2.5495627	1.06	-4.419986571503274	-0.17679946286013096
2.1061607	0.95	-12.063339747408067	-0.48253358989632267
2.10616098	0.95	-12.861412269190655	-0.5144564907676262
4.1752387	1.22	-4.4839409928627525	-0.1793576397145101
4.3315366	0.84	-20.156543318125212	-0.8062617327250086
4.375021	0.89	-0.2993866659285695	-0.01197546663714278
4.5776346	1.38	-3.1478482600677857	-0.12591393040271143
4.5776335	1.38	-1.2207144018905174	-0.048828576075620696
2.5167278	1.0	-1.5265764000491084	-0.061063056001964336
2.5167281	1.0	-9.800790979648113	-0.39203163918592454
4.1936623	1.5	-5.6111558555369045	-0.2244462342214762
2.292102	1.27	-5.1976689958440305	-0.20790675983376122
4.3888492	0.84	-0.8679743740826177	-0.034718974963304707
4.3888493	0.84	-2.7307235438090918	-0.10922894175236367
2.7439004	0.86	-19.935170243889825	-0.797406809755593
4.187618	1.27	-6.7324891362386445	-0.2692995654495458
4.1876244	1.27	-9.471694410188018	-0.37886777640752073
4.7423729	0.92	-1.7812351227991028	-0.07124940491196412
4.7423693	0.92	-8.441650073146056	-0.3376660029258422
3.9228038	0.67	-7.635254137542935	-0.3054101655017174
3.9228038	0.67	-18.77019906297692	-0.7508079625190769
3.13166726	0.73	-11.060418771202638	-0.44241675084810556
3.1316666	0.73	-3.518262210977068	-0.14073048843908273
4.1480467	0.71	-1.0427647910782842	-0.04171059164313137
4.763387	0.94	-2.961600507223922	-0.11846402028895689
4.76338959	0.94	-7.853426890041117	-0.31413707560164467
4.76339	0.94	-19.684071840717003	-0.7873628736286802
4.7633877	0.94	-5.263685787891274	-0.21054743151565095
3.3488703	1.19	-13.238311111087356	-0.5295324444434942
3.34886782	1.19	-0.9231681840009827	-0.03692672736003931
1.36665617	1.11	-3.8135955297429773	-0.1525438211897191
3.8537768	0.96	-4.923476974514115	-0.1969390789805646
3.85377818	0.96	-16.356051190871572	-0.6542420476348629
2.5441828	1.1	-4.732164025343858	-0.18928656101375432
2.5441765	1.05	-12.703029029682668	-0.5081211611873068
4.3247662	1.57	-16.43437570834199	-0.6573750283336796
4.324799	1.57	-8.11262290627249	-0.3245049162508996
2.35061721	1.03	-16.55145771537641	-0.6620583086150564
2.350621	1.03	-5.317357137318205	-0.2126942854927282
4.2180896	1.46	-12.970595960533576	-0.518823838421343
5.416081	1.04	-19.544945319018762	-0.7817978127607504
1422.0	1.04	-12.5514648663498	-0.502058594653992
3.32526424	0.57	-17.405230339242262	-0.6962092135696905
3.560832	1.1	-14.74406544430104	-0.5897626177720416
3.2768837	0.9	-8.78105807177128	-0.3512423228708512
3.0566527	0.93	-7.524233130739294	-0.30096932522957176
3.0566527	0.93	-5.866677037199956	-0.23466708148799825
3.105161	1.26	-9.274525674887814	-0.37098102699551255
3.141439	1.41	-12.364730119154572	-0.4945892047661829
1.60918324	1.44	-11.904533854610637	-0.4761813541844255
3.5862202	1.35	-11.318311533619369	-0.45273246134477474
3.5862203	1.35	-14.046711741484856	-0.5618684696593943
2.2252577	0.89	-2.3000141892021526	-0.09200056756808611
3.1853149	0.85	-0.34975602909936776	-0.013990241163974711
3.1853109	0.85	-6.066292509879692	-0.24265170039518769
3.185315	0.85	-12.584162953229159	-0.5033665181291663
1.8882378	1.78	-22.304511526697347	-0.8921804610678938
3.7955202	0.49	-5.776456891865136	-0.23105827567460543
7.3279474	0.73	-3.892193401713349	-0.15568773606853398
7.3279496	0.73	-5.433131529233011	-0.21732526116932044
1.73185606	0.6	-0.3273320816240523	-0.013093283264962093
1.9416423	0.66	-16.16333170447147	-0.6465332681788588
3.583893	1.06	-18.816391279921824	-0.7526556511968729
3.583893	1.06	-16.328899613957468	-0.6531559845582987
1.9153073	1.03	-11.672001513345416	-0.46688006053381664
1.915291	1.1	-3.5182336024274825	-0.1407293440970993
1.9153073	1.03	-9.103884337775103	-0.36415537351100413
1.915311	0.96	-9.866036904189434	-0.3946414761675774
157.57	2.4	-13.807790423007468	-0.5523116169202987
157.57001	2.28	-15.550377758317236	-0.6220151103326894
383.7	1.01	-4.787789836277438	-0.1915115934510975
6.20401	0.65	-7.088036698436552	-0.2835214679374621
5.75969	1.06	-1.417020048136573	-0.05668080192546292
16.357	1.06	-11.116324833579867	-0.4446529933431947
16.3579	1.06	-2.513597681073005	-0.1005439072429202
49.748	1.06	-0.72467842603668	-0.0289871370414672
49.745	1.06	-9.820599061125467	-0.3928239624450187
601.2	1.06	-17.22180189749411	-0.6888720758997644
604.67	1.06	-6.846829163311866	-0.2738731665324746
2205.0	1.06	-16.216558575968293	-0.6486623430387317
70.46	0.57	-9.130799290225912	-0.3652319716090365
70.46	0.74	-16.85516083734659	-0.6742064334938637
20.8079	1.01	-7.178332729114604	-0.2871333091645842
20.8133	1.11	-8.565457544168462	-0.34261830176673846
4.11377	0.76	-6.0505426275332255	-0.24202170510132903
127.58	1.45	-22.849669604946286	-0.9139867841978514
127.58	1.9	-0.4458299579948348	-0.017833198319793395
778.1	1.95	-9.197947152598662	-0.3679178861039465
122.1	0.85	-13.552782032094326	-0.5421112812837731
47.84	0.8	-0.5745024721035448	-0.022980098884141792
1894.0	1.28	-0.4253660174481701	-0.017014640697926804
120.878	0.77	-8.975592049792718	-0.35902368199170875
55.851	0.82	-1.2742000190212739	-0.05096800076085096
55.806	0.62	-11.661900362630268	-0.46647601450521076
1043.0	1.56	-3.774519611227996	-0.15098078444911983
1053.2	1.01	-1.6622572864474876	-0.0664902914578995
1043.0	2.58	-13.717987445199089	-0.5487194978079636
10.02245	1.01	-12.887899798512555	-0.5155159919405022
77114.07158	1.01	-3.3219493565260696	-0.13287797426104278
2412.0	0.89	-2.6853201778263482	-0.10741280711305393
1600.0	1.06	-15.5077776814883	-0.620311107259532
1531.0	1.01	-9.128805380263485	-0.36515221521053937
1531.0	1.01	-10.773349541995447	-0.4309339816798179
1535.0	1.05	-0.3832677719051793	-0.015330710876207172
1600.0	1.03	-5.6633248475732705	-0.22653299390293083
1888.0	1.39	-14.437241098905643	-0.5774896439562257
1872.0	1.33	-3.448891122729758	-0.13795564490919032
9.55804	1.08	-5.839605174450432	-0.23358420697801727
9.55385	1.03	-9.526177203977124	-0.38104708815908495
9.55237	1.09	-0.6132641059460419	-0.024530564237841675
9.5521	1.07	-9.751826264492376	-0.39007305057969505
21.057504	1.12	-27.200822374285575	-1.088032894971423
21.05731	1.08	-6.482784295043266	-0.25931137180173064
21.05788	1.08	-7.671497962978943	-0.3068599185191577
21.05603	1.02	-27.459787360269665	-1.0983914944107867
21.058	1.03	-11.366043229850064	-0.4546417291940026
989.2	1.11	-8.42471598183122	-0.3369886392732488
3626.0	0.89	-15.950941914834331	-0.6380376765933733
3586.86089	0.93	-10.03617946298924	-0.4014471785195696
1075.5	1.13	-7.518537863057297	-0.30074151452229186
1075.2	1.11	-5.994235029730897	-0.23976940118923587
1075.65	1.16	-1.2368047109521623	-0.04947218843808649
77.181	1.11	-1.0323012471993338	-0.04129204988797335
48.056	1.12	-7.890147232847143	-0.3156058893138857
18.3267	1.11	-9.958271102092027	-0.3983308440836811
10.8985	1.22	-8.728548020040545	-0.3491419208016218
3.79523	0.97	-6.322390489979793	-0.2528956195991917
3.795963	0.87	-10.202227455076589	-0.40808909820306355
3.79666	0.97	-12.433565247828025	-0.497342609913121
6.203449	0.87	-1.8874496809274637	-0.07549798723709855
6.2037	0.97	-6.915469308011764	-0.2766187723204706
14.17555	0.97	-1.4391179223152066	-0.05756471689260827
14.175876	0.97	-10.51055506738584	-0.42042220269543357
19.5917	0.97	-20.768269108567782	-0.8307307643427113
19.590025	0.87	-5.078660109201694	-0.20314640436806777
29.54115	0.87	-3.07627614846072	-0.1230510459384288
443.4	1.85	-8.977124976509822	-0.3590849990603929
437.7	1.59	-5.455326965676544	-0.21821307862706177
395.38	1.0	-10.836660520090634	-0.43346642080362535
394.48	0.97	-0.20693949614767632	-0.008277579845907053
394.48123	1.1	-1.0211857298793658	-0.04084742919517464
1605.8	0.99	-4.660183689117811	-0.18640734756471244
1624.0	0.95	-8.885116676650483	-0.3554046670660193
7.8543	1.05	-3.7179884810664263	-0.14871953924265705
520.1	0.98	-5.6870693462943525	-0.2274827738517741
5.239891	1.13	-2.414618223204464	-0.09658472892817857
5.24	1.23	-1.6351857285298443	-0.06540742914119377
283.8	1.41	-21.00767882761039	-0.8403071531044156
9.188526	1.08	-2.4109833314287137	-0.09643933325714855
13.900148	1.08	-21.989397577359068	-0.8795759030943627
17132.15854	0.88	-5.472986448430547	-0.21891945793722187
9.113678	0.8	-10.585145841483294	-0.42340583365933177
30.793091	0.8	-16.332382793165536	-0.6532953117266215
41.05854	0.8	-4.726484665123874	-0.18905938660495497
10.18271	1.21	-5.835369980032149	-0.23341479920128597
24469.67342	1.02	-6.9417444592712	-0.277669778370848
17244.90764	1.07	-10.313597744534752	-0.4125439097813901
1143.0	0.78	-2.1111788355893597	-0.0844471534235744
1169.13202	0.96	-8.978900558674727	-0.3591560223469891
466.63	1.4	-13.405838939140999	-0.53623355756564
2615.0	1.15	-3.796121168662224	-0.15184484674648896
3165.0	1.4	-1.7840095326642884	-0.07136038130657153
663.2	0.58	-13.168061859865553	-0.5267224743946222
1657.0	0.7	-1.5258241554320617	-0.06103296621728247
937.70001	0.6	-8.812248273835403	-0.35248993095341613
1114.0	1.24	-0.5999839138058234	-0.023999356552232936
1121.79	0.94	-20.185466971256748	-0.80741867885027
1114.0	1.0	-3.0263434946761736	-0.12105373978704695
493.7	0.85	-3.5102034106166147	-0.1404081364246646
496.9	0.85	-15.87519034126881	-0.6350076136507524
32669.22247	1.03	-0.3677272098573266	-0.014709088394293064
1617.7	1.22	-7.827423258567452	-0.3130969303426981
1405.0	1.51	-10.677542944507238	-0.4271017177802895
1270.2	1.12	-0.4263088346673415	-0.01705235338669366
1622.1	1.24	-9.837381427689126	-0.39349525710756506
1627.5	1.24	-7.997425891192648	-0.31989703564770594
1613.74017	1.12	-22.21200069514842	-0.8884800278059367
223.95986	1.12	-10.30967287067536	-0.4123869148270144
223.6	1.24	-5.946926826295277	-0.23787707305181108
170.455	1.12	-1.7695745089138502	-0.070782980356554
223.92	1.22	-5.283885187000985	-0.21135540748003942
10.49488	0.83	-3.336940202278796	-0.13347760809115186
670.0	0.83	-7.110714784349794	-0.28442859137399173
670.0	1.58	-0.2605142256976333	-0.010420569027905332
2627.08	1.04	-1.5662028732260853	-0.06264811492904342
2597.0	0.96	-2.8332659189069416	-0.11333063675627766
2606.0	1.05	-13.65532130364354	-0.5462128521457416
433.7	0.9	-9.1536262890368	-0.36614505156147203
433.70001	0.72	-5.048736839666286	-0.20194947358665144
25.8	1.05	-15.724660652901068	-0.6289864261160427
25.827	1.1	-7.066510093013351	-0.282660403720534
25.8	1.08	-4.210704393757657	-0.1684281757503063
25.827	1.17	-5.962805526846962	-0.23851222107387848
6.1335	1.23	-2.096457937928074	-0.08385831751712296
6.1335	1.84	-20.391884821740568	-0.8156753928696228
6.134985	1.25	-1.9838313434945885	-0.07935325373978354
6.134989	1.22	-3.8535242690904346	-0.15414097076361738
1956.0	1.08	-9.923709029316452	-0.3969483611726581
1935.0	1.15	-9.3376333714887	-0.373505334859548
2110.0	1.12	-16.712968898385125	-0.668518755935405
37.91	0.91	-1.8528771302741496	-0.07411508521096598
37.9196	1.15	-2.1962342401736175	-0.0878493696069447
711.0	1.91	-1.786623181443518	-0.07146492725774073
621.6	2.31	-3.8450941815051882	-0.15380376726020753
2084.0	2.15	-4.0596855422413025	-0.16238742168965212
2085.10024	2.5	-17.827182107884227	-0.713087284315369
63.33	1.18	-14.242742554775784	-0.5697097021910313
270.66	1.15	-2.862184526790881	-0.11448738107163525
58.83	1.01	-5.974429535195278	-0.23897718140781113
14901.99295	0.75	-8.353574055250878	-0.3341429622100351
1757.39151	1.82	-12.613080393856709	-0.5045232157542684
557.69994	1.05	-7.375913533780593	-0.2950365413512237
559.40485	1.19	-11.396999902456255	-0.4558799960982502
559.4	1.09	-11.178278969683847	-0.4471311587873539
4.15514	1.11	-4.962596165775401	-0.19850384663101606
4.15466	1.05	-6.163335087681916	-0.24653340350727665
3008.0	1.09	-4.362850175663574	-0.17451400702654296
2835.0	1.11	-3.1523322349090392	-0.12609328939636158
960.41	0.9	-4.196793561253961	-0.16787174245015846
262.709	1.02	-8.510545409760537	-0.3404218163904215
262.70862	1.2	-9.418528622978243	-0.37674114491912974
262.36	1.08	-9.619809890555022	-0.38479239562220086
262.53	1.0	-14.328434860203705	-0.5731373944081483
1696.7	1.08	-3.5879585270858376	-0.1435183410834335
1679.0	1.0	-3.6342640598680527	-0.1453705623947221
1708.0	1.02	-8.37860758054465	-0.33514430322178596
1257.25303	0.96	-5.553084373294743	-0.2221233749317897
1253.5	1.02	-16.744475166922204	-0.6697790066768882
422.0	0.8	-3.7877293291011846	-0.15150917316404738
453.019	0.83	-17.032356392604427	-0.6812942557041771
917.5	0.84	-6.044005620289495	-0.2417602248115798
928.3	0.84	-1.245419926274283	-0.04981679705097133
910.7	0.83	-9.640547607142414	-0.3856219042856966
921.538	0.83	-20.011617726966655	-0.8004647090786662
923.8	0.83	-8.751020009814287	-0.35004080039257146
1802.0	1.09	-3.5342378590434853	-0.14136951436173942
10.72	0.79	-5.707027042150747	-0.2282810816860299
10.70871	0.92	-1.0929739790213762	-0.043718959160855046
10.70867	0.93	-8.263226464045035	-0.3305290585618014
10.721	0.85	-12.07953361502322	-0.4831813446009288
883.0	1.61	-4.351014255775887	-0.17404057023103547
883.0	1.62	-1.867051634275607	-0.07468206537102427
2613.0	1.35	-1.9626046734300229	-0.07850418693720092
471.60001	2.24	-5.798537858268463	-0.23194151433073854
908.0	0.97	-18.007082421334943	-0.7202832968533978
1544.0	1.23	-12.990132775644465	-0.5196053110257786
649.0	0.95	-8.948419300782327	-0.3579367720312931
3568.0	0.95	-4.299150854040922	-0.17196603416163686
3.2696	1.09	-10.648100220758892	-0.4259240088303557
58.883	1.05	-7.326546094237349	-0.29306184376949396
26.915	1.05	-12.474414679258848	-0.4989765871703539
258.251	1.09	-15.446464766122014	-0.6178585906448806
5000.0	1.1	-13.506253485031719	-0.5402501394012688
15.92347557	1.02	-17.8394613929361	-0.713578455717444
1187.59765	1.18	-9.25353046647855	-0.370141218659142
1191.0	1.21	-2.6199591959491086	-0.10479836783796435
27.5821	0.81	-14.327598677578049	-0.573103947103122
107.5983	0.81	-0.5231909174954659	-0.020927636699818637
464.29999	1.48	-11.53173589678402	-0.4612694358713608
142.22895	1.0	-7.209786415387399	-0.288391456615496
330.0	0.68	-16.128428194904405	-0.6451371277961763
1.62116	1.04	-8.35072218723023	-0.3340288874892092
14.1815	0.77	-7.032816433085077	-0.28131265732340305
931.0	1.29	-21.267874165356737	-0.8507149666142695
4449.0	1.02	-10.806097230115915	-0.43224388920463663
4449.0	1.02	-12.040556973316711	-0.48162227893266846
4218.0	1.3	-7.953747241023468	-0.3181498896409387
1128.0	1.35	-2.211090592200071	-0.08844362368800285
1124.79139	2.69	-1.7135497404704942	-0.06854198961881977
1125.7	1.35	-9.103547820276495	-0.3641419128110598
11.53533	1.32	-5.781848253795584	-0.23127393015182335
11.5366	1.26	-10.434697701099996	-0.41738790804399983
11.53508	1.32	-15.29542814523039	-0.6118171258092157
1455.0	2.4	-0.7115395441812687	-0.02846158176725075
2860.0	2.4	-9.368394929044271	-0.37473579716177086
9.02378	0.99	-3.0180059901526346	-0.12072023960610538
7417.50547	0.99	-9.117441036777823	-0.36469764147111294
15.5083	1.05	-17.247109989357213	-0.6898843995742885
94.375	1.09	-0.28798270509266327	-0.011519308203706531
94.44	1.07	-2.163611930543732	-0.08654447722174928
202.08	1.14	-8.079135242174317	-0.32316540968697266
201.99	1.07	-5.437504190470721	-0.21750016761882884
1069.8	1.07	-2.042236978426972	-0.08168947913707887
1070.35	1.14	-3.4770934882915077	-0.1390837395316603
5000.0	1.07	-1.248860131821999	-0.04995440527287996
3717.35	1.14	-1.4380177866438086	-0.05752071146575235
3336.0	1.09	-9.747406842548687	-0.38989627370194746
653.22	1.1	-14.519686314863893	-0.5807874525945558
653.21997	1.09	-1.2563577264136379	-0.050254309056545515
350.3	1.24	-14.591945369302938	-0.5836778147721176
351.43394	1.21	-15.232800689847279	-0.6093120275938911
349.7	1.23	-3.255426578540898	-0.13021706314163592
339.0	1.15	-5.595609383875928	-0.22382437535503713
10159.64279	1.21	-0.6167860757548487	-0.024671443030193946
1935.0	0.98	-7.811593941401146	-0.31246375765604584
1928.0	0.9	-0.2185848280798912	-0.008743393123195648
1299.0	3.5	-6.425787517879004	-0.2570315007151602
2.1974	1.51	-6.027944642944672	-0.2411177857177869
1040.0	1.06	-6.472759919131164	-0.2589103967652466
1042.4	0.97	-22.300020030869685	-0.8920008012347874
1086.0	0.95	-13.56775411179947	-0.5427101644719788
103.95	1.2	-4.679152389398297	-0.1871660955759319
176.3	1.9	-14.444391937230943	-0.5777756774892377
176.13	1.9	-14.15784380880022	-0.5663137523520088
15732.45889	0.91	-0.16519323026318855	-0.006607729210527542
25000.0	0.97	-4.322404797817243	-0.17289619191268973
2790.0	1.81	-20.24711801419258	-0.8098847205677032
2730.0	1.75	-2.6508590085589514	-0.10603436034235805
5.7727	1.02	-5.011714828758929	-0.20046859315035714
5.77267	1.03	-11.013059587079322	-0.4405223834831729
5.77152	1.02	-0.37617596749506504	-0.015047038699802602
1008.0	0.93	-21.438548790085076	-0.8575419516034031
86.54	0.58	-5.327710878403558	-0.2131084351361423
528.4	1.11	-5.236091070392556	-0.20944364281570224
116.596	1.38	-0.6638280691303913	-0.026553122765215653
328.55	1.21	-1.2170813474272395	-0.04868325389708958
5062.0	1.21	-6.810732050474231	-0.27242928201896927
2.8758911	1.34	-15.494065114818902	-0.6197626045927561
2.8758916	1.34	-11.463567108506815	-0.4585426843402726
2.8758911	1.27	-2.3442664728729676	-0.0937706589149187
2.87598	1.29	-9.524159801443059	-0.38096639205772237
2.8758911	1.3	-4.913355329032421	-0.19653421316129685
2.8758885	1.29	-20.61720149512556	-0.8246880598050224
2.8766	1.3	-8.611863972001103	-0.34447455888004413
4.072	1.73	-2.908861006750021	-0.11635444027000084
4.088	1.1	-20.851760719867535	-0.8340704287947014
16521.52778	0.93	-4.460740856539528	-0.17842963426158112
562.0	1.3	-17.29153106879018	-0.6916612427516072
5894.0	1.17	-0.46129625772853944	-0.01845185030914158
2097.0	1.02	-9.570438807462743	-0.3828175522985097
2899.0	1.1	-7.1112250177176834	-0.2844490007087073
2918.92	1.15	-21.096497235620777	-0.8438598894248311
689.0	1.72	-3.2464279712411717	-0.12985711884964687
689.0	0.93	-7.149710177702254	-0.28598840710809015
4.75642	0.85	-16.583256956432912	-0.6633302782573165
17.1784	0.85	-9.197317184016416	-0.36789268736065667
17.1784	0.9	-11.050984487634663	-0.4420393795053865
7.29903	0.79	-1.3744700686993903	-0.05497880274797561
40654.64809	0.79	-3.732790428610223	-0.1493116171444089
18.56	0.91	-7.694412027128296	-0.30777648108513184
3341.55884	0.71	-15.901528454880426	-0.636061138195217
3342.0	0.88	-6.140493571494513	-0.24561974285978053
409.0	0.99	-23.677882532673646	-0.9471153013069459
408.6	1.72	-7.2203318224761155	-0.2888132728990446
3452.0	1.72	-2.1449070061583857	-0.08579628024633543
352.65	1.22	-16.699076284593392	-0.6679630513837357
194.3	1.15	-13.049115406079613	-0.5219646162431846
1.87567	1.03	-16.722778937497047	-0.668911157499882
17202.19446	1.03	-18.63745883452795	-0.745498353381118
133.4031	0.96	-10.949816605357126	-0.43799266421428507
131.05	0.95	-2.989726521045747	-0.11958906084182988
4758.0	0.96	-13.100160736351254	-0.5240064294540502
4.6455	0.77	-8.486510781190423	-0.33946043124761693
4.64275	0.79	-10.367796159501946	-0.41471184638007785
811.3	0.79	-20.563588787875084	-0.8225435515150034
359.5546	1.35	-11.904029353087166	-0.47616117412348663
521.0	1.3	-18.111925916251877	-0.7244770366500751
2.178	1.08	-9.397536366584003	-0.3759014546633601
5.1980814	1.08	-14.780723623000963	-0.5912289449200385
820.2	1.8	-6.995792719657862	-0.27983170878631447
21.583298	0.79	-8.88626781020096	-0.35545071240803844
248.4	1.12	-8.13295922137646	-0.3253183688550584
1178.4	1.09	-26.013281335485026	-1.0405312534194011
1184.1	1.19	-6.90803859986063	-0.2763215439944252
986.0	0.97	-5.2568324401904105	-0.21027329760761643
352.3	1.09	-4.218397564232678	-0.16873590256930712
351.0	1.19	-6.339387042735655	-0.25357548170942623
577.2	1.33	-14.314106782965089	-0.5725642713186035
577.90002	1.72	-7.1882926890943635	-0.28753170756377455
577.9	1.31	-10.996946662182873	-0.4398778664873149
2111.0	1.31	-19.109385640367915	-0.7643754256147166
646.485	1.03	-7.639433338495563	-0.3055773335398225
3947.0	1.13	-16.505048121110377	-0.6602019248444151
2986.0	1.08	-21.69466548123451	-0.8677866192493804
9.6369	1.03	-14.169647990248805	-0.5667859196099522
9.6392	1.13	-1.762892488353724	-0.07051569953414896
9.55	1.1	-15.979443766617251	-0.6391777506646901
310.55	1.08	-12.252101041193196	-0.49008404164772784
279.3	1.06	-8.031803458919693	-0.32127213835678775
75.523	1.12	-4.8504880596237285	-0.19401952238494916
75.523	1.11	-19.599151677584125	-0.783966067103365
995.4	1.34	-1.286441394750385	-0.0514576557900154
981.1	1.34	-7.765149694620232	-0.31060598778480925
990.0	1.29	-2.431973685069213	-0.09727894740276853
8.428198	0.75	-7.728752836610937	-0.3091501134644375
75.29	1.09	-3.3796249722018388	-0.13518499888807356
75.2203	1.12	-6.788924913748017	-0.2715569965499207
1272.0	1.12	-7.275627825942114	-0.2910251130376846
1314.0	1.09	-7.182469852540656	-0.28729879410162623
17.24	1.2	-2.5456829547464745	-0.10182731818985899
282.4	1.13	-16.96833898707733	-0.6787335594830932
280.17	1.12	-19.948586563478028	-0.7979434625391211
40.0	0.99	-35.05695219327042	-1.4022780877308167
606.4	0.8	-7.819001644965206	-0.3127600657986082
641.472	0.77	-12.887783437081566	-0.5155113374832626
1155.0	0.76	-10.307086161927787	-0.41228344647711146
1155.0	0.94	-9.765260465834297	-0.39061041863337187
1207.0	0.93	-7.105553357890632	-0.2842221343156253
75.817	0.92	-6.403096361336972	-0.25612385445347885
75.765	0.87	-9.55612325565422	-0.38224493022616884
12.458	0.93	-9.028025076735613	-0.3611210030694245
434.5	1.02	-5.9525940720454	-0.238103762881816
5144.0	0.81	-8.95770556157182	-0.35830822246287286
4750.0	0.81	-7.969732027126851	-0.31878928108507404
420.77	1.72	-6.475085173578725	-0.259003406943149
418.17	1.69	-20.558792831636573	-0.822351713265463
417.67	1.39	-13.631926096540585	-0.5452770438616235
1804.0	1.0	-8.664703641906033	-0.34658814567624135
1820.0	0.96	-1.1160135680032222	-0.044640542720128885
20.6532	1.08	-0.37053891271661105	-0.014821556508664442
15.1479	0.99	-0.9070122796991458	-0.03628049118796583
58.11247	0.99	-0.45408546260990157	-0.018163418504396064
58.11187	0.98	-1.1295708742199133	-0.045182834968796534
1749.5	0.98	-13.667017319876399	-0.5466806927950559
1753.1096	0.98	-3.351655868371124	-0.13406623473484497
1748.2	0.98	-6.2993179269840365	-0.2519727170793615
1749.67	1.04	-1.2655494778652556	-0.05062197911461023
1749.83	0.99	-10.293786120087677	-0.4117514448035071
6.404	0.93	-12.520053438073138	-0.5008021375229255
6.403	0.88	-9.955665807163971	-0.39822663228655886
6.404	1.07	-10.468033756399338	-0.4187213502559735
533.0	1.09	-16.056770643249926	-0.642270825729997
10256.0	0.85	-2.539614876795419	-0.10158459507181677
225.62	1.4	-13.502337402560128	-0.5400934961024051
229.9	1.4	-4.842202621841444	-0.19368810487365776
225.789	1.41	-3.5297769728673214	-0.14119107891469285
1831.9	1.41	-10.593131493946553	-0.4237252597578621
2102.0	1.4	-0.15521391981733346	-0.0062085567926933385
1818.82339	1.17	-11.763108658460148	-0.4705243463384059
1834.3	1.41	-4.2005389518726455	-0.16802155807490582
359.89999	6.73	-16.83665988824884	-0.6734663955299536
1532.0	0.96	-8.873969411241301	-0.35495877644965207
1523.0	0.94	-3.3649566207362502	-0.13459826482945
1515.0	0.92	-3.1039309953255887	-0.12415723981302355
21.216398	1.27	-23.048832803678152	-0.9219533121471262
21.21663	1.41	-7.730808634527302	-0.3092323453810921
21.21663	1.24	-5.678037886182182	-0.22712151544728726
21.2163979	1.27	-4.586307971810205	-0.1834523188724082
21.2167	1.23	-5.40217752404248	-0.2160871009616992
322.03	2.0	-2.0893986171473884	-0.08357594468589553
582.0	1.8	-28.716426566406412	-1.1486570626562564
1276.07604	1.0	-21.182997805448373	-0.8473199122179349
1290.0	1.37	-24.93099228077047	-0.9972396912308189
1175.0	1.09	-1.3862206317608348	-0.05544882527043339
297.3	1.65	-5.172820722201186	-0.20691282888804743
299.05	1.45	-35.26521315078696	-1.4106085260314785
298.43	1.39	-8.784547497845907	-0.3513818999138363
29.01	0.71	-12.125477603380482	-0.48501910413521926
623.8	0.98	-16.36037869528642	-0.6544151478114568
44.505	1.0	-19.14533291425058	-0.7658133165700233
407.37	1.32	-1.090243140503624	-0.04360972562014496
410.10001	1.7	-1.1186384318151035	-0.04474553727260414
110.9	1.47	-14.217565541259475	-0.568702621650379
111.163	1.32	-4.004730762529496	-0.16018923050117984
71.484	1.01	-5.466361393590024	-0.21865445574360096
71.487	0.87	-13.011772205216436	-0.5204708882086575
14.476	1.15	-21.12717185716198	-0.8450868742864792
213.72	1.75	-14.39277813639642	-0.5757111254558568
2278.0	1.49	-11.98635425533916	-0.4794541702135664
2240.0	1.5	-13.727927614729534	-0.5491171045891814
396.03	2.2	-5.38742173205713	-0.2154968692822852
394.73	2.6	-11.273173762105092	-0.45092695048420367
105.9	0.45	-8.560754042727826	-0.34243016170911306
105.911	0.48	-0.5598234276025567	-0.022392937104102267
479.0	1.52	-19.48647057044423	-0.7794588228177692
479.0	1.52	-14.184464803223875	-0.567378592128955
510.9	1.41	-19.199538478183023	-0.7679815391273209
7593.40512	0.94	-0.9155218741546932	-0.03662087496618773
7462.0575	1.01	-5.62937167378945	-0.225174866951578
564.1	1.69	-12.366947480250614	-0.4946778992100246
663.0	1.84	-14.21809008395373	-0.5687236033581492
10.2851	0.85	-26.8643674228162	-1.0745746969126482
28982.41764	0.85	-1.1922534285857833	-0.04769013714343134
9.3743	0.63	-14.448507308508956	-0.5779402923403583
9.3745	0.78	-2.431542997212595	-0.09726171988850381
962.0	0.78	-2.053499262612783	-0.08213997050451133
1014.5	0.78	-5.237404951834723	-0.20949619807338893
2172.0	0.78	-10.292153164815726	-0.41168612659262904
2468.46	0.81	-23.56719181328759	-0.9426876725315037
956.0	0.92	-4.409089792229723	-0.17636359168918894
634.23	1.17	-13.34053208628103	-0.5336212834512412
626.5	1.06	-26.876759158874634	-1.0750703663549854
626.51599	1.31	-26.371445243838927	-1.054857809753557
3070.0	1.06	-2.144475097256563	-0.08577900389026252
5010.0	1.17	-8.04596530157362	-0.3218386120629448
17.471278	1.03	-13.500954281384324	-0.540038171255373
17.471291	1.0	-4.141086660279431	-0.16564346641117722
484.3	1.35	-21.848953537422524	-0.873958141496901
6.83785	1.57	-3.023075625317423	-0.12092302501269693
6.83776	1.3	-6.504442006663246	-0.2601776802665298
6.838	1.28	-6.82265025638354	-0.2729060102553416
4060.0	0.8	-2.880807003544438	-0.11523228014177753
4.1374354	0.86	-2.279155772083141	-0.09116623088332564
986.0	1.22	-6.506839847527637	-0.2602735939011055
3.0965886	1.04	-28.121656243926815	-1.1248662497570725
3.097	1.0	-5.589087910391126	-0.22356351641564506
3.0965828	1.04	-8.385118685877842	-0.33540474743511367
3.0965971	1.02	-16.289499927314882	-0.6515799970925953
3380.0	1.04	-10.402016783681553	-0.4160806713472621
3374.0	1.02	-0.5563200097779241	-0.02225280039111696
3810.0	1.04	-22.89589130756556	-0.9158356523026224
766.0	1.36	-22.373836709167072	-0.8949534683666829
456.46	1.08	-9.350053873374506	-0.37400215493498024
462.59	1.04	-8.007736002887743	-0.3203094401155097
461.2	1.09	-3.25903465966918	-0.1303613863867672
33.688	0.83	-1.6391241053141974	-0.0655649642125679
2.22	0.84	-3.5751470009109907	-0.14300588003643963
2.2185752	0.81	-13.635817396884905	-0.5454326958753962
2.218555	0.83	-5.115056073457872	-0.2046022429383149
2.218577	0.81	-13.569197787022087	-0.5427679114808835
2.218	0.84	-10.791087592079542	-0.43164350368318166
2.21857578	0.84	-1.1368444115632756	-0.04547377646253103
11.72	0.77	-1.2929459484350132	-0.05171783793740053
1146.6	1.22	-1.0858762913753475	-0.0434350516550139
2892.2	0.99	-1.1285605235412546	-0.045142420941650184
3902.0	0.96	-4.394145916576387	-0.17576583666305548
2867.9	0.98	-13.02235937579282	-0.5208943750317129
2915.03687	0.99	-6.76196898327311	-0.2704787593309244
1038.09998	1.14	-5.2593972189979645	-0.21037588875991858
9970.0	0.91	-0.6352884465481378	-0.02541153786192551
8.88029	0.81	-23.972073434997622	-0.9588829373999049
8.8803232	0.82	-4.311503400667814	-0.17246013602671256
8.880318	0.92	-3.2515803385257747	-0.13006321354103098
28.58059	0.92	-5.41379551007205	-0.216551820402882
28.57968	0.92	-15.422658915127677	-0.6169063566051071
28.579743	0.81	-8.868464828495448	-0.3547385931398179
38.3561	0.92	-3.2765384813168295	-0.1310615392526732
38.3525	0.81	-1.7475534927646024	-0.0699021397105841
38.352562	0.82	-2.2249055744959465	-0.08899622297983786
101.5	0.81	-11.047155437185294	-0.4418862174874118
101.12	0.81	-14.357339797190734	-0.5742935918876294
24.348	0.75	-13.13484461537982	-0.5253937846151928
24.3556	0.81	-7.115953581613334	-0.28463814326453335
24.3587	0.81	-1.1530065975265593	-0.04612026390106237
24.3556	0.66	-4.9810026022624	-0.199240104090496
74.72	0.8	-13.643400383482067	-0.5457360153392827
74.062	0.84	-8.590679740829893	-0.3436271896331957
525.8	0.8	-1.7073009488179935	-0.06829203795271975
345.53	1.69	-0.29797128810826345	-0.011918851524330538
351.5	1.68	-4.332760870400032	-0.1733104348160013
13092.18348	1.06	-5.9667357050479675	-0.2386694282019187
18.2	1.03	-7.895541893381539	-0.3158216757352616
18.2008	1.06	-15.92872748457702	-0.6371490993830808
18.20132	1.07	-10.587406040221213	-0.4234962416088485
1378.0	1.31	-26.45100515801149	-1.0580402063204597
1393.0	1.18	-9.41438524995912	-0.3765754099983648
1392.0	1.27	-2.1150609872964847	-0.08460243949185939
3638.0	1.29	-13.479435583685307	-0.5391774233474123
1325.8575	1.18	-7.764477283401667	-0.3105790913360667
1333.0	1.28	-6.796229530763157	-0.2718491812305263
1346.85	1.33	-9.498849401654585	-0.3799539760661834
1035.7	1.11	-5.172393810592709	-0.20689575242370836
99.62167	1.04	-5.618427735856373	-0.22473710943425493
466.2	1.36	-15.481667012377718	-0.6192666804951087
11.8482	0.88	-2.236509617253952	-0.08946038469015807
606.3	1.39	-7.34698102380593	-0.2938792409522372
613.8	1.44	-16.13152381651544	-0.6452609526606176
825.0	1.44	-2.8647094723533866	-0.11458837889413546
1260.0	1.07	-3.709816643542605	-0.1483926657417042
3.308958	1.72	-8.295323417553309	-0.33181293670213236
3.3088753	1.72	-9.563854354176794	-0.38255417416707177
512.5352	2.82	-22.338936653129927	-0.8935574661251972
2481.07227	2.82	-9.907602721612152	-0.3963041088644861
1183.0	0.98	-17.789784430278285	-0.7115913772111314
1120.0	1.23	-1.4551875275773913	-0.05820750110309565
2041.11539	1.03	-2.0423284382934614	-0.08169313753173846
1931.0	1.04	-16.275744695604597	-0.6510297878241839
2050.0	1.04	-2.943484861241232	-0.11773939444964927
34.95875	1.03	-2.7552719574349918	-0.11021087829739967
34.905	1.02	-23.895319623334775	-0.9558127849333911
1733.0	0.74	-29.155768430951163	-1.1662307372380465
279.8	1.22	-11.396101407978493	-0.45584405631913977
610.0	1.93	-4.6659222054148435	-0.18663688821659374
610.0	1.56	-7.249608303237024	-0.289984332129481
10600.0	1.31	-10.953637832106182	-0.4381455132842473
9350.0	1.32	-6.58633395434992	-0.2634533581739968
2090.0	1.32	-16.876621740824426	-0.6750648696329771
6.441008	0.8	-2.196506362463791	-0.08786025449855163
85.5073	0.7	-10.839551361697223	-0.43358205446788894
577.9	1.04	-8.09333090860919	-0.32373323634436757
585.86	1.0	-5.601443659312081	-0.22405774637248324
597.0643	1.04	-11.738965550730473	-0.46955862202921894
160.07	1.05	-14.195586730207268	-0.5678234692082907
1155.7	0.94	-5.399161450612571	-0.21596645802450284
18.315	0.7	-9.030515503571566	-0.36122062014286266
88.9	0.81	-15.021648252618299	-0.600865930104732
89.68	0.79	-0.7150232410550482	-0.028600929642201928
130.08	1.13	-4.508128870345213	-0.1803251548138085
130.0	0.95	-14.473156616603209	-0.5789262646641283
380.85001	0.39	-15.604037707184846	-0.6241615082873938
352.7	1.25	-1.431902062886192	-0.057276082515447684
3.5239	1.03	-11.580346537399395	-0.4632138614959758
3.52474859	1.15	-8.61596446588599	-0.34463857863543956
3.524746	1.12	-5.440917008385711	-0.21763668033542843
437.0	0.92	-5.409677667059691	-0.21638710668238767
442.943	0.96	-7.070503559656661	-0.28282014238626646
442.19	1.01	-0.9367849811432076	-0.03747139924572831
355.5	1.33	-3.195680604862262	-0.12782722419449047
354.8	1.68	-3.379849553907661	-0.13519398215630646
354.1	1.61	-6.048421542810439	-0.24193686171241754
354.29	1.85	-3.242519142526224	-0.12970076570104896
1558.0	1.03	-22.704366758620463	-0.9081746703448186
25.201	0.61	-5.229651405943587	-0.20918605623774347
2.245715	1.27	-15.519475123021325	-0.620779004920853
2.24571	1.55	-13.391265501693006	-0.5356506200677202
373.3	1.15	-4.285680944125702	-0.17142723776502808
380.7	1.56	-6.517711165289015	-0.2607084466115606
882.70001	1.57	-6.128732407337858	-0.2451492962935143
879.19	1.22	-13.515445420203196	-0.5406178168081278
4.78503	1.07	-12.411707559875856	-0.49646830239503426
1854.84424	1.11	-6.942537920345802	-0.2777015168138321
1854.4	1.31	-20.051260934649868	-0.8020504373859947
5.75999	0.77	-9.708603317842094	-0.3883441327136838
7.28243	0.77	-6.9491605883464835	-0.27796642353385936
10.86499	0.77	-2.230781168970843	-0.08923124675883372
25.1967	0.77	-8.595406353591246	-0.34381625414364986
25.1292	1.09	-8.948536823052324	-0.35794147292209294
3.93404	0.67	-6.103186593295506	-0.24412746373182026
566.0	0.92	-14.884090633320117	-0.5953636253328047
567.94	0.87	-2.9491158790063445	-0.11796463516025378
1311.0	1.3	-8.596615238836995	-0.3438646095534798
1391.0	1.25	-4.086652585977299	-0.16346610343909196
1359.0	1.22	-9.010863001965028	-0.3604345200786011
35.45	0.82	-33.12837490782941	-1.3251349963131764
148.6	1.36	-17.787183631395834	-0.7114873452558333
148.60001	0.81	-22.407258113673983	-0.8962903245469593
22.6786	0.8	-8.035994810864008	-0.32143979243456033
53.7357	0.8	-5.880593212394161	-0.23522372849576645
7.12689	1.02	-16.209351118119315	-0.6483740447247727
7.1268744	1.06	-3.7486744367930713	-0.14994697747172286
7.126846	0.98	-7.07096280409716	-0.2828385121638864
3150.0	1.05	-3.515472503840441	-0.14061890015361764
5178.0	1.11	-8.418674575279265	-0.3367469830111706
3352.0	1.02	-17.083757397654633	-0.6833502959061853
4270.0	0.98	-2.2257136918756357	-0.08902854767502542
5141.0	1.06	-5.689054728055733	-0.2275621891222293
5189.0	0.98	-16.722681548408108	-0.6689072619363243
7.78993	0.73	-10.257213166045572	-0.4102885266418229
1319.0	1.02	-6.019464410835394	-0.24077857643341577
2560.19774	1.08	-3.2424679707128647	-0.12969871882851458
225.17	0.86	-2.509336280599493	-0.10037345122397973
5513.0	1.51	-3.002579283854652	-0.12010317135418609
5501.0	1.05	-7.364523388682553	-0.29458093554730214
5380.0	1.05	-2.754852980382595	-0.11019411921530381
5478.68861	0.92	-3.2255454789509725	-0.1290218191580389
3.092947	0.79	-9.911741683192325	-0.396469667327693
3.0931	0.79	-4.585869409826345	-0.1834347763930538
6.765149	0.81	-6.252513365782536	-0.25010053463130144
6.767	0.78	-1.2978723443040796	-0.051914893772163184
6.7635	0.79	-4.980246142919877	-0.1992098457167951
46.71	0.79	-12.19791646553238	-0.4879166586212952
22.805	0.79	-6.2129194426897225	-0.2485167777075889
22.7945	0.79	-4.767162305315586	-0.19068649221262346
94.2	0.79	-16.908107048202034	-0.6763242819280814
2247.0	0.79	-9.26835544566102	-0.37073421782644084
1842.0	0.78	-11.037747990175557	-0.4415099196070223
2104.0	0.79	-8.484191512362466	-0.3393676604944987
275.5	1.46	-7.914364795999301	-0.31657459183997205
2093.3	1.0	-1.5828222264265948	-0.0633128890570638
6.035797	0.92	-8.347519319638739	-0.3339007727855496
6.04345	0.92	-1.259915989598215	-0.0503966395839286
4682.0	1.18	-12.308431869635427	-0.4923372747854171
672.1	1.2	-0.5830371642007225	-0.0233214865680289
672.09998	2.2	-6.500871188776678	-0.2600348475510671
3724.7	1.16	-16.658523254257116	-0.6663409301702846
456.1	1.25	-15.944440506566348	-0.6377776202626539
14.2767	1.21	-24.107963100191196	-0.9643185240076478
22482.0	1.67	-4.415568332761415	-0.1766227333104566
8615.41549	1.06	-21.485015831377048	-0.859400633255082
10066.0	1.34	-3.784753724012093	-0.15139014896048372
1173.0	1.19	-11.994038123201571	-0.47976152492806284
871.0	1.07	-5.761074851879433	-0.23044299407517732
3999.0	1.21	-38.08765132606428	-1.5235060530425713
572.38	0.99	-3.603328943242194	-0.14413315772968777
575.9	1.0	-14.694665560837885	-0.5877866224335154
572.38	1.12	-15.082686573723157	-0.6033074629489262
1201.0	1.34	-2.438905295822766	-0.09755621183291063
26.6904	1.31	-5.483864277943104	-0.21935457111772416
5.09071	0.68	-3.272098352790952	-0.1308839341116381
872.6	1.57	-4.05249441454135	-0.162099776581654
528.07	0.75	-6.589572416473384	-0.26358289665893536
47.42489	1.1	-10.785417018260887	-0.4314166807304355
730.6	1.01	-6.993296600128511	-0.27973186400514044
1214.0	1.13	-16.880683017591746	-0.6752273207036699
141.6	1.14	-3.546365572661255	-0.1418546229064502
2058.0	0.71	-1.393965960287844	-0.05575863841151376
4047.0	0.82	-7.612406193085825	-0.304496247723433
17.667	0.75	-4.810695798174205	-0.1924278319269682
29.79749	0.67	-2.1567683154251465	-0.08627073261700587
1535.11912	1.1	-4.462550101797281	-0.17850200407189123
1561.0	1.47	-8.25190094191922	-0.33007603767676885
13.671	0.58	-4.325845393144628	-0.17303381572578513
4100.0	1.47	-18.454631857668765	-0.7381852743067506
501.75	0.82	-5.318038448711692	-0.2127215379484677
3490.0	1.03	-7.4004337124718145	-0.29601734849887257
3552.0	1.1	-16.48368193663203	-0.6593472774652812
515.4	1.1	-4.581298110111862	-0.1832519244044745
535.6	1.0	-1.3559505267991474	-0.054238021071965896
535.59998	1.61	-15.210247554783479	-0.6084099021913392
2.0455	1.22	-3.06086238261081	-0.1224344953044324
6019.32	0.86	-7.5359832297597205	-0.30143932919038885
1845.0	1.09	-10.137117966443327	-0.4054847186577331
1802.29	1.08	-14.668913995392646	-0.5867565598157058
7.049144	1.19	-5.599915145085879	-0.22399660580343514
41.83156	1.08	-19.290267591333702	-0.771610703653348
26308.65619	1.08	-17.189691759921068	-0.6875876703968428
2.76953	0.44	-17.64690649769856	-0.7058762599079423
10942.29013	1.12	-8.725539552690948	-0.34902158210763795
32000.0	1.13	-12.812684924402344	-0.5125073969760938
3.458	0.92	-4.736486256737559	-0.1894594502695024
3.4442	0.93	-18.9561273991399	-0.758245095965596
4.1269047	1.43	-0.44837635324108577	-0.01793505412964343
4.12688	1.43	-29.84231988151952	-1.1936927952607808
2198.14	0.94	-25.251062905460252	-1.0100425162184101
2208.0	0.94	-19.18408552469019	-0.7673634209876076
18.01939	0.81	-9.538978430986539	-0.38155913723946155
18.02	0.8	-5.754608080514873	-0.23018432322059493
17.991	0.8	-5.484347626435116	-0.21937390505740464
36.07	0.8	-8.068282622987418	-0.32273130491949675
5174.0	0.8	-18.967478125196493	-0.7586991250078597
5019.54244	0.81	-5.049727133657516	-0.20198908534630064
22.89104	1.26	-6.792336117737917	-0.2716934447095167
56.00819	1.26	-0.4811555001135913	-0.01924622000454365
84.25999	1.26	-0.4808868131176343	-0.019235472524705373
379.0	1.24	-22.77213889991262	-0.9108855559965048
385.54	1.02	-5.789954047127927	-0.2315981618851171
379.0	1.02	-14.964452823330854	-0.5985781129332342
14.23283	1.08	-4.813246570484734	-0.19252986281938936
1116.0	1.06	-18.95071704752587	-0.7580286819010348
6.0881	0.73	-0.10198341825561802	-0.004079336730224721
6.0881	0.82	-4.378185781597371	-0.17512743126389485
8.7836	0.5	-17.74729460529482	-0.7098917842117928
8.7752	0.51	-29.20831602276904	-1.1683326409107617
387.10001	3.16	-8.971667559463455	-0.35886670237853824
380.2	1.53	-2.1438773560941304	-0.08575509424376522
1365.0	0.86	-0.6918513628843497	-0.027674054515373987
2443.0	0.84	-4.181898804523361	-0.16727595218093444
311.60001	1.97	-2.09103754326354	-0.0836415017305416
312.08	1.91	-5.438490306335684	-0.21753961225342736
2524.4	0.99	-4.54429958546171	-0.1817719834184684
2514.53422	0.98	-5.803209688947193	-0.23212838755788773
1620.0	0.95	-8.793227874008677	-0.3517291149603471
2770.0	0.98	-8.509666278098907	-0.3403866511239563
11613.0	0.99	-7.86296240042866	-0.3145184960171464
1157.0	1.22	-6.341933878170597	-0.2536773551268239
1153.0	1.22	-8.79682400869256	-0.35187296034770243
1157.0	1.12	-10.371192629384728	-0.41484770517538916
1684.0	0.92	-0.10494576600451044	-0.004197830640180418
912.0	1.65	-2.311284916674921	-0.09245139666699684
468.7	1.33	-8.827378023859518	-0.3530951209543807
51.2053	0.96	-6.905768924132184	-0.27623075696528737
271.6737	0.96	-2.4101187084312294	-0.09640474833724919
0.959665	0.89	-8.286314025914963	-0.33145256103659854
0.95965428	0.85	-3.7723979788472892	-0.15089591915389158
0.959628	0.88	-4.0151421386326405	-0.16060568554530563
0.959641	0.84	-0.9662364203765705	-0.03864945681506282
29.83832	0.94	-1.6846121141984325	-0.0673844845679373
29.8464948	0.85	-12.591944815317934	-0.5036777926127174
29.8454	0.88	-2.758165100366038	-0.11032660401464153
29.844982	0.89	-6.37926305470544	-0.2551705221882176
8.4112	0.84	-6.867218898880917	-0.2746887559552367
8.509	0.86	-5.436457006281237	-0.21745828025124947
96.63	0.84	-14.446174173376718	-0.5778469669350688
157.35	1.13	-14.91359624790771	-0.5965438499163084
2328.0	0.98	-6.147628018090458	-0.24590512072361834
2368.0	1.03	-13.889353476069996	-0.5555741390427998
3.38773	0.47	-0.43304922629075276	-0.01732196905163011
3.38773	0.7	-10.13643850884764	-0.4054575403539056
621.62	1.03	-1.2583873986828087	-0.05033549594731235
326.0	1.41	-19.295501819932635	-0.7718200727973055
326.60001	1.78	-26.18624161291673	-1.0474496645166693
810.2	1.52	-21.027018048877167	-0.8410807219550867
834.0	1.62	-13.528624740580906	-0.5411449896232362
89.9	1.52	-19.825821228724116	-0.7930328491489647
18.71204	1.13	-12.894372042953153	-0.5157748817181261
18.712024	1.16	-14.610740441751481	-0.5844296176700593
18.179	1.47	-2.1618157961281455	-0.08647263184512582
388.0	1.25	-17.706132873671486	-0.7082453149468594
551.4	1.78	-9.392782331141321	-0.37571129324565283
1049.0	1.14	-13.468229867678652	-0.5387291947071461
1059.0	1.11	-22.04179669888973	-0.8816718679555892
1056.7	1.07	-22.257606825295763	-0.8903042730118306
1049.0	1.07	-13.063724138487023	-0.5225489655394809
214.67	1.07	-6.753766921653433	-0.27015067686613736
117.87	1.07	-15.489146171126876	-0.6195658468450751
5700.0	1.07	-1.2073768073571358	-0.04829507229428543
82.467	1.15	-15.519827412728871	-0.6207930965091548
62.25	0.8	-2.723275215730368	-0.10893100862921472
62.218	0.88	-1.785256115019856	-0.07141024460079425
153.0	0.91	-0.804869876713658	-0.03219479506854632
154.46	0.78	-10.340997547259871	-0.41363990189039485
154.26	0.81	-3.3203871434240657	-0.13281548573696264
885.5	0.85	-5.524937287512168	-0.22099749150048673
843.6	0.78	-8.929284987726058	-0.35717139950904236
887.7	0.81	-0.8135141676343369	-0.032540566705373475
1768.0	0.81	-3.114464644395489	-0.12457858577581955
2295.0	0.78	-1.023890868271529	-0.04095563473086116
55.01307	0.68	-0.2921766780097006	-0.011687067120388025
55.027	0.92	-0.3295049461516102	-0.013180197846064407
54.21	0.92	-8.084122804108928	-0.3233649121643571
2720.0	0.94	-2.522179933994665	-0.1008871973597866
2455.0	1.0	-1.2376224075913247	-0.04950489630365299
363.2	1.08	-3.8331356237133614	-0.15332542494853446
14.3102	0.98	-10.902003628507579	-0.4360801451403032
14.32	1.39	-1.2632438412862361	-0.05052975365144945
14.3098	1.48	-3.916157593896042	-0.15664630375584168
14.3099	0.98	-16.046503993258217	-0.6418601597303287
14.3093	0.98	-7.462002210555113	-0.2984800884222045
2127.60566	0.98	-10.399659578934273	-0.4159863831573709
2135.0	1.36	-13.610999398038743	-0.5444399759215497
2133.3	1.53	-2.6064441623667944	-0.10425776649467178
2132.4	1.34	-5.239321367068245	-0.2095728546827298
2165.0	0.98	-5.862722086281417	-0.2345088834512567
2136.1	1.41	-7.226454257726384	-0.28905817030905534
685.25	1.21	-3.2805848177717962	-0.13122339271087186
686.8	1.29	-0.3234354791333709	-0.012937419165334836
696.29999	1.64	-10.876439132411656	-0.4350575652964663
2090.3	1.09	-7.013176329122326	-0.28052705316489307
2091.0	1.09	-10.260374678865604	-0.41041498715462416
2093.07	1.09	-2.1124304176911677	-0.0844972167076467
2088.33	1.07	-0.40687795629979556	-0.01627511825199182
14.03	0.67	-8.712853298071881	-0.3485141319228752
33.91	0.67	-7.740264672777112	-0.3096105869110845
3.2498	0.87	-0.3295781727546303	-0.013183126910185212
9.6207	0.77	-35.852702006413445	-1.4341080802565378
9.6183	0.79	-11.481029304257026	-0.45924117217028104
20.4321	0.79	-8.167236776690647	-0.32668947106762586
20.432	0.77	-2.2429210863595324	-0.0897168434543813
51.76	0.77	-2.057363843332189	-0.08229455373328756
51.7768	0.79	-1.5201841610451168	-0.06080736644180467
196.343	0.79	-1.8823684834737608	-0.07529473933895044
578.6	2.0	-1.4707639370389438	-0.05883055748155775
264.15	1.15	-1.3149855814511011	-0.052599423258044044
265.36	1.23	-15.093836668954166	-0.6037534667581667
1.3283	0.4	-12.078310031339637	-0.4831324012535855
526.5239	1.01	-6.512348919564308	-0.2604939567825723
526.62	0.99	-3.339787642710939	-0.13359150570843756
406.0	1.06	-3.593377431758458	-0.14373509727033834
437.18	1.14	-2.980864275859911	-0.11923457103439644
437.05	0.99	-4.287118808850559	-0.17148475235402239
7400.0	1.14	-2.804999128310353	-0.11219996513241412
6700.0	0.99	-7.669152895122026	-0.30676611580488106
7053.0	1.13	-10.418766275786124	-0.416750651031445
829.0	0.93	-14.373157675039772	-0.5749263070015909
829.5	0.85	-10.354847787952364	-0.4141939115180946
828.0	0.87	-20.068948183958057	-0.8027579273583223
828.0	0.9	-5.51000175986388	-0.22040007039455523
149.61	1.01	-15.74243834156163	-0.6296975336624653
148.49	0.92	-27.6041862755623	-1.104167451022492
13.63083	0.89	-0.1757482850705901	-0.007029931402823604
13.630828	0.95	-4.128567319474929	-0.16514269277899715
13.63083	0.94	-9.783020491918752	-0.3913208196767501
356.0	2.47	-19.561215984955037	-0.7824486393982015
327.8	0.96	-3.814475229205929	-0.15257900916823716
308.92072	0.96	-11.940794105326267	-0.4776317642130507
36.9987	1.32	-13.882141117077573	-0.5552856446831029
472.0	1.2	-8.449494011188087	-0.3379797604475235
13.1354	1.03	-8.850494974412367	-0.3540197989764947
978.19	1.05	-0.6878142905402831	-0.027512571621611324
890.76	1.02	-10.571261526018015	-0.4228504610407206
226.93	0.82	-17.684601403311646	-0.7073840561324659
225.79	0.82	-7.040213316559431	-0.28160853266237723
342.85	0.82	-5.346187730078506	-0.21384750920314022
44.073	0.92	-4.6025392590233585	-0.18410157036093433
43.6	0.54	-18.501284956304247	-0.7400513982521699
43.6	0.83	-0.38952966285940266	-0.015581186514376106
20324.58153	1.15	-3.2309326680467136	-0.12923730672186856
3.024	1.0	-2.312775382571893	-0.09251101530287573
3.023495	0.93	-3.494997696008934	-0.13979990784035737
3.023573	0.92	-6.524294660871626	-0.26097178643486507
360.2	1.74	-3.313755154125898	-0.1325502061650359
2732.0	1.74	-13.008196856172905	-0.5203278742469162
359.15	2.19	-9.811781894134684	-0.3924712757653874
360.08	1.81	-10.37964215142997	-0.4151856860571988
682.85	2.19	-8.844182926425859	-0.35376731705703435
684.7	1.81	-1.8541603415407761	-0.07416641366163104
434.9	0.98	-4.459627453014229	-0.17838509812056916
7.34013	0.69	-19.09834036227351	-0.7639336144909404
38.06	0.69	-26.831215377418857	-1.0732486150967544
151.92	0.69	-15.595859890234854	-0.6238343956093941
400.5	1.32	-16.790395269639834	-0.6716158107855934
4.9437	0.99	-19.3930126747689	-0.775720506990756
4.94737	1.06	-10.031787091219297	-0.40127148364877185
2482.7	1.24	-4.2808129672758035	-0.17123251869103215
2453.0	1.28	-1.4877305934121083	-0.05950922373648433
8619.9	1.31	-20.843840303138116	-0.8337536121255247
1240.0	1.1	-4.0361975650453	-0.161447902601812
1224.0	1.05	-20.628259175200288	-0.8251303670080116
119.263	1.22	-8.823097918825185	-0.35292391675300744
119.29	1.2	-4.014967609015396	-0.16059870436061582
118.96	1.13	-20.57189120880491	-0.8228756483521964
14.339156	1.13	-1.5488297522191572	-0.06195319008876629
14.339169	1.13	-5.869555576294078	-0.23478222305176313
40.87	1.13	-11.893710406746361	-0.4757484162698545
674.6	1.56	-15.316807286761986	-0.6126722914704794
641.0	1.44	-3.777302867111703	-0.15109211468446812
637.1	1.27	-1.5393030923637294	-0.06157212369454918
638.6	1.27	-31.621734636152574	-1.264869385446103
641.0	1.51	-10.348031336891204	-0.4139212534756482
872.2	1.27	-0.7294532990842094	-0.029178131963368378
886.0	1.51	-13.353456921334216	-0.5341382768533687
1827.0	1.29	-1.1010609537170992	-0.04404243814868397
139.35	1.01	-2.712146686601667	-0.10848586746406667
792.6	1.55	-0.5832888407948951	-0.023331553631795805
768.7	1.29	-22.347150014039187	-0.8938860005615675
492.3	0.96	-3.918556386675427	-0.1567422554670171
177.11	1.91	-13.337072593238771	-0.5334829037295509
299.36	1.9	-7.8348350463426435	-0.31339340185370573
495.4	1.7	-15.70307419924686	-0.6281229679698744
201.3	1.44	-19.874678405974066	-0.7949871362389627
600.1	1.5	-2.4202534432245395	-0.09681013772898159
5.254467	1.0	-3.5667300530957897	-0.14266920212383158
5170.5	1.2	-3.0081508587852093	-0.12032603435140837
589.7	1.7	-4.011990067868146	-0.16047960271472583
596.6	1.73	-13.406414140536437	-0.5362565656214575
7.1079379	0.99	-3.401445976736548	-0.13605783906946192
7.1079384	0.99	-9.509279002290969	-0.38037116009163874
7.10793	0.99	-8.604948085437853	-0.3441979234175141
4.209075	0.99	-16.24091445882884	-0.6496365783531536
2.81805	0.42	-4.448668136227282	-0.1779467254490913
2.817822	0.8	-3.9790340554350827	-0.15916136221740332
358.0	0.65	-12.680905145609893	-0.5072362058243958
9.058807	0.94	-7.499056756612425	-0.299962270264497
45.791	0.95	-3.3994768845588137	-0.13597907538235254
572.4	1.0	-6.34733972424606	-0.25389358896984243
613.1	0.92	-22.319323770648534	-0.8927729508259414
577.6	0.87	-6.489872962400695	-0.25959491849602784
5370.0	0.87	-1.68751012153284	-0.0675004048613136
480.5	1.1	-22.519521320277505	-0.9007808528111002
2293.9	1.01	-16.455908714297532	-0.6582363485719013
1973.0	1.0	-5.856813188032503	-0.23427252752130012
1973.0	1.1	-15.1781122199013	-0.607124488796052
2269.81726	1.01	-4.525386086909268	-0.18101544347637075
2374.0	1.36	-10.543411561222026	-0.4217364624488811
6.27711	1.18	-8.641187371858514	-0.3456474948743406
16000.0	1.17	-15.339230854101325	-0.6135692341640531
1191.0	1.68	-10.818944625037235	-0.43275778500148937
8.66945	0.89	-11.972649046131712	-0.4789059618452685
8.667	0.86	-24.968607522330267	-0.9987443008932106
31.613	0.89	-10.37270358777695	-0.414908143511078
2231.0	1.0	-4.48884872808558	-0.1795539491234232
2068.0	0.96	-11.682531249219108	-0.4673012499687643
2124.54	1.08	-2.7540723127142095	-0.11016289250856838
2068.0	1.05	-1.1576257880326548	-0.046305031521306196
615.0	0.77	-0.7534425934911524	-0.030137703739646096
615.0	0.89	-8.440034614450973	-0.3376013845780389
858.0	1.21	-5.269552764299807	-0.21078211057199225
3506.0	1.07	-3.788567680587563	-0.15154270722350252
3570.0	1.05	-17.713206174388507	-0.7085282469755403
3549.39854	1.09	-13.678810445954577	-0.5471524178381831
3383.0	1.07	-4.662225362697208	-0.18648901450788832
18207.72098	1.09	-2.145315599255849	-0.08581262397023397
39.44603	1.01	-9.487926985677042	-0.3795170794270817
2690.0	1.0	-4.2793510170591516	-0.17117404068236605
1257.2	0.89	-11.242946123838635	-0.44971784495354544
13900.0	0.89	-4.851658014004622	-0.19406632056018489
17071.78045	0.93	-12.090395462614019	-0.48361581850456076
15.604	1.19	-7.4263717943768475	-0.2970548717750739
15.611	1.2	-14.312518814188094	-0.5725007525675238
5823.0	1.19	-3.5812191722488316	-0.14324876688995328
379.1	1.01	-18.2304634816752	-0.7292185392670081
1750.0	1.16	-13.589190661374202	-0.5435676264549681
1770.0	1.23	-5.325483271323232	-0.21301933085292926
1707.0	1.17	-2.7278568990495793	-0.10911427596198317
1721.0	1.16	-7.124466954279688	-0.28497867817118755
6.39805	0.73	-20.679651962769565	-0.8271860785107826
6.3980661	0.7	-10.824432194993497	-0.4329772877997399
18.87974	0.73	-4.633978528012782	-0.18535914112051127
18.8805	0.7	-8.264665093258262	-0.3305866037303305
51.645	1.24	-1.1863944221514713	-0.04745577688605885
51.63564	1.1	-8.384588634799265	-0.3353835453919706
51.63603	1.15	-9.012556205238804	-0.3605022482095522
51.643	1.27	-15.597073337448766	-0.6238829334979507
51.638	1.24	-5.399241778401815	-0.2159696711360726
2448.6	1.15	-9.61114969423479	-0.3844459877693916
2448.48726	1.1	-6.255332164974508	-0.25021328659898034
1270.55195	1.2	-14.13798683074825	-0.56551947322993
1255.5	1.05	-11.191753171527834	-0.44767012686111335
1275.0	1.14	-13.413591955925678	-0.5365436782370272
15.017	1.04	-7.909191162749854	-0.31636764650999416
3449.0	1.04	-8.775454421139163	-0.3510181768455665
3.508	1.15	-0.7899274350358774	-0.0315970974014351
3.5098	1.15	-3.2959793742381933	-0.13183917496952774
3.509267	1.21	-1.85689733251691	-0.0742758933006764
341.5	1.26	-3.1810883312344473	-0.1272435332493779
3878.0	1.26	-2.1769940860567494	-0.08707976344226998
422.9	1.26	-4.529331570231289	-0.18117326280925156
3.97097	1.13	-2.191475939059438	-0.08765903756237751
3.97097	0.99	-1.148586362234524	-0.04594345448938096
5.7361	0.93	-11.271694039736616	-0.4508677615894646
5.7361	1.37	-2.7280275712224515	-0.10912110284889806
6.527363	1.2	-7.605547890151017	-0.3042219156060407
273.1	1.28	-3.8151667624352115	-0.15260667049740848
5.3978	0.83	-17.792214517407672	-0.7116885806963069
5.39785	0.8	-1.790381706958297	-0.07161526827833188
5.39792	0.65	-13.380278273334374	-0.535211130933375
15.299	0.83	-3.447829253488479	-0.13791317013953916
15.3006	0.8	-37.993256036917	-1.5197302414766802
24.451	0.83	-10.080516563208436	-0.40322066252833744
1807.0	1.08	-18.077982905987202	-0.7231193162394881
111.429	0.96	-5.88550069362498	-0.2354200277449992
111.4367	1.15	-18.055155073921195	-0.7222062029568478
111.428	0.97	-25.71090335396065	-1.028436134158426
111.43639	1.05	-4.3434421352895765	-0.17373768541158305
0.719573	1.18	-15.2118647620149	-0.608474590480596
1711.0	1.08	-13.256351343857665	-0.5302540537543066
1752.92067	1.06	-18.98218505292914	-0.7592874021171656
6383.78352	0.88	-13.71874445347683	-0.5487497781390732
1004.7	0.96	-4.398388771087676	-0.17593555084350704
1005.98854	1.03	-10.264245568120165	-0.41056982272480663
1002.7	0.99	-0.6830962770291126	-0.027323851081164502
1001.70001	1.05	-4.984520674079208	-0.19938082696316833
1021.20159	4.3	-10.085963396906541	-0.40343853587626166
705.0	2.53	-18.662656842186728	-0.7465062736874691
441.2	1.08	-0.3485251359181145	-0.013941005436724581
442.4	1.04	-1.4347662383877167	-0.05739064953550867
441.47	1.08	-9.58627573596896	-0.38345102943875836
441.93	1.15	-2.2053934424829524	-0.0882157376993181
219.3	1.04	-4.1196718792131195	-0.16478687516852478
219.929	1.15	-3.2996172722206443	-0.13198469088882578
158.991	0.8	-10.616690434741056	-0.42466761738964226
2.98553	0.79	-17.260997192748057	-0.6904398877099223
2.98565	0.9	-8.83878892259986	-0.3535515569039944
2.985628	1.0	-4.363798344991433	-0.1745519337996573
2.98566	1.01	-3.1450913060347108	-0.12580365224138843
788.0	0.76	-5.581584763324504	-0.22326339053298017
227.55	1.12	-10.179503619938487	-0.4071801447975395
2.1375	1.39	-7.049933530470815	-0.28199734121883263
2.1378431	1.21	-17.93058760715325	-0.71722350428613
1695.0	1.06	-16.90344445064522	-0.6761377780258089
1534.0	1.02	-8.115915741670271	-0.32463662966681084
3.98442	1.02	-3.5494080502611642	-0.14197632201044658
3.9846654	1.02	-11.02381640247519	-0.4409526560990076
1475.0	1.42	-0.8852259535821864	-0.035409038143287455
31.1515	0.97	-23.073537760362555	-0.9229415104145022
1644.69097	1.28	-12.698323173074655	-0.5079329269229862
1634.0	1.28	-7.8338579715773005	-0.313354318863092
1270.0	1.66	-8.249748136003156	-0.32998992544012623
2754.0	0.82	-5.888515434534206	-0.23554061738136825
3309.22118	0.81	-6.481633485797875	-0.259265339431915
3303.0	0.83	-1.507714235978392	-0.06030856943913568
2754.0	0.66	-23.44466395669726	-0.9377865582678904
18538.79293	1.04	-5.629445175815122	-0.2251778070326049
3.414884	1.26	-6.3047873911423205	-0.2521914956456928
3.41587	1.23	-2.1756416919562507	-0.08702566767825003
3.414887	1.26	-14.227995657426467	-0.5691198262970587
2188.0	1.03	-4.703724123154824	-0.18814896492619299
2166.0	1.27	-16.63087029863263	-0.6652348119453052
2199.0	1.03	-35.63669007484467	-1.425467602993787
2900.0	1.09	-2.288200488855613	-0.09152801955422453
2157.0	1.03	-8.216524793830157	-0.3286609917532063
11.8143	1.32	-3.862732185699391	-0.15450928742797562
11.8143	1.16	-12.803778971544496	-0.5121511588617799
11.814417	1.12	-5.21601210861515	-0.208640484344606
256.78	1.21	-13.065610714535614	-0.5226244285814245
256.78	1.56	-0.2709486027497578	-0.010837944109990312
3441.0	1.21	-2.8900614207725006	-0.11560245683090002
3448.0	1.3	-5.011100521998443	-0.2004440208799377
49.77	0.84	-8.76364771150488	-0.35054590846019523
49.609	0.86	-5.126207514803645	-0.2050483005921458
1179.0	1.03	-7.014792099953798	-0.28059168399815193
325.72	1.03	-3.5598573531547615	-0.14239429412619045
325.0	1.1	-1.5148274440157496	-0.06059309776062999
325.803	1.15	-6.412286021078172	-0.25649144084312686
8360.0	1.08	-0.9360706711995304	-0.03744282684798122
143.58	0.7	-10.621433165400521	-0.4248573266160209
2.45946	0.94	-19.080439997031334	-0.7632175998812534
14010.2941	0.94	-0.7325212362379306	-0.029300849449517226
7.3426	1.04	-17.01839648136115	-0.680735859254446
13.18	1.04	-6.158532532486646	-0.24634130129946585
45.85	1.04	-6.202471986078385	-0.2480988794431354
1.0391353	1.11	-10.017497719777994	-0.4006999087911198
1.0376109	1.08	-5.041096681566813	-0.20164386726267253
3.6451389	1.08	-5.976570764398373	-0.23906283057593491
2164.0	1.2	-7.95966733196065	-0.318386693278426
1576.0	1.11	-0.41729641781420374	-0.01669185671256815
507.0	1.58	-11.423807616427116	-0.45695230465708464
464.4	1.54	-11.466006744842149	-0.458640269793686
482.0	3.7	-4.75408657740876	-0.1901634630963504
482.0	1.2	-23.646485226298502	-0.9458594090519401
2041.54152	1.01	-7.428606449446226	-0.29714425797784905
2170.0	1.09	-2.6363904991610885	-0.10545561996644354
2172.0	1.09	-2.9332952712069065	-0.11733181084827626
4375.0	0.7	-13.904129847692623	-0.5561651939077049
647.29999	10.94	-4.318059953827239	-0.17272239815308957
647.3	0.91	-11.760397393899906	-0.47041589575599624
8.1245	0.89	-14.231095464202609	-0.5692438185681044
103.5	0.89	-4.432742509000727	-0.17730970036002908
6449.08337	1.06	-16.023775393284577	-0.6409510157313831
9.4897116	0.85	-3.6376109428266705	-0.14550443771306681
9.4903	0.77	-20.298941546802045	-0.8119576618720818
9.4893037	0.78	-2.0280444187855964	-0.08112177675142386
9.48908	0.77	-0.9559590263222586	-0.03823836105289034
9.4909	0.89	-4.4227987940263676	-0.1769119517610547
9.494	0.78	-3.9882251645928326	-0.1595290065837133
436.89999	1.71	-7.562413436657458	-0.30249653746629834
433.8	1.41	-18.162249338768774	-0.726489973550751
4951.0	1.0	-21.471161068976414	-0.8588464427590566
5384.0	0.97	-8.948506611188424	-0.35794026444753696
6022.9725	1.03	-1.4511833523262447	-0.05804733409304979
439.29999	0.76	-4.535698843935062	-0.1814279537574025
17.0431	0.48	-8.641725143868344	-0.34566900575473375
17.0495	0.86	-13.629817462583222	-0.545192698503329
17.0503	0.85	-6.672571021489284	-0.26690284085957133
868.0	1.7	-2.7113768291925613	-0.10845507316770245
1278.0	1.72	-13.68460427220112	-0.5473841708880448
184.2	2.1	-19.241632186932947	-0.7696652874773179
55.199	0.63	-0.7794808758505648	-0.031179235034022593
144.3	2.42	-1.6629396061290216	-0.06651758424516087
499.48	0.78	-5.802178646274098	-0.2320871458509639
14.245648	0.76	-0.4739131908044646	-0.018956527632178585
1481.6	1.39	-14.57087175230497	-0.5828348700921988
9.1004157	0.8	-1.576233247686042	-0.06304932990744168
9.1205	0.81	-4.883948562964184	-0.19535794251856736
9.1205	0.78	-5.633234937119692	-0.22532939748478767
57.435	0.62	-5.215521424459943	-0.20862085697839772
57.435	0.69	-11.496967092349047	-0.4598786836939619
6.67386	0.81	-9.654365344214506	-0.38617461376858025
6.6742	0.98	-11.17392160484609	-0.4469568641938436
6.673855	0.99	-18.98069519229842	-0.7592278076919368
147.747	1.01	-0.37568097028473263	-0.015027238811389305
981.8	1.01	-7.694124190814019	-0.3077649676325608
952.0	0.99	-10.374378062019543	-0.4149751224807817
23000.0	1.3	-5.416394490443057	-0.21665577961772228
3.5379559	0.9	-15.204900205528077	-0.6081960082211231
3.53796	0.89	-9.381690632948656	-0.3752676253179463
159.986	0.62	-3.1048541857741996	-0.12419416743096799
41.516	0.79	-23.63183294378372	-0.9452733177513488
26125.56497	0.78	-0.8068032458077473	-0.03227212983230989
31.6978	1.15	-2.521045698133541	-0.10084182792534165
31.70648	1.17	-6.163319037861894	-0.24653276151447576
48.1	1.14	-14.358720347026996	-0.5743488138810798
131.0	1.15	-17.73118081705617	-0.7092472326822469
46.4	1.14	-18.992580171939537	-0.7597032068775815
34.15	0.62	-6.3777984557415985	-0.25511193822966394
345.72	0.78	-7.958422073608572	-0.31833688294434287
345.72	0.43	-8.322447508239668	-0.3328979003295867
7.76	0.57	-12.694745588099163	-0.5077898235239665
3274.0	0.8	-4.12250092888888	-0.1649000371555552
5138.43727	0.65	-3.3890895870783697	-0.1355635834831348
2574.9	1.04	-12.485072536312657	-0.4994029014525063
2620.0	1.04	-6.023611504315915	-0.2409444601726366
32.03	0.73	-12.005862473811803	-0.4802344989524721
431.7	0.73	-2.650729283050713	-0.10602917132202853
0.981	0.74	-5.498415874475917	-0.21993663497903668
0.98097217	0.78	-5.515151669978638	-0.22060606679914554
28.125	0.93	-2.463637547869394	-0.09854550191477576
67.3	0.93	-11.848528673968723	-0.4739411469587489
1084.5	2.5	-0.7017469680130405	-0.02806987872052162
1079.55726	2.49	-9.233128401856895	-0.3693251360742758
310.9	0.7	-3.2685793798244633	-0.13074317519297854
6.959503	1.22	-6.443643374507279	-0.2577457349802912
14.334892	1.22	-0.919794081467095	-0.0367917632586838
88.87622	1.9	-0.9370401826330186	-0.03748160730532074
88.9	1.63	-5.531590149721808	-0.22126360598887232
89.06	1.3	-4.977835898663171	-0.19911343594652686
88.8	1.63	-7.131657605616635	-0.2852663042246654
2131.8	1.63	-7.068657680618908	-0.2827463072247563
1626.0	1.3	-27.15519567144466	-1.0862078268577864
3923.6609	1.9	-6.966772671099609	-0.2786709068439844
17337.5	0.63	-1.8814708952706014	-0.07525883581082406
3649.0	0.65	-10.911350549184323	-0.43645402196737293
87.19	0.66	-9.700545276940245	-0.3880218110776098
19.6053	0.91	-10.854209892690065	-0.43416839570760263
19.60562	0.94	-23.055794821456754	-0.9222317928582702
1560.2	1.17	-17.166012653667696	-0.6866405061467079
1852.14387	2.01	-2.9340967099369872	-0.11736386839747949
2.224	0.79	-8.952035180022458	-0.3580814072008983
453.9	1.3	-4.755442502226892	-0.19021770008907568
455.73816	1.61	-9.729295889729062	-0.3891718355891625
5.0505	0.97	-8.819624765830968	-0.3527849906332387
5.0505	0.95	-4.652630600623393	-0.18610522402493573
7.712121	1.1	-11.294998112189973	-0.4517999244875989
7.713057	1.09	-17.587213099375656	-0.7034885239750263
24955.45756	0.71	-12.797731715095537	-0.5119092686038215
20.77288	0.93	-19.249993064045395	-0.7699997225618158
20.772858	0.94	-2.1745603072966238	-0.08698241229186496
52.5636	0.93	-16.076313517570593	-0.6430525407028237
10.288914	0.93	-16.736713197455884	-0.6694685278982354
16.84	0.9	-8.641578002395764	-0.3456631200958306
1062.26506	1.81	-6.3414326987730645	-0.25365730795092256
18600.0	1.85	-13.466727873613467	-0.5386691149445387
36.116	0.29	-3.5241861410796376	-0.1409674456431855
27000.0	1.07	-9.461661734794657	-0.3784664693917863
38350.0	1.07	-14.531587954296652	-0.5812635181718661
312.0	1.03	-10.796862906410592	-0.4318745162564237
3.58599	1.15	-3.629142157246089	-0.14516568628984355
11.23	1.15	-7.139031720705112	-0.2855612688282045
83255.09	1.51	-15.370489387454064	-0.6148195754981626
18000.0	1.61	-1.8341808993449102	-0.07336723597379641
3.986	0.69	-0.6832100533081737	-0.02732840213232695
4368.0	0.88	-1.0809880001216368	-0.04323952000486547
8.834978	0.7	-7.7774161573745335	-0.31109664629498135
19.30691	0.94	-7.142158474786285	-0.2856863389914514
19.292062	0.97	-7.21598197907978	-0.2886392791631912
1.6739024	1.18	-14.72100812403824	-0.5888403249615296
1.6739035	1.15	-2.104862471393871	-0.08419449885575483
1.673833	1.23	-15.860201945843285	-0.6344080778337314
1.674	1.15	-7.446841057657302	-0.2978736423062921
14.677286	0.8	-4.037604362481494	-0.16150417449925975
14.6762429	0.82	-11.761988129875183	-0.47047952519500735
9.9147	0.74	-9.389558185377043	-0.37558232741508174
9.915615	0.77	-3.7200759776541137	-0.14880303910616455
1.9741954	0.51	-2.192131532522724	-0.08768526130090896
1.9741	0.5	-9.176332770204432	-0.36705331080817727
1.97419	0.51	-8.790565251429264	-0.35162261005717055
1.974238	0.43	-19.73080080143786	-0.7892320320575144
8.26679	0.96	-3.5828614663580938	-0.14331445865432377
8.266902	1.01	-3.4271624661991535	-0.13708649864796615
8.267704	0.99	-18.68630336197793	-0.7474521344791173
3.3139151	1.3	-2.1734855345937865	-0.08693942138375146
3.31392	1.3	-10.604110837643924	-0.424164433505757
4.73360988	0.96	-10.984972432072576	-0.43939889728290304
4.73379	1.29	-5.38619102182657	-0.2154476408730628
4.733999	1.17	-21.233455395459426	-0.8493382158183771
4.73401	1.12	-4.469320144858189	-0.17877280579432758
4.734	0.96	-24.77321006506787	-0.9909284026027149
39.93767	1.35	-17.49260747573191	-0.6997042990292763
13.85870316	0.81	-3.1045062434911044	-0.12418024973964417
13.864	0.81	-9.82441652003404	-0.3929766608013616
13.86391	0.72	-27.501142420426007	-1.1000456968170402
13.86387	0.75	-3.866574194471565	-0.1546629677788626
5.351403	0.88	-16.484315679112537	-0.6593726271645015
5.3518	0.84	-8.252865968828097	-0.33011463875312386
5.35117	0.88	-15.525786307865179	-0.6210314523146072
15.6805	0.84	-11.706074482877781	-0.4682429793151113
15.6785	0.84	-4.265509500678883	-0.17062038002715532
5.817608	1.01	-11.050535763686744	-0.4420214305474698
11.39109	0.83	-10.533482447765586	-0.4213392979106234
11.390931	0.86	-6.9770851160298815	-0.27908340464119524
11.3909311	0.86	-2.120357757855932	-0.08481431031423728
11.3909344	0.89	-15.251460141399141	-0.6100584056559657
20.2729914	0.92	-8.376893226950614	-0.3350757290780246
20.272615	0.95	-3.3994056219119915	-0.13597622487647967
20.272	1.03	-19.40875954743967	-0.7763503818975868
20.273034	0.83	-10.521049383005119	-0.4208419753202048
20.27362337	1.03	-7.103614022734483	-0.28414456090937934
4.655335	0.73	-6.9375140053395175	-0.2775005602135807
4.655411	0.69	-0.267805163064432	-0.010712206522577278
4.654879	0.69	-8.289995764189628	-0.33159983056758513
1.291626	0.51	-17.347238985407866	-0.6938895594163147
1.2916	0.54	-22.633317870149828	-0.9053327148059931
1.292	0.51	-1.3405818658342612	-0.05362327463337045
1.291505	0.58	-8.929491690452847	-0.3571796676181139
5.444017	0.54	-3.9790119994170614	-0.15916047997668245
5.44425	0.53	-9.232972851342671	-0.36931891405370687
50.92092	0.76	-14.634000567233407	-0.5853600226893363
7.728578	0.76	-2.4007257337351358	-0.09602902934940544
7.72651124	0.71	-18.240903799438243	-0.7296361519775297
7.728	0.71	-2.8911757963560913	-0.11564703185424366
8.28176	1.18	-15.906873631829395	-0.6362749452731759
8.28246	0.96	-10.975251908162225	-0.439010076326489
8.28212	1.01	-17.263568774606476	-0.6905427509842591
8.282455	0.94	-7.275840257927815	-0.2910336103171126
5.185761	0.72	-3.072287381087792	-0.12289149524351169
5.185759	0.73	-16.09422962829112	-0.6437691851316448
5.185972	0.74	-21.45997343433273	-0.8583989373733093
5.185754	0.71	-11.505369957367126	-0.46021479829468503
2.219282	0.62	-14.49383370964546	-0.5797533483858184
2.219315	0.64	-3.515747801554213	-0.14062991206216852
2.21944122	0.6	-6.242595320345771	-0.24970381281383083
2.219405	0.63	-10.155419246062497	-0.4062167698424999
30.96028326	0.6	-1.4147919813715601	-0.05659167925486241
30.9542	0.61	-9.398733324351369	-0.37594933297405475
30.953	0.6	-12.704738014847932	-0.5081895205939173
6.413651	0.39	-9.740725293355906	-0.38962901173423625
6.413766	0.43	-0.2423879451491927	-0.009695517805967708
7.385655	0.69	-14.814226698138052	-0.5925690679255221
7.387	0.67	-3.9491653045107773	-0.1579666121804311
7.387073	0.7	-20.22718136462975	-0.80908725458519
3.588163	0.72	-7.197254751986816	-0.28789019007947264
3.588165	0.7	-7.018771748963214	-0.28075086995852855
5.675819	0.71	-11.431306580050997	-0.4572522632020399
5.675814	0.69	-8.815884038266683	-0.3526353615306673
8.239493	0.36	-2.168039603116397	-0.08672158412465589
39.91488	0.8	-0.7786735237239467	-0.03114694094895787
40.0603	0.94	-7.325762956140755	-0.2930305182456302
2.49412	0.7	-9.491697193383647	-0.3796678877353459
0.369311	0.8	-8.676415187894753	-0.3470566075157901
9.172616	1.08	-8.14616878824294	-0.32584675152971765
9.1751	1.08	-5.497854625837719	-0.21991418503350876
9.173866	0.98	-5.284015079670489	-0.21136060318681957
9.1708	1.19	-13.8921603720039	-0.555686414880156
3.0712	0.51	-2.9109384397626688	-0.11643753759050675
3.07133	0.46	-14.324902253239838	-0.5729960901295935
4.86784	0.46	-9.060510620486175	-0.36242042481944703
11.0234	0.51	-16.807173017325184	-0.6722869206930073
7.9757	0.69	-5.781289112764695	-0.2312515645105878
7.975292	0.74	-11.485321155081373	-0.4594128462032549
7.9752	0.74	-13.638072969310851	-0.5455229187724341
17.307013	0.71	-10.756245698877262	-0.4302498279550905
17.3077	0.71	-5.346235758588444	-0.21384943034353776
17.30713	0.74	-25.360070896700908	-1.0144028358680364
17.30681	0.69	-11.542625619344191	-0.4617050247737677
17.307137	0.74	-7.588568565493317	-0.3035427426197327
25.5715	0.69	-14.995590215480348	-0.5998236086192139
25.575	0.74	-19.282927449766795	-0.7713170979906718
0.179715	0.46	-6.175465926140264	-0.24701863704561056
2.35309	0.94	-12.50535012472581	-0.5002140049890325
5.40478	0.93	-5.226259474549083	-0.20905037898196333
5.40479	0.94	-10.912487213243416	-0.43649948852973663
5.40484	0.92	-1.3215980235958442	-0.05286392094383377
8.26146	0.94	-13.805910466093426	-0.5522364186437371
41.96645	0.92	-7.7776757906040945	-0.3111070316241638
41.96797	0.94	-10.001972637592027	-0.4000789055036811
28.382071	0.95	-1.172571501480503	-0.04690286005922012
28.38236	0.92	-4.274211885353722	-0.1709684754141489
8.368791	0.62	-17.846699204023892	-0.7138679681609557
8.36802	0.47	-13.536082616078167	-0.5414433046431267
6.5693	1.0	-17.453425749092865	-0.6981370299637146
0.2803244	0.71	-31.321395194743246	-1.2528558077897298
0.28	0.71	-4.119704078935722	-0.1647881631574289
7.7485	0.71	-2.0276651471601213	-0.08110660588640485
7.7485	0.71	-2.0331992121828533	-0.08132796848731413
2.64484	0.31	-17.841751710569262	-0.7136700684227705
2.644646	0.36	-8.915006344646212	-0.3566002537858485
2.645	0.31	-5.256219066734586	-0.21024876266938342
2.644661	0.33	-25.19611868848774	-1.0078447475395096
2.6698	0.36	-1.5591069351595668	-0.06236427740638267
4.38395	0.65	-11.895028427596296	-0.47580113710385186
9.7579	0.65	-9.844067995588059	-0.39376271982352234
10.59357	0.46	-11.302183019416828	-0.45208732077667313
3.835592	0.44	-5.232613786249096	-0.20930455144996385
32.6479	0.63	-4.220842418636491	-0.16883369674545964
32.6527	0.65	-1.4381314788151853	-0.057525259152607415
7.51554	0.51	-2.049589242664977	-0.08198356970659909
3.67635	0.67	-13.430132947243894	-0.5372053178897558
3.67626	0.65	-0.8480725264456275	-0.0339229010578251
7.95486	0.65	-4.5037862986654105	-0.18015145194661641
6.342	0.65	-3.247006777866652	-0.12988027111466607
13.85402	0.54	-0.7485219425122951	-0.029940877700491805
13.853487	0.54	-1.5065783318995576	-0.0602631332759823
0.813149	0.64	-15.102175058578498	-0.60408700234314
0.365257	0.94	-20.75556137201648	-0.8302224548806593
10.06049	0.92	-13.586392989050864	-0.5434557195620345
5.90279	0.92	-9.139284178817755	-0.3655713671527102
7.62067	0.67	-3.6925153371981967	-0.14770061348792787
19.07863	0.68	-2.7176310358342315	-0.10870524143336927
19.077	0.69	-21.67446700155943	-0.8669786800623773
3.705871	0.98	-2.3201148928140594	-0.09280459571256237
9.283188	0.99	-16.35974436042287	-0.6543897744169148
9.45889	0.75	-4.646108766975717	-0.18584435067902866
9.457747	0.78	-12.15342381561566	-0.4861369526246264
17.355066	1.18	-1.8547127547510258	-0.07418851019004104
2.354992	0.83	-8.073304776631112	-0.32293219106524446
4.382745	0.83	-5.312215023778582	-0.21248860095114327
14.101361	0.83	-1.4326814894999296	-0.05730725957999718
9.9785275	1.02	-8.504408161500017	-0.3401763264600007
9.978541	1.08	-2.0316639793881675	-0.0812665591755267
9.97857	1.34	-20.631229366611134	-0.8252491746644454
15.8523	0.88	-6.316076300682548	-0.2526430520273019
15.853989	0.91	-1.265001564961762	-0.05060006259847048
6.380803	0.99	-11.159726275029872	-0.44638905100119486
17.969029	0.66	-9.743907237128345	-0.38975628948513386
17.9654	0.53	-11.760702626555174	-0.470428105062207
7.576544	0.96	-13.937637822907234	-0.5575055129162894
12.400047	0.96	-9.44134451795716	-0.3776537807182864
5.628466	0.89	-12.478160330028889	-0.4991264132011555
5.86639571	0.98	-4.8072469631455395	-0.19228987852582158
19.562743	0.67	-3.56185836626582	-0.1424743346506328
19.562307	0.7	-3.6827370107260293	-0.14730948042904118
19.5661401	0.66	-6.546208661226293	-0.26184834644905175
9.525988	1.09	-17.105149205324782	-0.6842059682129913
8.747818	0.95	-16.809498356773858	-0.6723799342709543
5.172191	0.82	-7.313567913739145	-0.2925427165495658
32.9418	0.42	-1.226644291295632	-0.049065771651825275
32.93963	0.36	-7.770974484428365	-0.3108389793771346
32.92801934	0.44	-3.5452360734563637	-0.14180944293825457
32.939614	0.36	-8.49742370833296	-0.3398969483333184
32.939623	0.36	-4.132844817283545	-0.1653137926913418
8.962	0.36	-3.841535816340724	-0.15366143265362894
8.865663	0.73	-4.725428907266593	-0.18901715629066373
8.867209	0.72	-29.3351706709921	-1.173406826839684
8.8665	0.71	-5.234500406514759	-0.20938001626059038
8.866	0.93	-5.67044143721261	-0.2268176574885044
6.893813	1.02	-4.039733190757846	-0.16158932763031383
6.893	0.98	-8.917309035574036	-0.35669236142296146
6.89424037	0.98	-4.233298913563643	-0.1693319565425457
6.894252	1.04	-14.82364175926799	-0.5929456703707195
4.7369696	0.82	-7.672257741731034	-0.30689030966924136
4.7369683	0.86	-1.594103480996357	-0.06376413923985429
4.736837	0.88	-3.80384479979946	-0.1521537919919784
4.737	0.88	-5.414089746566473	-0.21656358986265895
0.469269	0.94	-22.31880118634298	-0.8927520474537193
10.792635	0.93	-6.27444477594985	-0.250977791037994
22.631964	0.93	-15.333061952645476	-0.6133224781058191
22.629496	0.94	-2.6783841994641264	-0.10713536797856506
16.9780102	0.84	-19.397471608099295	-0.7758988643239718
16.994	0.89	-17.708815063930402	-0.7083526025572161
16.995731	0.86	-1.07015963426044	-0.0428063853704176
10.616646	0.98	-3.726697098113629	-0.14906788392454515
52.713494	0.96	-11.70195150469478	-0.4680780601877912
0.77392	0.98	-17.157916367656085	-0.6863166547062435
0.773981	0.97	-16.71457411599633	-0.6685829646398532
2.871788	0.97	-11.495759467530286	-0.45983037870121146
7.15	0.93	-5.8999646101494845	-0.23599858440597937
7.149079	0.97	-4.120885343284461	-0.16483541373137844
7.15451552	0.93	-16.116342884082748	-0.64465371536331
13.609878	0.98	-1.5393236616419856	-0.06157294646567943
1.742983	1.11	-4.6096678319306745	-0.18438671327722697
1.742169	1.06	-7.776945324367947	-0.31107781297471787
7.809	1.07	-22.120658920821736	-0.8848263568328695
7.810253	1.06	-6.045488246000329	-0.24181952984001318
5.1763	0.93	-18.39366710104062	-0.7357466840416248
2.588309	0.94	-2.284971460848808	-0.09139885843395233
6.679	0.96	-11.744701460868232	-0.46978805843472926
6.67773603	0.96	-3.6974975079174857	-0.14789990031669942
6.679195	0.94	-18.023345766301055	-0.7209338306520422
7.91943	0.84	-12.915102011937222	-0.5166040804774888
7.920978	0.93	-10.962198998897815	-0.4384879599559126
7.9222	0.88	-9.069844913509824	-0.36279379654039295
7.91952314	0.92	-9.15186684568909	-0.36607467382756365
7.921101	0.95	-17.669510368089327	-0.7067804147235731
7.920994	0.9	-20.89227751082892	-0.8356911004331568
7.91951	0.92	-20.617051751252603	-0.8246820700501042
11.8993	0.88	-3.316777777537412	-0.13267111110149649
12.0028	0.9	-8.713680309042557	-0.3485472123617023
11.90701	0.89	-2.1776525699975497	-0.087106102799902
11.90727	0.95	-2.7854788605923915	-0.11141915442369565
11.90715	0.93	-13.172796456457654	-0.5269118582583061
11.9066	0.92	-5.394794189269687	-0.2157917675707875
11.90691	0.84	-18.53871320726037	-0.7415485282904147
11.907625	0.9	-11.012021415745382	-0.4404808566298153
2.50856	0.93	-18.36993443601601	-0.7347973774406404
2.50858	0.99	-17.70679355820942	-0.7082717423283768
2.5081	0.88	-5.782946403819669	-0.23131785615278677
2.508283	0.9	-12.458801069807834	-0.4983520427923134
10.099	0.99	-17.665232573163678	-0.7066093029265471
10.098858	0.9	-10.72867634506629	-0.4291470538026516
2.85794855	0.83	-9.173672922159739	-0.36694691688638953
2.858	0.83	-8.716594332387473	-0.3486637732954989
2.858646	0.9	-9.894402527994037	-0.3957761011197615
4.163221	0.87	-16.271462501133332	-0.6508585000453333
4.163	0.87	-16.214164832107272	-0.6485665932842909
14.786889	1.01	-0.6659353861173771	-0.026637415444695084
14.786	0.98	-4.620919104007101	-0.18483676416028405
14.787207	0.99	-10.225752338361715	-0.4090300935344686
39.721386	1.11	-3.003917826452005	-0.1201567130580802
39.699	1.2	-12.287096280713325	-0.491483851228533
15.854	1.03	-19.370720866101884	-0.7748288346440754
15.852975	0.94	-1.425074827265599	-0.05700299309062396
28.482786	0.96	-7.797200532679993	-0.3118880213071997
8.357881	1.0	-8.129865925379054	-0.32519463701516216
8.35470947	1.0	-8.664887629984959	-0.34659550519939836
17.043	0.88	-16.703510757105715	-0.6681404302842286
17.043179	0.84	-1.2599544747559308	-0.050398178990237234
3.3596055	0.8	-13.995053997139006	-0.5598021598855603
7.45	0.88	-0.44425600786187697	-0.017770240314475078
7.4500177	0.8	-9.953497718117793	-0.3981399087247117
3.2253993	0.71	-1.4230297581482474	-0.0569211903259299
7.374	0.72	-3.118567969670101	-0.12474271878680405
7.3744897	0.71	-6.049564652438745	-0.2419825860975498
7.3744828	0.71	-2.4915867071676407	-0.09966346828670564
7.374694	0.73	-15.764699969230119	-0.6305879987692048
2.849883	0.86	-6.71148020500589	-0.2684592082002356
22.779878	0.96	-5.851140657286376	-0.23404562629145503
4700.0	0.58	-5.74906301728501	-0.2299625206914004
4700.0	0.57	-1.7518852274369499	-0.07007540909747799
3.405164	0.97	-15.930948520785535	-0.6372379408314214
9.6952	0.79	-2.9747009696805717	-0.11898803878722287
7.055908	1.08	-0.8362166261100334	-0.03344866504440134
26.672263	0.95	-12.303753206879362	-0.4921501282751745
18.294549	0.79	-1.9934104618993334	-0.07973641847597333
4.19097	0.88	-15.832570209351188	-0.6333028083740475
4.190948	0.93	-0.3067790586772297	-0.01227116234708919
2.080615	0.74	-17.163260500695653	-0.6865304200278262
9.32414	0.64	-7.422665841142084	-0.29690663364568337
9.32389	0.52	-0.7324399046474552	-0.02929759618589821
15.50192	0.68	-22.77312317512203	-0.9109249270048813
15.50116	0.52	-11.08686414002017	-0.4434745656008068
0.570233	0.91	-2.8781136280106265	-0.11512454512042507
0.669558	0.88	-12.631598255333664	-0.5052639302133466
9.79551	0.67	-0.8981569456982523	-0.03592627782793009
9.7954	0.62	-7.685845060458926	-0.30743380241835705
8.596531	1.02	-13.430149696850618	-0.5372059878740247
8.596802	1.05	-15.4716135514626	-0.618864542058504
8.269648	1.0	-5.1385464808294286	-0.20554185923317714
2.1748	0.7	-14.484345684610936	-0.5793738273844374
14.074524	1.1	-7.87134990089136	-0.3148539960356544
8.679885	1.05	-2.6735307667330197	-0.10694123066932079
1.143201	0.42	-5.970953780857464	-0.23883815123429855
0.381078	0.6	-3.373816040699915	-0.1349526416279966
0.381078	0.6	-8.52680159155426	-0.3410720636621704
2.399094	1.01	-6.569346901688684	-0.2627738760675474
15.38857	0.99	-7.212260883202779	-0.2884904353281112
15.387063	1.0	-1.3500986942238806	-0.05400394776895523
4.478591	0.9	-6.840180939162195	-0.2736072375664878
10.09489	0.91	-13.548815501967644	-0.5419526200787058
15.87209	1.27	-1.672952991137162	-0.06691811964548648
3.27108	0.88	-16.528232926058227	-0.661129317042329
13.621832	0.95	-9.249696692173472	-0.3699878676869389
2.698368	0.74	-4.6482195519767275	-0.1859287820790691
0.584249	0.84	-7.124763668796208	-0.2849905467518483
0.58424	0.86	-20.258678775015554	-0.8103471510006222
0.584	0.8	-9.36036130900935	-0.374414452360374
0.58426	0.87	-8.556738845885738	-0.3422695538354295
8.32727	0.87	-6.774213851416165	-0.2709685540566466
8.32801	0.86	-14.748711278445949	-0.589948451137838
8.32834	0.84	-11.022909255283976	-0.44091637021135904
2.86041	1.11	-21.12432493580176	-0.8449729974320704
13.841901	1.01	-1.0316488052283115	-0.04126595220913246
11.16844233	1.19	-20.277600313218873	-0.811104012528755
11.168454	1.19	-12.15871060999373	-0.4863484243997492
11.168459	1.04	-23.73824290362399	-0.9495297161449596
2.4675	0.79	-10.30823894692429	-0.41232955787697156
2.46746	0.8	-0.21122222751761832	-0.008448889100704734
7.06005	0.79	-4.7362677098931005	-0.18945070839572403
24.36543	0.8	-2.2014427681073885	-0.08805771072429554
24.3645	0.79	-16.583803766233324	-0.663352150649333
24.3662	0.8	-21.105664359245246	-0.8442265743698099
2.18056	1.28	-6.023317462739419	-0.24093269850957677
3.20466	1.19	-19.34057008232312	-0.7736228032929248
10.115	0.4	-3.0794961771657627	-0.12317984708663052
20.885016	1.1	-23.762152678917964	-0.9504861071567186
20.8851	1.12	-15.045076020249644	-0.6018030408099858
20.88508	1.12	-7.924742916008366	-0.31698971664033465
20.8851	1.12	-10.370084280316659	-0.41480337121266636
20.88977	1.07	-18.575037284256762	-0.7430014913702705
42.3633	1.12	-11.917719114733224	-0.476708764589329
42.3633	1.12	-15.396410341912034	-0.6158564136764814
20.523	0.58	-14.615389355679893	-0.5846155742271958
26.8199	0.71	-4.907463038127313	-0.19629852152509253
6.51389	0.38	-2.719347903488224	-0.10877391613952897
11.54182	1.29	-4.688355410733163	-0.18753421642932652
24.94598	1.29	-7.1701704833722095	-0.2868068193348884
21.06884	0.86	-0.46353420263237344	-0.01854136810529494
11.89307	0.83	-15.066532477739889	-0.6026612991095955
6.49424	0.74	-7.183326279742614	-0.2873330511897046
7.17256	0.88	-18.326587199486443	-0.7330634879794578
12.409	1.32	-16.077588035040577	-0.6431035214016231
3.4845627	0.29	-12.27115664241525	-0.49084626569661
3.48456408	0.26	-11.293011127339854	-0.45172044509359416
3.48456248	0.29	-0.10401162284436927	-0.004160464913774771
4.01457	0.8	-19.805121081770597	-0.7922048432708239
13.81513	0.79	-3.841253647285306	-0.15365014589141224
4.00167	1.08	-19.238896956716644	-0.7695558782686658
12.11839	0.71	-5.250536125602631	-0.21002144502410525
1.60588	0.52	-0.42425991855748235	-0.016970396742299294
19.0921	1.21	-4.982815164105967	-0.19931260656423866
15.48043	1.14	-9.77724934389661	-0.3910899737558644
14.5662	0.53	-6.39075822938911	-0.25563032917556444
2.62669768	1.39	-13.212297944801882	-0.5284919177920753
2.62669762	1.64	-11.904101888363995	-0.4761640755345598
11.6334681	1.11	-2.9188636372700145	-0.11675454549080058
11.6334758	1.1	-7.84734331209752	-0.3138937324839008
11.63345	1.1	-5.3324920713878665	-0.21329968285551468
50.818947	0.88	-10.897908971520227	-0.4359163588608091
5.83977	0.47	-13.700607364395374	-0.548024294575815
19.660302	0.5	-10.11403268535035	-0.404561307414014
19.66365	0.47	-3.9908566752772288	-0.15963426701108915
2.369172	0.92	-20.63902878945504	-0.8255611515782016
19.482	0.69	-10.972098109310446	-0.43888392437241786
2.151894	0.84	-3.377825296370709	-0.13511301185482835
9.326841	0.84	-3.6214421624452977	-0.14485768649781192
9.325	0.84	-13.26737282890742	-0.5306949131562968
9.33155684	0.84	-11.020928917015548	-0.4408371566806219
9.327527	0.84	-6.958189291864586	-0.27832757167458344
4.528598	0.84	-6.650590807170822	-0.2660236322868329
6.131243	0.84	-1.8429051755439234	-0.07371620702175694
26.27057	0.84	-32.1272067694475	-1.2850882707778999
6.77093147	0.89	-2.1644287762199874	-0.0865771510487995
6.771315	0.87	-12.017290570815554	-0.4806916228326222
1.543069	0.85	-26.93842278421338	-1.0775369113685351
8.56394776	0.98	-11.297981381229748	-0.45191925524918997
14.452	0.93	-10.288849037787973	-0.4115539615115189
14.45182127	0.93	-7.200947985272903	-0.2880379194109161
14.453533	0.81	-8.9173109362883	-0.35669243745153206
14.4536756	0.86	-5.2424564431613	-0.209698257726452
11.72	0.84	-12.70446972649248	-0.5081787890596992
11.71571445	0.84	-8.72938617441212	-0.34917544697648484
11.7195663	0.89	-1.7967182386873508	-0.07186872954749403
14.1330314	0.79	-14.854821444503365	-0.5941928577801346
14.11544241	0.84	-3.7774148919037316	-0.15109659567614928
3.280961	0.79	-0.6560592343584606	-0.026242369374338423
3.28046294	0.77	-4.418218826622615	-0.17672875306490463
3.281	0.77	-7.321593306561453	-0.2928637322624581
3.2809626	0.77	-3.9983653003096173	-0.1599346120123847
8.438	0.77	-3.205025613146174	-0.12820102452584695
6.327	1.01	-9.276220998581026	-0.37104883994324106
6.326768	0.97	-16.457385028866476	-0.658295401154659
3.334966	1.4	-9.034251086163817	-0.36137004344655266
2.260435	0.2	-13.966040839102401	-0.558641633564096
2.2604455	0.26	-21.46630580324905	-0.858652232129962
19.89526	1.03	-5.247560937359157	-0.2099024374943663
19.895202	1.11	-12.21953463954027	-0.4887813855816108
8.687721	0.82	-8.51200252873782	-0.3404801011495128
4.169836	0.95	-6.39416978571802	-0.25576679142872083
4.795069	0.63	-12.480420291287585	-0.4992168116515034
4.7948599	0.63	-14.4365276954174	-0.577461107816696
3.471745	0.83	-9.75609477985044	-0.3902437911940176
7.138048	0.83	-2.3953817568498854	-0.09581527027399542
10.45582	0.83	-21.262161555239526	-0.850486462209581
14.76289	0.83	-8.441114836779082	-0.3376445934711633
14.89329	1.06	-12.869721291409306	-0.5147888516563722
14.893291	1.06	-1.2752647898911669	-0.05101059159564668
3.258824	0.92	-8.155142359331482	-0.32620569437325925
3.2591993	0.94	-26.78574935993325	-1.07142997439733
3.25883406	0.94	-8.086764636178195	-0.3234705854471278
3.258768	0.94	-16.126311243972452	-0.6450524497588981
3.2589263	0.86	-14.643623885685091	-0.5857449554274037
9.21165	1.19	-2.1573206016969264	-0.08629282406787706
48.36685	1.19	-13.374610676742273	-0.534984427069691
2.225	0.93	-2.506248551541561	-0.10024994206166245
13.1225	0.96	-6.264586994583042	-0.2505834797833217
2.50387	0.99	-9.660503178367781	-0.38642012713471124
4.024867	0.74	-10.887574973176553	-0.4355029989270621
10.05448	0.53	-20.982938583208146	-0.8393175433283259
10.05403	0.6	-3.899814348950809	-0.15599257395803234
10.05176778	0.55	-1.8601279507932398	-0.0744051180317296
10.05449	0.6	-7.3470105090927955	-0.2938804203637118
10.054626	0.62	-11.400978487508192	-0.4560391395003277
24.6454	0.6	-2.4800824739076934	-0.09920329895630774
24.646729	0.55	-7.755117077887844	-0.31020468311551375
24.64745	0.53	-6.9283218004325455	-0.2771328720173018
24.6491	0.61	-6.5418854089387715	-0.26167541635755087
24.6435	0.41	-3.3497938409311576	-0.1339917536372463
24.646582	0.6	-18.68043151490496	-0.7472172605961984
24.6454	0.6	-16.845810280535478	-0.6738324112214191
44.55612	0.55	-1.578828503451673	-0.06315314013806692
44.5631	0.6	-6.508210135851071	-0.26032840543404284
44.5631	0.6	-22.47988243957925	-0.89919529758317
44.55646	0.6	-7.397239855446262	-0.2958895942178505
44.55603	0.55	-19.547902578553945	-0.7819161031421578
44.55983	0.6	-10.368931844317606	-0.41475727377270427
4.09803132	0.88	-9.023764668951392	-0.3609505867580557
4.098492	0.97	-6.262084424160316	-0.25048337696641265
4.0984791	0.9	-6.372513067572929	-0.2549005227029172
3.38628	1.09	-6.261564058411166	-0.25046256233644665
1.25784887	0.91	-11.733202682659876	-0.469328107306395
1.25785	0.91	-11.976918342476816	-0.47907673369907267
1.2578332	0.92	-4.319173447875438	-0.17276693791501754
1.133	0.41	-14.604709333198683	-0.5841883733279473
6.22	0.4	-14.680123538304784	-0.5872049415321914
26.68	0.95	-2.5154635353595736	-0.10061854141438295
8.99213	0.86	-9.52417852130912	-0.38096714085236477
8.99218	0.87	-5.792387913902834	-0.23169551655611337
8.991828	0.86	-14.63067617992652	-0.5852270471970608
8.99002105	0.9	-11.938721564414475	-0.477548862576579
20.6602	0.86	-3.9245666979115112	-0.15698266791646046
20.65614	0.87	-0.9647388623948078	-0.038589554495792315
20.65614	0.87	-5.3071506771780586	-0.21228602708712235
31.7142	0.86	-9.010727589954458	-0.3604291035981783
31.715061	0.92	-9.179862634330865	-0.3671945053732346
31.7154	0.86	-10.20439480685047	-0.4081757922740188
31.71701	0.83	-2.2803184756852404	-0.09121273902740962
4.34934	0.83	-6.014639880686361	-0.24058559522745446
4.34882	0.86	-10.747743903062487	-0.4299097561224995
1.995	0.12	-4.1831999682736605	-0.16732799873094642
2.2979749	0.58	-12.860699013754688	-0.5144279605501876
24.93	0.48	-13.165033030908676	-0.5266013212363471
12.4551225	0.9	-10.00755552057789	-0.4003022208231156
5.42513	0.31	-12.934348049181468	-0.5173739219672587
22.996591	1.1	-7.920389719477484	-0.3168155887790994
17.70632	0.27	-5.185839110246577	-0.20743356440986307
14.759287	1.06	-0.5651058936017599	-0.022604235744070396
21.199	0.91	-8.609766022585953	-0.3443906409034381
21.194733	0.86	-4.7942851238697735	-0.19177140495479095
16.271	1.08	-11.099144002604765	-0.44396576010419064
16.273563	0.94	-7.815573473365934	-0.31262293893463733
3.850614	0.66	-4.585080920429147	-0.18340323681716586
19.507428	0.74	-0.3432059449338761	-0.013728237797355044
2.995607	1.28	-8.129523413251244	-0.32518093653004976
2.996	1.16	-8.381986462674561	-0.33527945850698243
2.9956348	1.16	-3.3714192536737797	-0.1348567701469512
2.99563536	1.31	-5.701517444397483	-0.22806069777589932
2.995654	1.31	-2.17353281429649	-0.08694131257185961
2.99561	0.64	-10.946994936634024	-0.437879797465361
2.995629	1.23	-15.129705865628942	-0.6051882346251577
2.995633	1.15	-11.880693561375866	-0.47522774245503463
29.740451	0.93	-16.06778060071084	-0.6427112240284336
29.729	0.96	-0.48626860996645777	-0.01945074439865831
36.552551	0.98	-7.776787715378493	-0.3110715086151397
3.35585	0.51	-23.500006016741025	-0.940000240669641
10.367437	0.56	-5.767399968716568	-0.2306959987486627
10.366	0.54	-11.700241389836105	-0.4680096555934442
26.198	0.75	-10.707411629015878	-0.42829646516063513
7.187257	0.66	-11.150690142919686	-0.44602760571678746
4.688418	0.83	-1.006632757250241	-0.04026531029000964
12.550171	0.83	-18.15973131846963	-0.7263892527387852
9.029	0.9	-14.719840507308183	-0.5887936202923273
9.032178	0.54	-9.279154428886756	-0.37116617715547023
2.39991	0.66	-8.556997917372792	-0.3422799166949117
5.60912	0.76	-9.018708859146109	-0.36074835436584435
5.60967748	0.68	-5.0252822281278675	-0.2010112891251147
4.163873	0.98	-0.6267263700495483	-0.025069054801981933
19.991944	0.98	-3.3818952279522216	-0.13527580911808887
7.806	1.03	-13.234649741748989	-0.5293859896699595
7.806164	1.02	-6.829884691331795	-0.27319538765327184
3.665912	0.98	-19.35424448554328	-0.7741697794217313
8.234885	0.98	-15.674021558110194	-0.6269608623244077
15.466805	0.87	-0.8361513938399071	-0.033446055753596285
3.793306	0.43	-6.121045753501706	-0.24484183014006825
5.7385647	0.96	-9.152602265796338	-0.3661040906318535
11.2510285	0.93	-13.454988465438841	-0.5381995386175537
1.422619	0.8	-11.896451528168589	-0.47585806112674356
1.42266	0.8	-4.177356630693914	-0.16709426522775656
5.340888	0.79	-2.9619804019386216	-0.11847921607754486
5.340883	0.8	-9.551825394749288	-0.38207301578997155
9.79692	0.96	-1.474552097118989	-0.05898208388475956
23.448172	0.82	-1.593532840618014	-0.06374131362472056
5.025598	0.75	-17.41438690684205	-0.696575476273682
9.660186	0.75	-10.649763167035582	-0.4259905266814233
20.201085	0.75	-10.266012553528366	-0.4106405021411347
4.443774	0.89	-24.86697438335707	-0.9946789753342828
4.44117	0.9	-12.202173161193947	-0.4880869264477579
6.42904	0.9	-24.06821910953314	-0.9627287643813256
14.09189	0.9	-2.331965979191167	-0.09327863916764668
14.0919	0.9	-14.480565194142875	-0.579222607765715
2.14084	0.98	-7.636333517549026	-0.30545334070196106
3.11491262	0.82	-14.711545087669872	-0.5884618035067949
9.844077	0.85	-11.894074516817499	-0.47576298067269995
9.844	0.96	-9.318316668608889	-0.37273266674435557
4.521953	0.73	-5.984430367630236	-0.23937721470520945
4.521953	0.73	-3.426922484330086	-0.13707689937320344
16.43445	0.73	-3.924522126269563	-0.15698088505078253
14.453895	1.12	-1.3201381065513786	-0.05280552426205515
5.776475	0.91	-1.9169213896677328	-0.07667685558670932
12.832235	0.82	-15.51422731310099	-0.6205690925240396
2.06	0.79	-6.885369416083648	-0.27541477664334596
4.01628	1.08	-13.691799523998142	-0.5476719809599258
4.01593	1.03	-2.828213878194515	-0.11312855512778061
4.01593	2.24	-5.847895480073246	-0.23391581920292986
4.01593	1.07	-0.688580664862505	-0.027543226594500203
10.56103	1.03	-5.201439513322985	-0.2080575805329194
10.56103	1.07	-6.169675420716581	-0.24678701682866325
10.56098	1.08	-14.046164652518755	-0.5618465861007502
10.56103	1.05	-1.517400618911599	-0.06069602475646396
9.401312	0.99	-15.434110508665993	-0.6173644203466397
7.9389334	0.75	-3.886120312292104	-0.15544481249168418
26.803023	0.75	-0.3760679594312823	-0.015042718377251293
21.700156	0.92	-5.996151353860723	-0.23984605415442894
1.865962	1.06	-4.673001143913047	-0.18692004575652188
2.231527	0.33	-1.0925474261215071	-0.043701897044860286
2.380867	0.93	-5.229250951594648	-0.20917003806378592
7.473223	0.91	-13.780373380581919	-0.5512149352232768
6.339069	0.84	-14.51851875762582	-0.5807407503050328
6.339069	0.84	-2.578221813101846	-0.10312887252407384
8.583566	0.8	-6.6314456107362325	-0.2652578244294493
20.851337	0.8	-3.0388825219717788	-0.12155530087887115
20.851337	0.8	-1.5480634630897612	-0.06192253852359045
4.60543	0.66	-10.124100567360527	-0.4049640226944211
4.60497	1.19	-16.56376292053842	-0.6625505168215368
4.60497	1.17	-1.95604775544917	-0.0782419102179668
4.622654	0.76	-5.879328767218086	-0.23517315068872344
15.398723	0.84	-3.975597217753553	-0.15902388871014211
15.398723	0.84	-15.455156184706995	-0.6182062473882798
10.413181	0.88	-18.64131730602309	-0.7456526922409237
4.803352	0.95	-8.497772081141159	-0.3399108832456464
4.803352	0.95	-0.8321057023775782	-0.033284228095103126
8.491282	0.95	-6.370289090436219	-0.2548115636174488
0.673862	0.95	-13.017827078289795	-0.5207130831315918
6.393025	0.94	-4.6194252918808765	-0.18477701167523505
18.787839	0.94	-1.936473281882404	-0.07745893127529616
3.865053	0.37	-1.4326131534302617	-0.057304526137210474
6.293099	0.87	-8.677196985579698	-0.3470878794231879
6.293099	0.87	-9.4548842913246	-0.378195371652984
17.27474	0.94	-11.067123106242121	-0.44268492424968486
3.435471	1.03	-3.0936659679562983	-0.12374663871825194
20.978959	0.81	-5.089938074125062	-0.20359752296500247
1.908084	0.89	-1.8324991880370929	-0.07329996752148371
1.908084	0.89	-1.6372503700146268	-0.06549001480058507
3.2141	1.02	-16.70073656141237	-0.6680294624564949
5.9382	0.89	-0.34931152430505447	-0.013972460972202179
5.3301	0.81	-8.470060472735074	-0.338802418909403
6.669	0.81	-5.3067985583748385	-0.21227194233499355
6.535	0.57	-5.943065226244592	-0.23772260904978368
20.35847252	0.56	-9.122624267540619	-0.36490497070162475
20.35954	0.54	-13.575995223823377	-0.543039808952935
3.47114	0.6	-12.717749281264402	-0.508709971250576
2.198884	0.57	-0.27822315022280125	-0.01112892600891205
5.657	1.15	-7.526950343805604	-0.30107801375222415
5.65688	1.15	-18.632776315952903	-0.7453110526381161
1.7292684	0.5	-5.904737422433049	-0.23618949689732197
1.729257	0.68	-3.8987645289439543	-0.15595058115775817
19.15454	1.02	-0.1762022035416579	-0.007048088141666316
31.6372	0.75	-17.08332551410525	-0.6833330205642101
20.5065	0.77	-7.249355615676413	-0.2899742246270565
5.73594	0.61	-2.4341444400176746	-0.09736577760070698
10.93406	0.53	-7.770967630344179	-0.31083870521376716
10.93241	0.61	-11.3613307345421	-0.45445322938168403
8.7529	0.61	-17.039907405954988	-0.6815962962381995
3.535055	1.69	-10.203120296979316	-0.40812481187917266
3.53482	1.21	-12.457344154221266	-0.4982937661688506
12.2054	0.83	-2.0244491315518	-0.080977965262072
12.20772	0.85	-9.023914411998295	-0.3609565764799318
9.7833	0.61	-27.186317333723423	-1.087452693348937
9.7843	0.42	-9.444816254903138	-0.3777926501961255
2.8492816	0.7	-8.7313534102179	-0.349254136408716
2.849274	0.69	-2.1330398201218106	-0.08532159280487242
9.0073	0.7	-7.973472939747582	-0.3189389175899033
9.0063	0.68	-9.458759263829975	-0.37835037055319903
7.05240378	0.83	-5.186079551036599	-0.20744318204146395
7.05254	0.89	-8.892763858612751	-0.35571055434451004
2.537071	0.86	-9.455626553012385	-0.3782250621204954
20.6921	0.77	-13.638925247389174	-0.545557009895567
11.2954	0.77	-5.088558650075074	-0.20354234600300294
30.94191	0.97	-12.898317840226863	-0.5159327136090746
30.944593	0.93	-26.735797091090348	-1.0694318836436139
3.002627	1.08	-12.302696032487454	-0.49210784129949814
3.00265	0.97	-9.966938013680663	-0.3986775205472265
3.0026	1.0	-9.896173709318651	-0.39584694837274603
6.67202	0.77	-1.808132076225263	-0.07232528304901052
6.67010938	0.72	-9.569753860285317	-0.3827901544114127
6.671774	0.68	-2.6695852585243283	-0.10678341034097313
16.197201	0.68	-9.396085282721682	-0.3758434113088673
25.4556	1.4	-1.1470089497022204	-0.045880357988088816
6.53147301	0.94	-0.30120423335921204	-0.012048169334368482
5.06963	1.11	-7.860788102322192	-0.31443152409288766
8.05428	0.73	-10.281362625508486	-0.41125450502033944
28.6777	1.05	-18.40767370909689	-0.7363069483638757
28.6781	1.06	-4.784789198943311	-0.19139156795773243
13.978518	0.85	-17.39932150517054	-0.6959728602068216
5.577212	0.27	-5.108253814990548	-0.20433015259962195
5.57739	0.22	-1.0794508774276197	-0.043178035097104786
15.1871	0.22	-13.034461652437875	-0.521378466097515
15.189034	0.27	-16.67618380632318	-0.6670473522529272
7.760178	0.27	-26.30506730451903	-1.0522026921807612
7.7599	0.22	-4.364177852101775	-0.174567114084071
24.158868	0.27	-5.111328334139105	-0.2044531333655642
24.1669	0.22	-17.984523471807336	-0.7193809388722935
7.495	1.06	-1.5012401690570445	-0.06004960676228178
7.49543	1.05	-7.108983988400167	-0.2843593595360067
7.495692	1.04	-19.079869976519454	-0.7631947990607781
18.286069	1.17	-2.782269570827236	-0.11129078283308945
8.2008	0.79	-8.208527431272774	-0.328341097250911
8.199814	0.85	-15.373695998700068	-0.6149478399480027
10.9947	1.07	-6.857678583682861	-0.27430714334731443
10.99573	1.06	-15.360940779643736	-0.6144376311857495
10.35176	0.79	-8.572630594877108	-0.3429052237950843
10.35239	0.78	-9.791702257950098	-0.3916680903180039
10.3535	0.84	-7.040188264518779	-0.28160753058075116
5.06408	0.84	-16.20679769914851	-0.6482719079659404
5.06416	0.78	-22.774997118059147	-0.9109998847223659
19.0918	0.9	-2.5507320099064996	-0.10202928039625998
5.605309	0.91	-21.55452166254643	-0.8621808665018573
6.10224	0.7	-0.10723671052689387	-0.004289468421075755
6.102325	0.75	-10.317752612106341	-0.41271010448425366
2.74697	0.48	-8.465686516607125	-0.338627460664285
2.747227	0.59	-9.161539648264643	-0.36646158593058575
9.99767	0.48	-20.368995825388424	-0.814759833015537
9.997442	0.59	-10.870622567007352	-0.4348249026802941
6.4215	0.95	-6.794714081326755	-0.2717885632530702
0.684533	0.57	-8.476156608780489	-0.33904626435121954
0.684553	0.68	-5.546029658235189	-0.22184118632940755
8.775864	0.76	-12.747009339969459	-0.5098803735987784
9.726618	1.16	-3.0758587530961847	-0.12303435012384739
4.61228	0.48	-4.625343255267614	-0.18501373021070458
1.096026	0.35	-6.603778680456257	-0.2641511472182503
18.44883	0.24	-7.4437844218854	-0.29775137687541603
18.4474	0.52	-2.599562318823298	-0.10398249275293192
18.4498	0.3	-16.076441477399165	-0.6430576590959666
13.71468745	0.65	-0.1967980365262233	-0.007871921461048932
13.7311	0.56	-1.025956180944414	-0.04103824723777656
2.90032	0.56	-5.491580154390434	-0.21966320617561735
1.419549	0.29	-8.790454566706792	-0.3516181826682717
10.1346454	0.41	-0.12902539605820706	-0.005161015842328282
10.13389	0.36	-12.436335806276896	-0.49745343225107586
10.135091	0.43	-13.738827704699442	-0.5495531081879778
10.1338	0.41	-4.812232887899111	-0.19248931551596446
10.134016	0.44	-1.5259894836704329	-0.061039579346817315
8.407115	1.17	-3.612815032763222	-0.14451260131052887
8.4061	1.16	-5.358192711118634	-0.21432770844474536
8.405276	1.05	-18.96051769357392	-0.7584207077429568
8.406726	1.2	-7.132890014866371	-0.28531560059465483
8.4061	1.16	-17.659687166529867	-0.7063874866611947
10.136	1.23	-14.883070971182358	-0.5953228388472943
10.1367349	1.25	-1.6698178162277313	-0.06679271264910926
10.13892836	1.23	-7.217609663395168	-0.2887043865358067
18.251985	1.63	-7.326247471983384	-0.29304989887933536
18.248708	1.42	-11.14681037546241	-0.4458724150184964
18.249	1.6	-2.328261532661088	-0.09313046130644352
1.217514	1.32	-14.598839262499087	-0.5839535704999635
1.21749415	1.32	-10.336486391365131	-0.41345945565460523
1.217494	1.38	-1.6628892247212066	-0.06651556898884826
1.21749448	1.38	-0.9196354324688685	-0.03678541729875474
1.21749399	1.32	-5.9255585704794225	-0.2370223428191769
4.7361	1.44	-2.2678515303753324	-0.0907140612150133
4.7362006	1.44	-2.8373486995989845	-0.11349394798395938
4.73626	1.46	-10.706137665207981	-0.4282455066083193
5.031623	1.59	-10.903844981618592	-0.4361537992647437
5.0316328	1.59	-8.49314760624543	-0.3397259042498172
1.7100588	1.18	-0.5036417477241483	-0.020145669908965932
1.71005328	1.24	-13.063314297908843	-0.5225325719163537
1.7100529	1.24	-4.007029820793565	-0.1602811928317426
1.7100566	1.24	-7.208194327682692	-0.28832777310730767
3.32944	2.06	-14.437887075864571	-0.5775154830345829
3.329475	1.18	-10.419806598925211	-0.41679226395700847
3.329466	1.18	-10.638260551642352	-0.4255304220656941
3.329441	1.18	-5.868681133275275	-0.234747245331011
0.9689951	1.21	-1.8005205265246098	-0.0720208210609844
0.96899296	1.21	-2.3916746836139136	-0.09566698734455654
3.0801716	1.64	-6.512023080189348	-0.26048092320757393
2.8717518	1.52	-9.40187437028371	-0.37607497481134844
2.8717023	1.52	-9.094081882006714	-0.3637632752802686
2.8716995	1.52	-19.137509169047934	-0.7655003667619174
4.6117361	1.62	-15.127933998369784	-0.6051173599347913
4.6117093	1.62	-14.67557943013967	-0.5870231772055868
4.113791	1.31	-23.881930443692468	-0.9552772177476987
4.11379	1.54	-10.640612883328775	-0.425624515333151
3.47410042	1.76	-15.87576220322389	-0.6350304881289556
3.4741084	1.76	-6.240159731299608	-0.2496063892519843
3.474119	1.89	-3.577320092286378	-0.14309280369145513
3.61276958	1.46	-6.261815388695528	-0.25047261554782113
2.25528783	1.07	-5.5561202980078646	-0.2222448119203146
5.5514975	1.46	-11.082274292902525	-0.44329097171610105
2.703385	1.34	-9.652601491952945	-0.3861040596781178
2.7033904	1.28	-14.618245600725157	-0.5847298240290063
2.70339	1.96	-1.8779154945171435	-0.07511661978068573
2.989594	1.2	-1.897111360965158	-0.07588445443860632
7.8455821	1.13	-10.196558056686808	-0.4078623222674723
1276.0	1.13	-7.610321312909663	-0.30441285251638656
2.7347657	1.53	-11.317104170094971	-0.45268416680379886
2.7347749	1.53	-7.298975053663842	-0.2919590021465537
3.24406	0.81	-9.640341802345775	-0.385613672093831
3.244044	0.81	-6.981659044081621	-0.27926636176326486
1.48111874	2.52	-12.983647326289327	-0.5193458930515731
1.4811235	2.52	-8.307049419964878	-0.3322819767985951
1.4811235	2.52	-8.801841506809884	-0.3520736602723954
2.073549	1.22	-6.14486579500721	-0.2457946318002884
3552.0	1.42	-4.737796856161777	-0.1895118742464711
1322.3	0.98	-6.9817475758285426	-0.2792699030331417
440.7843755	1.03	-2.8616585465558813	-0.11446634186223525
440.786134	1.03	-20.057952555388027	-0.8023181022155211
440.786134	1.17	-3.822473917461894	-0.15289895669847575
440.786134	1.18	-14.77292726919651	-0.5909170907678604
440.7843755	1.1	-7.993166448613892	-0.3197266579445557
440.786134	1.03	-4.848579179174708	-0.1939431671669883
440.7813	1.07	-3.411068344410846	-0.13644273377643384
1.701531	0.97	-6.715636527700155	-0.26862546110800617
3.294601	1.46	-11.932279811439386	-0.47729119245757545
75.2	1.04	-6.618053612982986	-0.2647221445193194
572.3979	1.04	-0.46873959768625784	-0.018749583907450313
572.383277	0.96	-8.371317208880653	-0.33485268835522614
572.383277	0.96	-4.381803728364187	-0.17527214913456748
17.8552197	1.31	-9.429769863118995	-0.37719079452475984
17.85523009	1.45	-10.317359240141077	-0.4126943696056431
17.8552197	1.31	-0.8487061177073444	-0.03394824470829377
17.8552197	1.31	-4.309427295468732	-0.17237709181874927
17.855149	1.26	-5.673517229363265	-0.22694068917453059
17.85522168	1.45	-1.4458551291175166	-0.05783420516470066
17.85522584	1.45	-6.928878208547115	-0.2771551283418846
17.855182	1.5	-24.0086375757774	-0.960345503031096
17.8552276	1.45	-8.1596888705496	-0.326387554821984
86.64763676	0.78	-7.7794607844872194	-0.3111784313794888
86.64763676	0.89	-15.256772753064094	-0.6102709101225637
1.76358757	2.47	-1.8970878515372074	-0.0758835140614883
1.763589	2.05	-8.88388613882627	-0.3553554455530508
1.7635892	1.83	-7.048055952216752	-0.2819222380886701
1.76358754	2.47	-2.2207469916914	-0.08882987966765601
1.76358757	2.47	-0.736106178370078	-0.02944424713480312
1.76358757	2.47	-8.36647398414007	-0.3346589593656028
10.95416	0.96	-8.394542678153691	-0.33578170712614763
10.91610834	0.98	-9.661316510642354	-0.3864526604256942
10.91647	0.99	-2.067722995008512	-0.08270891980034048
10.91610834	0.98	-0.8953910111544621	-0.035815640446178486
10.91610834	1.05	-3.876449315588376	-0.15505797262353505
22.3395	0.96	-22.46232839368681	-0.8984931357474725
22.26492	0.99	-3.1457164882036355	-0.12582865952814543
20.4074846	1.05	-24.492942099494158	-0.9797176839797663
20.41724	0.94	-5.839213399953092	-0.2335685359981237
20.40857074	1.05	-10.130571777289502	-0.40522287109158006
20.4415	1.02	-3.6746988100973446	-0.14698795240389378
13.6163456	1.02	-1.1315930803874887	-0.04526372321549955
13.6164547	1.05	-7.048112486896433	-0.28192449947585735
13.6141	0.94	-4.7782777104297605	-0.19113110841719042
134.4628	1.08	-17.332753703271646	-0.6933101481308659
134.4786723	1.03	-0.3126107737383656	-0.012504430949534625
134.47850876	1.1	-6.525083469530651	-0.26100333878122606
134.47972	1.11	-8.579706584302286	-0.34318826337209146
134.4786723	1.03	-14.229721426092485	-0.5691888570436995
284.063137	1.1	-3.377467643558696	-0.13509870574234784
284.215	1.08	-7.3614196001701995	-0.29445678400680797
284.0423	1.11	-17.251364225553473	-0.6900545690221389
284.060953	1.03	-6.327382691802672	-0.25309530767210686
284.060953	1.08	-4.7780848098405855	-0.19112339239362341
284.07309817	1.1	-1.883286855821653	-0.07533147423286611
284.060953	1.03	-8.330662985769848	-0.33322651943079395
34.2069395	0.9	-9.55990144075019	-0.3823960576300076
34.2069	0.85	-6.8410617801873	-0.273642471207492
34.169	0.9	-3.2113867772047446	-0.12845547108818978
34.20578508	0.89	-11.363652039219035	-0.4545460815687614
34.2069395	0.9	-3.4444028470504504	-0.13777611388201802
34.2069395	0.9	-7.361610618763772	-0.2944644247505509
7.68433241	0.7	-1.1732327573106789	-0.046929310292427154
7.68433487	0.57	-14.455732393634428	-0.5782292957453771
7.68433346	0.57	-7.267449704380499	-0.29069798817521997
7.68433487	0.57	-18.273589854505676	-0.730943594180227
3.905081	0.92	-7.492252398102711	-0.29969009592410845
3.90508198	1.0	-12.439842791590825	-0.49759371166363303
3.90508168	1.0	-5.529180524897465	-0.2211672209958986
3.90508194	0.93	-11.171366311183803	-0.4468546524473521
3.90508198	0.97	-10.349574213023628	-0.4139829685209451
3.9050824	0.93	-6.443921847288421	-0.25775687389153684
19.00545	1.16	-16.582930842102364	-0.6633172336840946
19.00537199	1.03	-6.62171342700626	-0.26486853708025043
19.00547	0.91	-15.628920016210396	-0.6251568006484158
19.00537199	1.03	-16.72733505324865	-0.6690934021299461
19.00537199	1.03	-4.623088453326475	-0.184923538133059
21.1876185	0.93	-0.12084736740883134	-0.004833894696353254
21.1875846	0.92	-9.082469683315919	-0.36329878733263676
21.185	0.86	-10.689715692484585	-0.4275886276993834
21.1875846	0.92	-16.63893955334038	-0.6655575821336152
21.1875846	0.86	-1.2376884270944428	-0.04950753708377771
31.8245304	0.92	-17.76918279195224	-0.7107673116780896
31.8245304	1.11	-4.950853530209506	-0.19803414120838025
31.8245304	0.92	-9.549973534271261	-0.38199894137085044
31.8245304	0.86	-8.309869476617747	-0.3323947790647099
31.828	0.86	-9.466742574539303	-0.37866970298157215
7.00821787	1.09	-0.9627267023574337	-0.03850906809429735
7.008151	1.2	-12.270561857905458	-0.49082247431621834
7.00828076	0.97	-5.783697174243771	-0.23134788696975084
7.00821787	1.12	-11.622387403511647	-0.4648954961404659
8.71989	1.14	-7.178945715089068	-0.2871578286035627
8.71982853	1.11	-2.1536000880295068	-0.08614400352118028
8.71980135	1.09	-1.9904997124227288	-0.07961998849690916
8.71975915	1.12	-0.1206088118741207	-0.004824352474964828
8.71982853	0.97	-6.17286869272974	-0.24691474770918959
8.71982853	1.11	-11.553113308424336	-0.4621245323369735
59.7371443	1.12	-0.7311972856438491	-0.029247891425753965
59.7370348	1.11	-0.38086382508568567	-0.015234553003427426
59.7371443	1.09	-8.30499775527812	-0.33219991021112477
59.7370348	0.97	-11.045466070145796	-0.44181864280583183
59.7367919	1.12	-15.023555923628766	-0.6009422369451507
59.7370348	0.97	-4.331173061805637	-0.17324692247222548
59.7370348	1.11	-17.71649842291683	-0.7086599369166732
59.73716	1.14	-3.6114713673840177	-0.1444588546953607
91.9404603	1.11	-3.358065425472229	-0.13432261701888915
91.93933735	1.12	-1.4913336705103308	-0.05965334682041323
91.9401253	1.09	-2.46585599153315	-0.098634239661326
91.93913	1.2	-4.72908790686388	-0.1891635162745552
91.9404603	0.97	-4.128856069728789	-0.16515424278915156
124.916337	1.11	-3.731507444463252	-0.1492602977785301
124.916337	0.97	-15.734470508918896	-0.6293788203567559
124.916337	0.97	-15.769163398043421	-0.6307665359217368
124.91349729	1.12	-17.051858761528806	-0.6820743504611523
210.6031105	0.97	-7.422893785471999	-0.29691575141887994
210.60697	1.2	-13.126557482564607	-0.5250622993025843
210.603	1.2	-1.4762587036690342	-0.05905034814676137
210.6031105	1.11	-11.38322274646438	-0.4553289098585752
210.6031105	0.97	-7.130447323854208	-0.28521789295416833
210.6013843	1.09	-3.90719454648865	-0.156287781859546
210.5935133	1.12	-3.0319663438219937	-0.12127865375287974
210.6031105	1.11	-10.41693442950968	-0.4166773771803872
210.6013843	1.12	-3.162999965873534	-0.12651999863494137
331.6011081	1.12	-5.219162085359394	-0.20876648341437576
331.6011081	1.11	-4.173058756329972	-0.16692235025319888
331.643	1.14	-1.870012232831588	-0.07480048931326352
331.60059	1.2	-8.09293246531733	-0.3237172986126932
331.601	1.2	-6.4869354557776555	-0.2594774182311062
331.6011081	1.11	-8.181862408320697	-0.3272744963328279
141.24164672	1.08	-5.562220406350538	-0.22248881625402153
141.2415405	1.02	-13.065733600498483	-0.5226293440199393
0.82400012	0.28	-11.48957023482897	-0.45958280939315876
0.82400012	0.28	-7.181635532782126	-0.287265421311285
0.82400012	0.4	-5.812353057645148	-0.23249412230580593
0.412	0.41	-7.865087019614998	-0.31460348078459993
0.941967	0.86	-10.942510447114083	-0.4377004178845633
0.240104	0.5	-10.423537868989524	-0.41694151475958097
6.842939	0.78	-8.284734283501708	-0.3313893713400683
6.8430344	0.88	-9.19321032014048	-0.3677284128056192
6.842939	0.88	-4.339718169365979	-0.17358872677463918
24.2783801	0.66	-2.9814514479621543	-0.11925805791848618
24.2783801	0.7	-0.4363241733935765	-0.01745296693574306
3.74317556	1.18	-9.794705509930639	-0.39178822039722555
3.743245	1.28	-1.9061658502110552	-0.07624663400844221
3.74312602	1.18	-17.046437573893613	-0.6818575029557445
3.74317556	1.18	-7.423888709953822	-0.29695554839815286
3.74317556	1.08	-10.29441337411215	-0.411776534964486
3.74316673	1.18	-12.944484067375512	-0.5177793626950205
3.74317556	1.08	-15.591914922753908	-0.6236765969101563
3.74316827	1.18	-23.40406274287486	-0.9361625097149944
10.42367777	1.08	-1.528776916488268	-0.06115107665953073
10.42367777	1.18	-2.6396943729381293	-0.10558777491752518
10.42367777	1.08	-0.3124197768219932	-0.012496791072879727
10.423648	1.28	-1.3927273029166511	-0.05570909211666605
10.42367744	1.11	-8.134380600783242	-0.3253752240313297
10.42367777	1.08	-6.068595545300643	-0.24274382181202572
10.423671	1.28	-2.934936256492461	-0.11739745025969844
10.42368297	1.18	-18.94213766308575	-0.7576855065234299
10.42367777	1.18	-2.6647905873100033	-0.10659162349240013
10.42367777	1.18	-11.433251442200435	-0.4573300576880174
22.34296958	1.08	-11.986435791246503	-0.47945743164986016
22.34296483	1.18	-5.931244207144146	-0.23724976828576583
22.343	1.1	-6.72425082623965	-0.268970033049586
22.342989	1.28	-16.189748949662985	-0.6475899579865194
22.342972	1.28	-7.712321079814196	-0.30849284319256787
22.34296958	1.18	-17.33720752683853	-0.6934883010735412
22.34296958	1.18	-18.50773375741656	-0.7403093502966624
22.34296959	1.18	-4.350887490565351	-0.17403549962261405
22.342971	1.28	-3.4037912926271656	-0.13615165170508664
22.34296949	1.18	-1.9332436684058034	-0.07732974673623214
54.31993	1.28	-5.05152142100422	-0.2020608568401688
54.31998605	1.18	-10.381744127842431	-0.41526976511369723
54.31996151	1.11	-11.249552173902414	-0.44998208695609654
54.31998605	1.08	-15.777773952521288	-0.6311109581008515
54.31998605	1.08	-5.285124807520284	-0.21140499230081136
54.32009167	1.18	-0.7243916236976227	-0.028975664947904906
4.28745547	0.99	-4.3597753040780916	-0.17439101216312367
4.2881785	0.93	-3.4125812191916363	-0.13650324876766545
4.28746668	0.91	-0.638100068177512	-0.02552400272710048
4.2873775	1.01	-8.365426948561224	-0.33461707794244894
4.28745547	0.99	-5.348405835703405	-0.2139362334281362
1.70632513	0.89	-9.227326757827646	-0.36909307031310584
1.706304	0.89	-7.1920939985089785	-0.28768375994035916
0.8374908	0.91	-4.993055586128069	-0.19972222344512275
0.837491	0.91	-30.611699863500554	-1.2244679945400223
0.83749122	1.02	-7.309291074894697	-0.2923716429957879
0.83749149	1.02	-19.916908144428746	-0.7966763257771499
0.8374912	0.91	-11.904853411203895	-0.47619413644815584
0.83749133	0.87	-10.422661338140154	-0.4169064535256062
0.83749133	0.9	-4.638009115177616	-0.18552036460710464
45.29431717	0.9	-13.078648904759154	-0.5231459561903662
45.294292	1.02	-1.211223396942884	-0.048448935877715364
45.29430079	1.02	-0.33259150186353187	-0.013303660074541274
45.2941835	1.02	-11.27701563715986	-0.4510806254863944
45.29422297	1.02	-16.812214643544547	-0.6724885857417818
45.29422297	0.88	-20.90613430788616	-0.8362453723154464
45.294314	1.02	-14.663665622928322	-0.5865466249171329
45.294301	0.91	-7.276581462281485	-0.2910632584912594
45.29431717	0.9	-20.56837599559198	-0.8227350398236791
45.29406	0.91	-12.996500411763947	-0.5198600164705579
45.29431717	0.87	-11.342305640017791	-0.45369222560071165
45.294301	0.91	-14.648106592039667	-0.5859242636815867
45.2946	1.02	-7.487552823407571	-0.29950211293630286
45.29485	0.9	-0.6445053904804312	-0.02578021561921725
151.04	0.91	-0.18482998793253008	-0.007393199517301203
6.88707073	1.05	-6.474242193809735	-0.2589696877523894
6.88701386	1.06	-9.590200868333092	-0.38360803473332367
6.88734443	1.06	-18.558452275099633	-0.7423380910039853
6.88706037	1.1	-7.494188035553275	-0.29976752142213103
12.81588378	1.1	-5.035104519930779	-0.20140418079723116
12.815909	1.06	-12.361524334003995	-0.4944609733601598
12.81588378	1.08	-9.426929482189482	-0.37707717928757933
12.81588378	1.1	-5.360326742730476	-0.21441306970921903
12.815735	1.11	-12.131204050017287	-0.4852481620006915
12.81587113	1.06	-1.1421088869362768	-0.045684355477451075
12.81588378	1.08	-10.350737193243827	-0.41402948772975307
12.81588378	1.08	-0.35597409402780433	-0.014238963761112174
35.3330866	1.08	-2.525823270735626	-0.10103293082942504
35.33313	1.06	-5.618068022930979	-0.22472272091723916
35.3330866	1.08	-8.456907054873888	-0.33827628219495554
35.3331932	1.05	-4.119442502835557	-0.16477770011342227
35.33221177	1.06	-2.218540674691004	-0.08874162698764015
35.3331932	1.06	-4.825409327923716	-0.19301637311694866
35.3330866	1.1	-7.6492422872175165	-0.3059696914887007
35.3330866	1.1	-22.45229944507851	-0.8980919778031404
35.3331	1.08	-0.28959764919786707	-0.011583905967914683
120.01918452	1.32	-4.661351683422648	-0.18645406733690592
120.0181272	1.4	-3.5824795351931584	-0.14329918140772635
120.0181272	1.34	-12.450211186405816	-0.4980084474562327
120.0183551	1.41	-15.061389728596255	-0.6024555891438502
120.0181272	1.34	-9.951273153170364	-0.3980509261268146
120.0183551	1.32	-12.256354775117975	-0.490254191004719
14.30511983	0.93	-1.0692235146764733	-0.04276894058705893
14.30517579	0.93	-4.673508916226977	-0.18694035664907907
14.3052	0.96	-14.207680867937349	-0.568307234717494
14.30511983	0.9	-25.516060471801346	-1.0206424188720538
9.18186435	0.93	-0.9169595793496049	-0.0366783831739842
9.18189122	0.93	-16.99020690217859	-0.6796082760871436
9.18186	0.93	-20.79744009253462	-0.8318976037013849
9.18186435	0.93	-3.6465055030560376	-0.1458602201222415
9.18186435	0.9	-10.552431751402768	-0.42209727005611075
4.33642933	1.21	-7.0278859347471	-0.281115437389884
4.33642933	1.21	-0.24542047595125255	-0.009816819038050102
4.33642933	1.21	-6.695600517525305	-0.2678240207010122
4.33643506	1.27	-6.288240119023307	-0.2515296047609323
3.55485634	0.93	-22.36677668191605	-0.894671067276642
3.55485675	1.11	-6.320449130985544	-0.2528179652394218
3.554901	1.07	-12.160110199517572	-0.4864044079807029
3.55485691	0.93	-11.940226572255247	-0.4776090628902099
3.55485691	0.86	-2.972124092058616	-0.11888496368234464
5.28789787	1.41	-3.752800542321843	-0.15011202169287371
5.28789787	1.41	-17.44113720908246	-0.6976454883632984
5.28789787	1.11	-7.100181759001124	-0.28400727036004497
5.28789787	1.49	-7.219714549997207	-0.28878858199988827
5.28790754	1.44	-3.6080914402191433	-0.14432365760876573
6.49801525	0.96	-16.333794816738543	-0.6533517926695417
6.4980147	1.02	-14.726330064729328	-0.5890532025891732
6.49801525	0.92	-11.409316722543325	-0.456372668901733
6.49801525	1.0	-4.393624982741576	-0.17574499930966306
6.4980147	0.95	-2.0259337324698903	-0.08103734929879561
6.49801525	0.92	-1.413297785676938	-0.05653191142707752
19.76172042	1.06	-0.31919713768854485	-0.012767885507541795
19.76172042	1.06	-4.168009485285423	-0.16672037941141693
19.76169247	1.06	-6.522829811637626	-0.26091319246550504
19.76172042	1.06	-3.2135613485793795	-0.12854245394317518
19.76191	1.14	-11.92334780204494	-0.47693391208179764
5.18498961	0.55	-11.185344649405122	-0.4474137859762049
5.18500207	0.55	-6.918097513803922	-0.27672390055215684
5.18500207	0.73	-16.28053690828058	-0.6512214763312233
12.43929428	0.74	-0.6585916874845553	-0.026343667499382214
12.43929428	0.85	-11.43140948302118	-0.45725637932084723
12.43931193	0.91	-10.7636458321975	-0.4305458332879
12.43931336	0.85	-8.005824471686687	-0.3202329788674675
12.43931193	0.91	-19.062602427021588	-0.7625040970808635
12.43931193	0.91	-30.82646190803186	-1.2330584763212744
11.35008767	0.66	-2.775404882503591	-0.11101619530014364
11.35011917	0.59	-2.4796275350629156	-0.09918510140251663
11.35011917	0.55	-18.428501113303323	-0.7371400445321329
11.35011917	0.55	-12.046221155220987	-0.4818488462088395
11.35011832	0.66	-20.56870645208607	-0.8227482580834428
3.4876878	1.13	-12.000074139665307	-0.48000296558661226
3.48768878	1.07	-13.060012505075104	-0.5224005002030042
3.48768943	1.12	-15.32624150987872	-0.6130496603951489
3.48768878	0.99	-19.789493907061416	-0.7915797562824567
3.48768943	0.98	-8.433156590374514	-0.3373262636149806
6.02976	1.17	-6.412832497566602	-0.2565132999026641
6.02979518	1.12	-15.459509702956598	-0.6183803881182639
6.02979518	1.12	-4.571781089682827	-0.18287124358731308
6.02979518	1.24	-2.421547400789674	-0.09686189603158696
6.02979518	0.98	-2.1781770605064943	-0.08712708242025978
6.02908	1.13	-8.8816644598209	-0.35526657839283604
34.26749	0.79	-13.808039769042352	-0.5523215907616941
34.2685705	0.81	-13.325687287891142	-0.5330274915156457
34.26873173	0.86	-2.210127269058744	-0.08840509076234977
34.2685705	0.81	-11.720448446838805	-0.4688179378735522
34.2685741	0.86	-3.4466365957641325	-0.1378654638305653
34.2685705	0.81	-12.507242000419152	-0.5002896800167661
5.75322197	1.02	-6.754736133134676	-0.270189445325387
5.7532225	0.87	-15.917516653341943	-0.6367006661336777
5.75322197	1.02	-7.643595915953265	-0.3057438366381306
5.75321539	1.02	-0.3605739899409959	-0.014422959597639836
5.75322197	1.02	-14.424246609857795	-0.5769698643943117
5.7532239	0.87	-0.6757048224750655	-0.02702819289900262
5.75321539	0.87	-8.648609717677093	-0.3459443887070837
5.50860439	0.94	-20.086015578323945	-0.8034406231329578
5.50851139	0.96	-7.280653173511828	-0.2912261269404731
5.50860439	0.94	-17.066722892072764	-0.6826689156829105
5.50860439	0.98	-3.387346112981739	-0.13549384451926957
5.50860699	0.96	-13.576055103037486	-0.5430422041214995
5.508576	0.84	-7.48316914988604	-0.2993267659954416
5.5086102	0.96	-9.545972957106217	-0.3818389182842487
18.93058222	0.77	-2.8758256987160875	-0.11503302794864351
18.93094	0.92	-15.720159096762805	-0.6288063638705123
18.93055119	0.77	-2.9250740023797204	-0.11700296009518882
18.93054959	0.95	-9.542478024761385	-0.3816991209904554
18.93054959	0.95	-0.2506994868653216	-0.010027979474612866
16.57110363	0.88	-1.9559888418692803	-0.07823955367477121
16.57110363	0.85	-0.5011856083028636	-0.020047424332114545
16.57099265	0.91	-8.257691374765201	-0.33030765499060805
16.57110363	0.85	-10.204074945771655	-0.40816299783086624
16.0049	1.28	-12.11482343264002	-0.48459293730560077
16.00494214	1.25	-3.971796825595939	-0.15887187302383757
16.0049078	1.28	-0.42955482732364286	-0.017182193092945715
16.00496657	1.41	-5.507181516068237	-0.2202872606427295
1.95452434	0.98	-9.2512201799276	-0.370048807197104
1.95454386	1.0	-3.6126191672347594	-0.14450476668939038
1.95452434	1.04	-1.2480132401428945	-0.04992052960571578
1.95452597	1.01	-3.3014057329311237	-0.13205622931724495
1.95452434	1.04	-12.901987913895992	-0.5160795165558397
1.954541	1.06	-6.537429840385358	-0.26149719361541435
105.6551369	0.99	-9.459255560494599	-0.37837022241978396
105.6551369	1.04	-17.806574449492107	-0.7122629779796843
7.23400469	0.95	-7.563043193790175	-0.302521727751607
7.23400381	0.88	-1.9433893589469144	-0.07773557435787658
7.2340102	0.99	-11.181243480224085	-0.4472497392089634
7.23400469	1.01	-1.7629519958005737	-0.07051807983202295
49.1013514	0.91	-0.3498779851024249	-0.013995119404096996
49.1011093	0.9	-3.342627617548013	-0.1337051047019205
49.1013514	1.04	-10.667985079372222	-0.4267194031748889
49.1013514	1.04	-17.91556954936067	-0.7166227819744267
1.41122985	0.61	-2.8951030060970875	-0.11580412024388351
1.41122985	0.7	-24.774855647992013	-0.9909942259196806
1.41123002	0.66	-4.290024463468959	-0.17160097853875836
1.41122985	0.61	-5.627274577557295	-0.2250909831022918
1.41123002	0.73	-13.77637473126504	-0.5510549892506016
5.28696	0.8	-10.325544688251274	-0.413021787530051
5.28691996	0.78	-4.935989570514732	-0.19743958282058927
5.28695437	0.73	-14.179857089847046	-0.5671942835938818
5.28695437	0.8	-6.657460528347526	-0.26629842113390106
5.28695437	0.8	-17.559610989256484	-0.7023844395702594
5.28695437	0.73	-16.78701812628229	-0.6714807250512916
5.28695437	0.73	-15.0769059429746	-0.603076237718984
5.28695437	0.8	-11.133779700666292	-0.4453511880266517
7.07139151	0.78	-1.7229306929625734	-0.06891722771850294
7.07136076	0.8	-2.2252547505281455	-0.08901019002112583
7.07136119	0.78	-1.6477408207329258	-0.06590963282931703
7.07136119	0.81	-7.111919395634155	-0.28447677582536623
7.07136076	0.8	-2.1480497251877058	-0.08592198900750823
7.07136076	0.8	-1.1987002609031692	-0.047948010436126766
7.07134	0.8	-2.520195788971828	-0.10080783155887313
7.07145665	0.78	-8.932848786114398	-0.35731395144457595
7.07136076	0.73	-4.3430676838547555	-0.17372270735419024
10.31174786	0.78	-12.441732466851175	-0.497669298674047
10.31173752	0.73	-3.9012415623716903	-0.15604966249486762
10.31174786	0.81	-5.574559719329316	-0.22298238877317264
10.312	0.73	-6.02679666784283	-0.2410718667137132
10.31173752	0.73	-5.426036290321941	-0.21704145161287763
10.311767	0.8	-8.147508730687228	-0.3259003492274891
10.3117	0.8	-1.404514842169913	-0.056180593686796516
16.14569077	0.73	-9.620472033750401	-0.3848188813500161
16.14569941	0.78	-3.1675595375780086	-0.12670238150312035
16.14568692	0.78	-1.908712462988046	-0.07634849851952184
16.14569077	0.8	-1.925118658697687	-0.07700474634790748
16.14569077	0.73	-13.76312150847895	-0.550524860339158
16.14569077	0.8	-8.392686181969722	-0.3357074472787889
27.4537294	0.8	-1.1828822983618763	-0.047315291934475055
27.4536146	0.81	-17.37481479567998	-0.6949925918271993
27.45362	0.8	-8.99225298556073	-0.35969011942242923
27.4537294	0.73	-15.769653165779548	-0.6307861266311819
27.4537294	0.73	-6.832732367646747	-0.2733092947058699
27.4537294	0.73	-4.5463224210248345	-0.18185289684099337
27.4536146	0.78	-15.612609983076968	-0.6245043993230788
27.4537294	0.8	-15.664935139466508	-0.6265974055786603
96.9151496	0.87	-12.423421368118087	-0.4969368547247235
96.91492	0.84	-2.265419260427212	-0.09061677041708847
96.9151707	0.89	-11.238324279618634	-0.4495329711847454
96.91512125	0.89	-13.576623150715895	-0.5430649260286358
96.9151496	0.75	-10.96056407365714	-0.4384225629462856
96.9151496	0.78	-11.426487430753072	-0.4570594972301229
13.47469571	0.89	-11.124485517112518	-0.44497942068450075
13.47467339	0.91	-4.719602197524856	-0.18878408790099424
10.99470868	0.67	-10.98575432361019	-0.43943017294440756
10.99470891	0.57	-3.3157855393544122	-0.13263142157417648
10.99471714	0.67	-10.40509283586072	-0.41620371343442886
10.99470891	0.67	-5.332484729076456	-0.21329938916305824
62.1385979	0.9	-8.310830411896026	-0.33243321647584106
62.13874912	0.9	-2.60120075401822	-0.10404803016072879
62.1387714	1.03	-4.619968999214831	-0.18479875996859324
62.1402	0.86	-6.478414439375877	-0.25913657757503505
62.1387714	1.03	-11.712127868832333	-0.46848511475329335
66.4159789	0.9	-3.9126034699596413	-0.15650413879838565
66.4162133	0.84	-12.056447091398512	-0.4822578836559405
66.41641966	0.9	-22.544894662808627	-0.901795786512345
37.3229493	1.0	-9.05203492246408	-0.36208139689856317
37.3229493	0.96	-1.7871880717103747	-0.07148752286841499
37.3228722	3.57	-1.3044919275261515	-0.05217967710104606
37.3229493	1.09	-4.9491112204406	-0.197964448817624
37.32250138	1.16	-1.5345402164084059	-0.06138160865633624
36.5156053	0.75	-4.179923151530234	-0.16719692606120937
36.5156053	0.79	-6.207637951657836	-0.24830551806631346
36.51559488	0.79	-6.694720796783102	-0.2677888318713241
36.5156053	0.75	-20.65386004907207	-0.8261544019628828
36.5157639	0.77	-6.549129721130557	-0.2619651888452223
1.90780645	0.92	-16.15674107470123	-0.6462696429880492
1.9078086	1.0	-5.178119051440266	-0.20712476205761066
1.9078052	0.9	-11.134757989555123	-0.44539031958220493
1.9078052	0.91	-7.032453556921434	-0.28129814227685734
1.9078052	0.95	-18.648466708643742	-0.7459386683457497
1.9078052	0.95	-23.362804061932067	-0.9345121624772827
1.90781068	0.92	-2.7683329528196388	-0.11073331811278556
1.9078052	0.95	-12.185479998828402	-0.4874191999531361
2.51461384	0.96	-16.794407465909853	-0.6717762986363941
2.51462432	0.9	-12.092588275788945	-0.4837035310315578
2.5146285	0.96	-4.610721423114336	-0.18442885692457345
2.514615	0.94	-8.20765819763655	-0.328306327905462
2.51462432	0.93	-1.569324748283336	-0.06277298993133344
2.51462432	0.93	-5.034342318305496	-0.20137369273221986
2.5146285	0.94	-6.393069671307903	-0.25572278685231614
4.41769252	0.77	-4.719995724748544	-0.18879982898994174
4.41769648	0.7	-3.2583078909135397	-0.1303323156365416
4.41769252	0.72	-4.537272618572703	-0.18149090474290813
4.417749	0.71	-2.429516963566033	-0.09718067854264133
4.41769648	0.7	-9.686888041130363	-0.38747552164521454
15.96532718	1.07	-8.83731133834611	-0.3534924535338444
15.96533687	1.09	-4.26987574260263	-0.1707950297041052
15.9654	1.09	-13.946611169441919	-0.5578644467776768
15.96533427	1.07	-10.894046800438671	-0.43576187201754685
15.9653287	1.21	-2.219888306303968	-0.08879553225215872
15.965316	1.07	-7.076724006873551	-0.28306896027494205
179.6076602	1.09	-16.03147804613288	-0.6412591218453152
179.601	1.16	-8.35557318165284	-0.33422292726611363
179.6076602	1.12	-0.5765912981585855	-0.02306365192634342
179.609803	1.07	-16.297324516835122	-0.6518929806734048
179.6076602	1.09	-8.861492110454972	-0.35445968441819886
179.6076602	1.13	-4.746916797978257	-0.1898766719191303
179.612	1.09	-5.99408918660362	-0.23976356746414482
179.61009936	1.07	-4.887028794989957	-0.1954811517995983
179.6133	1.07	-10.074915025498576	-0.40299660101994306
19.32952416	0.8	-10.93027864364122	-0.4372111457456488
19.3296	0.76	-11.269016916766722	-0.4507606766706689
19.32952416	0.87	-2.024502695674318	-0.08098010782697272
19.32964621	0.81	-7.5755827698559255	-0.303023310794237
19.32952416	0.87	-7.38846186157499	-0.29553847446299963
19.32948057	0.81	-13.373297469291632	-0.5349318987716652
19.32945602	0.88	-4.806695913106293	-0.19226783652425172
19.32945602	0.81	-3.5558323685037716	-0.14223329474015087
1.22621732	1.06	-4.300592309026119	-0.17202369236104478
1.22621732	1.06	-8.545480542832667	-0.3418192217133067
7.56052455	0.96	-2.578200348569848	-0.10312801394279392
7.56048552	0.96	-5.784696886195557	-0.2313878754478223
7.56052209	0.96	-8.311761111909458	-0.33247044447637836
7.56052209	1.03	-1.9235628862941052	-0.07694251545176421
7.56052806	1.03	-5.562525095498522	-0.22250100381994087
7.560344	0.99	-4.222193693542141	-0.16888774774168563
7.56052806	0.94	-5.562915414115906	-0.22251661656463625
7.56052806	1.03	-6.691301988141516	-0.26765207952566067
12.12401737	0.81	-13.262694270324898	-0.5305077708129959
12.12400283	0.86	-4.188970895738193	-0.16755883582952774
12.12402699	0.86	-28.169922378788794	-1.1267968951515517
12.12400943	0.83	-9.335142037073302	-0.3734056814829321
12.12400943	0.86	-11.474041203235267	-0.45896164812941065
12.124	0.8	-0.9844300650787746	-0.03937720260315099
2.71407837	1.03	-4.145809131131992	-0.1658323652452797
2.71407837	1.04	-1.055123821160498	-0.042204952846419924
2.71407755	0.98	-7.10121132231805	-0.284048452892722
2.71407755	1.06	-9.188871759535962	-0.36755487038143847
2.71407755	0.73	-2.139212132010489	-0.08556848528041956
2.71407755	0.73	-7.398353759594105	-0.2959341503837642
2.71407763	1.03	-1.793132629518649	-0.07172530518074596
2.71406	0.95	-1.735479568052807	-0.06941918272211228
122.8808058	0.97	-8.736545285880593	-0.34946181143522376
122.8808058	0.95	-7.212440027929599	-0.288497601117184
122.8799543	0.88	-22.361426297081245	-0.8944570518832498
122.8767	0.92	-6.053508751075073	-0.24214035004300294
122.8808058	0.97	-7.36769679554983	-0.2947078718219932
122.8808058	0.97	-8.383738441573998	-0.33534953766295994
1.06378867	0.82	-13.258990963676007	-0.5303596385470403
1.06378861	0.92	-7.532663349418287	-0.30130653397673146
1.06378861	0.82	-6.5550934203634625	-0.2622037368145385
1.06378867	0.92	-11.367378566497221	-0.45469514265988886
1.06378867	0.92	-0.650324418996511	-0.02601297675986044
148.4601819	0.89	-10.35581171889482	-0.41423246875579284
148.46005746	0.89	-12.675037164867527	-0.5070014865947011
148.4603382	0.83	-11.353500321822155	-0.4541400128728862
148.4603382	0.83	-8.621653296414172	-0.3448661318565669
148.4603382	0.87	-6.86427360863096	-0.2745709443452384
7.1276598	0.87	-4.062685236610195	-0.16250740946440778
7.12766417	0.89	-6.269284837806023	-0.2507713935122409
0.934884	0.72	-12.433779675271156	-0.49735118701084624
0.93488424	0.79	-4.146374386037791	-0.16585497544151165
0.93488424	0.95	-9.022689450698179	-0.36090757802792717
11.42755098	1.08	-3.138915708554942	-0.1255566283421977
11.42747893	1.08	-3.7024906994898314	-0.14809962797959325
11.42755098	0.91	-0.5075193763506118	-0.020300775054024472
11.42754563	0.81	-6.239172868450173	-0.24956691473800693
11.42754563	0.82	-3.6769695899804336	-0.14707878359921733
11.42754563	1.01	-15.254307095983563	-0.6101722838393425
23.66834635	0.91	-1.6023913624810064	-0.06409565449924026
23.66836427	0.82	-7.022733607094337	-0.2809093442837735
23.66836427	0.81	-23.86622398137356	-0.9546489592549425
23.66836427	1.01	-0.6610012179788026	-0.026440048719152107
23.668	0.81	-3.8958748395572473	-0.1558349935822899
23.66836427	0.82	-3.3847606116122044	-0.13539042446448818
23.66834635	1.08	-9.26232702893361	-0.3704930811573444
51.75529576	0.81	-6.855760218790835	-0.2742304087516334
51.75527554	1.08	-11.129438606046822	-0.4451775442418729
51.75530504	0.91	-6.013305982510361	-0.24053223930041445
51.75529576	0.82	-25.57513672844062	-1.0230054691376247
51.75530504	1.08	-6.162458572874855	-0.2464983429149942
51.75627	0.81	-7.072507787530678	-0.28290031150122713
51.75529576	0.81	-14.468579168981371	-0.5787431667592549
51.75529576	0.82	-14.612137677962536	-0.5844855071185014
201.1232	0.94	-14.917001050304604	-0.5966800420121842
201.1214	0.82	-8.006177992539182	-0.32024711970156733
201.1214	0.82	-7.814980694187142	-0.31259922776748567
201.1214	0.98	-9.1933083026383	-0.367732332105532
201.12147374	1.01	-4.512115650484163	-0.18048462601936652
24.7576421	1.06	-2.8463037434001293	-0.11385214973600517
24.75767324	1.08	-4.987424620851486	-0.19949698483405942
24.7577652	1.08	-0.6071443492334193	-0.024285773969336774
24.7576421	1.04	-0.9595019577115156	-0.03838007830846062
24.7576421	1.04	-11.959254328219451	-0.47837017312877805
10.13202575	0.56	-2.101698915364798	-0.08406795661459192
10.13202575	0.56	-4.997544322031443	-0.1999017728812577
10.13195	0.8	-8.312203675705023	-0.3324881470282009
10.13202575	0.75	-16.073760519439624	-0.642950420777585
38.50519	1.04	-23.43729112482099	-0.9374916449928397
38.5053398	0.9	-1.856670942248779	-0.07426683768995117
38.5053398	0.92	-16.15877303030297	-0.6463509212121189
38.5053398	0.9	-21.887995689117837	-0.8755198275647135
38.505224	0.9	-4.047932778143165	-0.1619173111257266
6.77410294	1.05	-2.8371574902195107	-0.11348629960878043
6.77408868	1.08	-22.82474062569055	-0.9129896250276219
6.77411519	1.05	-21.255757644906687	-0.8502303057962675
6.77408868	1.1	-0.4618068667119925	-0.0184722746684797
6.773958	1.1	-5.342769091038407	-0.21371076364153627
6.77408868	1.1	-13.530182463082808	-0.5412072985233123
26.4104785	0.9	-8.676118622005738	-0.3470447448802295
26.41045478	0.86	-3.0775559606940925	-0.1231022384277637
26.41073	0.89	-4.354770658530696	-0.17419082634122784
26.41044199	0.9	-13.431511651437905	-0.5372604660575162
26.41045478	0.8	-3.9848381116782385	-0.15939352446712954
26.41033598	0.9	-0.11377202358942229	-0.004550880943576891
14.37508035	1.08	-6.810891312941974	-0.272435652517679
14.37508035	1.12	-10.64089710310176	-0.42563588412407044
14.37508035	1.12	-6.164249007352054	-0.24656996029408215
56.18876677	0.98	-14.118830991615715	-0.5647532396646286
56.1886887	1.13	-1.7067874000410188	-0.06827149600164076
56.1886887	0.98	-7.559138295532133	-0.30236553182128534
56.18944	0.94	-16.095054556148348	-0.6438021822459339
3.18897601	0.98	-4.180740770263541	-0.16722963081054165
3.18897601	0.98	-12.314694532962509	-0.4925877813185004
3.18899015	1.07	-12.311535975368722	-0.49246143901474887
3.18896877	0.98	-19.878363648364747	-0.7951345459345899
3.18897601	0.98	-2.8042818419831574	-0.1121712736793263
6.92101452	0.69	-12.97483609136483	-0.5189934436545932
6.92101021	0.57	-9.53162123537673	-0.38126484941506916
6.92101021	0.75	-4.095033757335441	-0.16380135029341766
6.921029	0.64	-3.6882225222585596	-0.1475289008903424
6.9209966	0.69	-5.639890119372861	-0.22559560477491444
6.92101021	0.57	-3.149203690510834	-0.12596814762043335
3.27344784	0.53	-13.441605598421368	-0.5376642239368548
3.27346074	0.51	-1.7962584726535389	-0.07185033890614155
3.27344784	0.58	-21.799535907027867	-0.8719814362811147
3.27346074	0.46	-2.300959436315337	-0.09203837745261348
5.41220713	1.08	-9.87626369461343	-0.3950505477845372
5.4122014	1.18	-9.781996672177558	-0.3912798668871023
5.4122034	0.99	-8.405135149768434	-0.33620540599073734
5.41220713	0.99	-19.51865173245238	-0.7807460692980952
5.41220713	1.08	-9.421620375257215	-0.37686481501028857
5.41220393	1.09	-3.0224501713940306	-0.12089800685576123
5.41220713	1.08	-7.052300851469418	-0.28209203405877675
5.41220713	1.11	-6.257324796161267	-0.2502929918464507
5.4122	1.28	-3.0323669345595508	-0.12129467738238203
7.12594591	1.08	-10.951165898023197	-0.43804663592092785
7.12594591	0.99	-3.5902207633711134	-0.14360883053484455
7.12594387	0.94	-13.613862161334264	-0.5445544864533706
7.126	1.09	-11.10222125081176	-0.44408885003247045
7.12594591	1.08	-27.907682150455898	-1.116307286018236
7.1262	0.96	-4.45146650022944	-0.1780586600091776
7.126	1.03	-8.40102323343769	-0.3360409293375076
7.12594387	1.09	-2.1944138857625157	-0.08777655543050063
7.12592	0.99	-21.33407220428154	-0.8533628881712616
15.3787546	1.06	-7.167658513023814	-0.28670634052095256
15.3789014	1.06	-20.395008080538883	-0.8158003232215554
15.3791	1.03	-14.96811767003527	-0.5987247068014108
15.3787546	1.09	-4.802692629388303	-0.1921077051755321
15.3787546	1.04	-0.7830319189766701	-0.031321276759066805
15.37857995	1.06	-0.42345334863548595	-0.016938133945419438
15.3787546	1.04	-15.349214465918259	-0.6139685786367304
21.12846106	1.06	-13.154053409379651	-0.526162136375186
21.1285655	1.28	-6.653476878142462	-0.2661390751256985
21.1284569	1.09	-26.82658725254234	-1.0730634901016936
21.12724896	1.06	-13.392391357971883	-0.5356956543188753
25.96200249	1.43	-5.8498089923945376	-0.2339923596957815
25.96264	1.31	-3.7887694346138208	-0.15155077738455283
25.96182465	1.33	-12.67667236185362	-0.5070668944741449
25.96200249	1.14	-8.814858836379802	-0.3525943534551921
25.96200249	1.14	-4.70496614351221	-0.1881986457404884
34.85379936	1.02	-3.998961614944086	-0.15995846459776344
34.8538276	1.03	-0.7483687583712568	-0.029934750334850272
34.8538276	0.94	-2.7917801371630437	-0.11167120548652175
34.8538276	1.01	-13.4242662193206	-0.536970648772824
34.85382925	1.02	-2.227639340288507	-0.08910557361154028
34.8538276	0.94	-4.736739099798104	-0.18946956399192416
180.92477	0.94	-10.539185998781122	-0.42156743995124485
180.92477	1.01	-12.912714543490774	-0.516508581739631
180.921729	0.94	-2.3188506301319194	-0.09275402520527677
2.41434868	0.71	-16.919016236680346	-0.6767606494672138
2.41434403	0.69	-9.887092013684788	-0.3954836805473915
2.41435165	0.53	-5.01383585126138	-0.2005534340504552
2.41436	0.59	-6.500417840914698	-0.26001671363658796
2.41435165	0.53	-9.311166189182133	-0.37244664756728535
4.30655689	1.13	-8.70036740381243	-0.34801469615249725
4.30655689	1.13	-12.291429879615253	-0.4916571951846101
4.30655689	1.13	-28.782001950943382	-1.1512800780377352
4.30643	1.06	-12.305729169843875	-0.492229166793755
2.29503515	0.91	-16.19712634842473	-0.6478850539369893
2.29503623	0.95	-7.471137842136957	-0.2988455136854783
2.29503515	1.01	-9.677329574671804	-0.3870931829868722
2.29503623	0.85	-2.7885383767471	-0.11154153506988401
2.29503623	0.98	-14.890761396319022	-0.5956304558527609
2.2950397	1.01	-4.351746712410444	-0.17406986849641776
2.295026	0.96	-27.362670920446572	-1.094506836817863
27.49568902	1.13	-1.7329585556916665	-0.06931834222766665
27.495606	1.12	-12.812996050145063	-0.5125198420058026
27.495606	0.76	-13.80078354619792	-0.5520313418479168
27.4954	0.9	-7.540332391710015	-0.3016132956684006
27.495606	0.76	-0.1756299121083248	-0.007025196484332992
14.08825329	1.11	-0.3085653624462097	-0.012342614497848388
14.08826442	0.99	-9.639507057184973	-0.38558028228739893
14.08827448	0.99	-0.9495697669917879	-0.037982790679671516
14.08827448	0.99	-1.8080096633645621	-0.07232038653458249
14.08818	0.99	-11.626240209532105	-0.4650496083812842
14.08826442	1.11	-14.641114747292752	-0.5856445898917101
14.08830133	1.11	-2.159394811961378	-0.08637579247845512
110.9655	0.65	-10.453769460390719	-0.41815077841562875
110.96546	0.54	-6.8026314505337755	-0.27210525802135105
110.96546	0.54	-23.531022641558415	-0.9412409056623366
110.9643706	0.54	-4.921847035359953	-0.19687388141439813
110.96546	0.54	-13.236120521721872	-0.5294448208688749
110.96546	0.73	-3.475216285891307	-0.1390086514356523
3.76419105	0.81	-2.398806205799377	-0.09595224823197508
3.76417012	0.81	-12.12182610220645	-0.484873044088258
3.76419105	0.75	-11.048885746347718	-0.44195542985390873
3.76419737	0.79	-13.149698284854841	-0.5259879313941936
6.16491696	0.94	-2.026750936634737	-0.08107003746538949
6.16486	1.0	-8.999879782699148	-0.3599951913079659
6.16491696	0.96	-19.30760422906402	-0.7723041691625607
6.16487649	1.07	-8.927012303536017	-0.3570804921414407
6.164876	0.95	-2.4174694903930822	-0.09669877961572329
6.164876	1.07	-0.1895849299455281	-0.0075833971978211245
6.16491696	1.05	-7.566862285275248	-0.30267449141100994
13.570733	1.0	-10.777958204190417	-0.4311183281676167
13.5708	1.0	-4.7164095458503255	-0.188656381834013
13.57076622	0.96	-35.74649522964376	-1.4298598091857506
13.57076622	0.94	-18.246629087412327	-0.7298651634964931
13.57076622	0.94	-3.9569027354022945	-0.1582761094160918
13.57078281	0.95	-7.94011579693511	-0.3176046318774044
13.57076622	1.05	-6.947049609118987	-0.27788198436475947
13.57078281	1.07	-1.3446843536202466	-0.053787374144809864
23.9802348	0.94	-11.94776198582018	-0.4779104794328072
23.9802348	0.96	-5.863785882251407	-0.2345514352900563
23.9802348	1.05	-0.15190351020746246	-0.006076140408298498
43.84444353	0.96	-4.482304412579321	-0.17929217650317283
43.84445	1.0	-0.7169834628604168	-0.028679338514416675
43.84439721	1.07	-6.143417189284827	-0.2457366875713931
43.84439721	0.95	-3.5523324385467707	-0.14209329754187083
43.84444353	0.96	-0.2876101191331894	-0.011504404765327577
43.84444353	1.05	-41.85293460551764	-1.6741173842207056
43.84437655	1.07	-17.942788118170615	-0.7177115247268246
43.8445	1.0	-10.466053455634121	-0.41864213822536483
46.87827068	1.01	-4.536360196820337	-0.1814544078728135
46.87882	0.95	-7.413520870408507	-0.2965408348163403
46.8776724	0.94	-4.4057307056979615	-0.17622922822791848
46.8779367	0.82	-5.05926452590354	-0.2023705810361416
46.8779367	0.99	-9.641340247360928	-0.38565360989443714
46.8779367	0.82	-11.14540767978565	-0.445816307191426
2.75797905	1.16	-8.568394213091274	-0.34273576852365095
2.75798267	1.07	-1.2954159019717038	-0.051816636078868154
2.75798267	1.02	-6.2443180378020395	-0.24977272151208157
2.75797738	1.16	-18.935380034931697	-0.7574152013972679
2.75797738	0.99	-2.3052260396902584	-0.09220904158761034
2.75798267	1.07	-24.50845475636551	-0.9803381902546204
9.30414969	0.69	-9.186890681525805	-0.36747562726103217
9.30412078	0.65	-14.702323664239344	-0.5880929465695738
9.30413878	0.69	-17.757008661364626	-0.710280346454585
9.30412078	0.65	-11.227815866645372	-0.4491126346658149
9.30413878	0.65	-2.045170619776511	-0.08180682479106045
9.30412078	0.75	-8.900526793795269	-0.35602107175181075
14.079698	0.87	-16.32780645252136	-0.6531122581008545
14.07971466	0.91	-6.9705657869357065	-0.27882263147742825
14.07969236	1.09	-16.659040851426617	-0.6663616340570647
14.07971466	1.09	-3.725251587907367	-0.14901006351629467
14.07971466	0.91	-7.638646038812548	-0.3055458415525019
14.07971466	0.91	-7.240509097496363	-0.2896203638998545
16.54080322	0.85	-5.296109482126578	-0.21184437928506314
16.54080322	0.69	-7.399557730188128	-0.29598230920752516
16.54091	0.81	-2.7056084278759447	-0.10822433711503779
16.54080322	0.69	-2.7278917717737903	-0.10911567087095161
3.609319	1.01	-1.235448476858252	-0.049417939074330085
3.60930891	0.96	-3.4997522263858505	-0.13999008905543403
3.60930891	0.96	-3.5908934242411736	-0.14363573696964696
3.60931465	0.96	-23.91983415235238	-0.9567933660940952
3.60931176	0.96	-11.90105198079981	-0.47604207923199243
3.60930891	0.94	-6.065636071544926	-0.24262544286179705
3.60930891	0.96	-1.457581645389624	-0.05830326581558496
2.37030743	0.94	-0.9608638279291435	-0.03843455311716574
2.3702932	0.96	-17.180026170498834	-0.6872010468199534
2.3702932	0.96	-2.5419974795817053	-0.10167989918326821
1.93155971	0.98	-9.49943382402302	-0.37997735296092083
1.93155757	0.98	-2.0707420106265064	-0.08282968042506025
1.93155984	0.94	-2.938739599139099	-0.11754958396556398
1.93155546	0.98	-5.099322561277801	-0.20397290245111205
1.9315635	0.89	-0.34236827057681596	-0.013694730823072638
0.76213231	0.98	-1.0162373518699974	-0.0406494940747999
0.76212926	0.91	-7.357938144894071	-0.2943175257957628
5.42587228	1.01	-11.704177591771092	-0.4681671036708437
5.42587228	0.91	-18.697767739600376	-0.7479107095840151
5.42587228	0.91	-5.7358160648604555	-0.22943264259441823
5.42586799	0.95	-8.650301695196593	-0.3460120678078637
5.425944	0.92	-24.186572581363237	-0.9674629032545294
5.42586901	0.98	-3.9955872629131415	-0.15982349051652567
5.42586901	0.95	-9.766031762729138	-0.39064127050916553
16.92344113	1.01	-11.719985538707368	-0.46879942154829474
16.92344113	1.12	-8.961913506224315	-0.35847654024897263
16.92342126	1.04	-4.540385900881599	-0.18161543603526398
16.92344113	1.03	-2.2384012721655533	-0.08953605088662213
16.92344113	1.12	-5.734570160764363	-0.22938280643057454
16.9234294	1.0	-2.6896253766945	-0.10758501506778
16.92344113	1.12	-22.454577920533403	-0.8981831168213361
16.92342126	1.0	-3.019551584602894	-0.12078206338411576
23.8990296	1.01	-4.060979216898793	-0.1624391686759517
23.89882644	0.98	-20.702388225988404	-0.8280955290395362
23.8990296	1.06	-5.138212203569941	-0.20552848814279764
23.8992	1.07	-14.11389948739547	-0.5645559794958188
23.8990296	1.01	-6.061012062035381	-0.24244048248141525
23.8990296	1.01	-9.511468852391431	-0.38045875409565727
23.8990296	0.99	-17.727164000606617	-0.7090865600242647
3.1800279	1.11	-21.109173745103718	-0.8443669498041487
3.1800218	1.24	-8.669189704961191	-0.34676758819844766
3.18004136	1.04	-2.6853316669334277	-0.10741326667733711
3.18002464	1.14	-0.2841230504937016	-0.011364922019748066
3.1800218	1.24	-19.858237098420393	-0.7943294839368157
3.18002464	1.14	-10.513341232361952	-0.4205336492944781
3.179962	1.18	-10.800585488029721	-0.4320234195211889
4.9014287	1.04	-3.891647243273478	-0.15566588973093912
4.90143807	1.16	-10.259712269466355	-0.41038849077865425
4.90143807	1.14	-0.37471235387217433	-0.014988494154886973
4.901467	1.18	-13.781752917166015	-0.5512701166866406
4.90144976	1.04	-23.4794234484809	-0.9391769379392361
4.901452	1.24	-13.61649626034417	-0.5446598504137669
4.901441	1.04	-7.824624746078375	-0.312984989843135
4.90144976	1.11	-21.81515299423123	-0.8726061197692492
4.90145055	1.04	-5.8012380488523965	-0.23204952195409587
7.95825328	1.11	-7.5872070365042745	-0.303488281460171
7.95792901	1.04	-7.991726068026988	-0.31966904272107954
7.95792	1.18	-5.0002292998801705	-0.20000917199520682
7.95830216	1.14	-8.63617054691635	-0.34544682187665404
7.95839	1.24	-11.349745599658753	-0.4539898239863501
7.95825328	1.04	-0.13388463179622823	-0.005355385271849129
7.95830216	1.16	-13.033962182250072	-0.5213584872900029
14.749143	1.24	-14.07960294506898	-0.5631841178027592
14.749176	1.04	-3.3397948300554923	-0.1335917932022197
14.74914825	1.04	-4.490867389252418	-0.1796346955700967
14.749143	1.24	-9.583484227141557	-0.3833393690856623
14.74921033	1.04	-8.76959641562784	-0.3507838566251136
14.74913518	1.22	-10.450281971665769	-0.41801127886663075
14.74913518	1.14	-15.496126893853152	-0.6198450757541261
14.74913518	1.14	-4.9085581824618165	-0.19634232729847267
14.74913518	1.14	-7.898108713229915	-0.3159243485291966
6.22161107	1.15	-2.6343624669588945	-0.10537449867835579
6.22161107	1.17	-2.1979018199915563	-0.08791607279966225
6.22160003	1.17	-0.4612594879800754	-0.018450379519203017
6.2216147	1.21	-14.72843945988702	-0.5891375783954809
6.22156151	1.17	-9.46926827956788	-0.3787707311827152
6.221632	1.23	-5.935303173322597	-0.2374121269329039
6.2216147	1.23	-20.03621399948907	-0.8014485599795629
6.1799844	0.53	-19.008952243783146	-0.7603580897513258
6.180013	0.81	-13.361195810835733	-0.5344478324334293
6.17999328	0.89	-1.7278504356101663	-0.06911401742440665
6.1799844	0.87	-8.547773783464887	-0.3419109513385955
6.1799844	0.53	-1.2741920889342888	-0.05096768355737155
1.5690665	1.2	-22.096845216701766	-0.8838738086680706
1.5690665	1.21	-16.134079917902245	-0.6453631967160898
1.5690666	1.04	-19.535493473602987	-0.7814197389441195
1.5690606	1.04	-15.074789274746228	-0.6029915709898491
1.56906	1.13	-7.386379188938124	-0.29545516755752493
1.5690665	1.21	-6.390503700492533	-0.25562014801970134
8.67888593	0.91	-5.075354249562726	-0.20301416998250904
8.67888593	0.91	-17.197433945314184	-0.6878973578125674
8.678902	0.96	-7.319759618481704	-0.29279038473926816
8.67890312	0.92	-26.357211300093095	-1.054288452003724
8.67890312	1.03	-12.997232160851354	-0.5198892864340542
8.67888113	1.03	-10.50688661647954	-0.4202754646591816
8.67888593	0.91	-12.025904170135194	-0.4810361668054078
4.02582254	0.91	-13.6887025338199	-0.547548101352796
4.02582434	1.03	-12.130992451838418	-0.48523969807353673
4.02581966	1.03	-5.652245732543352	-0.22608982930173407
4.02582254	0.91	-10.49368905681668	-0.4197475622726672
2.50475882	0.91	-12.199884309471445	-0.4879953723788578
2.50475282	1.03	-1.3735872544615815	-0.05494349017846326
5.94564846	0.59	-10.831729141566559	-0.4332691656626624
5.94566534	0.56	-9.728468857963648	-0.38913875431854594
5.94566534	0.6	-15.453586077496238	-0.6181434430998496
5.94566534	0.56	-13.939526347953642	-0.5575810539181457
5.94565516	0.58	-3.0182801424946093	-0.12073120569978438
5.945678	0.55	-2.44693438976549	-0.0978773755906196
1.52372816	0.56	-10.938386924717895	-0.4375354769887158
1.52372816	0.56	-3.437613337730907	-0.13750453350923628
1.52373073	0.58	-15.733695698761064	-0.6293478279504425
1.52373073	0.52	-1.5214295225472585	-0.060857180901890344
6.14727918	0.81	-17.19506382236247	-0.6878025528944989
6.147313	0.69	-12.28710189397409	-0.4914840757589636
6.14728341	0.81	-17.57763723346794	-0.7031054893387176
34.3511874	1.04	-8.308211457166035	-0.3323284582866414
34.3511339	1.04	-12.998726652841048	-0.5199490661136419
34.3511874	1.04	-8.474352369913634	-0.33897409479654533
3.00725068	0.87	-6.9644035811107265	-0.2785761432444291
3.00725242	0.94	-9.65107481481294	-0.3860429925925176
3.00725068	0.94	-6.236516342719111	-0.24946065370876444
3.00725242	0.85	-13.33450483954058	-0.5333801935816233
13.24503188	1.42	-13.171061066839926	-0.526842442673597
13.24503188	1.42	-7.5346589749524995	-0.3013863589981
13.24514	1.24	-9.402231598025326	-0.37608926392101305
13.24503482	0.99	-12.735308594679738	-0.5094123437871896
49.18394922	1.38	-16.336501190105647	-0.6534600476042259
190.3200468	1.25	-9.535904767967352	-0.3814361907186941
190.3216564	1.36	-7.776000162077239	-0.3110400064830896
77.2550726	1.37	-7.095154792189459	-0.28380619168757837
77.2550726	1.21	-1.2682447381016577	-0.05072978952406631
77.2548396	1.1	-5.15842906153173	-0.2063371624612692
77.2548396	1.23	-4.9711454544382665	-0.19884581817753066
77.25562525	1.37	-19.955898320039942	-0.7982359328015978
77.2557	1.09	-1.5636097929826676	-0.0625443917193067
77.25615317	1.37	-10.651095973771332	-0.4260438389508533
3.85690991	0.88	-2.0212857015808274	-0.0808514280632331
3.85691855	0.97	-17.855943682907483	-0.7142377473162993
3.85691855	0.88	-14.588199144995592	-0.5835279657998237
3.85691855	0.97	-4.030624430145651	-0.16122497720582604
3.85690686	0.88	-17.00884996496447	-0.6803539985985788
1.5432066	0.93	-5.973722728745573	-0.23894890914982292
1.5432066	0.93	-5.83903776045537	-0.2335615104182148
1.5432066	0.95	-9.19626673226134	-0.36785066929045357
33.4177993	0.82	-7.330189972948503	-0.2932075989179401
33.4177993	0.82	-15.494847370612238	-0.6197938948244895
33.41773787	0.81	-3.621394930017285	-0.1448557972006914
33.4178173	0.81	-3.5860617544799243	-0.14344247017919698
2.05333679	1.12	-0.38560318305063085	-0.015424127322025234
2.053352	1.24	-14.526079179955357	-0.5810431671982142
219.32158692	1.05	-11.783828444815406	-0.47135313779261623
219.3217528	1.12	-3.250317988923632	-0.1300127195569453
219.3215562	1.05	-0.8846811718257563	-0.035387246873030256
219.3217528	1.12	-12.066682616751525	-0.48266730467006097
219.32137078	1.05	-5.016256371095476	-0.20065025484381907
56.77656132	1.05	-4.898895965467589	-0.19595583861870355
56.77673	1.05	-4.582701944486586	-0.18330807777946345
56.777229	1.12	-4.44590666933187	-0.1778362667732748
56.777229	1.12	-6.5998242664896605	-0.26399297065958643
56.777229	1.12	-8.013727062627668	-0.3205490825051067
56.7769831	1.05	-12.618444555141284	-0.5047377822056514
56.777229	1.09	-20.91314946825389	-0.8365259787301557
18.78425728	0.7	-28.04650858072828	-1.1218603432291312
18.78425728	0.62	-9.851086108062518	-0.3940434443225007
18.78429232	0.7	-10.13305006574963	-0.40532200262998525
18.78422423	0.7	-18.806281732879114	-0.7522512693151646
18.78423	0.59	-21.77860331663827	-0.8711441326655309
18.78425728	0.62	-21.58684645602099	-0.8634738582408396
161.5163345	0.62	-11.298593630031325	-0.451943745201253
161.51541918	0.7	-21.92806476942617	-0.8771225907770469
161.515617	0.65	-19.347450725004943	-0.7738980290001978
161.5163345	0.7	-13.853727117464913	-0.5541490846985966
161.515617	0.7	-15.892662125503863	-0.6357064850201545
161.5163345	0.62	-14.656141515218053	-0.5862456606087222
161.51525984	0.7	-17.45532648186969	-0.6982130592747876
161.5163345	0.62	-12.268509149794385	-0.4907403659917754
0.69384266	0.9	-5.445944642934667	-0.21783778571738668
0.69384285	1.0	-3.463475402387428	-0.13853901609549713
0.69384266	0.9	-6.740607585037045	-0.2696243034014818
0.69384285	1.0	-5.22554446140933	-0.20902177845637318
23.12732952	1.06	-7.554754328108112	-0.3021901731243245
23.12748644	1.01	-8.999326618494266	-0.35997306473977064
23.1276	1.11	-3.4814492275908933	-0.13925796910363572
23.12748644	1.05	-0.6307192943819868	-0.025228771775279473
23.1274171	1.06	-3.6315934520913395	-0.1452637380836536
5.13248562	0.51	-9.595989987327654	-0.38383959949310614
5.13248562	0.51	-5.572221782387961	-0.22288887129551846
5.132541	0.46	-7.110760154772793	-0.2844304061909117
5.13248562	0.51	-4.823449504093079	-0.19293798016372318
6.48163307	1.09	-15.47532910826218	-0.6190131643304873
6.48162809	1.02	-4.752133458218441	-0.19008533832873764
6.4816271	1.09	-11.29461782077513	-0.45178471283100524
6.48162809	1.02	-0.9435531947358413	-0.03774212778943365
6.48163	1.04	-12.991010753065124	-0.519640430122605
6.48162809	1.04	-9.614830475585865	-0.38459321902343463
6.481674	1.06	-10.743925041442903	-0.42975700165771613
6.48162809	1.1	-2.627968272249472	-0.10511873088997888
6.48162809	1.04	-1.1228651346993797	-0.04491460538797519
21.22265	1.09	-20.47606600430351	-0.8190426401721405
21.2227	1.04	-20.48758595679594	-0.8195034382718376
21.22258525	1.02	-6.02112836498095	-0.240845134599238
21.22258525	1.02	-2.3123436653483385	-0.09249374661393354
21.22258525	1.04	-4.815328575897135	-0.19261314303588542
21.22258525	1.1	-3.716107016230108	-0.14864428064920432
21.22261195	1.01	-3.8953307976800806	-0.15581323190720323
198.680179	0.86	-22.444535338584124	-0.897781413543365
198.680859	0.89	-8.091421941991822	-0.3236568776796729
42.4267342	0.86	-1.4821936230352306	-0.05928774492140922
42.42720032	0.87	-3.8745948842430646	-0.1549837953697226
42.4267342	0.8	-2.03056706001344	-0.08122268240053761
42.4267342	0.8	-7.752261388018951	-0.31009045552075803
1.43474156	0.81	-6.8405592546623675	-0.2736223701864947
1.43474513	1.07	-5.303557612633036	-0.21214230450532146
1.43474156	1.01	-2.4088150502280317	-0.09635260200912127
58.60136304	1.06	-14.891431738013804	-0.5956572695205522
58.6017925	1.04	-7.478692259835388	-0.29914769039341554
58.60162473	1.06	-1.011107907997887	-0.040444316319915484
25.0823402	1.26	-2.420281556431904	-0.09681126225727615
25.0824626	1.14	-21.010853820809064	-0.8404341528323626
25.0824626	1.01	-2.9933354257176963	-0.11973341702870785
25.0824626	1.01	-5.896424003603604	-0.23585696014414417
25.0824626	1.13	-3.679720782120591	-0.14718883128482366
89.72144532	1.26	-5.096832093645342	-0.2038732837458137
89.72188091	1.26	-0.5741430336660365	-0.02296572134664146
89.722292	1.01	-2.9737743140481787	-0.11895097256192715
89.722292	1.01	-4.1284489887220595	-0.16513795954888238
89.722292	1.13	-22.0489881764568	-0.881959527058272
89.7224125	1.26	-18.0173918626808	-0.720695674507232
78.09953284	1.01	-11.611282089788006	-0.4644512835915202
78.1000231	1.06	-5.661839653448692	-0.22647358613794769
78.0998908	1.04	-4.579456179306687	-0.1831782471722675
78.1000231	1.14	-0.4102421887891912	-0.01640968755156765
78.1000231	1.06	-14.050752290816115	-0.5620300916326446
78.0998908	1.01	-2.274780313122697	-0.09099121252490788
78.09987954	1.01	-1.70914362294349	-0.0683657449177396
4.27103727	0.99	-6.815294765126711	-0.27261179060506846
4.27103091	0.99	-6.739014824262487	-0.2695605929704995
4.27103727	0.99	-9.20565656002713	-0.3682262624010852
4.271024	1.03	-16.631937905328314	-0.6652775162131326
4.27103091	0.94	-6.94252264185548	-0.27770090567421923
4.27103091	0.99	-11.768838406583663	-0.47075353626334654
2.89221751	0.6	-9.688176760916308	-0.38752707043665235
2.89221677	0.62	-9.082883936638536	-0.36331535746554144
2.89221751	0.66	-27.116874547447857	-1.0846749818979142
2.89221677	0.7	-2.496571142232914	-0.09986284568931657
187.747029	0.73	-3.691187927579399	-0.14764751710317595
187.746606	0.73	-2.030363921424906	-0.08121455685699625
187.747029	0.73	-15.578086494758866	-0.6231234597903547
187.746606	0.89	-0.6616759721116101	-0.026467038884464406
2.54306376	0.94	-2.0082546650723625	-0.0803301866028945
2.54309766	1.05	-4.062836158826898	-0.16251344635307594
2.543066	0.95	-16.164476639315517	-0.6465790655726207
2.54307286	0.85	-3.9689267615094646	-0.1587570704603786
2.54306376	1.05	-4.866915470222989	-0.19467661880891957
2.16845259	1.08	-28.186066604716444	-1.127442664188658
2.16845259	1.01	-6.738873475108837	-0.26955493900435346
2.16845106	1.08	-2.960314524997807	-0.11841258099991228
2.168446	1.05	-9.357999787841333	-0.3743199915136533
2.16845106	1.02	-26.855360376056534	-1.0742144150422615
10.30402569	1.05	-21.137947480161326	-0.845517899206453
10.303995	0.98	-1.39792717833456	-0.0559170871333824
10.30400497	0.92	-19.166933586045484	-0.7666773434418194
10.30400497	0.92	-8.084549455567245	-0.3233819782226898
10.30401132	0.92	-18.057316747439963	-0.7222926698975985
10.30400497	0.99	-5.752364356543935	-0.2300945742617574
10.30375	0.95	-12.606427131554703	-0.5042570852621882
10.304	0.92	-17.575685057548863	-0.7030274023019546
10.30400497	0.92	-2.0093639374410235	-0.08037455749764094
10.3039	0.96	-5.748305370951185	-0.22993221483804738
13.02426	1.05	-3.1276089893963643	-0.12510435957585458
13.02492819	0.99	-21.49883136455062	-0.8599532545820249
13.02492819	0.99	-7.912914815584443	-0.3165165926233777
13.025	0.92	-3.8139083901412376	-0.15255633560564952
13.02492819	0.99	-0.5376710178300402	-0.021506840713201608
13.02493307	0.92	-7.2807092749494995	-0.29122837099798
13.02502	0.95	-0.17167786676028074	-0.00686711467041123
13.02492819	0.92	-10.497115614237584	-0.4198846245695034
13.02492819	0.92	-2.4257353933911605	-0.09702941573564643
13.02492819	0.92	-14.290679818383843	-0.5716271927353538
13.024877	0.98	-2.252701814766992	-0.09010807259067968
13.02493307	1.05	-15.112379396938554	-0.6044951758775422
22.68714105	0.99	-16.41828790620735	-0.6567315162482941
22.68710421	1.05	-11.559931811621121	-0.46239727246484486
22.687155	1.05	-1.3003018803612578	-0.052012075214450317
22.68714251	1.05	-7.59874629309552	-0.3039498517238208
22.68714105	0.99	-17.792827467402443	-0.7117130986960978
22.687155	0.92	-1.0781904187226667	-0.04312761674890667
22.68714105	0.99	-3.3014062491466647	-0.1320562499658666
22.68714105	0.92	-6.526426196999708	-0.26105704787998835
31.9959	0.95	-6.54528781593569	-0.2618115126374276
31.99550624	0.92	-3.26456188474027	-0.1305824753896108
31.9996	0.96	-10.79882617897212	-0.43195304715888483
31.99550624	0.92	-2.8459774764312336	-0.11383909905724934
31.99552485	0.92	-7.95598164161764	-0.3182392656647056
31.99552485	1.05	-27.894388765140775	-1.115775550605631
31.9954389	1.05	-7.799969702276217	-0.3119987880910487
31.995	0.92	-12.107261435246587	-0.4842904574098635
31.995	0.9	-0.24305613725407837	-0.009722245490163135
46.6856205	1.05	-15.743391931927134	-0.6297356772770853
46.68568857	1.05	-15.123529370858611	-0.6049411748343444
46.686	0.9	-8.850993113624087	-0.35403972454496346
46.68876	0.95	-4.817204910298318	-0.19268819641193272
46.68707	1.05	-12.75890009558691	-0.5103560038234763
46.6858024	0.99	-17.26744970306882	-0.6906979881227528
46.686	0.92	-12.141408656845364	-0.4856563462738146
46.6888	0.96	-0.8632055234030028	-0.03452822093612012
46.6858024	0.92	-9.347911608632563	-0.3739164643453025
46.68684772	1.05	-7.520161311969263	-0.3008064524787705
118.378379	0.92	-7.7574338189324585	-0.31029735275729836
118.37824892	1.05	-12.625041268953591	-0.5050016507581436
118.3803	1.05	-8.591315488860527	-0.3436526195544211
118.3786735	0.92	-11.413389668911623	-0.45653558675646494
118.378379	0.92	-6.873305725397331	-0.27493222901589326
118.37774	0.95	-10.780984826309748	-0.4312393930523899
118.37815	0.98	-14.408832438845307	-0.5763532975538123
118.3807	0.96	-5.7775559240757595	-0.2311022369630304
12.69105209	1.07	-13.648545681116358	-0.5459418272446543
12.69104387	1.02	-7.86603606670312	-0.31464144266812477
12.69105209	0.99	-6.838356281188451	-0.27353425124753805
12.69107848	1.12	-8.683125072017937	-0.3473250028807175
12.69105209	1.07	-4.479493156724834	-0.17917972626899334
12.69105879	1.12	-0.7637151292732014	-0.030548605170928056
31.71982498	1.07	-7.8939444644209535	-0.3157577785768381
31.71982498	1.07	-3.0240471027076676	-0.1209618841083067
31.71987	1.07	-15.343218585718354	-0.6137287434287342
31.71989182	1.12	-1.6452759056123911	-0.06581103622449565
31.71982498	0.99	-6.977595678461923	-0.2791038271384769
31.71981013	1.12	-1.4757803868384505	-0.05903121547353802
6.42200058	1.06	-5.900147296557143	-0.2360058918622857
6.42200058	1.06	-11.53555240767834	-0.4614220963071336
6.42200058	1.21	-18.32829235483245	-0.7331316941932979
6.42199919	1.09	-8.532115393210201	-0.34128461572840807
6.42199919	1.03	-12.160710910790122	-0.4864284364316049
6.42200058	0.99	-12.088148472478075	-0.483525938899123
6.421928	1.1	-5.590443508550738	-0.22361774034202953
81.3151059	0.94	-16.23796160713058	-0.6495184642852232
81.3153052	0.85	-9.528999282512688	-0.3811599713005075
81.3151059	0.88	-14.352769402746532	-0.5741107761098613
81.3153052	0.94	-12.897316824845591	-0.5158926729938237
81.31320034	0.94	-1.9938396380503265	-0.07975358552201306
51.3285623	1.03	-11.34115179847267	-0.45364607193890677
51.3285623	1.03	-0.9481360440453621	-0.037925441761814484
51.32848636	1.05	-9.797819891731786	-0.39191279566927145
51.32869804	1.05	-14.873013663323993	-0.5949205465329598
51.3283527	1.03	-9.089611186122543	-0.3635844474449017
51.3292	1.04	-14.957853639739891	-0.5983141455895956
19.79243	1.13	-5.4562534679563015	-0.21825013871825205
19.79191978	1.23	-1.4237320137382676	-0.056949280549530704
5.03728015	1.3	-12.635132020398007	-0.5054052808159203
5.03728033	1.31	-22.009760999338035	-0.8803904399735214
5.03728015	1.22	-1.7293175034495538	-0.06917270013798216
5.03728015	1.22	-5.332245728143959	-0.21328982912575836
5.03728015	1.22	-9.044578835638985	-0.3617831534255594
5.03728033	1.31	-13.908416778789373	-0.5563366711515749
5.03728852	1.31	-14.488575355323022	-0.5795430142129209
5.037282	1.18	-9.305781854813636	-0.3722312741925455
4.42157218	0.67	-6.268334975257471	-0.25073339901029884
4.42156654	0.64	-2.8050273728571007	-0.11220109491428402
4.421539	0.58	-20.977109460713052	-0.8390843784285221
4.42156654	0.71	-9.417994542801713	-0.37671978171206855
4.42157079	0.64	-2.546036687124977	-0.10184146748499907
1.25275388	1.17	-0.4072150950456817	-0.01628860380182727
1.25275217	1.02	-2.5866894676673673	-0.1034675787066947
1.25274459	1.13	-2.775790761839386	-0.11103163047357545
1.25275217	1.02	-0.8297075084441936	-0.03318830033776775
1.2527398	1.11	-8.526466843226483	-0.34105867372905935
1.25275217	1.11	-17.27917272943943	-0.6911669091775773
0.57103852	0.88	-17.002851462291808	-0.6801140584916724
0.57103852	0.88	-7.167062759344199	-0.28668251037376796
0.57103852	0.88	-23.966035503450165	-0.9586414201380066
0.5710391	0.75	-6.263187768971287	-0.2505275107588515
4.51005748	0.88	-11.182865229799802	-0.44731460919199206
4.51004491	0.93	-15.980308532422985	-0.6392123412969194
4.51005748	0.88	-7.054587455249756	-0.2821834982099902
4.51005748	0.88	-13.892277550826055	-0.5556911020330422
37.6467384	1.05	-2.4274046947325685	-0.09709618778930273
37.64617	0.96	-4.025423685584266	-0.16101694742337064
37.6468519	0.93	-12.509064313574328	-0.5003625725429731
37.6468519	1.41	-10.680782714337061	-0.42723130857348246
37.64667098	0.93	-0.4183230948924978	-0.016732923795699912
37.64639324	0.93	-0.4271450873131132	-0.017085803492524528
3.34184	1.17	-13.6000898617032	-0.544003594468128
3.34179949	1.09	-3.4092566093734984	-0.13637026437493993
3.34180294	1.1	-10.178334455437335	-0.4071333782174934
3.34179636	1.09	-0.959406531375419	-0.03837626125501676
224.7782093	1.1	-3.5152918887165647	-0.14061167554866258
224.77923926	1.09	-5.8803349909394385	-0.23521339963757754
224.77833	1.12	-11.073743297615216	-0.4429497319046087
224.79712	1.17	-6.5772919232446005	-0.263091676929784
224.7782093	1.12	-9.33146975730182	-0.3732587902920728
224.7782093	1.1	-2.2020739770149693	-0.08808295908059878
9.69312032	0.61	-12.425545561251052	-0.4970218224500421
9.69312032	0.73	-6.964896990892583	-0.2785958796357033
9.69310837	0.61	-2.161156624452268	-0.08644626497809073
9.69312032	0.61	-7.497585101684478	-0.2999034040673791
9.69312032	0.61	-7.604439617335078	-0.3041775846934031
8.79617863	1.14	-17.141191084885477	-0.6856476433954191
8.79610307	1.04	-17.77842304771298	-0.7111369219085192
8.79617863	1.1	-7.266259517290894	-0.2906503806916358
8.79631	1.06	-13.965799334105942	-0.5586319733642376
14.36270451	1.35	-10.430755138038169	-0.4172302055215268
14.36267939	1.33	-2.4665631766322496	-0.09866252706528998
14.36267939	1.33	-1.3267232521901726	-0.05306893008760691
14.36281802	1.35	-10.494078684966128	-0.4197631473986451
14.36282508	1.35	-4.917577458863871	-0.19670309835455485
42.3006282	1.1	-26.936346703815072	-1.077453868152603
42.3004954	0.93	-9.710244205064388	-0.38840976820257556
42.3004954	0.93	-1.2443926722141858	-0.04977570688856743
42.3004954	0.93	-14.507740806561344	-0.5803096322624538
14.97435694	0.8	-9.196240242348575	-0.367849609693943
14.97435694	0.8	-10.40281482341899	-0.41611259293675956
14.97435448	0.94	-0.8569584398190944	-0.034278337592763775
14.97436238	0.94	-3.1694349510820206	-0.12677739804328084
14.97436238	0.8	-11.840392916761889	-0.4736157166704756
14.97435694	0.87	-3.379211788059874	-0.13516847152239497
14.97430603	0.94	-3.915330941975406	-0.15661323767901625
23.55401645	2.22	-17.331580789825384	-0.6932632315930154
23.55539	2.22	-1.5192481541110823	-0.060769926164443294
23.5540725	2.33	-5.767071901812731	-0.23068287607250923
23.5540725	1.6	-14.047377724714355	-0.5618951089885742
23.5541012	2.22	-8.313073751499749	-0.33252295005998994
23.5541012	2.33	-0.18905790489640545	-0.007562316195856218
23.5540725	2.33	-13.238204476978442	-0.5295281790791377
23.55372085	2.22	-15.117182488798472	-0.6046872995519389
41.69783717	0.95	-13.468283408259577	-0.5387313363303831
41.6977582	0.95	-25.737751045587288	-1.0295100418234915
41.6976799	0.95	-12.761806878856762	-0.5104722751542705
41.6977827	0.97	-17.38337650483958	-0.6953350601935832
41.6977827	0.95	-12.95514514010709	-0.5182058056042836
4.790278	0.91	-23.24833839385542	-0.9299335357542168
4.79028459	0.96	-18.219332981121674	-0.728773319244867
4.79028459	0.9	-2.563963260651751	-0.10255853042607005
4.79029482	0.94	-10.592982437011937	-0.4237192974804775
4.79028837	0.93	-5.822584341670615	-0.23290337366682462
38.67158576	0.92	-18.923920062511154	-0.7569568025004462
38.6715075	0.8	-2.942037721400706	-0.11768150885602824
38.6715843	0.92	-14.852309830894566	-0.5940923932357827
38.6715075	0.96	-2.485776638445174	-0.09943106553780696
38.66952	0.91	-7.240419820846498	-0.28961679283385994
38.67159396	0.92	-4.20793231367608	-0.16831729254704322
8.3265153	1.02	-4.827877194183722	-0.1931150877673489
8.3265153	1.11	-9.884207641169658	-0.3953683056467863
8.32625697	1.09	-15.306947030972665	-0.6122778812389066
8.40887814	0.78	-1.9261909521991716	-0.07704763808796687
8.40887695	0.89	-6.350408284803645	-0.2540163313921458
8.40887487	0.98	-0.38858325855019377	-0.015543330342007751
28.5742692	0.78	-19.465149616511006	-0.7786059846604403
28.5742649	0.77	-5.040142244794369	-0.20160568979177476
28.5742649	0.77	-7.879090767890736	-0.3151636307156294
28.5742649	0.77	-13.74037014880417	-0.5496148059521668
2.94903816	0.82	-2.9738878260874864	-0.11895551304349945
2.94902911	0.82	-0.25493112336484314	-0.010197244934593726
2.94902905	0.77	-8.247744891829301	-0.329909795673172
2.949017	0.72	-6.719029317338666	-0.26876117269354666
2.94902905	0.77	-3.488207507892929	-0.13952830031571717
2.94902905	0.78	-5.967652036813853	-0.23870608147255412
2.94902911	0.77	-8.885091643058596	-0.35540366572234383
13.15140223	1.29	-13.652063098575224	-0.546082523943009
13.15141081	1.19	-16.929706306308475	-0.677188252252339
13.15140223	1.16	-12.009251419908214	-0.48037005679632855
13.15141081	1.19	-4.684155285181924	-0.18736621140727697
13.15149746	1.16	-0.46054880580660223	-0.01842195223226409
13.15107959	1.16	-1.217996063448705	-0.0487198425379482
42.1918331	0.93	-9.094950346687476	-0.36379801386749905
42.1917357	0.92	-10.513588003232087	-0.4205435201292835
42.1917357	0.95	-9.359861910323207	-0.37439447641292833
42.19204934	0.96	-0.8070827009800678	-0.032283308039202714
42.19301	0.93	-5.292221647534748	-0.21168886590138994
4.3394569	0.87	-2.3926107881058662	-0.09570443152423465
4.33946454	0.98	-15.185697334480938	-0.6074278933792375
4.3394569	0.91	-6.060615273216846	-0.24242461092867384
4.33946454	0.98	-19.338251589489452	-0.7735300635795781
4.33946035	0.91	-16.174156305675083	-0.6469662522270033
2.85234897	0.48	-1.4953655483999893	-0.05981462193599957
2.85234584	0.52	-3.4736733123803107	-0.13894693249521242
2.85234897	0.35	-4.681579561025726	-0.18726318244102902
2.852375	0.54	-3.0191677670298573	-0.1207667106811943
2.85234897	0.48	-11.71757593657906	-0.4687030374631624
2.85234897	0.48	-11.797830066506574	-0.471913202660263
17.67089	0.98	-5.411971649189872	-0.21647886596759489
17.6700291	1.04	-15.632009968222649	-0.625280398728906
108.593113	0.79	-13.025475539030463	-0.5210190215612185
108.593329	0.94	-13.282030487179762	-0.5312812194871905
108.59309252	1.01	-9.46095383101428	-0.3784381532405712
199.66876	1.01	-20.820463991258638	-0.8328185596503456
199.664537	0.79	-4.1644044909386695	-0.16657617963754678
199.6679993	0.79	-8.082604093775583	-0.32330416375102333
199.664537	0.94	-14.742725266405879	-0.5897090106562352
199.66876	0.79	-6.59008195888877	-0.2636032783555508
5.12330347	0.97	-17.72700581773335	-0.709080232709334
5.12330347	0.83	-7.698656402415424	-0.30794625609661697
5.12330347	0.83	-11.970238356811093	-0.4788095342724437
61.6178167	1.02	-19.091207837495844	-0.7636483134998338
61.6178167	1.02	-14.378703760074512	-0.5751481504029805
61.6178167	0.94	-18.032424347022353	-0.7212969738808941
61.61797658	0.78	-7.740630735430673	-0.3096252294172269
24.3398202	1.0	-24.79745798183025	-0.9918983192732099
24.34003	1.1	-14.95715681085042	-0.5982862724340168
24.3397804	0.97	-14.160443266987615	-0.5664177306795046
24.33977289	0.99	-2.643373067135503	-0.10573492268542012
24.3397804	0.97	-1.6248075268430135	-0.06499230107372055
24.3397804	0.97	-19.84417768689209	-0.7937671074756836
24.33975292	0.99	-6.921877686719584	-0.27687510746878335
24.3397804	1.0	-12.860272990930763	-0.5144109196372305
24.3398202	0.99	-11.752201186192224	-0.47008804744768895
76.5362825	0.99	-7.121080202524546	-0.28484320810098185
76.53569402	0.99	-9.574268584610165	-0.3829707433844066
76.5369586	1.0	-9.837576176815942	-0.39350304707263767
76.5369586	0.97	-1.9333215671774522	-0.07733286268709809
4.75400115	0.79	-12.522924791792834	-0.5009169916717133
4.75400115	0.79	-8.412369651955016	-0.33649478607820066
4.75400115	0.7	-11.030631320345071	-0.44122525281380287
4.75400122	0.75	-8.348435220745536	-0.3339374088298214
4.753994	0.74	-10.086876585923285	-0.4034750634369314
4.75400115	0.7	-3.2237509054752875	-0.1289500362190115
4.754	0.75	-4.774281419197449	-0.19097125676789797
4.75400072	0.77	-16.11673838155551	-0.6446695352622205
4.75400072	0.75	-3.7100161382359067	-0.14840064552943627
8.92507637	0.79	-3.5813910938219387	-0.14325564375287755
8.92507	0.75	-7.19126174537727	-0.2876504698150908
8.92507637	0.7	-6.361581538236719	-0.2544632615294688
8.92507637	0.7	-10.279577446825492	-0.4111830978730197
8.92507952	0.77	-12.837318917455319	-0.5134927566982127
8.92507637	0.79	-4.747703410064938	-0.18990813640259752
8.92507637	0.79	-7.439606825647348	-0.2975842730258939
5.45298475	0.92	-8.138838356646476	-0.32555353426585903
5.45298175	0.9	-1.1454899079234577	-0.04581959631693831
5.45298175	0.95	-2.653118601004559	-0.10612474404018236
5.45301646	0.92	-20.179238623961055	-0.8071695449584422
5.45298175	0.95	-0.7525851913611962	-0.03010340765444785
3.26662733	0.94	-8.705876335503058	-0.34823505342012234
3.26661204	0.95	-11.944925367296062	-0.4777970146918425
3.266606	0.82	-0.8346141691727047	-0.03338456676690819
3.26661204	0.95	-1.000374703259529	-0.04001498813038116
3.26662733	0.92	-13.011709471321963	-0.5204683788528786
3.26661204	0.95	-0.4848471536780262	-0.01939388614712105
3.26661204	0.95	-4.267326012718441	-0.17069304050873765
4.272354	0.82	-0.15304690271799498	-0.0061218761087198
4.27226421	0.92	-2.9017147354429267	-0.11606858941771707
4.27226421	0.94	-13.573897858538517	-0.5429559143415407
4.27225316	0.95	-10.575775734798418	-0.4230310293919367
4.27225316	0.95	-1.853906566273906	-0.07415626265095625
3.532292	1.02	-29.868376683921696	-1.194735067356868
3.53232449	1.03	-4.423717582764907	-0.17694870331059628
3.53232449	1.03	-3.696275441580809	-0.14785101766323236
3.53232429	1.03	-10.303715323994835	-0.4121486129597934
3.53232449	1.03	-13.110485187337165	-0.5244194074934866
3.53236922	1.04	-0.691925729738583	-0.02767702918954332
62.89178098	0.88	-16.975823871889027	-0.679032954875561
62.8917493	0.81	-2.4232338849475252	-0.09692935539790101
62.8916228	0.8	-5.2111540483804575	-0.2084461619352183
62.8917493	0.88	-9.479557005784883	-0.37918228023139533
62.8916228	0.8	-8.688124775444763	-0.3475249910177905
62.8908	0.86	-4.524640854179007	-0.1809856341671603
62.8916228	0.8	-16.64742324242725	-0.66589692969709
62.89270326	0.88	-14.14092974690117	-0.5656371898760468
11.55562343	0.88	-14.054571774361671	-0.5621828709744668
11.55559918	0.93	-1.7443518516282552	-0.06977407406513021
11.55562343	0.88	-1.0835409518659616	-0.043341638074638464
11.55562042	0.93	-18.354391509261433	-0.7341756603704573
17.13263989	0.84	-15.353527800667903	-0.6141411120267162
17.13263125	0.88	-11.98549304176348	-0.4794197216705392
17.13263989	0.87	-1.5010484306830896	-0.06004193722732359
17.13269367	0.89	-4.252700914425365	-0.1701080365770146
17.13268832	0.89	-8.327185509323051	-0.33308742037292205
17.13271	0.96	-4.783867568383211	-0.19135470273532842
76.957056	0.91	-1.8595643789580463	-0.07438257515832185
76.957857	0.96	-5.412952271038777	-0.21651809084155108
76.957857	0.91	-9.986737063378254	-0.39946948253513015
76.95921185	0.98	-21.477560130414467	-0.8591024052165787
76.957056	0.98	-2.193348012327724	-0.08773392049310896
2.36172447	0.7	-6.206554969596244	-0.24826219878384975
2.36172433	0.72	-15.326846780667587	-0.6130738712267035
2.36172433	0.64	-8.429801977114572	-0.3371920790845829
2.361718	0.63	-1.2433122993285814	-0.04973249197314326
23.92117039	1.43	-15.97257009065277	-0.6389028036261108
23.9210791	1.47	-6.722195306126606	-0.26888781224506425
23.9210408	1.43	-16.17436237533217	-0.6469744950132867
23.9210791	1.47	-4.287694006968264	-0.17150776027873058
23.92113	1.51	-10.52173171994474	-0.4208692687977896
23.9210408	1.52	-3.801621692687733	-0.15206486770750932
23.92120244	1.43	-12.466671621355179	-0.49866686485420714
3.17060005	0.81	-11.476615083985585	-0.45906460335942345
3.17060005	0.95	-2.7165358065376126	-0.1086614322615045
3.170598	0.93	-0.46249675932227385	-0.018499870372890956
3.17060005	0.81	-0.5203688952142895	-0.020814755808571582
3.17059731	0.94	-7.804447899876653	-0.3121779159950661
0.81316672	0.94	-3.1306922865640687	-0.12522769146256274
0.81316636	0.88	-3.121703552861182	-0.12486814211444727
0.81316672	0.88	-9.429591456750446	-0.3771836582700178
0.81316909	0.88	-5.920757235410863	-0.23683028941643453
0.81316672	0.88	-10.53212739401216	-0.42128509576048645
0.81316672	0.93	-12.511796524454569	-0.5004718609781827
5.18856001	0.56	-1.1670409970335869	-0.046681639881343474
5.18856137	0.74	-6.057821528180949	-0.242312861127238
5.18856176	0.56	-13.415186711611984	-0.5366074684644794
5.188548	0.71	-7.79683292433587	-0.31187331697343484
5.18856368	0.56	-17.087536031894665	-0.6835014412757866
5.18856368	0.74	-1.915802646014595	-0.0766321058405838
5.18856176	0.77	-9.493329457389573	-0.3797331782955829
5.189	0.56	-5.376159039960724	-0.21504636159842896
5.18855617	0.74	-3.958260935800546	-0.15833043743202185
8.041317	0.71	-2.0110626054249208	-0.08044250421699684
8.04134778	0.74	-9.711708228796565	-0.38846832915186263
8.04133121	0.56	-14.819408205999947	-0.5927763282399979
8.04134778	0.56	-17.515122249292613	-0.7006048899717046
8.04133121	0.77	-15.133080231825549	-0.605323209273022
8.04133121	0.56	-13.01063099639097	-0.5204252398556388
8.04134323	0.74	-0.4570492461687019	-0.018281969846748077
11.77613232	0.74	-17.866173707210237	-0.7146469482884095
11.77613846	0.56	-27.884093358811057	-1.1153637343524423
11.77613846	0.56	-10.929177258501932	-0.4371670903400773
11.77613846	0.77	-4.936633825113184	-0.19746535300452736
11.77613846	0.56	-7.597457513891876	-0.30389830055567507
11.776	0.56	-3.3250127085500636	-0.13300050834200255
11.776	0.56	-4.97656928625071	-0.1990627714500284
11.776147	0.71	-5.058550193983721	-0.20234200775934885
24.0862707	0.76	-28.187618053591244	-1.1275047221436498
24.08638	0.87	-1.1435697063000876	-0.0457427882520035
24.086176	0.78	-9.767311585476921	-0.3906924634190769
24.08632177	0.78	-22.725307898333792	-0.9090123159333517
24.08595566	0.78	-3.1692902601896322	-0.12677161040758528
24.08632177	0.74	-9.0163668754957	-0.360654675019828
2.34451194	0.97	-1.095827808965403	-0.04383311235861612
2.34451194	0.97	-15.219523716067144	-0.6087809486426857
2.34451194	1.04	-8.002168422885532	-0.3200867369154213
2.34451194	1.01	-14.436105855204083	-0.5774442342081634
2.34451259	0.99	-8.276271207313094	-0.3310508482925238
2.34450643	1.07	-1.4754471059312113	-0.05901788423724846
2.34451194	0.97	-14.940087211252635	-0.5976034884501055
18.3027248	0.97	-6.714839631749728	-0.2685935852699891
18.3027248	0.82	-8.09949431979962	-0.3239797727919848
18.30305301	0.97	-0.668561502767558	-0.02674246011070232
18.30267831	0.97	-3.424059496661169	-0.13696237986644674
18.30216	0.96	-15.80885420839623	-0.6323541683358492
18.3027248	0.82	-0.7124727740684191	-0.028498910962736768
2.88890444	0.78	-3.5068096411253995	-0.14027238564501598
2.88890485	0.67	-2.276620152552848	-0.09106480610211393
2.88890485	0.81	-13.026275318649096	-0.5210510127459639
2.88890485	0.67	-8.601077985434374	-0.344043119417375
2.88890485	0.67	-7.58160782243589	-0.3032643128974356
210.62945497	0.78	-8.789379744046112	-0.3515751897618445
210.631486	0.82	-5.393198423583041	-0.21572793694332162
210.630591	0.67	-10.984617181897548	-0.4393846872759019
210.631486	0.78	-1.648873424428458	-0.06595493697713832
17.14647302	0.91	-2.789097903950365	-0.11156391615801461
17.14651548	1.01	-4.884769893107552	-0.19539079572430207
17.14648756	1.01	-23.582893959144926	-0.9433157583657971
17.14647302	0.91	-1.2918692103973723	-0.0516747684158949
3.97076603	0.73	-5.772443214701707	-0.23089772858806829
3.97076766	0.79	-0.5335320603909248	-0.021341282415636993
3.97076404	0.83	-2.2849243342953667	-0.09139697337181467
2.352237	0.68	-12.471848165748305	-0.49887392662993224
2.3522658	0.82	-12.084089974394441	-0.4833635989757777
2.3522658	0.82	-2.7789127532502587	-0.11115651013001035
2.3522658	0.82	-10.964517575252287	-0.4385807030100915
2.3522658	0.74	-18.65681531853903	-0.7462726127415613
2.35227391	0.84	-14.516365250378001	-0.5806546100151201
2.35226418	0.73	-7.928128105755914	-0.3171251242302366
10.62879	1.03	-1.6839008016998325	-0.0673560320679933
10.62797683	1.01	-9.151362306847242	-0.3660544922738897
10.62784997	1.04	-3.980561271525098	-0.15922245086100392
10.6278796	1.01	-1.2011008226106514	-0.048044032904426055
10.62788695	1.04	-13.487069550280957	-0.5394827820112383
10.62788695	1.01	-1.776178165808709	-0.07104712663234836
10.62784997	1.04	-26.59862780884748	-1.0639451123538992
1.10446287	0.81	-24.94122611478634	-0.9976490445914535
1.10446249	0.81	-12.523341350324225	-0.500933654012969
1.10446351	0.81	-17.327104760059072	-0.6930841904023629
1.1044547	0.73	-1.6909512605883619	-0.06763805042353448
1.10446351	0.72	-5.985726384559932	-0.23942905538239728
1.10446249	0.72	-8.326907429088358	-0.3330762971635343
1.10446351	0.72	-5.843129890768447	-0.23372519563073788
1.10446351	0.72	-1.9572304925117405	-0.07828921970046962
3.73091716	0.99	-14.987940692224697	-0.5995176276889879
2.4036433	1.04	-6.344222197200425	-0.253768887888017
2.4036433	1.0	-0.43428876941463873	-0.01737155077658555
2.40366716	1.13	-2.096591444492501	-0.08386365777970005
2.4036433	1.0	-2.7316222559858936	-0.10926489023943575
2.4036433	1.0	-2.2240084652556957	-0.08896033861022783
2.4036433	1.07	-8.74483142842501	-0.34979325713700044
2.403654	1.04	-6.208311274897176	-0.24833245099588705
2.4036407	1.03	-9.408626670247891	-0.37634506680991564
8.99089293	1.13	-4.008555995966757	-0.1603422398386703
8.99088871	1.0	-8.864053233052445	-0.3545621293220978
8.99088871	1.04	-8.12500821952657	-0.32500032878106283
8.99088871	1.0	-26.509458758876296	-1.060378350355052
8.99088621	1.03	-1.5359549703891444	-0.06143819881556578
2.78786839	0.95	-17.7520455530786	-0.710081822123144
2.78787417	0.73	-13.645284391968026	-0.5458113756787211
2.78787417	0.95	-0.8314044301036815	-0.03325617720414726
2.787876	0.67	-10.01105774152646	-0.4004423096610584
2.78786839	0.95	-10.287320713837348	-0.4114928285534939
2.78786839	0.95	-2.518850156744905	-0.1007540062697962
2.78786306	0.73	-1.4275937489714203	-0.057103749958856816
65.6478424	0.84	-5.232820575677382	-0.20931282302709528
65.6480892	0.93	-10.987614174468469	-0.43950456697873874
65.6478424	0.88	-3.988792049690366	-0.15955168198761466
65.6478424	0.84	-12.117416388016473	-0.48469665552065894
1.64680191	0.56	-5.967443417898025	-0.238697736715921
1.64680191	0.56	-5.243895458157469	-0.20975581832629875
1.64680079	0.59	-16.775993641113306	-0.6710397456445323
1.646819	0.55	-10.241058425247154	-0.40964233700988617
1.75583533	0.92	-11.746214689796034	-0.46984858759184134
5.18560081	1.28	-10.617399096873056	-0.42469596387492226
5.1856142	1.26	-20.321690676752528	-0.8128676270701012
5.18560081	1.25	-10.235714292999534	-0.40942857171998137
5.1856142	1.09	-26.806886370608694	-1.0722754548243478
8.45805119	1.25	-0.8743582388481073	-0.034974329553924294
8.45808312	1.26	-2.4039096741755124	-0.0961563869670205
8.45808312	1.09	-19.246962894837136	-0.7698785157934854
8.45807302	1.28	-4.439834722738543	-0.17759338890954174
8.45805119	1.28	-13.842308269777309	-0.5536923307910924
33.4698571	0.96	-13.79133085956565	-0.551653234382626
33.47025	0.97	-10.09694795747049	-0.40387791829881964
11.89520511	1.01	-14.720162589762936	-0.5888065035905174
11.89520511	1.01	-13.24567050580959	-0.5298268202323836
4.45743164	0.76	-14.174050864463283	-0.5669620345785313
4.45743164	0.6	-14.426324557783047	-0.577052982311322
4.45743267	0.6	-8.331988282503469	-0.33327953130013876
4.45743164	0.6	-11.561449444864602	-0.4624579777945841
4.4574239	0.71	-0.7686964085944646	-0.030747856343778586
13.53953595	1.41	-11.598766421276371	-0.46395065685105485
13.53962278	1.15	-15.875791209508437	-0.6350316483803374
13.5396293	1.41	-6.274703736975059	-0.2509881494790024
13.53953595	1.15	-8.48662141464883	-0.3394648565859532
13.53963003	1.15	-5.352610334287317	-0.2141044133714927
13.5396293	1.18	-14.479003774760018	-0.5791601509904007
13.5396293	1.18	-8.982877897092575	-0.359315115883703
13.5396293	1.47	-7.480282819354136	-0.29921131277416546
13.5396293	1.18	-14.423812750115157	-0.5769525100046063
22.7082375	1.06	-1.9932782141680674	-0.0797311285667227
22.70816791	1.06	-6.349232683382697	-0.25396930733530787
22.70817353	1.04	-7.786530289013526	-0.311461211560541
5.96871747	1.21	-12.660194921469389	-0.5064077968587756
5.96871747	1.2	-9.40724054220813	-0.37628962168832525
5.96871747	1.2	-5.988913581397895	-0.23955654325591583
13.07141889	1.12	-5.073147628769613	-0.2029259051507845
13.07139534	1.23	-2.8005711248316896	-0.11202284499326759
13.071489	1.21	-10.143348482584713	-0.4057339393033885
13.071489	1.2	-9.557620148351296	-0.38230480593405186
13.071489	1.2	-2.336873825861371	-0.09347495303445484
7.97034958	0.9	-22.553463930855283	-0.9021385572342113
7.97033985	0.95	-16.651354304210404	-0.6660541721684162
7.97033985	0.91	-7.415716777497133	-0.29662867109988533
7.97003744	0.95	-9.55478858383366	-0.38219154335334643
7.97034958	0.9	-10.080838372447532	-0.4032335348979013
7.97034958	0.92	-9.870563453448602	-0.3948225381379441
10.71252541	0.59	-3.277055964020032	-0.13108223856080128
10.71252541	0.53	-0.16053215431908507	-0.006421286172763403
10.71253219	0.71	-8.890214454437146	-0.35560857817748587
10.71252541	0.53	-0.8303294775070631	-0.03321317910028253
10.71253475	0.71	-12.125187733418745	-0.4850075093367498
32.5637069	0.89	-16.64347404315707	-0.6657389617262828
32.56265	0.91	-7.943630492178906	-0.31774521968715624
32.5635249	0.86	-8.301641798198974	-0.33206567192795894
32.56369016	0.9	-9.849485589841347	-0.3939794235936539
59.2841571	0.92	-3.1622410733492243	-0.12648964293396897
59.28409958	0.86	-3.163243374338512	-0.1265297349735405
6.11786898	1.11	-8.043492740975957	-0.32173970963903825
6.117982	1.18	-7.9862493442386935	-0.31944997376954776
6.11786898	1.22	-19.14508741198187	-0.7658034964792748
6.11784972	1.14	-4.808958924997097	-0.1923583569998839
6.11789109	1.22	-22.81050477768468	-0.9124201911073873
6.11784972	1.22	-0.35923424375517726	-0.01436936975020709
3.97599768	0.8	-12.32347693456651	-0.49293907738266046
3.976032	0.77	-11.065243962145876	-0.44260975848583506
3.97599629	0.8	-5.537954335604404	-0.22151817342417615
3.97599768	0.8	-11.538507158822858	-0.46154028635291433
3.97600484	0.88	-16.45697397910927	-0.6582789591643708
9.47829613	1.11	-9.10373220196736	-0.3641492880786944
9.47876623	1.11	-6.335138596874557	-0.25340554387498226
9.478522	1.13	-4.747886430427649	-0.18991545721710598
29.9686052	1.09	-8.88702048131135	-0.355480819252454
29.9686205	1.11	-12.897902206109741	-0.5159160882443896
29.9685917	1.13	-4.369580141705734	-0.17478320566822939
29.9685917	1.11	-19.99642907322414	-0.7998571629289656
29.9686052	1.09	-2.885284517724055	-0.1154113807089622
33.2406882	0.9	-0.12376021351916194	-0.0049504085407664775
33.24201	0.85	-16.668609172454886	-0.6667443668981955
33.24044781	0.94	-5.404400068958533	-0.2161760027583413
33.2406882	0.9	-4.543114879144125	-0.181724595165765
33.2406882	0.9	-3.168417265521329	-0.12673669062085316
33.2407985	0.93	-3.043306640024425	-0.121732265600977
1.00393374	0.71	-11.92101886582095	-0.476840754632838
1.003936	0.78	-7.960474110940959	-0.3184189644376384
1.003965	0.86	-4.371303815662919	-0.17485215262651674
1.0039317	0.78	-6.85956081789357	-0.2743824327157428
1.00393374	0.71	-1.0749902578582062	-0.04299961031432825
1.0039317	0.71	-2.249192560992032	-0.08996770243968127
55.8224775	0.81	-3.2434149506902785	-0.12973659802761114
55.8224422	0.81	-0.973460140504901	-0.03893840562019604
55.8226539	0.81	-12.648260846944966	-0.5059304338777987
55.8228	0.81	-3.915221529294592	-0.1566088611717837
55.82222394	0.81	-16.858403110621555	-0.6743361244248622
55.8226539	0.81	-3.8987043249571496	-0.15594817299828598
6.11014294	1.09	-18.58647923805412	-0.7434591695221648
6.11010439	1.09	-4.486352641998203	-0.17945410567992812
6.11010439	1.27	-11.008422581374447	-0.4403369032549779
6.11009134	1.13	-17.21812578175411	-0.6887250312701645
6.11009134	1.13	-9.138460824005712	-0.3655384329602285
6.11009134	1.24	-1.5031353772275704	-0.06012541508910282
50.790364	1.15	-1.5330682870723784	-0.06132273148289514
18.795909	1.18	-7.992355755331421	-0.3196942302132569
18.79587256	1.15	-1.429642993235241	-0.05718571972940964
18.79593028	1.15	-0.6616296248651261	-0.026465184994605043
18.79590048	1.21	-7.538602139708615	-0.3015440855883446
18.79590048	1.21	-4.1120343301699975	-0.1644813732067999
18.79591276	1.1	-15.052283291704834	-0.6020913316681934
18.79591276	1.15	-2.3152770183976794	-0.09261108073590718
50.7903912	1.15	-10.357672450634887	-0.4143068980253955
50.79034619	1.21	-2.5505056959157764	-0.10202022783663106
50.79034619	1.18	-7.814383502587898	-0.3125753401035159
50.79034648	1.15	-22.44418403852692	-0.8977673615410768
50.79034619	1.15	-3.994658844554002	-0.15978635378216008
9.98969327	0.91	-6.850490536881317	-0.27401962147525266
9.98962569	0.83	-9.052360100946297	-0.36209440403785187
9.98969327	0.8	-12.312305495885859	-0.49249221983543434
9.98970266	0.91	-2.342581407742441	-0.09370325630969766
9.98970266	0.83	-5.2138174501765135	-0.20855269800706056
9.98965	0.91	-5.978118343029697	-0.2391247337211879
9.98973387	0.83	-26.548682819223853	-1.061947312768954
1.44259054	1.54	-2.4522817118743214	-0.09809126847497286
1.4425953	1.65	-8.384013394107805	-0.33536053576431224
1.44259224	1.58	-1.9191332357088222	-0.07676532942835289
1.44259194	1.54	-8.123703998597946	-0.32494815994391785
1.44259224	1.46	-4.650786892183492	-0.18603147568733966
1.44259224	1.46	-5.865715845813184	-0.23462863383252736
1.44259224	1.46	-11.949432499222752	-0.4779772999689101
26.0203329	0.93	-3.419676325151182	-0.1367870530060473
26.0204423	1.0	-0.2272844860119751	-0.009091379440479004
26.0204423	1.0	-13.502698537847246	-0.5401079415138899
26.0204423	0.92	-1.1051202847670618	-0.044204811390682476
26.0206	0.98	-2.1525086230130257	-0.08610034492052103
0.7698536	0.88	-8.70139351211508	-0.34805574048460325
0.7698549	0.87	-10.249962727499176	-0.40999850909996705
0.7698536	0.88	-10.736104103676505	-0.4294441641470602
0.7698536	0.88	-9.783748573717414	-0.39134994294869657
6.89225223	1.01	-3.626621848691395	-0.1450648739476558
6.89225223	1.04	-5.2752884042915715	-0.21101153617166288
6.89226333	1.1	-6.762811266715713	-0.2705124506686285
6.89225	1.05	-24.615140073197754	-0.9846056029279102
6.89226333	1.08	-3.3955103072057113	-0.13582041228822847
6.89223458	1.08	-21.718470754458917	-0.8687388301783567
37.94584397	0.96	-1.1290648711052063	-0.04516259484420825
37.9456138	0.96	-12.125314746925563	-0.4850125898770225
37.94498797	0.96	-14.135601997302679	-0.5654240798921072
37.94563	0.9	-3.627339336262787	-0.1450935734505115
37.94523	1.0	-15.557048856646771	-0.6222819542658709
37.9456138	0.96	-8.80880613099514	-0.35235224523980563
37.94563	0.96	-4.473233723485862	-0.1789293489394345
24.1738579	1.01	-8.521880509371003	-0.34087522037484014
24.1738579	0.86	-7.581027859892963	-0.3032411143957185
24.17378515	0.99	-4.4370497254686985	-0.17748198901874795
24.1738579	0.86	-9.26392874925621	-0.3705571499702484
24.1738579	0.86	-7.5680073065829285	-0.30272029226331715
24.17534	0.91	-5.025632700442245	-0.2010253080176898
106.247882	1.0	-12.2019565773245	-0.48807826309298
106.24827038	1.0	-6.853623275530894	-0.27414493102123577
106.247547	0.99	-15.714164255188528	-0.6285665702075411
106.2559996	1.0	-2.8775252258425965	-0.11510100903370386
106.249	0.99	-11.05099432235508	-0.4420397728942032
106.247547	0.99	-10.584343749161391	-0.42337374996645566
106.247547	0.99	-10.303476056950004	-0.41213904227800013
106.247882	0.94	-6.354071977579617	-0.2541628791031847
106.247547	0.98	-7.5998470527582125	-0.3039938821103285
31.80634	0.53	-6.3398036638339	-0.253592146553356
31.80634	0.53	-5.28329963421091	-0.2113319853684364
31.80634	0.8	-7.733023512755494	-0.3093209405102198
31.80634	0.53	-11.209838351929875	-0.448393534077195
2.68505749	0.77	-0.5758933486470044	-0.023035733945880175
2.68505749	0.77	-5.292526946420749	-0.21170107785682998
2.68505749	0.79	-5.936802744585571	-0.23747210978342284
2.68505749	0.77	-3.318521576791954	-0.13274086307167815
2.68505683	0.89	-8.872263759628188	-0.3548905503851275
2.68505749	0.84	-1.9056182307094047	-0.07622472922837618
2.685058	0.78	-17.87889282128309	-0.7151557128513237
7.51854537	0.81	-11.902641727961672	-0.4761056691184669
7.51866	0.77	-9.84362921001118	-0.3937451684004472
7.51849479	0.86	-13.250642568009981	-0.5300257027203993
7.51849479	0.86	-8.622713387957006	-0.34490853551828027
7.51849479	0.86	-12.719007003695406	-0.5087602801478163
20.17202773	0.86	-1.4179660622256576	-0.056718642489026305
20.17202387	0.86	-11.261635299515921	-0.4504654119806369
20.17202326	0.86	-11.41050894817804	-0.4564203579271216
20.17202467	0.81	-10.56685013259455	-0.42267400530378196
20.17202387	0.85	-16.553129542579086	-0.6621251817031635
20.17202387	0.86	-8.402173040426664	-0.33608692161706655
16.85983142	1.17	-26.437064695811067	-1.0574825878324428
16.8601286	0.91	-17.254356285692182	-0.6901742514276873
16.8601286	0.91	-3.4960486134978126	-0.1398419445399125
16.8600805	0.91	-15.154122575484449	-0.606164903019378
16.8601286	0.91	-0.3043934277928341	-0.012175737111713365
4.893489	1.24	-18.25821756290217	-0.7303287025160868
4.89336495	1.34	-15.120215486446543	-0.6048086194578618
4.89343316	1.33	-8.420827677039222	-0.3368331070815689
4.89337519	1.17	-1.0009154698765357	-0.04003661879506143
4.89336495	1.33	-12.528325357816417	-0.5011330143126567
4.89337519	1.33	-11.616530755660527	-0.4646612302264211
8.93490815	1.33	-3.507709865671897	-0.1403083946268759
8.93484887	1.33	-8.394650203488743	-0.33578600813954973
8.93484887	1.34	-1.5580099016607296	-0.06232039606642919
11.17397251	1.06	-18.982813385303643	-0.7593125354121457
11.17392077	1.06	-7.115893788505861	-0.28463575154023446
11.17394617	1.04	-10.829015064152593	-0.4331606025661037
28.5057189	0.94	-4.596768015727095	-0.1838707206290838
28.50273	0.93	-9.565898150760454	-0.3826359260304182
28.50597485	0.96	-20.427205738151248	-0.8170882295260499
28.5057217	0.96	-8.645226982627626	-0.34580907930510507
53.59889507	1.08	-0.8998711998086162	-0.03599484799234465
53.5991044	1.08	-38.81990687284089	-1.5527962749136357
53.5991459	1.08	-10.46468028311046	-0.41858721132441845
53.5991459	1.08	-3.8139257356124285	-0.15255702942449714
104.3518976	1.06	-15.83467373489865	-0.6333869493959461
104.3519624	0.97	-7.0173024937976205	-0.28069209975190484
104.3518976	1.06	-0.7852206582989882	-0.03140882633195953
104.35081953	1.06	-12.604485025230947	-0.5041794010092379
104.3519624	1.06	-7.148539882764059	-0.28594159531056235
16.07677615	1.08	-16.575859469713375	-0.663034378788535
16.07677615	1.08	-11.620085786979322	-0.4648034314791729
16.07677615	1.08	-2.0828986641017306	-0.08331594656406922
16.07673148	1.08	-3.95086998486215	-0.158034799394486
16.07673148	0.96	-15.449927120172811	-0.6179970848069124
16.07677	1.01	-1.8851189274274995	-0.07540475709709998
18.87064068	1.03	-10.02748116814346	-0.4010992467257384
18.87064068	1.03	-12.314371964343188	-0.4925748785737275
18.87064068	1.06	-11.301245171236548	-0.45204980684946194
18.87058705	1.03	-9.680441030372894	-0.38721764121491575
18.87060702	1.07	-14.463641133431336	-0.5785456453372535
18.87064068	1.03	-7.269950451127605	-0.2907980180451042
17.1369543	1.1	-17.013551022396538	-0.6805420408958616
17.13756	1.09	-0.27228378785880375	-0.01089135151435215
17.13689021	1.07	-4.770681504387633	-0.1908272601755053
17.1369543	1.1	-11.32691944782181	-0.45307677791287243
17.1369408	1.11	-9.949953268705354	-0.39799813074821416
17.1369543	1.04	-12.409297770655868	-0.4963719108262348
3.788753	0.94	-6.739956099244669	-0.26959824396978677
3.78858982	1.09	-9.246129618807633	-0.3698451847523053
3.78858982	1.09	-15.237724295926121	-0.6095089718370449
2.42208419	0.99	-24.316108617533516	-0.9726443447013406
2.4220796	0.92	-20.421141575450022	-0.8168456630180009
2.42208458	0.99	-19.611806667062723	-0.7844722666825089
2.42208445	0.91	-2.260997769078155	-0.0904399107631262
2.42208445	1.01	-7.106765483598221	-0.28427061934392883
2.42208359	0.99	-13.455045667594385	-0.5382018267037755
2.42208419	0.93	-37.398689183114975	-1.495947567324599
4.12512093	1.01	-8.487650212492301	-0.3395060084996921
4.12511935	0.93	-6.275694580572522	-0.25102778322290087
4.12512093	0.91	-5.74925506838332	-0.2299702027353328
10.45839865	0.71	-7.919556599859215	-0.3167822639943686
10.45839865	0.73	-29.391274677629088	-1.1756509871051635
10.45847283	0.71	-6.188330842308396	-0.24753323369233585
10.45843441	0.68	-12.788288495581678	-0.5115315398232672
10.45843441	0.76	-4.329504465705834	-0.17318017862823337
10.45843441	0.68	-6.736574345383384	-0.26946297381533535
5.60014851	0.85	-1.773075377318737	-0.07092301509274948
5.60013327	0.92	-8.572501813813517	-0.3429000725525407
5.60014851	0.91	-7.214473760235217	-0.2885789504094087
25.2034128	0.97	-17.97443033958153	-0.7189772135832613
2.83265213	1.07	-8.64660055440221	-0.3458640221760884
2.83264725	1.06	-3.675068815519638	-0.14700275262078552
2.83265213	1.03	-12.091876366141756	-0.48367505464567023
2.83264725	1.09	-1.067085934426025	-0.042683437377041
16.22371307	0.9	-2.0496687057098013	-0.08198674822839205
16.22371307	0.94	-13.34123611500899	-0.5336494446003596
16.22378479	0.9	-2.1939441033614697	-0.0877577641344588
16.22371307	0.9	-10.24593893792453	-0.4098375575169812
16.22391	0.96	-11.057162356052661	-0.4422864942421065
8.49640437	0.71	-9.840793733018344	-0.3936317493207338
8.49642241	0.71	-5.298886725829239	-0.21195546903316956
8.49642241	0.71	-5.113596455252044	-0.20454385821008178
8.49640437	0.84	-15.877057665163823	-0.635082306606553
8.49640674	0.84	-3.5658957830021323	-0.14263583132008528
66.1843646	1.02	-5.101629757382024	-0.20406519029528095
66.1849031	0.95	-8.414303297337193	-0.3365721318934877
66.1849031	0.98	-5.34484754666006	-0.2137939018664024
2.03231845	0.78	-20.85364682971951	-0.8341458731887803
2.03231845	0.65	-16.84061016481691	-0.6736244065926763
2.03231886	0.72	-6.3469823202362186	-0.25387929280944876
2.03231845	0.65	-8.216225032460718	-0.3286490012984287
2.03231603	0.72	-7.788503966592177	-0.3115401586636871
2.03231845	0.76	-8.082027954999322	-0.3232811181999729
2.03231845	0.65	-1.5330340429789757	-0.06132136171915903
2.032317	0.66	-20.831251790352766	-0.8332500716141107
7.6847716	1.01	-8.687991513814177	-0.3475196605525671
7.68478504	0.94	-10.579221874396477	-0.4231688749758591
7.68478504	0.88	-5.238137187533155	-0.2095254875013262
15.0447098	0.9	-12.703775995714956	-0.5081510398285982
15.0447198	0.94	-4.042622532494206	-0.16170490129976822
15.0447198	0.91	-15.533988838573148	-0.6213595535429259
15.04463	1.08	-7.220115083412155	-0.2888046033364862
15.0447198	0.85	-5.262707432177977	-0.21050829728711906
4.43796303	1.09	-3.465198093988253	-0.13860792375953013
4.4379629	1.17	-3.512753642497837	-0.1405101456999135
4.4379654	1.17	-10.18592886630766	-0.40743715465230645
4.43796303	1.12	-9.430581457180542	-0.3772232582872217
4.43796291	1.17	-21.322340786937627	-0.8528936314775051
4.4379637	1.17	-24.658292842578458	-0.9863317137031383
4.43796303	1.09	-14.601225683932643	-0.5840490273573058
4.4379637	1.17	-13.686143764381594	-0.5474457505752638
4.43796303	1.09	-25.58240289068897	-1.0232961156275588
4.43796293	1.09	-12.667617924383023	-0.5067047169753209
4.43796303	1.09	-5.66296777174472	-0.2265187108697888
4.4379625	1.09	-11.00377737232393	-0.4401510948929572
4.4379637	1.16	-5.764901859309976	-0.23059607437239904
6.31238222	0.59	-10.786448239346752	-0.4314579295738701
6.31250373	0.59	-0.9281716332372785	-0.03712686532949114
6.312504	0.65	-13.745815042449335	-0.5498326016979734
6.31250853	0.59	-8.448807278779082	-0.33795229115116326
6.313	0.59	-12.85612728844183	-0.5142450915376732
6.31250373	0.72	-0.5466555088970159	-0.021866220355880636
6.31250373	0.59	-4.1145252696351795	-0.16458101078540718
6.31250483	0.71	-16.76876733904499	-0.6707506935617997
6.31250373	0.59	-2.6522083552710227	-0.1060883342108409
12.79397011	0.59	-16.183008842616168	-0.6473203537046467
12.79457514	0.71	-19.444372764812805	-0.7777749105925122
12.7945474	0.71	-14.388691246441372	-0.5755476498576549
12.79455062	0.59	-4.204751827055996	-0.16819007308223985
12.794594	0.65	-6.498471556903255	-0.2599388622761302
12.79455062	0.72	-11.041182013444052	-0.4416472805377621
12.79455062	0.59	-0.18379552807309701	-0.007351821122923881
1.11854781	0.69	-7.513230622218881	-0.3005292248887552
1.11854972	0.72	-15.543541722405736	-0.6217416688962295
1.11854972	0.72	-19.232216166896027	-0.7692886466758411
1.11854972	0.74	-5.505908242216764	-0.22023632968867055
15.18727635	1.08	-4.095718746674675	-0.163828749866987
15.18725932	1.15	-17.72380793337428	-0.7089523173349713
15.18727049	1.08	-14.312426596883796	-0.5724970638753518
28.6851324	1.03	-2.630262307759719	-0.10521049231038877
28.68549	0.95	-10.252668470782186	-0.41010673883128745
28.6851324	0.92	-6.430587921151256	-0.2572235168460502
28.68550305	0.99	-0.5113295484004039	-0.020453181936016158
28.6851324	0.92	-8.622730929708121	-0.34490923718832484
28.6851324	0.92	-8.378742523219417	-0.33514970092877666
28.6853212	0.99	-3.3957872013154713	-0.13583148805261885
0.5879933	0.56	-2.632374331199336	-0.10529497324797343
0.58800076	0.57	-16.059897065485693	-0.6423958826194277
0.58800105	0.63	-13.080812067041299	-0.5232324826816519
0.58800105	0.58	-2.869732311677081	-0.11478929246708325
0.58800076	0.57	-3.866513306579495	-0.1546605322631798
0.58800076	0.57	-5.874367706139161	-0.23497470824556643
85.7350285	1.03	-11.64800595601349	-0.46592023824053963
85.73629505	1.0	-1.5905977341538398	-0.06362390936615359
85.7350285	1.05	-14.92757857030485	-0.597103142812194
85.72950297	1.0	-2.4617714654990963	-0.09847085861996385
85.7428	1.03	-7.644021137615242	-0.3057608455046097
85.7357202	1.0	-10.303929817036472	-0.4121571926814589
1.07838971	0.86	-7.325042983459411	-0.29300171933837643
1.07839096	0.84	-1.2446286915516724	-0.049785147662066896
1.07839035	0.86	-9.365848382822346	-0.37463393531289385
1.0783902	0.78	-7.572758001400513	-0.30291032005602053
1.07839035	0.86	-6.107734315624846	-0.24430937262499386
1.21699766	0.73	-11.308028336857245	-0.4523211334742898
1.21700038	0.74	-4.110910736712739	-0.1644364294685096
1.21700038	0.73	-11.066040718999409	-0.44264162875997637
1.216997	0.69	-11.07778362053895	-0.443111344821558
1.21699352	0.74	-13.222969059832659	-0.5289187623933064
1.21699766	0.73	-2.455452924577978	-0.09821811698311912
13.6823798	1.05	-2.2971921868338288	-0.09188768747335316
13.68237119	1.1	-11.779455993080758	-0.4711782397232303
13.68201	1.05	-12.115713515399298	-0.48462854061597194
13.68246022	1.05	-11.935407355349204	-0.47741629421396814
13.68237119	1.06	-1.1178530146619226	-0.044714120586476905
13.6823798	1.1	-10.083503802273338	-0.40334015209093355
11.08507637	0.79	-9.579534139039684	-0.38318136556158733
11.08507658	0.79	-3.1295468959083306	-0.12518187583633322
11.08507637	0.79	-0.4385343997151746	-0.017541375988606986
11.08507658	0.79	-19.042367728376792	-0.7616947091350718
25.369116	1.11	-26.388662467601513	-1.0555464987040606
25.3690868	1.23	-3.522103550966433	-0.14088414203865732
25.369116	1.23	-19.326909458905448	-0.7730763783562179
25.36903196	1.23	-21.49201354347705	-0.859680541739082
25.36900067	1.23	-10.037534842937081	-0.4015013937174832
25.369116	1.21	-0.507814909155344	-0.02031259636621376
25.369116	1.21	-4.979200199546215	-0.19916800798184858
3.1774146	0.79	-1.829970174536524	-0.07319880698146096
3.1774266	0.86	-10.45525141686819	-0.4182100566747276
3.1774146	0.92	-7.123971004512007	-0.2849588401804803
3.17741748	0.92	-18.597670951793003	-0.7439068380717201
3.17741442	0.77	-0.47268715262599004	-0.018907486105039603
41.0081117	0.92	-0.7203044855266696	-0.028812179421066786
41.0081183	0.77	-21.241042773319972	-0.8496417109327989
41.00812	0.86	-4.736083772250245	-0.1894433508900098
41.0081183	0.86	-1.9652246038768175	-0.0786089841550727
8.07124073	0.87	-11.240217462490305	-0.4496086984996122
8.07123121	0.94	-27.463389462296355	-1.0985355784918542
8.07124073	0.87	-9.291096252933974	-0.37164385011735895
8.07127043	0.94	-8.660766691985438	-0.34643066767941755
8.07124073	0.94	-4.695391585771583	-0.18781566343086334
11.01816836	1.05	-3.051033846059682	-0.12204135384238729
11.01832	1.05	-8.026859668701766	-0.32107438674807065
11.01816836	0.96	-18.09642926031678	-0.7238571704126712
11.01816836	1.02	-10.831270280011747	-0.4332508112004699
11.01819178	1.03	-1.795689099952275	-0.071827563998091
11.01819178	1.05	-9.854367834198566	-0.39417471336794263
11.01796683	1.03	-20.695987541247742	-0.8278395016499097
12.94130146	1.01	-6.4827444204108	-0.25930977681643197
12.94123564	1.11	-0.10997497210501656	-0.004398998884200663
12.94126731	1.11	-23.57939378977272	-0.9431757515909088
12.94130146	1.01	-18.53655756064851	-0.7414623024259405
12.94123564	1.01	-11.258396473645869	-0.4503358589458348
12.9413	1.08	-17.965309535675267	-0.7186123814270107
5.349791	1.14	-2.5263173374203367	-0.10105269349681346
18.8262877	0.79	-6.987436898592116	-0.2794974759436846
18.82634264	0.79	-8.249819406690765	-0.3299927762676306
18.82634264	0.79	-17.634682636327526	-0.705387305453101
18.82634264	0.79	-1.4547188381296543	-0.058188753525186175
4.76702759	0.86	-4.792088827742704	-0.19168355310970817
4.76703963	0.86	-5.2982764181614606	-0.21193105672645843
4.76704451	0.95	-12.049313148107403	-0.4819725259242961
4.76702759	0.95	-12.603648098702251	-0.5041459239480901
4.767029	0.88	-11.899055449635574	-0.475962217985423
4.37034536	1.12	-13.150522433906021	-0.5260208973562408
4.37034536	1.12	-7.521158577266041	-0.3008463430906416
4.37033233	1.01	-11.753611327995685	-0.4701444531198274
4.37034536	0.99	-0.956678838529773	-0.03826715354119092
4.37033233	0.97	-2.013369496021707	-0.08053477984086828
2.032324	1.07	-22.01388439764241	-0.8805553759056964
2.03232507	1.11	-2.255118169402183	-0.09020472677608732
2.03232507	1.11	-12.260897326080404	-0.49043589304321616
2.03231907	1.11	-1.1560681324092004	-0.04624272529636802
2.03231907	1.06	-0.11152306028373793	-0.004460922411349517
2.03232507	1.06	-9.814677485127287	-0.3925870994050915
22.9221266	0.97	-16.800309025144198	-0.6720123610057679
22.92213644	1.06	-12.798733595761782	-0.5119493438304713
22.9221266	0.98	-14.99150575784787	-0.5996602303139148
22.92272	1.12	-10.529019888048909	-0.42116079552195634
22.9221181	0.97	-10.249630919173093	-0.4099852367669237
22.9221266	0.97	-12.007230685388258	-0.4802892274155303
22.9221181	1.06	-9.336339718455307	-0.37345358873821227
16.10474503	1.46	-12.612722420691982	-0.5045088968276793
16.10467749	0.99	-5.336611901644835	-0.21346447606579338
16.10519	1.04	-3.110491593251577	-0.12441966373006308
16.10467749	1.45	-12.00424860590179	-0.4801699442360716
16.10467749	0.99	-15.64311873612079	-0.6257247494448316
5.76616658	1.03	-10.007904510195827	-0.40031618040783307
5.76629009	1.11	-17.806544340488294	-0.7122617736195318
5.76616557	0.99	-18.205420913092276	-0.7282168365236911
5.76617305	1.11	-8.481795507419617	-0.3392718202967847
5.76616658	1.03	-23.89373302299574	-0.9557493209198296
5.76616658	0.98	-0.21267041343320597	-0.00850681653732824
12.46599556	0.98	-7.961061170266632	-0.3184424468106653
12.46599556	1.03	-6.414471571056828	-0.25657886284227316
12.46599556	1.08	-14.161185483874846	-0.5664474193549939
12.46599556	1.03	-6.430647965487308	-0.25722591861949234
12.46600444	0.99	-3.864395723519623	-0.15457582894078492
12.46599556	1.03	-10.274856893346035	-0.4109942757338414
21.58622462	1.11	-3.070479377658179	-0.12281917510632717
21.58752788	1.11	-4.322783595191991	-0.17291134380767964
21.5878875	0.98	-11.862676965056188	-0.47450707860224756
21.58738	1.07	-1.5985819123082616	-0.06394327649233046
37.9962369	0.99	-9.265474329779728	-0.37061897319118914
38.0	1.03	-8.278410019210435	-0.3311364007684174
56.2590881	0.99	-16.616562902896614	-0.6646625161158646
56.2587885	1.03	-2.5462009186570453	-0.10184803674628182
56.25696	1.07	-6.868714610287838	-0.2747485844115135
56.268	1.03	-4.8879686227022745	-0.19551874490809099
56.2587885	1.03	-0.1315707499122422	-0.005262829996489689
7.42697378	0.96	-9.049414830179144	-0.36197659320716574
7.42693741	0.78	-3.4681844323952133	-0.13872737729580853
7.42693741	1.0	-11.177497614290381	-0.44709990457161525
7.42693741	0.78	-10.920581640233838	-0.43682326560935353
12.00096042	0.69	-9.940925414649872	-0.3976370165859949
12.00089667	0.69	-13.533066729220302	-0.5413226691688121
12.00095	0.82	-1.5561951012023398	-0.062247804048093595
12.00096042	0.69	-11.165446004993433	-0.4466178401997373
12.00096042	0.87	-7.428128887052061	-0.29712515548208246
1.91694425	0.75	-2.1595481101826604	-0.08638192440730641
1.91694425	0.84	-4.059018392969876	-0.16236073571879506
1.91694087	0.86	-7.742525113467051	-0.30970100453868205
1.91694207	0.86	-3.486848992143524	-0.13947395968574097
1.91694425	0.75	-8.782985094439505	-0.3513194037775802
1.916992	0.82	-8.529120954011894	-0.34116483816047577
16.3012727	0.74	-5.833349469351627	-0.2333339787740651
16.301259	0.84	-5.9115552371690505	-0.23646220948676203
16.301259	0.8	-13.244143571782603	-0.5297657428713041
16.301259	0.84	-7.717632744617927	-0.3087053097847171
16.301259	0.84	-2.0335142347403945	-0.08134056938961579
16.3012727	0.84	-2.2880593088975054	-0.09152237235590022
16.30124576	0.74	-13.272340748402938	-0.5308936299361176
13.32354078	1.19	-3.001291841169835	-0.1200516736467934
13.32351601	1.01	-4.179421831366572	-0.16717687325466288
13.32360062	1.21	-2.370778888333018	-0.09483115553332072
13.323565	1.13	-11.983306263621238	-0.4793322505448495
13.32358855	1.21	-1.5217710652991294	-0.06087084261196518
13.32351601	1.01	-1.2899937921331728	-0.05159975168532691
7.010723	1.16	-19.311736632085456	-0.7724694652834182
7.01075434	1.08	-11.387296257148671	-0.45549185028594685
7.01073928	1.17	-2.1413618558692646	-0.08565447423477059
17.29250624	1.1	-7.092068358150174	-0.28368273432600694
17.2923453	1.02	-9.53394510315614	-0.38135780412624565
17.2922631	1.1	-5.752788096333092	-0.2301115238533237
17.2923453	1.03	-12.13165219963267	-0.48526608798530685
17.2923453	1.03	-23.147834003781256	-0.9259133601512503
94.2887577	0.83	-5.54661512975139	-0.2218646051900556
94.2899	0.96	-9.33660804677722	-0.3734643218710888
94.289223	0.99	-1.0494437727266317	-0.04197775090906527
94.289223	1.03	-12.160059561193053	-0.48640238244772216
94.2887577	0.97	-3.276012491483903	-0.13104049965935613
94.2887577	0.86	-15.262050730978864	-0.6104820292391545
94.28933423	0.99	-11.624642261994591	-0.46498569047978366
94.2887577	0.83	-4.420469414027781	-0.17681877656111122
0.57736958	0.67	-6.658671740357288	-0.26634686961429155
0.57736958	0.77	-11.910767960003245	-0.4764307184001298
0.57736934	0.78	-13.766604222714708	-0.5506641689085884
0.57736917	0.81	-18.965230912661195	-0.7586092365064478
0.57736934	0.81	-4.9134761991906934	-0.19653904796762775
86.8299	0.54	-21.44935473198663	-0.8579741892794652
86.82716991	0.56	-17.017080632347085	-0.6806832252938834
86.828989	0.43	-1.87131888857649	-0.0748527555430596
86.829519	0.48	-12.689562655139568	-0.5075825062055828
86.82901038	0.56	-23.212236640042995	-0.9284894656017199
86.828989	0.54	-11.820623622668624	-0.472824944906745
86.82974	0.48	-6.192994199986203	-0.24771976799944814
17.23231686	1.01	-2.7090296124179276	-0.10836118449671711
17.23231686	1.01	-13.02530218995714	-0.5210120875982855
17.23231686	1.12	-14.460428330014516	-0.5784171332005806
17.23231686	1.01	-15.443856835561277	-0.6177542734224512
17.23232894	1.25	-9.826956607144105	-0.3930782642857642
26.6951659	1.01	-2.8038329650893425	-0.1121533186035737
26.6951944	1.25	-8.481054637342005	-0.33924218549368024
26.6951944	1.01	-7.496496934960221	-0.29985987739840886
26.69527592	1.25	-3.689451760490945	-0.1475780704196378
26.6951659	1.01	-13.127875850336896	-0.5251150340134758
26.6951659	1.08	-12.64131674559549	-0.5056526698238196
26.696	1.01	-3.4490807951909837	-0.13796323180763934
9.95661537	1.06	-0.5378959247819503	-0.02151583699127801
9.95661537	1.05	-17.90101596602238	-0.7160406386408953
9.95679965	1.05	-7.855110098783429	-0.3142044039513372
9.95661537	1.05	-0.8632513738909433	-0.03453005495563773
9.95667035	1.05	-10.807677655545541	-0.43230710622182167
10.41729	0.98	-22.02026485015294	-0.8808105940061176
26.78372	0.82	-15.99535121708988	-0.6398140486835951
26.7838935	0.9	-2.641931658501067	-0.10567726634004268
26.78347382	0.9	-11.612113096436772	-0.4644845238574709
26.7839183	0.91	-14.07286106867376	-0.5629144427469503
26.7839183	0.92	-8.245035743190138	-0.32980142972760557
26.7839183	0.91	-2.616178447543675	-0.10464713790174701
26.7839183	0.84	-5.391947300709557	-0.21567789202838228
45.1263042	1.19	-5.774064090237761	-0.23096256360951045
45.126216	1.19	-13.02103374490884	-0.5208413497963535
45.1263042	1.19	-3.728229525894527	-0.14912918103578107
45.1263042	1.19	-6.32783190824567	-0.25311327632982683
45.1263042	1.16	-6.503729980091412	-0.2601491992036565
45.12638103	1.15	-6.88920001333372	-0.2755680005333488
11.94011823	0.78	-2.1136797952702446	-0.08454719181080979
11.94019101	0.86	-15.546024276799162	-0.6218409710719665
11.93999	0.76	-10.011382004098213	-0.4004552801639285
11.94014029	0.83	-9.67670005458916	-0.3870680021835664
11.94019101	0.78	-3.3024582408693415	-0.13209832963477366
11.94014029	0.83	-12.260385361925657	-0.4904154144770263
11.94014029	0.8	-14.983379637102576	-0.599335185484103
4.16056658	0.91	-12.081347694062018	-0.48325390776248073
4.160693	0.89	-17.768991014501818	-0.7107596405800728
4.16055	0.92	-19.826984105490137	-0.7930793642196055
31.0571618	0.81	-11.027560822071424	-0.44110243288285694
31.0572947	0.89	-11.007748469633949	-0.44030993878535796
31.05739412	0.89	-17.252212351424422	-0.6900884940569769
31.0571618	0.81	-15.449289523758745	-0.6179715809503498
84.5733226	0.94	-14.051160409179506	-0.5620464163671802
84.5733346	1.0	-5.583732474132859	-0.22334929896531436
84.5731	0.81	-13.004420826438643	-0.5201768330575457
84.5737797	0.87	-1.3966420383364753	-0.05586568153345901
84.5733346	0.87	-6.767633266530769	-0.27070533066123076
4.14787559	1.3	-13.04772741334328	-0.5219090965337312
4.14787559	1.26	-2.267014065494698	-0.09068056261978794
4.14789051	1.27	-11.457492110206779	-0.4582996844082712
5.19104016	1.21	-12.962736376782939	-0.5185094550713175
5.19103699	1.21	-15.998653797267174	-0.6399461518906869
5.19104016	1.4	-1.9849216560488376	-0.07939686624195351
5.19104016	1.21	-4.429700891653726	-0.17718803566614905
5.19119	1.09	-9.753213860284939	-0.39012855441139754
5.19103699	1.07	-13.808237418117354	-0.5523294967246942
3.41045424	0.71	-8.0921272267643	-0.323685089070572
3.41045424	0.72	-7.744824878919996	-0.30979299515679987
3.410505	0.84	-2.9835975614127808	-0.11934390245651123
3.41045981	0.71	-11.467762342715309	-0.4587104937086124
3.41045424	0.72	-2.3813025385748077	-0.09525210154299231
3.41045981	0.88	-1.1762019293162802	-0.047048077172651206
13.82139306	0.72	-12.236338157241773	-0.4894535262896709
13.82139306	0.72	-10.39969160504355	-0.415987664201742
13.82142084	0.88	-8.914264229038494	-0.3565705691615398
13.82141254	0.88	-0.3274550076832979	-0.013098200307331916
13.82139306	0.73	-10.20122684514702	-0.4080490738058808
13.821387	0.84	-10.210077620987215	-0.4084031048394886
30.9507608	0.71	-22.067205770461864	-0.8826882308184746
30.9505927	0.71	-10.917299614950768	-0.4366919845980307
30.9507608	0.73	-4.233484034011963	-0.16933936136047853
30.95088693	0.88	-4.6027327760890016	-0.18410931104356007
30.9507608	0.72	-29.29421349266561	-1.1717685397066244
30.9505927	0.88	-3.4584319478762016	-0.13833727791504807
30.9507608	0.72	-15.784257247102918	-0.6313702898841167
30.9507608	0.72	-11.393639728431443	-0.45574558913725777
30.95053	0.84	-6.397708370677826	-0.25590833482711306
4.86638504	0.99	-15.660244610644092	-0.6264097844257637
4.86638504	0.97	-7.065129659463469	-0.28260518637853876
4.8663815	0.98	-1.4636444877485137	-0.058545779509940554
4.8663815	1.09	-23.529322006587634	-0.9411728802635054
4.8663815	0.86	-4.024962495698602	-0.16099849982794406
18.55269	0.89	-0.7681134453786695	-0.030724537815146783
18.55256483	0.89	-5.518823255588931	-0.22075293022355724
18.5525701	0.92	-5.5233298570365745	-0.220933194281463
13.62800302	0.79	-7.334274845962643	-0.29337099383850573
13.62798432	0.77	-7.586971440358247	-0.30347885761432986
13.62798432	0.81	-5.066876820249935	-0.20267507280999741
13.62798432	0.81	-6.005743601951269	-0.24022974407805078
13.62793	0.93	-1.6377104098334343	-0.06550841639333738
16.83192664	0.96	-22.70583985370762	-0.9082335941483048
16.8320729	0.9	-17.990011515710727	-0.7196004606284291
16.83192	0.94	-8.079859041925209	-0.3231943616770084
3.70428172	1.46	-11.5161970146943	-0.46064788058777195
3.70428172	1.14	-5.257347919109531	-0.21029391676438125
3.70428172	1.14	-13.882759040023995	-0.5553103616009598
4.35407371	0.8	-8.818624531603454	-0.35274498126413817
4.35409304	0.8	-4.194199558127277	-0.16776798232509108
4.35409304	0.86	-6.647080244495216	-0.2658832097798086
4.354075	0.82	-4.367385650617495	-0.17469542602469978
2.93658468	0.8	-11.101516679095079	-0.44406066716380316
11.32306	0.65	-7.934582698576967	-0.3173833079430787
11.32269749	0.7	-3.5141799544780823	-0.1405671981791233
11.32271513	0.73	-4.694729509266295	-0.1877891803706518
13.7122435	0.92	-3.1522788899467735	-0.12609115559787093
13.71220213	0.86	-4.329071393765355	-0.17316285575061421
13.71218522	0.92	-13.77931230091179	-0.5511724920364717
13.71218522	0.92	-0.8698953498286968	-0.03479581399314787
13.71220213	0.92	-1.854029930473344	-0.07416119721893376
7.46718958	1.25	-5.760286587905345	-0.23041146351621378
7.46725407	1.21	-11.758370479320808	-0.4703348191728323
7.46725407	1.13	-3.7863044245673434	-0.15145217698269373
7.46725407	1.13	-7.727874045765267	-0.3091149618306107
24.33445859	1.12	-4.461811127565745	-0.1784724451026298
24.33556	1.06	-0.2448532904734484	-0.009794131618937937
24.3344939	1.04	-8.27112146283308	-0.3308448585133232
24.3344939	1.12	-13.821634278909801	-0.5528653711563921
24.3347127	1.04	-0.5904958766276127	-0.02361983506510451
24.3347127	1.19	-6.332226077941742	-0.2532890431176697
24.3347127	1.04	-33.54998422618258	-1.3419993690473033
4.16438381	0.54	-3.0788944233336526	-0.1231557769333461
4.1643806	0.54	-4.459194161537006	-0.17836776646148025
4.1643875	0.54	-6.653497138919877	-0.2661398855567951
4.16438381	0.53	-6.6516903181316485	-0.26606761272526597
4.16438381	0.54	-12.817959533322885	-0.5127183813329154
5.77442209	0.53	-18.95454137345342	-0.7581816549381368
5.77442209	0.54	-9.720171766485976	-0.38880687065943903
5.775	0.5	-14.124153315992137	-0.5649661326396855
5.77442209	0.54	-1.140335418206012	-0.04561341672824048
5.77442209	0.54	-2.9283344585938584	-0.11713337834375434
5.77447	0.54	-15.69034262554744	-0.6276137050218976
5.7744684	0.54	-9.758532841047469	-0.3903413136418988
2.60754516	1.19	-17.14432038961441	-0.6857728155845765
2.60752757	1.01	-5.5884434527416555	-0.22353773810966623
45.0909201	0.98	-7.393398606005669	-0.29573594424022676
45.0904643	0.92	-1.4864258816338582	-0.059457035265354334
45.0904643	1.0	-0.4376591570845677	-0.01750636628338271
45.0904643	1.0	-0.9843857147780766	-0.039375428591123064
15.0540329	0.73	-15.068711729353327	-0.602748469174133
15.0540329	0.73	-11.714393583394422	-0.4685757433357769
15.0539886	1.0	-2.0565630859070128	-0.08226252343628052
15.0539886	0.73	-2.2298841051759344	-0.08919536420703737
68.8861915	0.83	-5.595582771689346	-0.22382331086757382
68.8881	1.02	-3.167936103891674	-0.12671744415566696
68.88687825	1.01	-15.056286239660274	-0.602251449586411
68.8861915	0.83	-7.889710730132091	-0.3155884292052836
9.99115241	0.77	-20.21673213072178	-0.8086692852288713
9.99113313	0.79	-0.2938378502545701	-0.011753514010182804
9.99124	0.76	-7.485925642641945	-0.2994370257056778
9.99113313	0.78	-7.035972581112115	-0.2814389032444846
3.60083271	0.8	-9.355088738745868	-0.37420354954983476
3.60084276	0.78	-7.170812635859981	-0.28683250543439925
5.72717226	0.79	-1.8997066424495956	-0.07598826569798382
5.72716067	0.8	-6.746370877133021	-0.2698548350853209
5.72717226	0.79	-15.859055663790814	-0.6343622265516325
36.292017	1.11	-3.226752790272155	-0.12907011161088622
36.2929	1.1	-7.746867428703464	-0.30987469714813853
36.2919336	1.03	-0.25768646864815686	-0.010307458745926274
12.4127754	1.07	-2.862467299465101	-0.11449869197860403
12.4128684	1.14	-12.93655209892649	-0.5174620839570596
12.4127754	1.14	-16.348589171916146	-0.6539435668766459
12.4127754	1.17	-3.3938852671244395	-0.1357554106849776
2.668362	0.97	-3.924727590387347	-0.15698910361549387
2.66831376	0.9	-1.1464515344058377	-0.04585806137623351
2.66831376	1.0	-1.9936640519536768	-0.07974656207814708
2.66831274	0.93	-0.32897521778208	-0.0131590087112832
0.98494017	0.83	-11.966116010352078	-0.4786446404140831
0.98494017	1.01	-8.372983631899471	-0.33491934527597883
0.98494017	0.99	-5.213764430627087	-0.2085505772250835
0.98494167	1.03	-13.255404330177722	-0.5302161732071089
0.9849449	1.03	-4.094690079430634	-0.16378760317722535
0.98494167	1.12	-5.162094554219586	-0.20648378216878346
0.984938	1.06	-16.578497978793543	-0.6631399191517418
0.66308536	0.86	-10.352733659897075	-0.414109346395883
0.6630983	0.79	-12.642617329434156	-0.5057046931773662
0.66308526	0.8	-8.925182768592528	-0.3570073107437011
0.66308526	0.87	-10.182034106485329	-0.40728136425941314
0.66308526	0.87	-7.113362314193779	-0.28453449256775115
0.66308651	0.86	-13.010312567005887	-0.5204125026802354
10.49567752	1.19	-7.079376161162603	-0.28317504644650415
10.49572707	1.2	-6.838959210542067	-0.2735583684216827
10.49567752	1.11	-5.901086809740311	-0.23604347238961243
10.495702	1.11	-9.591018490857767	-0.38364073963431067
10.49567752	1.18	-2.991995285625474	-0.11967981142501896
10.49566303	1.06	-15.047568017025696	-0.6019027206810279
10.49567752	1.19	-4.636694853497756	-0.18546779413991027
21.86953056	1.2	-8.523622005201377	-0.3409448802080551
21.86967617	1.11	-1.1741634993025192	-0.04696653997210077
21.86964	1.11	-26.174745561127704	-1.0469898224451082
21.86967617	1.19	-9.789804393269295	-0.3915921757307718
21.86964	1.2	-6.715324589512631	-0.2686129835805052
21.86965714	1.2	-26.289788584581963	-1.0515915433832785
100.2828693	1.19	-5.11868736346218	-0.2047474945384872
100.28208	1.2	-6.530492927964532	-0.2612197171185813
100.28284584	1.2	-1.8972497355699163	-0.07588998942279665
100.2828693	1.18	-1.072366787839822	-0.04289467151359288
100.2828693	1.19	-2.5190153064975798	-0.1007606122599032
100.2830675	1.06	-2.6156051452950333	-0.10462420581180133
100.2828693	1.11	-8.900481542577875	-0.356019261703115
19.1187425	1.1	-12.664792117877893	-0.5065916847151157
19.1187034	1.03	-4.657709618605019	-0.18630838474420078
19.1187425	1.03	-13.736658115195016	-0.5494663246078006
19.1185	1.02	-3.2162007948570634	-0.12864803179428255
19.1187753	0.81	-10.05721351083892	-0.40228854043355683
48.4308991	0.88	-4.870239399075834	-0.1948095759630334
48.4313003	0.79	-1.107079774944224	-0.044283190997768965
48.4308991	0.82	-5.880626470792813	-0.23522505883171252
8.67900242	0.99	-6.028373665733929	-0.24113494662935714
8.67900242	1.01	-7.350411002349657	-0.29401644009398625
8.67900242	1.01	-7.5549151490064865	-0.3021966059602595
4.55139271	0.87	-15.323712992548067	-0.6129485197019227
4.55139967	0.84	-2.7474885974665586	-0.10989954389866234
4.5513988	0.8	-0.19525548696459272	-0.0078102194785837084
4.55139967	0.85	-24.847526151466212	-0.9939010460586485
4.55139967	0.85	-8.866018305775226	-0.35464073223100906
0.96852602	0.75	-1.9267835633068933	-0.07707134253227574
0.96852602	0.75	-11.43548149823809	-0.4574192599295236
0.96852768	1.01	-19.173487011519015	-0.7669394804607607
0.96852768	0.99	-3.301337231460842	-0.1320534892584337
6.49441464	0.73	-2.622680813457809	-0.10490723253831236
6.49454921	0.73	-19.09850967865139	-0.7639403871460556
6.49441289	0.71	-0.7935343785938898	-0.03174137514375559
6.49441289	0.72	-4.669766474766726	-0.18679065899066902
6.494474	0.68	-2.0777674144160034	-0.08311069657664014
28.4750006	0.83	-12.36313746447246	-0.49452549857889844
28.474748	0.85	-1.4359070853963494	-0.057436283415853974
28.47470707	0.83	-1.2237685752889298	-0.04895074301155719
28.4750006	0.79	-5.44521724367426	-0.2178086897469704
4.86631012	0.79	-13.07958074887948	-0.5231832299551792
4.86635506	0.85	-12.105093317945638	-0.4842037327178255
4.86634094	0.79	-5.292940468833174	-0.21171761875332695
4.86634094	0.83	-15.335694493588424	-0.6134277797435369
4.86635506	0.73	-8.44979318686741	-0.3379917274746964
4.86635506	0.85	-6.462396382997263	-0.25849585531989056
13.0313945	1.15	-9.069801498248601	-0.36279205992994407
13.0313945	0.97	-10.505220464522084	-0.4202088185808834
13.0313583	0.98	-6.127172149922019	-0.24508688599688075
13.0313945	0.97	-6.819419407939244	-0.27277677631756975
13.03129902	0.98	-1.0225230734817854	-0.04090092293927142
40.9903986	1.08	-4.018357689843353	-0.16073430759373414
40.9903986	1.08	-1.8360554673917897	-0.0734422186956716
40.99093472	1.07	-14.8466317577998	-0.593865270311992
40.989	1.15	-5.113058688053257	-0.20452234752213028
37.3331165	1.08	-5.455059858639292	-0.2182023943455717
37.33294222	1.08	-3.152419082042952	-0.1260967632817181
37.3331536	1.26	-16.678487272152744	-0.6671394908861098
37.3331536	1.1	-14.94164422996645	-0.597665769198658
37.3331165	1.1	-0.19880214616452385	-0.007952085846580954
14.4359459	1.23	-11.55815576093054	-0.4623262304372216
14.43594397	1.24	-14.344951906751172	-0.5737980762700469
14.43602636	1.13	-2.1665588750962295	-0.08666235500384918
14.435931	1.27	-5.544912445312443	-0.22179649781249772
14.43594397	1.25	-18.149848872801048	-0.7259939549120419
14.43594397	1.24	-11.416171244310313	-0.45664684977241254
14.43594397	1.24	-8.905669118300832	-0.3562267647320333
14.43577	1.13	-0.14948963067619464	-0.005979585227047786
14.43602503	1.13	-6.749994480452714	-0.2699997792181086
14.43594397	1.25	-1.082747285833735	-0.0433098914333494
29.39337161	1.23	-9.19501408657029	-0.3678005634628116
29.39337161	1.13	-6.383543034893792	-0.2553417213957517
29.39326982	1.24	-14.901760550372167	-0.5960704220148867
29.39326982	1.25	-2.746636447526331	-0.10986545790105325
29.39326982	1.24	-9.13603871361029	-0.36544154854441163
29.39326982	1.24	-1.2102418340934504	-0.04840967336373802
48.62997	1.13	-11.129174845557307	-0.4451669938222923
48.63038976	1.25	-5.237843901677934	-0.20951375606711736
48.630299	1.13	-5.144552378625601	-0.20578209514502405
48.63036781	1.13	-11.826241771544233	-0.4730496708617693
48.6303805	1.13	-14.990317911968043	-0.5996127164787217
48.63038976	1.24	-9.421924449742336	-0.37687697798969344
48.63038976	1.24	-3.8772495344770466	-0.15508998137908186
48.63038976	1.24	-20.6867698030474	-0.827470792121896
6.03356196	1.28	-17.452198251106253	-0.6980879300442502
6.03356196	1.32	-12.932644884885601	-0.5173057953954241
6.0331	1.38	-18.897408687440652	-0.7558963474976261
6.03356196	1.32	-2.5335795273760198	-0.1013431810950408
6.03356196	1.32	-8.696154274667913	-0.34784617098671655
3.0255955	1.1	-1.3011540908857073	-0.05204616363542829
3.0255955	1.1	-3.142278631355825	-0.125691145254233
3.02558494	1.13	-4.057061256418849	-0.16228245025675395
3.025534	1.09	-19.829590969424334	-0.7931836387769734
3.0255955	1.1	-9.068819124467018	-0.3627527649786807
51.13233022	1.04	-17.414911535037444	-0.6965964614014978
51.1309704	1.0	-6.538978723012982	-0.2615591489205193
51.1309704	1.0	-0.5664111652930852	-0.022656446611723408
28.625653	1.04	-2.40364595757021	-0.0961458383028084
28.6253502	1.04	-7.743055858497522	-0.30972223433990087
28.62574565	0.95	-5.161645761925385	-0.20646583047701542
28.625653	0.94	-5.076422904657641	-0.20305691618630564
6.98141327	1.1	-11.350574319053615	-0.45402297276214465
6.98152703	1.49	-5.396821724366073	-0.21587286897464292
6.98152703	1.42	-2.383993717727021	-0.09535974870908084
6.98158	1.14	-24.96367810266395	-0.998547124106558
6.98152703	1.42	-20.333161017405736	-0.8133264406962295
6.98141327	1.43	-0.7062438447903332	-0.02824975379161333
3.65691115	1.23	-6.764631078872175	-0.270585243154887
3.65691115	1.07	-1.107406783183025	-0.044296271327321
3.65691115	1.07	-12.636937922975065	-0.5054775169190026
3.65690909	1.16	-3.1350932863288796	-0.1254037314531552
3.65690909	1.13	-4.07240894512343	-0.16289635780493722
12.57144	1.19	-7.875135492112439	-0.3150054196844976
12.5720095	0.99	-3.413571181646133	-0.1365428472658453
12.5720095	0.99	-10.551911348727273	-0.42207645394909094
12.5720095	1.14	-3.4017794215213417	-0.13607117686085368
12.5722897	1.22	-10.265818135387592	-0.4106327254155037
12.5722897	1.04	-16.95432688201117	-0.6781730752804468
12.5720095	0.99	-9.812706419600925	-0.392508256784037
12.57252273	1.22	-9.106771823899273	-0.3642708729559709
40.8365012	0.83	-14.409714409548409	-0.5763885763819364
40.83571117	0.99	-8.241491361119921	-0.3296596544447969
40.8365012	0.77	-15.55287546317432	-0.6221150185269728
40.8366307	0.99	-7.734001840214045	-0.3093600736085618
40.8365012	0.77	-15.9568378473959	-0.638273513895836
40.8364	0.96	-15.632603828742617	-0.6253041531497047
3.23941775	0.93	-18.23436909071905	-0.729374763628762
3.239425	1.07	-10.23450535411808	-0.4093802141647232
3.23941515	1.11	-3.5079379551588885	-0.14031751820635555
3.23941344	1.11	-18.76954760436252	-0.7507819041745007
23.4774101	1.05	-1.7033471914564025	-0.0681338876582561
23.4774101	1.05	-21.475973015036267	-0.8590389206014507
23.4774101	1.21	-14.963232100234329	-0.5985292840093732
23.4772553	1.05	-3.097998092530822	-0.12391992370123289
23.47729412	1.12	-28.9453900262057	-1.1578156010482281
23.4772553	1.12	-14.690341347173014	-0.5876136538869206
23.47794	1.16	-5.801848697570188	-0.23207394790280753
15.09205	1.2	-1.2906218206313442	-0.05162487282525377
15.092	1.18	-9.025799541009155	-0.3610319816403662
15.09	1.09	-15.07891902198935	-0.603156760879574
15.08960174	1.22	-7.850849773450284	-0.3140339909380114
15.09	1.18	-1.2081073962787234	-0.04832429585114894
15.0896415	1.09	-9.00095101832786	-0.36003804073311446
15.08967332	1.14	-9.715148314969166	-0.3886059325987667
15.08960174	1.16	-4.230370702570922	-0.1692148281028369
15.08960174	1.18	-4.305013895440173	-0.17220055581760693
15.08960174	1.16	-16.932121583965312	-0.6772848633586125
22.8029808	1.16	-0.7532515633907594	-0.030130062535630376
22.79519	1.2	-4.988331409667195	-0.1995332563866878
22.8030252	1.09	-5.157041705067342	-0.20628166820269367
22.80273125	1.14	-19.377714262924414	-0.7751085705169766
22.8029808	1.18	-1.343648345711773	-0.05374593382847092
22.8	1.18	-11.419339902452409	-0.45677359609809637
22.804	1.18	-11.763471343213471	-0.4705388537285389
22.8029808	1.18	-6.166258964415299	-0.24665035857661197
22.8029808	1.18	-15.487399806142939	-0.6194959922457176
66.5576728	1.1	-12.560365779255715	-0.5024146311702287
66.5576728	1.65	-2.4476945751353605	-0.09790778300541442
66.5579057	1.2	-2.9690293836660504	-0.11876117534664202
66.5598	1.12	-17.681359648419082	-0.7072543859367633
66.55749772	1.1	-3.726696204144794	-0.14906784816579177
66.5579057	1.09	-5.440827328123619	-0.21763309312494475
66.55792441	1.1	-11.988657766445689	-0.47954631065782755
66.5579057	1.09	-1.444454408262091	-0.05777817633048364
66.5579057	1.09	-9.663075895757498	-0.3865230358302999
3.11604194	0.98	-10.891601676522825	-0.435664067060913
3.116082	0.9	-0.933696945289421	-0.03734787781157684
2.13194651	1.08	-12.259021846555266	-0.4903608738622106
2.13194505	0.95	-13.962424301788733	-0.5584969720715494
2.13194651	1.08	-5.770375287182429	-0.2308150114872972
2.13194651	1.08	-5.570253370813726	-0.22281013483254902
12.9460978	0.95	-5.915130679134845	-0.23660522716539378
12.9460978	0.95	-1.7202474564075902	-0.06880989825630361
12.9460978	1.16	-21.76378990626396	-0.8705515962505583
12.9460978	0.95	-3.128112651140095	-0.1251245060456038
12.9462567	1.15	-1.1354264689266684	-0.04541705875706674
12.94529424	1.15	-8.634978979651878	-0.3453991591860751
12.9462567	0.95	-16.5176227944821	-0.660704911779284
0.6640818	0.78	-9.702687206349525	-0.388107488253981
0.66407381	0.89	-12.186894039334454	-0.4874757615733782
0.66407282	0.81	-25.191335054610214	-1.0076534021844086
0.66407414	0.81	-27.309701346195986	-1.0923880538478394
0.66407381	0.89	-7.681056414645638	-0.3072422565858255
0.66407414	0.9	-5.575383412977772	-0.2230153365191109
0.66407381	0.84	-7.724205981661359	-0.30896823926645434
14.7967458	1.25	-24.958865442577498	-0.9983546177031
14.7967458	1.25	-5.277117288848563	-0.21108469155394255
14.7967458	1.25	-0.4979842950723586	-0.019919371802894343
14.7967458	1.26	-0.2880886796421313	-0.011523547185685252
11.2545	0.99	-2.2075283590464716	-0.08830113436185887
11.25402929	1.02	-3.048154592959108	-0.12192618371836432
11.25402929	1.0	-18.02120459831816	-0.7208481839327264
11.25402929	1.02	-11.368150714454632	-0.4547260285781853
11.25383712	1.02	-11.6354734661348	-0.46541893864539197
11.47685263	0.94	-9.876722802970496	-0.39506891211881984
11.47685909	0.96	-6.408238859561553	-0.25632955438246213
11.47686484	1.02	-4.596164488680037	-0.1838465795472015
2.7612237	1.44	-1.4699998192429098	-0.05879999276971639
2.76122421	1.44	-5.2516767432308855	-0.21006706972923542
2.76122421	1.2	-9.530128392051875	-0.381205135682075
2.76121	1.05	-4.632305573296193	-0.18529222293184774
2.76122421	1.44	-14.25174620539142	-0.5700698482156569
7.99034651	1.03	-6.528315726267449	-0.26113262905069795
7.99019627	0.95	-12.725662764671654	-0.5090265105868662
7.99019627	0.95	-1.3726902672089576	-0.0549076106883583
7.99022379	1.03	-2.420454219698858	-0.09681816878795432
15.79196594	1.02	-12.892311285397547	-0.5156924514159019
15.791619	1.02	-7.552392251947261	-0.30209569007789044
15.79	1.18	-12.62234198900202	-0.5048936795600808
15.79193725	1.07	-1.1914287085287278	-0.04765714834114911
15.79196594	1.25	-16.89640787883648	-0.6758563151534592
15.79193725	1.24	-12.724957401025176	-0.508998296041007
15.79193725	1.2	-12.878364243455225	-0.515134569738209
15.79193725	1.2	-0.5155414517392047	-0.02062165806956819
15.79186	1.19	-0.3375160854418287	-0.01350064341767315
82.2000105	1.2	-6.269553017318989	-0.25078212069275957
82.2000105	1.2	-10.160412336477604	-0.4064164934591042
82.1997	1.19	-9.459757188163572	-0.37839028752654286
82.2	1.18	-14.615224806712797	-0.5846089922685119
82.2001239	1.25	-17.773837507644274	-0.710953500305771
82.2000105	1.2	-16.384882419899537	-0.6553952967959815
82.20046282	1.02	-16.101650901691528	-0.6440660360676611
82.1908	1.02	-6.152134395491228	-0.24608537581964915
82.2000105	1.24	-23.480259415039512	-0.9392103766015805
82.2000105	1.24	-18.098314459550192	-0.7239325783820076
82.2000105	1.07	-10.719662805420645	-0.42878651221682584
82.20069889	1.02	-21.141515847895388	-0.8456606339158155
1935.571324	1.24	-3.398258337231391	-0.13593033348925565
4.69505576	1.0	-8.055788083397584	-0.3222315233359034
4.69500134	1.04	-3.598730547662035	-0.1439492219064814
4.69505576	1.04	-16.82392030477176	-0.6729568121908704
8.63043276	0.85	-0.7964366985609649	-0.03185746794243859
8.63043276	0.84	-10.954274078448908	-0.43817096313795634
8.63043891	0.85	-1.8900900432538168	-0.07560360173015267
8.63050092	0.85	-8.191919940603977	-0.3276767976241591
3.27646405	1.08	-3.377515050109841	-0.13510060200439364
3.27646405	1.08	-12.682722221587493	-0.5073088888634998
3.27645328	0.95	-2.3774737482426973	-0.0950989499297079
3.27645723	0.95	-10.261511963740277	-0.4104604785496111
3.27646405	0.95	-4.0512820977292385	-0.16205128390916954
3.27645	1.03	-3.1454409910915286	-0.12581763964366116
5.57654784	1.18	-9.49092509006254	-0.3796370036025016
5.57654782	1.23	-6.538842005047444	-0.2615536802018978
5.57654784	1.18	-18.883765844503444	-0.7553506337801378
5.57648799	1.22	-6.9400200579362705	-0.2776008023174508
5.57654784	1.18	-8.065232149159778	-0.3226092859663911
115.6862258	0.99	-4.075170446352045	-0.1630068178540818
115.68617839	1.03	-13.960223845429855	-0.5584089538171942
115.6863392	1.03	-3.6256910802238016	-0.14502764320895206
115.6862258	1.01	-13.955872968888885	-0.5582349187555554
115.6862258	1.01	-15.739026185465073	-0.629561047418603
3.81371974	0.92	-6.739351064573505	-0.2695740425829402
3.81371974	0.92	-1.7529524491403499	-0.070118097965614
8.3839865	0.87	-13.664455957825762	-0.5465782383130305
8.3839865	0.82	-9.001105117365896	-0.3600442046946358
8.38395796	1.36	-4.32770288472303	-0.1731081153889212
8.38395796	0.92	-7.54393780092941	-0.3017575120371764
1.68189002	0.97	-3.719128820258915	-0.1487651528103566
1.68189002	0.97	-16.335488784429774	-0.653419551377191
1.68189051	1.05	-24.510684079506625	-0.980427363180265
1.68189002	0.99	-3.6567628148581495	-0.14627051259432597
1.68189051	1.07	-16.114577242699482	-0.6445830897079793
1.68189002	0.97	-13.814463395870007	-0.5525785358348003
7.12811928	1.41	-6.459434122298505	-0.25837736489194024
7.12811928	1.25	-6.464981032670546	-0.2585992413068218
7.12805014	1.13	-3.375522494279933	-0.13502089977119733
7.12806885	1.13	-13.786661121300533	-0.5514664448520213
7.12811928	1.25	-4.832857006938597	-0.19331428027754388
7.12811928	1.45	-5.533683891882784	-0.22134735567531139
7.12826	1.23	-16.082308601721166	-0.6432923440688467
19.93976793	0.95	-6.050790145274997	-0.24203160581099986
19.9400874	0.94	-0.5452403602299076	-0.021809614409196307
8.45744892	0.95	-21.463478489559105	-0.8585391395823642
8.45746707	0.93	-6.413382098080337	-0.2565352839232135
8.45746707	0.93	-11.376303101106503	-0.4550521240442601
8.4574215	1.09	-8.263664714289058	-0.3305465885715623
8.45746707	1.02	-5.09375779887057	-0.2037503119548228
8.45744892	1.09	-1.6760513553817071	-0.06704205421526829
8.45725	1.09	-0.8029643582892443	-0.03211857433156977
27.50867519	0.93	-0.3061408634983466	-0.012245634539933865
27.508686	1.09	-13.59538942252971	-0.5438155769011884
27.50871575	1.09	-2.7939875898843782	-0.11175950359537513
27.50867519	0.93	-4.170097132929999	-0.16680388531719995
27.50869324	1.09	-3.40777257666969	-0.1363109030667876
27.508682	0.96	-23.62700010024738	-0.9450800040098952
27.50871575	0.95	-1.5137555739973467	-0.060550222959893873
87.5187	0.96	-8.17397965248568	-0.32695918609942726
87.51756205	1.09	-2.966895572406877	-0.11867582289627508
87.5177787	0.95	-12.046855444859887	-0.4818742177943955
87.5174361	0.93	-2.442597482423499	-0.09770389929693997
87.5174361	0.93	-10.962624266145506	-0.4385049706458202
87.5211	1.09	-16.462071443676162	-0.6584828577470465
87.5174361	1.02	-2.043781422136753	-0.08175125688547012
87.5174361	0.93	-8.25519337914168	-0.3302077351656672
22.2419092	1.29	-3.6129851498494885	-0.14451940599397956
22.2419092	1.05	-0.4536503272664912	-0.01814601309065965
22.2420032	1.15	-10.760787043779239	-0.4304314817511696
9.08237046	0.88	-3.9379212904654124	-0.1575168516186165
9.082386	0.84	-8.922553361490912	-0.35690213445963653
9.08233411	0.88	-12.700302354538644	-0.5080120941815458
9.08237838	0.86	-6.193420451463216	-0.24773681805852865
9.08233411	0.86	-2.6720388832189452	-0.10688155532875782
8.83922659	0.86	-6.585757404965282	-0.2634302961986113
8.83922659	0.85	-6.753335232153217	-0.2701334092861287
8.83911087	0.85	-15.174839963915268	-0.6069935985566107
8.83915	0.79	-6.619487384593847	-0.2647794953837539
8.83929462	0.85	-9.121916441019739	-0.3648766576407895
7.56127224	1.01	-9.794809426142704	-0.3917923770457082
7.56126152	0.99	-9.657847536603134	-0.38631390146412536
7.56127224	0.99	-8.40818628443178	-0.3363274513772712
7.56127224	0.99	-9.38657454599995	-0.37546298183999804
7.561207	0.98	-4.807734520459013	-0.19230938081836052
7.56126152	1.01	-5.571690044251889	-0.22286760177007556
7.56129533	1.01	-11.755423178559017	-0.4702169271423607
16.1288853	0.76	-3.5700314337901324	-0.1428012573516053
16.1288853	0.76	-9.464920927021497	-0.3785968370808599
13.5630972	0.99	-4.857961542511171	-0.19431846170044684
13.56319233	0.99	-11.788900698996123	-0.4715560279598449
13.5631157	0.99	-9.291709375818364	-0.3716683750327346
13.5631157	0.99	-15.839425062550276	-0.6335770025020111
13.56315	0.99	-7.086485658076048	-0.2834594263230419
13.5630972	0.99	-5.873956234409583	-0.23495824937638332
16.29595382	0.97	-19.496915482301112	-0.7798766192920445
16.2959916	0.97	-1.544328847266747	-0.061773153890669875
16.29582626	0.97	-0.7548181361199716	-0.030192725444798865
16.29571	0.97	-8.217130534042662	-0.32868522136170647
18.01623092	0.99	-6.32977136891159	-0.25319085475646363
18.01621096	1.05	-13.48128347001786	-0.5392513388007144
18.0166	1.1	-4.415480056794054	-0.17661920227176217
18.0161227	1.05	-18.594862662431392	-0.7437945064972558
18.01621096	1.05	-6.484776745318749	-0.25939106981274995
2.104316	0.49	-21.655955194207824	-0.866238207768313
2.10433812	0.35	-0.8407567335037524	-0.03363026934015009
2.10433812	0.35	-8.267838330108042	-0.3307135332043217
2.10433534	0.47	-25.970844196558076	-1.038833767862323
2.10433812	0.35	-5.0681623329518795	-0.20272649331807518
28.84179	0.76	-12.401085628376016	-0.4960434251350407
28.8431751	0.76	-3.98947631073395	-0.159579052429358
28.8432647	0.76	-19.726322514621383	-0.7890529005848553
28.8432647	0.76	-1.0295806120090092	-0.04118322448036037
28.8432647	0.85	-26.075902738641346	-1.043036109545654
28.8432647	0.76	-19.93414705605766	-0.7973658822423064
16.09197176	1.07	-15.376064713099293	-0.6150425885239718
16.09197176	1.07	-4.1582353084392585	-0.16632941233757034
16.091941	1.02	-20.580079611569523	-0.823203184462781
16.09197176	1.08	-21.143060028068657	-0.8457224011227463
16.09197176	1.04	-10.822122749131061	-0.4328849099652425
16.09197176	1.07	-26.249914923653584	-1.0499965969461433
25.51682997	1.03	-12.743303281623104	-0.5097321312649242
25.5169	1.02	-14.584691353161759	-0.5833876541264703
25.5172744	0.98	-20.608445114552726	-0.824337804582109
25.5170646	1.07	-6.535405853773714	-0.26141623415094856
25.5170646	1.07	-6.266606463042606	-0.25066425852170426
25.5170646	1.08	-0.605327609867768	-0.02421310439471072
25.5170646	1.04	-12.618637972667536	-0.5047455189067014
25.5170646	1.07	-7.8094606893645775	-0.3123784275745831
0.67933627	0.88	-3.532164923853025	-0.14128659695412102
0.67933676	0.99	-3.0734533455238426	-0.12293813382095371
0.67933627	0.85	-10.198208025992415	-0.4079283210396966
0.67933675	0.94	-4.032256142728443	-0.16129024570913772
0.67933627	0.91	-6.325146549839305	-0.2530058619935722
0.67933675	0.99	-11.663797049922803	-0.4665518819969121
0.67933627	0.85	-3.401539119841986	-0.13606156479367945
0.67933627	0.85	-4.234630776744426	-0.16938523106977704
11.1726994	1.0	-14.211707975930528	-0.5684683190372212
11.1726994	1.09	-1.0704428358754017	-0.042817713435016065
2.53573424	1.05	-19.104672335962675	-0.764186893438507
2.53573284	1.02	-3.056011948217351	-0.12224047792869405
2.53573424	1.0	-0.8640195698827879	-0.034560782795311516
2.53573424	1.0	-9.93624650255488	-0.3974498601021952
2.53573284	1.03	-9.239438721778917	-0.3695775488711567
2.53574	1.01	-0.5027884896187839	-0.020111539584751356
197.51101621	1.02	-18.381021324252846	-0.7352408529701139
197.5107678	1.0	-18.393960957310327	-0.735758438292413
197.51034	1.01	-3.654807018273887	-0.1461922807309555
5.44832529	0.99	-8.918415958360782	-0.3567366383344313
5.44832108	0.98	-22.280810083432378	-0.8912324033372951
5.44832529	0.85	-10.65431028938982	-0.42617241157559277
5.44832529	0.85	-10.236133789041137	-0.40944535156164547
5.44832426	0.99	-6.029829869726798	-0.24119319478907192
5.4483247	0.95	-0.36249201909571444	-0.014499680763828578
5.44832529	0.99	-5.320446573060647	-0.2128178629224259
1.1161319	0.95	-13.787138285446284	-0.5514855314178514
1.116129	0.85	-11.19938656264734	-0.44797546250589365
1.11612717	0.98	-19.791290186795298	-0.791651607471812
1.116129	0.85	-1.1001480993333221	-0.04400592397333289
3.83309118	0.85	-3.20563975884617	-0.1282255903538468
3.8330915	0.91	-20.51083133069408	-0.8204332532277633
3.83309118	0.92	-1.343115606385576	-0.05372462425542304
3.83309118	0.89	-5.027088409568184	-0.20108353638272736
3.83308764	0.88	-5.055142352420072	-0.2022056940968029
3.83308904	0.93	-12.487226530868654	-0.4994890612347462
3.83308764	0.93	-16.21557617511603	-0.6486230470046412
5.42474933	0.23	-11.056614591441805	-0.44226458365767224
5.42474928	0.58	-18.07036588610098	-0.7228146354440392
5.42474933	0.58	-15.379328076134879	-0.6151731230453952
5.4247468	0.21	-10.770702297759138	-0.43082809191036553
5.42475029	0.23	-5.581509147299585	-0.2232603658919834
5.42474928	0.6	-6.505273976950909	-0.2602109590780364
0.84338011	0.81	-18.33762268743036	-0.7335049074972144
0.84338011	0.8	-20.043630761016555	-0.8017452304406623
0.84337998	0.75	-18.85527033696483	-0.7542108134785932
0.84338011	0.81	-4.25424210829769	-0.17016968433190757
0.8433802	0.67	-24.61017732149135	-0.984407092859654
6.566075	0.67	-6.088960258722627	-0.24355841034890507
6.5660634	0.75	-25.406085017678528	-1.016243400707141
6.56606842	0.79	-12.444772985731227	-0.4977909194292491
87.9724227	0.99	-19.04876144081088	-0.7619504576324352
87.97294	0.98	-18.93395148251076	-0.7573580593004304
87.97314465	1.16	-1.9985442354269798	-0.07994176941707919
87.9724227	1.16	-1.7926003941687507	-0.07170401576675003
0.5688763	0.81	-10.128482829282968	-0.40513931317131874
0.56887443	0.87	-15.022436808701157	-0.6008974723480462
0.56887472	0.84	-19.032329635883187	-0.7612931854353275
213.257663	0.66	-3.9080634784540953	-0.15632253913816382
213.25700851	0.71	-9.77762185813007	-0.3911048743252028
213.25904043	0.71	-15.088944691372081	-0.6035577876548832
213.257663	0.73	-23.476343358788878	-0.9390537343515551
213.258526	0.66	-13.067652344334357	-0.5227060937733743
2.8867624	0.5	-18.771876538690474	-0.750875061547619
2.88676012	0.5	-10.432430869048599	-0.41729723476194397
2.88676265	0.27	-2.2448751820561808	-0.08979500728224724
2.88676239	0.56	-12.240223850727075	-0.489608954029083
2.88676265	0.27	-8.510229184417632	-0.3404091673767053
6.17828255	0.92	-11.897682559901234	-0.4759073023960494
6.178	1.02	-0.5210319973156137	-0.020841279892624548
6.178165	0.98	-9.251817384629753	-0.3700726953851901
6.17828255	1.03	-11.853616640129149	-0.47414466560516594
6.17828255	0.92	-1.3402277939357932	-0.05360911175743173
6.17828255	0.92	-6.208938778928944	-0.24835755115715777
6.41491277	0.93	-5.754577783519614	-0.23018311134078456
6.415	1.02	-10.06771027068957	-0.4027084108275828
6.414842	0.98	-3.376492051534467	-0.1350596820613787
6.41490515	0.92	-0.17745433908626224	-0.0070981735634504895
18.01	1.02	-4.327913672824901	-0.17311654691299605
18.01017554	0.92	-8.570966653890784	-0.34283866615563136
18.01017554	0.92	-9.405114924861783	-0.37620459699447134
110.2869374	0.92	-16.03722433118369	-0.6414889732473477
110.2867031	0.93	-10.511619254077784	-0.4204647701631114
0.86838653	0.78	-2.9583345206674907	-0.11833338082669963
0.86838544	0.72	-10.419347118297452	-0.4167738847318981
0.86838635	0.72	-3.9949187906008974	-0.1597967516240359
0.86838653	0.78	-22.096937685402146	-0.8838775074160858
0.86838653	0.8	-13.585987292176663	-0.5434394916870665
11.12830596	0.63	-11.318881908797644	-0.45275527635190577
11.12830484	0.74	-9.864051565262308	-0.3945620626104923
11.12827427	0.63	-6.815039147854875	-0.272601565914195
11.12830484	0.54	-10.325696939451237	-0.4130278775780495
11.12832144	0.63	-10.042829064586794	-0.4017131625834718
11.12830484	0.74	-0.36102669418303357	-0.014441067767321344
11.12827427	0.51	-8.302061926183022	-0.3320824770473209
2.226494	0.59	-5.2750694552443065	-0.21100277820977226
2.22649109	0.74	-1.8582442643533046	-0.07432977057413219
2.22649109	0.74	-4.873233388864175	-0.19492933555456698
2.22648583	0.63	-5.569787942027734	-0.22279151768110936
2.22649109	0.54	-8.141389372401548	-0.32565557489606195
2.2264962	0.63	-10.564220569655031	-0.4225688227862013
5.72087524	0.74	-3.8768941011920126	-0.1550757640476805
5.72084599	0.51	-6.248733215683225	-0.249949328627329
5.72092009	0.51	-6.901160682137723	-0.27604642728550893
0.9628682	0.96	-0.5281121655794698	-0.021124486623178795
0.96286738	0.88	-4.31736148112385	-0.172694459244954
0.96286738	0.88	-6.303148347176242	-0.2521259338870497
0.96286869	0.94	-13.254015406320036	-0.5301606162528014
6.460056	0.96	-18.929006139682013	-0.7571602455872806
6.45998001	0.9	-6.0996105971795735	-0.24398442388718294
6.46004728	0.9	-13.899663280431621	-0.5559865312172648
0.92990668	1.08	-2.199576866958563	-0.08798307467834253
0.92990668	1.15	-9.845661151930694	-0.3938264460772278
0.92990617	1.12	-8.254330949926212	-0.3301732379970485
0.92990617	1.07	-5.490095043241986	-0.21960380172967944
0.92990668	1.15	-0.9177945359859458	-0.03671178143943783
0.92990603	1.12	-14.039769546221702	-0.5615907818488681
0.92990668	1.15	-2.411538132834547	-0.09646152531338188
4.11584468	0.78	-18.053590351589595	-0.7221436140635838
4.11584468	0.8	-3.988806436131324	-0.15955225744525295
4.11585514	0.72	-9.646639310150064	-0.38586557240600255
4.11585514	0.8	-3.516148059437739	-0.14064592237750956
4.11584445	0.72	-0.9970365918436654	-0.03988146367374662
4.115847	0.67	-12.856613453034763	-0.5142645381213905
33.8786838	0.98	-3.922268692581967	-0.15689074770327868
33.87863998	0.96	-12.594242215500424	-0.5037696886200169
33.87892126	0.96	-0.3910957212889742	-0.015643828851558968
33.878639	0.96	-19.05673504816865	-0.7622694019267461
33.8786838	0.93	-1.7894941080373485	-0.07157976432149395
33.87854	0.94	-2.540639700461666	-0.10162558801846665
42.35183487	1.43	-5.116329135359149	-0.20465316541436596
42.3514267	1.45	-10.740403299919537	-0.4296161319967815
42.3514267	1.31	-2.7267566762644684	-0.10907026705057873
42.35113	1.33	-5.90203820919109	-0.23608152836764362
42.3520039	1.43	-10.110009626069548	-0.4044003850427819
14.88794229	1.02	-2.4083188604239933	-0.09633275441695974
14.88801098	1.0	-3.843227631427305	-0.15372910525709219
14.8877665	1.0	-8.428627777902406	-0.33714511111609624
14.8877665	1.02	-2.9302821136635444	-0.11721128454654178
14.88777821	1.02	-16.303715966841	-0.65214863867364
14.88801098	1.0	-11.65174826031168	-0.4660699304124672
14.88801098	1.0	-7.223846238794973	-0.2889538495517989
4.52158888	1.0	-21.870335267200065	-0.8748134106880027
4.52158614	0.96	-5.30836672754983	-0.2123346691019932
4.52158888	1.0	-8.269797157205751	-0.33079188628823003
9.33655775	0.7	-8.541223867985689	-0.3416489547194276
9.33646594	0.64	-11.038231964910114	-0.44152927859640456
9.33648141	0.64	-3.7737230289000303	-0.15094892115600123
9.33646594	0.72	-8.847485279103761	-0.35389941116415047
9.3365082	0.7	-2.019365087458028	-0.08077460349832112
9.33648141	0.7	-6.640372226805776	-0.2656148890722311
8.13000457	1.0	-1.3574093895532648	-0.054296375582130595
8.129858	1.02	-10.481749808169285	-0.4192699923267714
8.12999858	1.02	-5.148767919424591	-0.20595071677698365
8.12999858	0.99	-10.86667289981568	-0.4346669159926272
31.51780202	1.18	-5.331878817435674	-0.21327515269742697
31.51779463	0.99	-9.26589127890113	-0.3706356511560452
31.5177783	1.02	-6.411025622195458	-0.25644102488781834
31.51780202	1.0	-1.8593983134204182	-0.07437593253681672
31.51780202	1.0	-2.5216804602576794	-0.10086721841030719
10.10769068	1.06	-10.676836517459197	-0.4270734606983679
10.10773789	0.96	-9.878031226065914	-0.39512124904263657
10.107674	0.91	-2.900275477287348	-0.11601101909149392
10.10762919	0.96	-17.046206102676333	-0.6818482441070534
10.10691725	0.96	-7.536864703148538	-0.3014745881259415
0.78916165	0.61	-18.352623331228433	-0.7341049332491373
0.78916088	0.66	-12.660346591440863	-0.5064138636576345
0.78916165	0.72	-6.440064104439879	-0.2576025641775952
0.78916165	0.61	-13.686925404896638	-0.5474770161958655
0.78916165	0.61	-6.587049057690865	-0.2634819623076346
0.78916144	0.66	-3.2780923879756787	-0.13112369551902714
0.78916088	0.61	-1.636599890861683	-0.06546399563446732
0.7891622	0.58	-10.19157114345085	-0.40766284573803396
11.87456832	0.95	-1.8340518866866624	-0.0733620754674665
11.87456832	0.92	-2.987421224830221	-0.11949684899320884
11.87456832	0.78	-7.439077704036172	-0.2975631081614469
109.6471842	0.87	-7.298378134549191	-0.29193512538196764
109.64465727	0.96	-2.4425453062995315	-0.09770181225198127
109.6471842	0.94	-16.544495457758828	-0.6617798183103532
109.6469948	0.93	-0.7480745811391608	-0.029922983245566432
15.64591713	0.94	-10.005693162008455	-0.4002277264803382
15.64588656	1.01	-0.5666440026037847	-0.022665760104151386
15.64588656	1.01	-5.627928114460834	-0.2251171245784334
15.645864	1.0	-3.90568002120771	-0.1562272008483084
15.64585493	1.01	-1.4579670749461724	-0.0583186829978469
15.64591713	1.01	-3.204956977329404	-0.12819827909317616
15.64591713	1.01	-3.2528419867880194	-0.13011367947152078
6.26404774	0.78	-13.455648938851121	-0.5382259575540449
6.26404134	0.78	-7.727157867749337	-0.3090863147099735
6.26404774	0.79	-6.410326812256306	-0.25641307249025225
6.26406846	0.77	-10.876595391010436	-0.43506381564041746
23.19897496	0.95	-27.093860452187634	-1.0837544180875054
23.198681	0.96	-17.40847733186996	-0.6963390932747985
23.1985852	1.0	-7.593962622163145	-0.30375850488652584
23.198681	0.94	-1.857139813923605	-0.07428559255694421
23.19841872	0.95	-9.23569721429391	-0.36942788857175646
23.19899	0.95	-19.42769752054081	-0.7771079008216324
23.198681	0.98	-1.5122710165509186	-0.06049084066203674
23.198681	0.96	-10.747392904127189	-0.42989571616508754
5.77721211	0.96	-21.70890849789477	-0.8683563399157909
5.777213	0.95	-10.729570296412021	-0.42918281185648083
5.77721211	0.98	-16.06535640303695	-0.642614256121478
5.77721259	1.0	-0.19055492098815285	-0.007622196839526114
5.77721259	0.95	-17.037939116069186	-0.6815175646427675
5.77721551	0.95	-14.355635126531796	-0.5742254050612718
24.4004378	0.69	-2.3529056581642664	-0.09411622632657066
24.4002549	0.67	-4.255515012733801	-0.17022060050935203
24.4004378	0.67	-0.2614415724370896	-0.010457662897483583
24.4002549	0.67	-18.713734752469968	-0.7485493900987987
0.93512001	1.04	-1.5992004360214707	-0.06396801744085882
0.9351186	1.0	-0.29513957427698345	-0.011805582971079339
0.93511806	1.01	-4.0795618202713495	-0.163182472810854
0.93511586	1.1	-11.516592525607019	-0.4606637010242807
0.93511586	1.04	-0.8923920407334893	-0.03569568162933957
1.34155642	0.99	-1.7960100166854311	-0.07184040066741725
1.34155513	0.94	-1.7680508495980256	-0.07072203398392103
1.3415547	0.99	-13.927672230657972	-0.5571068892263189
1.3415609	0.85	-0.5732613147400274	-0.022930452589601098
1.34155513	0.94	-11.86768221924072	-0.4747072887696288
5.31744016	0.97	-12.818302680112346	-0.5127321072044938
5.31743938	1.05	-20.572468243270553	-0.8228987297308221
5.31743542	0.96	-11.207052435536738	-0.4482820974214695
5.31743542	1.26	-6.050256010410319	-0.24201024041641275
5.31743542	0.96	-9.043832127963007	-0.3617532851185203
10.1056726	1.05	-24.50444263213346	-0.9801777052853384
10.10575764	1.05	-10.70770418196779	-0.4283081672787116
10.10575764	0.97	-17.90242744078967	-0.7160970976315868
10.10575303	0.96	-22.05892998793833	-0.8823571995175332
10.10575303	1.26	-8.42063053024814	-0.3368252212099256
0.66502594	1.11	-6.229283236933266	-0.24917132947733062
0.6650251	1.01	-2.9701427783694223	-0.11880571113477689
0.66502692	1.03	-6.252695627341311	-0.2501078250936524
0.66502709	1.11	-1.684013018426247	-0.06736052073704989
132.9968322	0.69	-6.7485842844573565	-0.2699433713782943
132.99569935	0.71	-2.37853522273421	-0.0951414089093684
132.9968322	0.69	-10.736198384269628	-0.4294479353707851
132.9968322	0.8	-5.286735847536763	-0.21146943390147052
132.9970595	0.71	-2.3130095493927545	-0.09252038197571018
132.9968322	0.69	-0.5758686610725693	-0.023034746442902772
132.9968322	0.79	-9.907021562525383	-0.39628086250101535
2.21571296	0.83	-16.080597065204255	-0.6432238826081702
2.21571036	0.93	-26.71752221122149	-1.0687008884488596
2.21571296	0.9	-0.9619276822657978	-0.03847710729063191
2.21571036	0.83	-14.483336684482785	-0.5793334673793114
2.21571036	0.83	-5.523630452301577	-0.2209452180920631
3.35184153	1.03	-8.705622924830925	-0.348224916993237
3.35183158	1.07	-9.2050442902433	-0.36820177160973205
3.35184041	1.07	-6.159340274799808	-0.24637361099199231
3.35183158	1.07	-6.6470442095202875	-0.2658817683808115
3.35183158	0.95	-0.4035108631489486	-0.016140434525957943
3.351824	1.1	-6.51086534197872	-0.2604346136791488
4.768313	1.11	-8.09159427882109	-0.32366377115284356
4.7683049	1.07	-8.420762996123921	-0.3368305198449568
4.76830227	1.05	-12.056754343312715	-0.48227017373250863
4.76831033	1.07	-13.12314262752455	-0.524925705100982
4.7683049	1.07	-6.2636721533318305	-0.25054688613327325
4.7683049	1.09	-9.083037277593556	-0.36332149110374223
4.76831033	1.05	-3.2340495443867963	-0.12936198177547184
44.61710388	1.13	-7.001231530824257	-0.2800492612329703
44.616751	1.13	-1.3523903253623133	-0.05409561301449253
44.61731	1.31	-17.110444235913093	-0.6844177694365238
44.6169557	1.23	-2.567523492977184	-0.10270093971908736
44.6169557	1.24	-14.311177602723438	-0.5724471041089375
44.616751	1.24	-14.7366790445578	-0.589467161782312
3.40165617	0.98	-16.296469880569692	-0.6518587952227877
3.40165617	1.01	-2.796051998398171	-0.11184207993592685
3.401648	1.11	-17.373463891455085	-0.6949385556582034
3.40165668	0.98	-20.545428267021112	-0.8218171306808445
3.40163301	1.01	-13.793006353637765	-0.5517202541455106
14.00947528	0.76	-4.799114708208229	-0.1919645883283292
14.00947528	0.76	-11.304693962821467	-0.4521877585128587
14.009463	0.81	-6.418773637937933	-0.2567509455175173
27.5722742	0.89	-13.185828750089136	-0.5274331500035655
27.57182011	1.06	-5.245006103802011	-0.20980024415208043
27.5722742	0.89	-6.313359709391877	-0.2525343883756751
27.5722742	1.04	-9.035900626206272	-0.3614360250482509
27.5722144	1.06	-9.887162273771898	-0.3954864909508759
27.5722742	0.89	-7.899508385545956	-0.31598033542183823
27.5722144	1.08	-12.131980288064684	-0.48527921152258735
2.12823928	1.14	-8.107401736032642	-0.3242960694413057
2.12823928	1.14	-7.347832900698809	-0.2939133160279524
2.12821621	1.05	-17.996358981212136	-0.7198543592484855
2.1282478	1.01	-6.896589783252885	-0.2758635913301154
2.12823928	1.18	-18.574805892004076	-0.742992235680163
2.12822474	1.05	-11.738712614066497	-0.4695485045626599
6.00253594	1.05	-0.7522432742190724	-0.0300897309687629
6.00253594	1.19	-5.3432843301681	-0.213731373206724
6.00254829	1.26	-21.468109121804552	-0.8587243648721821
6.002551	1.14	-6.1163779640344575	-0.2446551185613783
6.00253594	1.19	-1.0783732367748318	-0.043134929470993275
6.00253594	1.25	-17.498631797301496	-0.6999452718920598
11.44865823	1.26	-11.137193481726843	-0.44548773926907376
11.4485422	1.1	-11.116846758891711	-0.44467387035566847
11.44883	1.14	-4.2265230704188355	-0.16906092281675342
11.4485946	1.25	-8.293247081798969	-0.33172988327195874
11.4485946	1.19	-11.376332086658037	-0.45505328346632146
11.4485946	1.19	-2.586229205899384	-0.10344916823597537
4.49686066	0.46	-22.917364377130863	-0.9166945750852346
4.49685	0.5	-7.522862211689522	-0.3009144884675809
4.49683113	0.53	-3.208293569454638	-0.12833174277818551
4.4968604	0.47	-20.91696344848413	-0.8366785379393652
4.4968604	0.47	-14.912069154171666	-0.5964827661668667
4.49686066	0.53	-7.377474404461582	-0.29509897617846326
1.76678951	0.53	-8.703160687088861	-0.34812642748355443
1.7667914	0.5	-1.3272562556949306	-0.053090250227797224
1.76678906	0.47	-13.737676809503663	-0.5495070723801465
0.91614077	0.6	-4.110840102437443	-0.16443360409749772
0.9161423	0.68	-17.432839166497324	-0.697313566659893
0.91614077	0.6	-9.43127985952361	-0.3772511943809444
0.916139	0.61	-15.462360796416133	-0.6184944318566453
1.87788275	1.02	-4.099227288923468	-0.16396909155693873
1.87788275	1.02	-0.5059994714062617	-0.02023997885625047
1.87788275	0.91	-20.90438082350866	-0.8361752329403465
1.87788275	1.11	-15.288316728380673	-0.611532669135227
1.87787854	1.02	-14.91941269948677	-0.5967765079794708
1.87787854	1.08	-9.452132387197777	-0.3780852954879111
24.7545	0.68	-11.62638403757168	-0.46505536150286725
24.7543966	0.78	-15.97699392505696	-0.6390797570022784
24.7543966	0.76	-3.082490895980585	-0.12329963583922339
24.75444429	0.75	-8.09915997932527	-0.3239663991730108
76.613377	0.99	-4.808691199761381	-0.19234764799045526
76.613377	0.99	-18.21539596417367	-0.7286158385669468
76.6139446	1.05	-4.052917516436044	-0.16211670065744177
76.613377	0.99	-2.9339088831712923	-0.1173563553268517
1.28959018	0.91	-16.578676600137605	-0.6631470640055043
1.28959621	0.9	-10.821820422764862	-0.4328728169105945
1.28958811	0.88	-12.643427795159308	-0.5057371118063724
1.28958811	0.9	-0.9967080959210248	-0.039868323836840996
1.28958811	0.9	-5.7994807141262275	-0.2319792285650491
1.28958811	0.9	-0.9869742624785451	-0.039478970499141806
0.6340034	0.88	-2.228103561233846	-0.08912414244935384
0.634003	0.84	-15.304379402616654	-0.6121751761046662
0.63400294	0.84	-0.9338800538536676	-0.037355202154146706
3.0091324	0.88	-9.592476565199624	-0.383699062607985
3.009121	1.01	-7.926767756931951	-0.317070710277278
3.0091324	0.93	-4.4985066154340805	-0.17994026461736323
3.00910709	0.99	-11.476202844493857	-0.4590481137797543
3.00912491	1.01	-10.05394664391528	-0.4021578657566112
7.06305749	0.87	-5.97254843024233	-0.23890193720969322
7.06321927	0.75	-3.906029333315818	-0.1562411733326327
7.06317341	0.82	-2.0257177779989948	-0.0810287111199598
7.06317341	0.75	-4.7613915646622536	-0.19045566258649016
7.06321927	0.87	-3.5949973992154414	-0.14379989596861767
59.4970952	0.8	-14.413616085978365	-0.5765446434391346
59.4969009	0.8	-10.253267887086933	-0.41013071548347735
59.4970952	0.8	-14.865194875949298	-0.5946077950379719
59.49686569	0.72	-23.18242295709352	-0.9272969182837408
59.4970952	0.78	-10.153639421615967	-0.4061455768646387
59.4969009	0.72	-6.246192954891185	-0.2498477181956474
59.49786	0.88	-8.16690017626311	-0.32667600705052446
11.57890926	1.19	-8.145752939003138	-0.32583011756012553
11.5789114	1.17	-23.59110181876035	-0.9436440727504141
11.5789114	1.17	-9.022593808979378	-0.36090375235917516
11.57887967	1.19	-7.225243332423807	-0.2890097332969523
11.579	1.17	-10.19013396201346	-0.4076053584805384
11.5789114	1.21	-7.527064087666914	-0.30108256350667656
16.39926602	1.19	-21.377252229572953	-0.8550900891829182
16.3992561	1.17	-4.9779389269122785	-0.19911755707649115
16.39922	1.2	-5.053603278983558	-0.20214413115934232
16.39926461	1.19	-33.642434354768916	-1.3456973741907567
16.399	1.17	-10.345816498038749	-0.41383265992155
16.3992561	1.17	-23.68915791680126	-0.9475663166720505
16.39926727	1.19	-14.283713412681443	-0.5713485365072577
40.5286413	1.24	-18.828052371721217	-0.7531220948688487
40.5289885	1.91	-0.5231701477398456	-0.020926805909593824
40.52797	1.1	-1.0044663151952729	-0.040178652607810915
40.5289885	1.41	-4.909913198441048	-0.19639652793764192
40.5286413	1.51	-1.7407632826862944	-0.06963053130745178
40.5286413	1.24	-23.721692348612155	-0.9488676939444862
40.52877599	1.41	-1.1433587878960545	-0.04573435151584218
40.52965562	1.41	-8.608283694447945	-0.3443313477779178
3.57554956	0.83	-19.007725379849276	-0.7603090151939711
3.57554956	0.83	-6.651537539951775	-0.266061501598071
3.57551429	0.84	-7.415664815876103	-0.29662659263504415
3.57554956	0.83	-4.099435945076936	-0.16397743780307747
3.57554956	0.83	-6.459700529522805	-0.2583880211809122
3.57554956	0.83	-12.20414040796754	-0.4881656163187016
136.205626	0.8	-19.38359976207412	-0.7753439904829648
136.205626	0.7	-1.3519607292664308	-0.054078429170657236
136.205112	0.71	-12.614416113358061	-0.5045766445343225
136.205112	0.74	-0.4100573472785284	-0.016402293891141135
136.205626	0.7	-3.3059110698702066	-0.13223644279480826
136.205626	0.7	-5.778322258162791	-0.23113289032651163
2.94194296	0.73	-9.60501547188104	-0.38420061887524165
2.94194094	0.73	-0.670728580657522	-0.026829143226300884
2.94194094	0.76	-5.406999062574752	-0.2162799625029901
2.94194094	0.73	-1.7709725057330237	-0.07083890022932095
13.32191461	1.58	-3.70243978083726	-0.14809759123349042
13.32196237	1.41	-1.92891831569284	-0.0771567326277136
13.32196237	1.49	-11.920549859764048	-0.47682199439056194
13.32196237	1.41	-5.497727327880654	-0.2199090931152262
7.699939	0.96	-15.892709479587634	-0.6357083791835053
7.69994466	0.95	-27.785695614150722	-1.111427824566029
7.69994466	1.0	-4.35212526560563	-0.1740850106242252
7.69993485	1.02	-8.642806449041752	-0.34571225796167004
7.69993485	1.02	-4.19456905062868	-0.16778276202514722
7.69993485	1.02	-1.8914024368163644	-0.07565609747265457
4.774656	0.96	-10.128465155913327	-0.4051386062365331
4.77466043	0.95	-1.3687547182964417	-0.05475018873185767
4.77468005	1.02	-8.42047982971317	-0.33681919318852677
4.77468005	1.08	-7.059526642035717	-0.2823810656814287
4.77469244	1.0	-7.187975316430931	-0.2875190126572372
4.77466043	1.0	-4.172513493686507	-0.1669005397474603
4.77468005	1.0	-5.833516921636152	-0.23334067686544607
2.16457059	0.65	-3.1626983178240358	-0.12650793271296143
2.16457073	0.65	-14.461607198563115	-0.5784642879425246
2.16457097	0.55	-13.017755486664562	-0.5207102194665825
2.16457097	0.55	-1.722551470467261	-0.06890205881869045
2.16457097	0.62	-4.5425726798474235	-0.18170290719389695
2.16457097	0.55	-15.876895793506085	-0.6350758317402434
1.5740872	0.56	-8.929228376835475	-0.357169135073419
1.57409027	0.62	-6.86410906852052	-0.2745643627408208
1.57409027	0.57	-12.316018289373623	-0.4926407315749449
1.57408483	0.63	-14.669010277064112	-0.5867604110825645
1.57409027	0.57	-12.270020251589871	-0.4908008100635949
0.6756504	1.05	-1.8977137509949389	-0.07590855003979756
0.67564949	1.05	-13.02708246308117	-0.5210832985232468
0.675649	1.05	-11.960466029132002	-0.4784186411652801
0.67564949	1.07	-6.51166754075052	-0.2604667016300208
25.873148	1.05	-12.169745863153526	-0.48678983452614105
25.87300144	1.01	-5.681620642802082	-0.22726482571208328
25.8730914	1.05	-18.137044532644758	-0.7254817813057903
25.873148	0.99	-23.81312583056428	-0.9525250332225713
8.43638723	0.9	-5.545190814163865	-0.2218076325665546
8.43639829	0.81	-5.258309565832823	-0.21033238263331291
8.43639364	0.91	-13.833835172660036	-0.5533534069064014
8.43639364	0.91	-6.6608531440067456	-0.2664341257602698
8.43639364	0.85	-13.542380736032863	-0.5416952294413145
8.436404	0.91	-7.3169688511128275	-0.2926787540445131
8.43639364	0.87	-6.6588939501374025	-0.2663557580054961
18.735721	0.91	-13.290566719288792	-0.5316226687715517
18.73575579	0.87	-4.671004265862046	-0.18684017063448186
18.73575579	0.85	-2.9726306573102086	-0.11890522629240835
18.73577127	0.9	-4.189557918980983	-0.16758231675923932
20.2641684	1.25	-6.188695912116658	-0.24754783648466633
20.2641684	1.27	-6.918032680711531	-0.2767213072284612
20.2642023	1.08	-2.7329184815483583	-0.10931673926193433
20.26427	1.1	-8.397778669326605	-0.3359111467730642
20.2642023	1.2	-19.062424749041835	-0.7624969899616734
20.2641684	1.25	-9.442821880965267	-0.3777128752386107
7.44142113	1.25	-2.3745454582892482	-0.09498181833156993
7.441406	1.1	-10.853587673091374	-0.43414350692365494
7.44136102	1.08	-17.797984810946136	-0.7119193924378455
7.44127195	1.2	-3.0289112437822956	-0.12115644975129182
7.44136102	1.2	-0.30427285066813015	-0.012170914026725207
3.4462039	0.68	-10.025641321108418	-0.4010256528443367
3.4462039	0.68	-7.9106806461875365	-0.3164272258475015
3.4462039	0.68	-0.1427846996527073	-0.0057113879861082914
3.4462039	0.87	-21.722900117443444	-0.8689160046977378
3.4462125	0.93	-12.429275217270726	-0.4971710086908291
3.4462125	0.68	-4.555506235085341	-0.18222024940341364
2.00541429	0.93	-11.30664544797051	-0.4522658179188204
2.00541269	0.68	-4.596362403243509	-0.18385449612974036
2.00541429	0.68	-15.653502534645263	-0.6261401013858106
2.00541269	0.84	-0.6296401160258187	-0.025185604641032748
2.005409	0.84	-17.58294903122028	-0.7033179612488113
1.31155891	1.07	-1.0128956500246586	-0.04051582600098635
1.3115613	1.0	-3.100130710690011	-0.12400522842760044
1.31155557	0.98	-16.870706755713265	-0.6748282702285306
1.31155557	1.07	-1.643251570694855	-0.0657300628277942
1.29123275	1.08	-10.308773458172139	-0.4123509383268856
1.29123275	1.22	-11.089696071697887	-0.44358784286791547
1.29123275	1.08	-12.457653130915434	-0.4983061252366174
1.29123275	1.08	-6.381105831557956	-0.2552442332623182
1.29123308	1.25	-1.096595358319062	-0.04386381433276248
10.65275054	0.92	-17.60455336554894	-0.7041821346219577
10.65276707	0.91	-6.165425542174779	-0.24661702168699115
10.65279281	0.92	-7.599926612001973	-0.3039970644800789
3.3004192	1.47	-10.670957978977292	-0.42683831915909165
3.3004192	1.07	-12.13052873322593	-0.4852211493290372
3.30040818	1.28	-9.968501379810542	-0.39874005519242167
3.30040818	1.35	-7.999151165691775	-0.31996604662767103
5.30878648	0.97	-4.277085536059342	-0.1710834214423737
5.30880656	1.01	-2.1560936365946937	-0.08624374546378775
5.30880656	1.01	-15.48829697842252	-0.6195318791369008
0.7409258	0.89	-6.068101922287114	-0.24272407689148456
0.74092842	0.86	-3.840050440949862	-0.1536020176379945
0.74092842	0.87	-8.263264160179745	-0.3305305664071898
0.74092636	0.9	-0.18522935156283743	-0.007409174062513497
11.95398936	0.65	-13.068349805334027	-0.522733992213361
11.95398936	0.65	-10.717322396572317	-0.4286928958628927
11.95401876	0.67	-15.709527063499573	-0.6283810825399829
0.88184263	0.87	-5.4745344147631405	-0.21898137659052563
0.88184263	0.88	-5.1800794020491026	-0.20720317608196412
0.88184115	0.83	-2.3900403719981846	-0.09560161487992738
0.88184115	0.86	-17.838843589671267	-0.7135537435868508
10.31320643	0.52	-10.293633037023072	-0.4117453214809229
10.31320643	0.56	-5.967537114021676	-0.23870148456086704
10.31368	0.55	-8.121008906133373	-0.3248403562453349
10.3134	0.54	-1.4903842186606282	-0.05961536874642513
10.31320643	0.52	-7.614091747744345	-0.3045636699097738
10.31282204	0.54	-3.986910119259286	-0.15947640477037145
10.3126	0.52	-15.60294553314601	-0.6241178213258404
13.78109471	0.54	-9.789542208556359	-0.3915816883422544
13.78164	0.57	-0.8293215248883266	-0.033172860995533064
13.78110068	0.54	-10.910262593662528	-0.43641050374650114
13.78110882	0.47	-10.975245302793224	-0.43900981211172896
13.7813	0.52	-8.758898889251542	-0.35035595557006166
13.7815	0.54	-2.366097367525234	-0.09464389470100937
13.78109344	0.56	-0.22980686980035653	-0.009192274792014262
13.781052	0.53	-2.3592775450592227	-0.0943711018023689
13.781564	0.55	-8.256334642300539	-0.33025338569202156
23.0904007	0.52	-13.687866279059202	-0.5475146511623681
23.0881	0.52	-1.926794770782158	-0.07707179083128632
23.08901839	0.52	-7.254260088183216	-0.29017040352732865
23.08901839	0.52	-11.11449966945094	-0.44457998677803756
23.08898875	0.54	-7.0141518087041925	-0.2805660723481677
23.08901839	0.52	-1.8370842707669284	-0.07348337083067713
23.0889203	0.47	-6.230266370741205	-0.24921065482964821
23.08902241	0.54	-5.6530914447919365	-0.22612365779167745
38.23	0.54	-13.192089826308042	-0.5276835930523217
10.3108245	0.97	-0.4694331216243615	-0.01877732486497446
10.3108245	0.96	-9.955907229145923	-0.3982362891658369
10.3108232	0.97	-4.599707072625016	-0.18398828290500063
10.31054141	0.92	-5.091649593186147	-0.20366598372744588
10.3108232	0.92	-2.1711997047530396	-0.08684798819012159
25.38413	1.08	-25.516401434866587	-1.0206560573946635
25.3842686	1.07	-2.9889178913377776	-0.11955671565351111
25.3842686	1.07	-5.8102719633234186	-0.23241087853293674
25.38408965	1.01	-12.160736807146886	-0.48642947228587546
16.3583055	1.37	-0.1535465246753966	-0.006141860987015864
16.3583055	1.36	-19.797710457902696	-0.7919084183161078
16.35834	1.03	-1.6050060635715602	-0.06420024254286241
16.3583055	1.11	-9.197147672019348	-0.36788590688077394
13.9093583	0.93	-19.431790222683354	-0.7772716089073342
13.9093583	1.26	-1.2099945283222389	-0.048399781132889556
13.9093583	0.93	-0.9772652076951347	-0.03909060830780539
13.90910812	1.16	-21.222792574187146	-0.8489117029674859
13.9093544	1.16	-2.079739860103826	-0.08318959440415304
13.9093544	1.13	-1.3006693755827896	-0.052026775023311586
15.36262753	0.78	-4.132736871480363	-0.16530947485921452
2.88878583	1.14	-1.2249049156775844	-0.048996196627103375
2.88879862	0.94	-6.899684246795676	-0.27598736987182704
2.88879862	0.94	-3.8563257374256787	-0.15425302949702716
2.88880143	0.98	-9.187519682879417	-0.3675007873151767
2.888796	0.96	-4.193049971425892	-0.16772199885703568
6.73972381	1.02	-15.181830328178181	-0.6072732131271272
6.73972381	1.0	-14.992432106186671	-0.5996972842474668
6.73968289	0.98	-19.061531107300507	-0.7624612442920203
6.73968289	0.92	-7.85098730051568	-0.3140394920206272
6.739726	0.93	-10.872700686309143	-0.43490802745236573
6.73972381	1.0	-13.2765633885107	-0.531062535540428
2.27952666	0.76	-5.74882913304417	-0.2299531653217668
2.279533	0.73	-5.74645118367067	-0.2298580473468268
2.27952336	0.82	-24.49134165388462	-0.9796536661553849
2.27952521	0.82	-7.7595534219125755	-0.310382136876503
12.28566963	0.59	-5.585227433270336	-0.22340909733081343
12.2854603	0.54	-2.2877022076695743	-0.09150808830678298
12.2854603	0.54	-11.456439421504125	-0.45825757686016505
12.2854603	0.54	-3.683312951282522	-0.14733251805130088
12.28549	0.52	-6.873707522046753	-0.2749483008818701
12.2854603	0.63	-6.174671843505075	-0.246986873740203
5.53609368	0.6	-18.004357996816964	-0.7201743198726785
5.53608151	0.54	-7.356437699050537	-0.2942575079620215
5.53608151	0.54	-9.579900248699062	-0.3831960099479625
5.53610698	0.59	-0.3211030429060062	-0.01284412171624025
20.95687154	0.59	-3.4090629864323057	-0.13636251945729222
20.9569985	0.59	-8.140876800262191	-0.32563507201048764
20.9569985	0.6	-13.118054440100384	-0.5247221776040154
20.9568158	0.54	-10.689817440941694	-0.4275926976376678
37.6333868	0.59	-2.825655559667018	-0.11302622238668071
37.63436421	0.59	-1.5854281711722347	-0.06341712684688938
37.6327084	0.54	-3.580861999148961	-0.14323447996595845
37.6333868	0.6	-5.704163471666636	-0.22816653886666544
37.6327084	0.54	-3.173713509083808	-0.12694854036335232
99.2530951	0.76	-2.3918541138387086	-0.09567416455354835
99.2532336	0.8	-8.274684093637386	-0.3309873637454955
99.2530951	0.76	-2.629153910908907	-0.10516615643635628
99.2530951	0.81	-7.924015227887027	-0.3169606091154811
99.2530951	0.76	-1.1027654770110478	-0.044110619080441914
99.25266792	0.8	-3.492458937608421	-0.13969835750433685
99.2530951	0.76	-21.51916176579408	-0.8607664706317633
15.77111583	1.05	-7.909874151221893	-0.31639496604887574
15.77111067	0.98	-2.6442231662728024	-0.1057689266509121
15.77111551	0.98	-18.15858714254212	-0.7263434857016848
15.77113394	0.98	-2.3694503039751433	-0.09477801215900573
15.771019	1.08	-16.125170289593992	-0.6450068115837597
15.77111583	1.08	-13.670329406846399	-0.546813176273856
15.77111583	1.08	-1.002222578354536	-0.04008890313418144
157.0654802	1.04	-2.6163850234269934	-0.10465540093707974
157.06472571	0.98	-0.9782595675046223	-0.039130382700184894
157.06511568	0.98	-5.4190340781368285	-0.21676136312547314
157.0659976	1.02	-12.428891362507922	-0.4971556545003169
157.0654802	1.04	-11.500491898994788	-0.46001967595979154
7.30569992	1.08	-19.564623592781114	-0.7825849437112445
7.30569992	1.04	-2.6413760806300064	-0.10565504322520025
7.30570633	1.02	-2.870324972528981	-0.11481299890115924
7.30569992	1.04	-2.8191688939647355	-0.11276675575858942
7.30569992	1.08	-8.908659768314294	-0.3563463907325718
7.305685	1.08	-11.27283176183662	-0.45091327047346486
6.48021673	0.86	-10.665189811338731	-0.42660759245354923
6.4802138	0.94	-1.83766534012618	-0.0735066136050472
6.480178	0.95	-18.367791349906845	-0.7347116539962738
6.48026236	0.94	-5.193715158038905	-0.2077486063215562
54.4092333	0.98	-18.342712624841727	-0.7337085049936691
54.4092333	0.98	-23.780291440323765	-0.9512116576129506
54.4092333	0.98	-3.779304162873557	-0.15117216651494228
54.40972	1.0	-1.0926983775583439	-0.043707935102333756
54.4092333	1.22	-6.299868489863247	-0.2519947395945299
54.41015237	0.98	-34.51682448530388	-1.3806729794121553
54.4092333	1.03	-0.21338023759345254	-0.008535209503738102
54.4099612	0.95	-4.174845760104809	-0.16699383040419236
54.40946555	0.98	-3.9668585621327295	-0.15867434248530918
15.1410397	0.98	-0.38379730021219266	-0.015351892008487706
15.1410397	0.88	-5.370553964151265	-0.21482215856605058
2.44357812	0.91	-9.23709655027054	-0.36948386201082156
2.44357812	0.91	-8.965100978035766	-0.35860403912143063
2.44358543	0.85	-1.1221596108136889	-0.044886384432547555
3.93766373	1.33	-6.959393697893449	-0.278375747915738
3.93766373	1.41	-16.507454817483694	-0.6602981926993478
3.9376496	1.36	-2.406901044033556	-0.09627604176134223
3.7847507	1.13	-2.8444706198389853	-0.11377882479355941
3.784706	1.4	-12.112682493421563	-0.4845072997368625
3.7847507	1.13	-13.809895287885972	-0.5523958115154389
3.78470649	1.15	-1.233284733099636	-0.04933138932398544
3.78470649	1.3	-20.696366023636784	-0.8278546409454713
3.78470649	1.3	-5.7571836723622525	-0.2302873468944901
18.2206024	1.12	-4.056755949669363	-0.1622702379867745
18.2206024	1.06	-7.339411973302295	-0.2935764789320918
18.2206421	1.09	-10.199369919133634	-0.40797479676534537
18.22077	1.11	-10.566741568138141	-0.42266966272552564
18.2206421	1.09	-1.6954467169568215	-0.06781786867827286
47.449955	1.02	-13.693717202969175	-0.547748688118767
47.449955	0.87	-5.719017090564972	-0.2287606836225989
47.449955	1.09	-6.575673707725047	-0.26302694830900186
47.449955	0.87	-10.721371425645401	-0.42885485702581605
47.4490883	1.19	-15.86789161127546	-0.6347156644510185
2.78815679	1.01	-13.480376823737895	-0.5392150729495159
2.78815679	1.02	-17.581653197997596	-0.7032661279199038
2.78815679	1.01	-12.288184914165715	-0.4915273965666286
2.7881793	1.03	-2.916106468147606	-0.11664425872590424
4.13827595	1.13	-6.4750774772951365	-0.25900309909180547
4.13827595	1.02	-13.166256975901373	-0.5266502790360549
4.13827471	1.11	-6.172411838829044	-0.24689647355316177
4.13827684	1.03	-6.818032492406309	-0.27272129969625236
1.638626	1.08	-13.417853495281758	-0.5367141398112704
1.63865306	0.97	-5.149830548573007	-0.2059932219429203
6.7901208	1.31	-10.079631570003935	-0.4031852628001574
6.790123	1.51	-2.2958808348641813	-0.09183523339456726
6.7901216	1.39	-6.294912074847877	-0.2517964829939151
6.7901216	1.39	-12.5140611216911	-0.500562444867644
6.790123	1.32	-5.2759390403593045	-0.21103756161437218
6.7901235	1.37	-2.637945969234549	-0.10551783876938195
6.7901216	1.39	-4.950440671761787	-0.19801762687047147
3.25427405	1.15	-0.15103014490879296	-0.006041205796351719
3.25426155	1.15	-13.033937207190208	-0.5213574882876083
3.254282	1.21	-2.9274730048711786	-0.11709892019484715
3.25427405	1.04	-2.623263552156766	-0.10493054208627065
3.25427405	1.15	-5.565484780805699	-0.22261939123222796
91.3515867	1.04	-5.83814232431071	-0.23352569297242842
91.3515867	1.15	-7.384102280105695	-0.2953640912042278
91.3514816	1.15	-3.2125072724403156	-0.12850029089761264
91.3515867	1.15	-9.461102910461157	-0.37844411641844633
91.3515867	1.15	-3.1489459204168346	-0.12595783681667339
91.35220192	1.15	-11.622957885949315	-0.46491831543797263
91.3525	1.21	-7.797953591331253	-0.3119181436532501
9.06689421	0.74	-4.944579071036879	-0.19778316284147515
9.066878	0.93	-31.619391234612905	-1.2647756493845161
9.06689421	0.74	-14.553140695340911	-0.5821256278136364
9.06689421	0.74	-4.881272931354169	-0.19525091725416677
9.06689421	0.83	-16.502226721986514	-0.6600890688794605
11.20058855	0.98	-4.753068461399593	-0.19012273845598374
11.20066445	1.07	-13.067157051214227	-0.5226862820485692
11.20066445	0.98	-8.023242924728319	-0.32092971698913275
11.20066445	0.98	-15.32376561702679	-0.6129506246810716
2.03387483	0.91	-1.3560547718792	-0.054242190875168
2.03388113	0.91	-1.7865820225548636	-0.07146328090219455
2.03387914	0.88	-9.05970303834699	-0.3623881215338796
2.03387483	1.07	-4.070067761954714	-0.1628027104781886
5.19492202	1.31	-2.906408989609874	-0.11625635958439495
5.19492202	1.11	-5.741463852944032	-0.2296585541177613
5.19492747	1.29	-3.6527439291328556	-0.14610975716531424
5.194928	1.15	-13.840544172737946	-0.5536217669095178
5.19492202	1.31	-14.565882555778071	-0.5826353022311228
15.9314412	0.79	-8.181925872295045	-0.3272770348918018
15.9314739	0.78	-6.202192243346603	-0.2480876897338641
15.9314739	0.78	-0.5136326335791854	-0.020545305343167418
15.93133217	0.86	-8.755071425347566	-0.35020285701390264
28.22749654	1.0	-4.978593391285772	-0.19914373565143087
28.2274184	0.93	-8.887738166127484	-0.3555095266450994
28.2274184	0.93	-12.670450248390784	-0.5068180099356314
28.2274184	0.93	-3.658436934649256	-0.14633747738597022
28.227413	1.0	-18.829479026332624	-0.753179161053305
11.629096	1.03	-12.908473413144772	-0.5163389365257909
11.62905828	1.05	-27.315544599982587	-1.0926217839993035
11.62905828	0.96	-1.054379551715762	-0.042175182068630475
11.62904159	0.94	-5.549854538375684	-0.22199418153502737
20.0711504	1.1	-18.444402253947686	-0.7377760901579075
20.0711504	1.1	-23.777322585104663	-0.9510929034041865
20.0711504	1.1	-6.581775134968561	-0.26327100539874243
20.07073242	1.04	-22.608997613277236	-0.9043599045310895
20.0708757	1.04	-8.295764714901106	-0.33183058859604425
2.99792926	1.14	-8.046498257368237	-0.3218599302947295
2.99793191	1.07	-7.526040674814052	-0.3010416269925621
2.99793191	1.07	-5.211697766746682	-0.20846791066986728
2.99793191	1.21	-7.579076294052607	-0.3031630517621043
0.76486467	0.84	-1.638355642665481	-0.06553422570661924
0.76486352	0.81	-0.955158644675618	-0.03820634578702472
0.76486493	0.81	-7.148298580454952	-0.2859319432181981
0.7648651	0.77	-11.038093936830098	-0.44152375747320394
0.76486493	0.85	-9.589506186297944	-0.38358024745191777
0.76486352	0.84	-11.085940785062299	-0.4434376314024919
3.10763919	0.79	-13.905721437484761	-0.5562288574993904
3.10763873	0.88	-11.80484672150292	-0.47219386886011677
3.10762684	0.82	-12.290572354691543	-0.49162289418766175
7.01062745	0.94	-6.653679381434882	-0.2661471752573953
7.0106324	0.82	-2.3152251948770495	-0.09260900779508198
7.01062745	0.94	-13.373599498534002	-0.5349439799413601
60.866168	0.63	-6.600771674547043	-0.2640308669818817
60.866168	0.54	-10.148093806022455	-0.4059237522408982
60.86628	0.59	-10.449510862856345	-0.4179804345142538
86.1150888	1.15	-1.463612361340582	-0.05854449445362328
86.1150888	1.15	-4.630941418883296	-0.18523765675533185
86.1160885	1.15	-4.584621587099646	-0.18338486348398583
86.11579044	1.03	-15.082608130153872	-0.6033043252061548
86.1150888	1.15	-10.514711993238176	-0.42058847972952706
86.1160885	1.03	-2.8454050829017223	-0.1138162033160689
86.11573945	1.03	-13.513830631359276	-0.5405532252543711
3.6146051	0.86	-19.323035928166767	-0.7729214371266707
3.614599	1.05	-0.8687784260845908	-0.03475113704338363
3.6146051	1.0	-2.7445378485275667	-0.10978151394110267
3.61460332	1.04	-4.736220023213786	-0.18944880092855143
3.6146051	0.86	-4.706317748881135	-0.1882527099552454
3.61461394	1.04	-14.004469315417408	-0.5601787726166964
13.1829642	0.93	-1.3214423228120569	-0.052857692912482275
13.1829642	0.93	-21.151739254435082	-0.8460695701774033
13.18309	0.91	-11.7339184808592	-0.46935673923436805
3.51576315	0.83	-2.2616710336744577	-0.09046684134697831
3.51577278	0.81	-14.96976976340124	-0.5987907905360497
3.51576315	0.83	-0.4787799354814805	-0.01915119741925922
3.51576315	0.83	-6.877559880599259	-0.27510239522397034
0.63642408	0.89	-1.5162113926980096	-0.060648455707920386
0.6364255	0.78	-8.087681659208604	-0.32350726636834415
0.63642485	0.99	-8.876874481423613	-0.35507497925694453
0.63642408	0.99	-8.833433039515233	-0.3533373215806093
0.63642408	0.99	-1.1456298800974163	-0.045825195203896656
0.63642408	0.93	-2.3146017428909778	-0.09258406971563911
1.49514952	0.91	-2.103817063118287	-0.08415268252473147
1.49514952	1.09	-2.214310410971273	-0.08857241643885091
1.4951513	1.01	-8.292302786867833	-0.3316921114747133
1.49514952	0.91	-2.194234479266638	-0.08776937917066553
1.49514952	0.91	-3.8365593038308963	-0.15346237215323585
20.3505213	0.94	-21.04283047469203	-0.8417132189876811
20.3505213	1.02	-8.572578838135847	-0.3429031535254339
20.3504704	1.03	-2.8298437150689653	-0.11319374860275862
20.3505213	0.94	-14.985021478600235	-0.5994008591440094
20.3505213	0.94	-3.9192200161584556	-0.15676880064633822
20.35094013	1.03	-1.4289937506098287	-0.05715975002439315
22.47697	0.69	-4.410280317364465	-0.1764112126945786
22.4764425	0.59	-15.496389643776766	-0.6198555857510707
22.4764425	0.59	-3.8429479422252557	-0.15371791768901022
42.5217006	1.01	-11.658290647694509	-0.4663316259077804
42.5215895	1.01	-5.422778719789478	-0.21691114879157913
42.52152413	1.01	-15.937563150767305	-0.6375025260306922
42.52146	1.01	-2.161168586815427	-0.08644674347261708
42.52296703	1.01	-15.561444782640637	-0.6224577913056255
42.5217006	1.01	-22.112873503864748	-0.88451494015459
2.02414559	1.06	-7.429830028545631	-0.29719320114182524
2.02414559	0.93	-13.081501923852217	-0.5232600769540887
2.02414638	1.04	-16.10343923740856	-0.6441375694963424
2.0241346	0.99	-7.727660869632949	-0.30910643478531796
4.7617059	1.04	-7.440164078440563	-0.2976065631376225
4.76170526	0.93	-6.3578108056513525	-0.2543124322260541
4.76170526	0.98	-17.280303023237412	-0.6912121209294965
4.76170526	0.93	-2.2412079288276368	-0.08964831715310548
4.76170526	1.06	-7.411926106015059	-0.2964770442406024
41.8087668	0.93	-17.632679322991585	-0.7053071729196634
41.8100441	1.04	-7.340567371789594	-0.29362269487158377
41.8085031	1.0	-10.877025546775862	-0.4350810218710345
6.69960006	0.82	-6.502785751445038	-0.2601114300578015
6.699662	0.82	-4.167640724065734	-0.16670562896262936
6.69953681	0.93	-8.422523313813196	-0.33690093255252784
6.9131732	1.23	-7.127422853928968	-0.2850969141571587
6.9131112	1.17	-14.373488419337486	-0.5749395367734994
6.9131112	1.17	-0.82147980584351	-0.0328591922337404
6.9131732	1.23	-3.8397564189730815	-0.15359025675892327
18.6052046	1.12	-10.86652779191875	-0.43466111167675003
18.6051942	1.31	-7.92444784155142	-0.3169779136620568
18.6051942	1.15	-8.839522234846665	-0.3535808893938666
18.60392687	1.12	-0.33301335702019086	-0.013320534280807634
18.6052046	1.3	-15.838610990808595	-0.6335444396323439
23.955378	0.93	-15.50527070904989	-0.6202108283619956
23.9553986	0.93	-1.4856597917499683	-0.05942639166999873
23.955378	0.93	-15.113947263280387	-0.6045578905312156
23.955378	0.79	-4.4779431020513005	-0.17911772408205204
29.6091744	0.86	-6.321502616612572	-0.25286010466450287
29.6091744	1.05	-9.06195782481007	-0.36247831299240285
29.6091744	0.86	-13.838438843066655	-0.5535375537226662
29.6091744	0.86	-0.13895689417664797	-0.005558275767065919
14.4541302	0.71	-7.285574894199119	-0.29142299576796477
14.4540329	0.71	-0.3133916116933909	-0.012535664467735637
14.45414	0.89	-6.5246624135792946	-0.2609864965431718
14.4541302	0.71	-17.217164900003894	-0.6886865960001558
14.4541302	0.95	-12.588866914847028	-0.5035546765938811
14.2563272	1.09	-5.149181217537519	-0.20596724870150077
14.2563227	1.02	-10.874737222326639	-0.43498948889306555
14.25624	1.07	-3.783994814158297	-0.1513597925663319
14.2563227	1.09	-11.852562263044776	-0.47410249052179104
0.96898078	1.08	-7.775003339942421	-0.31100013359769685
0.96897238	1.07	-10.531095764478614	-0.4212438305791446
10.6761592	1.39	-19.08287302935081	-0.7633149211740324
10.676126	1.01	-16.26833775869141	-0.6507335103476564
10.67607169	1.15	-16.880467636395693	-0.6752187054558277
10.67607169	1.58	-3.692471891210866	-0.14769887564843465
10.676185	1.23	-14.486670847152721	-0.5794668338861089
10.67607169	1.15	-4.1379261872107715	-0.16551704748843085
10.67607169	1.15	-5.471153739990042	-0.2188461495996017
4.48487493	1.09	-11.2257484267835	-0.44902993707134004
4.48487493	1.09	-2.9309193917858236	-0.11723677567143295
4.48487493	1.09	-11.813139335279455	-0.47252557341117823
4.48490091	1.07	-2.490894852264385	-0.0996357940905754
4.48494315	1.07	-6.319641013697547	-0.25278564054790187
4.48487493	1.05	-24.198273740185115	-0.9679309496074047
4.484904	1.1	-4.34491712710344	-0.17379668508413762
4.48494315	1.1	-1.8051033555830183	-0.07220413422332073
16.00749754	0.99	-12.446027079624642	-0.4978410831849857
16.00749754	0.99	-6.628461480591555	-0.2651384592236622
16.00747237	1.05	-15.832314658746451	-0.6332925863498581
16.00749754	1.06	-1.6858013658916924	-0.06743205463566769
16.00754	1.01	-2.440513081727046	-0.09762052326908185
16.00749754	0.98	-13.374495671702489	-0.5349798268680995
27.08239734	1.05	-0.43951170291565217	-0.017580468116626086
27.08247084	0.99	-2.7045518047620436	-0.10818207219048175
27.08247084	0.99	-12.713742869141822	-0.5085497147656729
27.08216	1.01	-4.210905112477969	-0.16843620449911875
27.08247084	0.98	-4.270505933519631	-0.17082023734078525
27.08247084	0.99	-5.438843030963851	-0.21755372123855407
2.46050095	0.62	-11.955273391800372	-0.4782109356720149
2.46050993	0.62	-1.598816318206057	-0.06395265272824228
2.46050993	0.62	-14.775110697863303	-0.5910044279145321
5.86601526	1.05	-1.3116422552513132	-0.052465690210052526
5.86601519	1.0	-16.58848898953367	-0.6635395595813468
5.866033	1.0	-15.58668687059362	-0.6234674748237449
5.8660127	1.05	-18.290090410937065	-0.7316036164374826
5.86601526	1.05	-11.73886926599245	-0.469554770639698
23.90956133	1.07	-6.328926163675031	-0.2531570465470012
23.9107056	1.14	-9.553870203767136	-0.3821548081506855
23.91103	1.14	-2.5919123651115092	-0.10367649460446038
23.9107056	1.07	-2.0415216227869197	-0.0816608649114768
23.9109011	1.08	-3.135284503371785	-0.1254113801348714
23.9109011	1.08	-8.461924500197393	-0.3384769800078957
4.13592271	1.11	-18.56570977197833	-0.7426283908791332
4.13592271	1.11	-11.015327208746536	-0.44061308834986146
4.13592271	1.11	-7.774235481493601	-0.3109694192597441
4.13592927	1.07	-8.947985999284757	-0.3579194399713903
8.05333618	1.47	-0.6550449762227044	-0.026201799048908177
8.05333618	1.06	-9.72324036419486	-0.3889296145677944
8.05337912	1.47	-7.386263980337588	-0.2954505592135035
8.05333618	1.06	-12.919360592451158	-0.5167744236980463
8.05337912	1.13	-0.9655967771769642	-0.03862387108707857
8.05286361	1.13	-14.08434562954481	-0.5633738251817925
4.453434	1.25	-3.218882528653808	-0.12875530114615233
4.45343281	1.09	-10.31517712573778	-0.4126070850295112
4.45343281	1.24	-2.316227486135101	-0.09264909944540405
4.45342418	1.26	-10.436311323789718	-0.4174524529515887
4.45343281	1.21	-6.696572499876951	-0.26786289999507806
4.45342418	1.09	-4.684006363610865	-0.1873602545444346
9.705716	0.97	-8.89963009102632	-0.35598520364105285
9.705716	0.97	-3.5577247363702966	-0.14230898945481188
9.705693	1.06	-7.288863877132944	-0.29155455508531775
9.705716	0.97	-4.277606264315226	-0.17110425057260906
10.9295461	0.93	-17.706391991432266	-0.7082556796572906
10.9295461	0.97	-3.0779850666323125	-0.1231194026652925
10.9294815	0.96	-1.0006132315883696	-0.04002452926353478
10.92944	0.97	-9.053402167070725	-0.36213608668282904
10.9295461	0.97	-5.005238833212632	-0.20020955332850526
10.9295461	0.97	-0.5761383218960621	-0.023045532875842482
2.31942009	0.97	-2.718118110518979	-0.10872472442075916
2.319426	0.88	-0.30628310101030803	-0.012251324040412322
2.31942009	0.89	-6.749223252383828	-0.2699689300953531
2.31941571	0.94	-14.144543866584005	-0.5657817546633602
2.31941571	1.02	-9.689110184023765	-0.3875644073609506
8.07392849	0.4	-0.4957595896929447	-0.019830383587717788
8.07392849	0.46	-4.1241290962550625	-0.16496516385020252
8.07394097	0.43	-5.131568436203029	-0.20526273744812115
8.07392849	0.4	-2.124101260050606	-0.08496405040202425
5.88527364	1.12	-9.206545230816229	-0.3682618092326492
5.88527364	1.07	-13.285631948538983	-0.5314252779415594
5.88528169	1.05	-0.6147438685115254	-0.024589754740461017
5.88528169	1.06	-4.550400720640702	-0.18201602882562806
5.885	1.13	-3.2425937993546325	-0.1297037519741853
5.88528169	1.06	-4.534067466108997	-0.1813626986443599
10.10463505	1.06	-24.473402756246458	-0.9789361102498583
10.104648	1.15	-10.770595111367655	-0.4308238044547062
10.10455485	1.12	-13.254847898126187	-0.5301939159250475
10.10463505	1.06	-8.166311676408151	-0.32665246705632606
10.105	1.13	-8.94315280537064	-0.35772611221482564
10.10463142	1.07	-2.6165353682310055	-0.10466141472924022
39.8573627	1.01	-11.072831274695913	-0.4429132509878365
39.859505	1.01	-26.971751246876856	-1.0788700498750743
39.859484	1.08	-21.75496723539373	-0.8701986894157492
39.859484	0.95	-15.35212931886199	-0.6140851727544796
39.85969074	1.01	-11.124458693260575	-0.444978347730423
39.4419839	1.0	-6.736246371143423	-0.2694498548457369
39.44092848	0.98	-12.622360373364295	-0.5048944149345718
39.4419839	0.91	-15.658480901829442	-0.6263392360731777
39.43986217	0.98	-6.458573465164997	-0.25834293860659985
39.44131	0.97	-0.2045472570022629	-0.008181890280090516
39.4419839	0.91	-0.9059159555839368	-0.03623663822335747
81.4162941	1.08	-5.549979614298056	-0.22199918457192225
81.4162941	1.08	-18.783613110255104	-0.7513445244102042
81.4160138	1.31	-5.494411411885518	-0.21977645647542074
81.41635082	1.31	-1.0287532257497052	-0.04115012902998821
81.41765841	1.31	-15.848892761920013	-0.6339557104768005
2.41811321	1.03	-1.4905973990001575	-0.0596238959600063
2.41810158	1.14	-7.518319531679915	-0.3007327812671966
2.41811321	1.19	-11.218237413393656	-0.44872949653574623
2.41810158	1.26	-9.735813708311445	-0.38943254833245783
33.42035034	0.99	-2.1242158107375086	-0.08496863242950035
33.4203001	0.98	-9.601030380620754	-0.3840412152248302
33.4203001	1.01	-13.680832620724324	-0.5472333048289729
33.42044377	1.01	-8.894370387079693	-0.35577481548318773
33.42035034	0.99	-2.653082676051406	-0.10612330704205623
10.60052251	1.04	-6.671403592938869	-0.2668561437175548
10.60052251	1.01	-22.942246748931318	-0.9176898699572528
10.60052083	1.18	-8.422968534300914	-0.33691874137203653
10.60047702	1.18	-19.857406437549898	-0.794296257501996
10.60052083	1.01	-8.531596115420522	-0.34126384461682086
10.60052251	1.13	-2.178025650103688	-0.08712102600414752
0.68996783	0.78	-10.184415365226737	-0.4073766146090695
0.68996783	0.97	-13.96423663629745	-0.558569465451898
0.68996783	0.97	-17.354404767059027	-0.694176190682361
0.68996758	0.77	-9.286868622529452	-0.3714747449011781
0.68996787	0.81	-14.895463202693161	-0.5958185281077265
56.6747285	0.97	-1.1940966737490428	-0.047763866949961716
56.6747285	1.03	-10.48952056824815	-0.419580822729926
56.6746666	1.0	-2.340170019724151	-0.09360680078896604
12.27065865	1.05	-15.947792709761302	-0.6379117083904521
12.27057043	1.05	-18.50480356506739	-0.7401921426026956
12.27065865	0.95	-14.32584583169087	-0.5730338332676348
12.27057043	1.04	-3.3546862097460806	-0.13418744838984323
13.22742265	1.05	-10.698852185275598	-0.4279540874110239
13.2274528	1.24	-1.2267934289707578	-0.049071737158830314
13.2274528	1.08	-3.470936120578984	-0.13883744482315938
13.2274528	1.24	-21.222213986481442	-0.8488885594592577
13.2274753	1.24	-12.454452837251559	-0.49817811349006236
22.95059544	1.14	-6.007168190947325	-0.240286727637893
22.95049567	1.14	-15.883666589813	-0.63534666359252
22.95068896	1.32	-0.8859177956043724	-0.0354367118241749
22.95062278	1.14	-21.15590602304224	-0.8462362409216897
22.95068896	1.31	-4.2544139517987	-0.170176558071948
22.95068896	1.32	-9.872757508646135	-0.3949103003458454
22.95036	1.28	-20.018338532250514	-0.8007335412900206
42.88247951	1.14	-18.021855935067798	-0.720874237402712
42.88232415	1.32	-5.646778229939384	-0.22587112919757538
42.88232415	1.37	-2.3425434568959855	-0.09370173827583943
42.88232415	1.32	-1.795242053610217	-0.07180968214440868
42.88250524	1.14	-16.942420835180496	-0.6776968334072199
42.88232415	1.32	-2.5024723908347433	-0.10009889563338974
42.88247951	1.24	-11.570777253803659	-0.46283109015214635
42.882	1.32	-5.393605746715441	-0.21574422986861763
42.88254	1.14	-8.383425956978162	-0.3353370382791265
42.88233549	1.14	-25.134363372923445	-1.0053745349169378
54.50894148	0.72	-5.908000673674216	-0.23632002694696866
54.5094166	0.61	-1.0541038158413032	-0.04216415263365213
54.5094166	0.61	-16.994453242306797	-0.6797781296922719
54.5094166	0.71	-9.589772500275227	-0.3835909000110091
54.5091549	0.62	-9.693116642079053	-0.3877246656831621
54.5091549	0.72	-4.731582980632507	-0.1892633192253003
54.5094166	0.61	-6.788326908545709	-0.2715330763418284
35.622233	0.97	-2.5285186356805456	-0.10114074542722183
35.62219812	0.98	-17.159559235849894	-0.6863823694339958
35.6225528	0.97	-2.0603545603420717	-0.08241418241368287
35.622233	0.97	-3.1321540003445407	-0.12528616001378162
42.91376733	1.07	-8.199380459507797	-0.3279752183803119
42.9136635	1.07	-1.8661592049294464	-0.07464636819717786
42.913751	1.07	-15.251546559921044	-0.6100618623968418
42.9136635	1.42	-16.834192218542878	-0.6733676887417152
42.91411148	1.07	-11.340553805710215	-0.4536221522284086
42.913751	1.07	-8.864071285363591	-0.3545628514145437
47.1611696	1.07	-11.469764366840316	-0.45879057467361267
47.1611696	0.97	-22.260664594635216	-0.8904265837854086
47.16123646	0.99	-12.05326663655638	-0.4821306654622552
47.0319479	0.82	-12.502858783039674	-0.500114351321587
47.0319479	0.9	-0.5756873264943273	-0.023027493059773092
47.0319479	0.82	-5.253318543327214	-0.21013274173308855
47.03006322	0.94	-6.5883960241997475	-0.2635358409679899
47.03090296	0.94	-13.376081251916123	-0.5350432500766449
47.0320478	0.94	-28.928318762854786	-1.1571327505141915
49.27676	0.57	-7.667342891565559	-0.3066937156626224
49.276764	0.55	-18.835276942823906	-0.7534110777129562
49.276764	0.55	-6.718216767111055	-0.2687286706844422
49.276764	0.55	-7.293249181111371	-0.2917299672444548
49.2765566	0.57	-0.7559126599914289	-0.030236506399657154
49.2768448	0.53	-5.966818969436082	-0.23867275877744326
18.1373829	0.59	-1.5647671462250412	-0.06259068584900165
18.13757382	0.64	-8.648942717467309	-0.34595770869869236
18.1373829	0.64	-24.99807023902322	-0.9999228095609288
18.1373788	0.64	-11.366682862976116	-0.4546673145190447
51.1104797	1.05	-10.158006437841683	-0.40632025751366735
51.1110243	0.97	-0.847477063330774	-0.03389908253323096
51.1110243	0.94	-5.818654906798899	-0.23274619627195595
51.11000858	1.05	-16.4832057968137	-0.659328231872548
51.1110243	1.01	-14.136914801184531	-0.5654765920473812
51.11086573	1.05	-7.928590523530202	-0.31714362094120807
47.9869119	0.9	-29.378740918666868	-1.1751496367466747
47.9872764	0.89	-13.819909705248806	-0.5527963882099522
47.9869119	0.98	-2.70872608323408	-0.10834904332936321
47.9872764	0.96	-10.434396477304327	-0.4173758590921731
47.98669469	0.98	-14.136440287088723	-0.5654576114835489
47.9872764	0.9	-17.54732867790843	-0.7018931471163371
47.9872764	0.9	-16.081321860259973	-0.6432528744103989
62.869463	0.76	-18.694001849232773	-0.747760073969311
62.86862572	0.76	-12.570086566664292	-0.5028034626665717
62.8691611	0.82	-1.7671724464365333	-0.07068689785746134
62.8691611	0.82	-5.376952487241603	-0.2150780994896641
62.869463	0.76	-4.324322006857773	-0.1729728802743109
31.15879749	0.99	-19.65066143527519	-0.7860264574110076
31.15879749	1.1	-4.371472606880413	-0.17485890427521653
31.15877609	1.08	-13.503042198370412	-0.5401216879348165
31.15879749	1.08	-4.143210207318839	-0.16572840829275357
31.1588249	1.08	-16.77783404959358	-0.6711133619837432
76.7324556	1.01	-14.546856530298216	-0.5818742612119286
76.7325168	0.99	-8.005737477308765	-0.3202294990923506
76.7325168	0.99	-10.604130306211708	-0.4241652122484683
76.7325168	1.08	-11.29420064307748	-0.45176802572309915
76.73269674	1.08	-6.288215316881883	-0.2515286126752753
76.73246607	1.08	-3.4664103391742906	-0.13865641356697164
76.7325168	1.1	-7.433466867359567	-0.2973386746943827
29.9632816	0.68	-12.890835025984625	-0.515633401039385
29.9633247	0.62	-25.355321362356168	-1.0142128544942468
29.3494775	0.77	-0.4397253911657466	-0.017589015646629864
29.3494775	0.79	-3.5538367471070997	-0.14215346988428398
29.3494775	0.77	-5.403059359730826	-0.21612237438923307
29.3493852	0.78	-3.650713902682439	-0.14602855610729756
65.6488341	0.92	-10.544233182444033	-0.42176932729776134
65.6491001	0.92	-3.6985709334398065	-0.14794283733759225
65.64890923	0.94	-7.781255298746437	-0.31125021194985747
65.6488341	0.92	-18.0063791471449	-0.7202551658857961
65.6488341	1.0	-11.94483910502005	-0.477793564200802
65.6488341	0.92	-8.221705348765244	-0.3288682139506098
65.64866461	0.94	-10.882629597817429	-0.4353051839126972
25.15864	1.02	-4.412708389069129	-0.17650833556276518
25.1593389	0.98	-3.9039948269953633	-0.15615979307981454
25.1593389	1.02	-1.5760172470560878	-0.06304068988224351
25.15864	0.96	-8.45548411898699	-0.33821936475947956
31.7785901	1.02	-6.520866971262217	-0.26083467885048867
31.7785901	1.07	-5.474968002682125	-0.21899872010728502
5.32786292	0.77	-5.165501326314477	-0.20662005305257908
5.32784157	1.0	-11.22291856966006	-0.44891674278640237
5.32786292	0.77	-6.7493460174325905	-0.2699738406973036
5.32786292	1.07	-25.944798572809326	-1.037791942912373
5.32783088	1.0	-16.851014270050417	-0.6740405708020167
31.82763672	0.72	-4.466833357604937	-0.1786733343041975
31.8277111	0.67	-3.858951945819807	-0.1543580778327923
31.827649	0.96	-0.13082264359335088	-0.005232905743734036
31.1750448	1.0	-7.958552980699549	-0.318342119227982
31.1750448	1.01	-30.36563121879375	-1.2146252487517502
31.1749846	1.0	-0.7475432031860839	-0.029901728127443357
31.1750448	0.8	-17.49013702344873	-0.6996054809379493
47.0568476	0.91	-16.869820313761164	-0.6747928125504465
47.0569043	0.86	-5.594980397156282	-0.22379921588625126
8.23977161	1.03	-4.359465222324945	-0.1743786088929978
8.23989847	1.03	-9.904546365618172	-0.3961818546247269
8.23983041	1.03	-5.156376873801968	-0.20625507495207873
8.23984869	1.02	-6.37511941312737	-0.2550047765250948
3.54553077	1.03	-10.102769577530939	-0.40411078310123755
3.54553077	1.07	-11.819022437268185	-0.4727608974907274
3.54553021	1.02	-1.3879715869711424	-0.0555188634788457
3.54553021	1.04	-10.700710118411157	-0.4280284047364463
3.54553021	1.02	-13.717601806464533	-0.5487040722585813
3.54549347	1.03	-10.083687131365714	-0.4033474852546286
3.54553021	1.02	-8.559106327807655	-0.34236425311230617
19.5906167	1.02	-16.94259742534454	-0.6777038970137816
19.59060056	1.03	-8.940739979375762	-0.35762959917503045
19.5906167	1.02	-3.864624038355142	-0.15458496153420567
19.5906167	1.02	-7.9929761402849655	-0.31971904561139863
19.5906103	1.07	-14.085763241635938	-0.5634305296654375
19.5906103	1.03	-0.8300362680519517	-0.03320145072207807
21.8635301	0.88	-6.566558467110155	-0.2626623386844062
21.8635301	0.88	-22.237363085800165	-0.8894945234320066
21.8635301	0.88	-4.256707172387676	-0.17026828689550705
21.86355817	0.88	-1.2450764295800505	-0.04980305718320202
21.86356295	0.88	-3.698132999376782	-0.14792531997507127
12.6109708	1.14	-0.262990661164869	-0.010519626446594762
12.6109708	1.1	-3.9280616508259434	-0.15712246603303773
12.6109708	1.1	-13.780034239785477	-0.5512013695914191
12.6109708	1.1	-12.442149489836885	-0.4976859795934754
33.4160553	1.07	-2.287640163354777	-0.09150560653419108
33.4160034	1.1	-16.035616976231072	-0.6414246790492429
33.4160034	1.15	-21.92333926660002	-0.8769335706640008
33.4160034	1.14	-7.102897250713937	-0.28411589002855747
16.2950903	0.78	-5.721596100504635	-0.2288638440201854
16.2950903	0.78	-10.84635190423358	-0.43385407616934324
16.2950903	0.8	-4.6967604181730795	-0.18787041672692317
16.2951259	0.78	-1.2181141872660937	-0.048724567490643744
16.2951259	0.8	-7.75423663190983	-0.3101694652763932
3.63899398	0.95	-19.36154252214923	-0.7744617008859692
3.63901687	0.96	-7.377270920338704	-0.2950908368135482
3.63898953	0.96	-8.025662658564514	-0.32102650634258056
3.63898953	0.93	-13.070186264299934	-0.5228074505719974
11.6044694	0.79	-9.57764593457012	-0.3831058373828048
11.6044694	0.79	-9.846675330417943	-0.39386701321671774
11.6044694	0.79	-6.035710643163955	-0.2414284257265582
11.60449982	0.93	-3.424055433611718	-0.13696221734446873
11.6044881	0.96	-4.508615159843805	-0.1803446063937522
38.1303324	1.14	-5.173761267907702	-0.20695045071630808
38.1312831	1.16	-6.909546609054088	-0.2763818643621635
38.1312831	1.17	-21.829447254581083	-0.8731778901832433
38.1312831	1.17	-6.3795540554556025	-0.2551821622182241
38.13099171	1.14	-1.2012004613097698	-0.04804801845239079
14.4273551	1.0	-10.274650575586666	-0.41098602302346665
14.42735088	1.07	-7.7304276887884384	-0.30921710755153753
14.4273551	1.0	-0.46887085513394616	-0.018754834205357847
14.4272856	1.07	-16.560514041164534	-0.6624205616465814
36.4333452	1.04	-18.57556905890302	-0.7430227623561209
36.4333452	1.12	-7.496425769966936	-0.2998570307986774
82.177374	1.02	-17.084808373926016	-0.6833923349570407
82.17587878	1.14	-0.7772541087024265	-0.03109016434809706
82.177374	1.02	-7.358435448706786	-0.29433741794827145
82.17502561	1.14	-17.72857472954388	-0.7091429891817552
10.35857039	0.96	-4.674559032781062	-0.18698236131124246
10.35863224	1.0	-1.1901907719836555	-0.04760763087934622
10.35856873	0.96	-9.23859006492898	-0.3695436025971592
10.35857039	1.0	-4.494508087475457	-0.17978032349901826
11.55532445	0.85	-13.620046400117978	-0.5448018560047191
11.55638904	0.85	-16.593091498245222	-0.6637236599298089
11.55530021	0.76	-0.5495750537963091	-0.021983002151852366
11.55532445	0.76	-1.9456573002366402	-0.07782629200946561
11.55530021	0.81	-3.068313014756457	-0.12273252059025827
26.0841212	1.04	-8.543045736939963	-0.3417218294775985
26.0841212	0.93	-8.551125140348478	-0.34204500561393913
26.0840594	0.93	-3.8526935401160802	-0.15410774160464322
26.0840594	1.04	-15.025558915674548	-0.6010223566269819
26.08376601	1.04	-12.28131269512298	-0.4912525078049192
14.53261362	0.99	-10.789237977750288	-0.4315695191100115
14.53253029	1.05	-2.2534188141573894	-0.09013675256629558
14.53260546	1.02	-3.140660842300873	-0.1256264336920349
14.53261362	1.02	-1.4118924408585207	-0.05647569763434083
14.53261362	1.02	-14.166504537147581	-0.5666601814859032
1.72936647	0.89	-0.6659201798504806	-0.026636807194019223
1.72936786	0.83	-14.88859881918927	-0.5955439527675708
1.72937253	0.83	-9.12699313078111	-0.3650797252312444
1.72936708	0.88	-1.3457298650374205	-0.05382919460149682
1.72936647	0.89	-9.174622689036248	-0.3669849075614499
1.72936708	0.83	-17.76880736910546	-0.7107522947642184
4.1800659	0.78	-2.635364714387616	-0.10541458857550465
4.18004808	0.83	-4.709758306358318	-0.18839033225433274
4.18004955	0.89	-0.9716241763820765	-0.03886496705528306
4.1801057	0.83	-8.63004066831593	-0.3452016267326372
4.18004808	0.88	-0.6849177748799988	-0.027396710995199955
4.18004955	0.89	-3.565373625120306	-0.14261494500481223
51.84688575	0.89	-7.655947805234405	-0.3062379122093762
51.84688984	0.83	-1.8425986276323851	-0.0737039451052954
51.84688984	0.88	-0.5845815044646143	-0.023383260178584574
51.846913	0.78	-11.023312319086118	-0.44093249276344476
51.84688575	0.89	-1.2686142487733552	-0.05074456995093421
22.12672854	0.83	-3.192819846973096	-0.12771279387892384
22.1270885	0.96	-7.266130532186785	-0.2906452212874714
22.12679138	0.83	-7.086743813733272	-0.2834697525493309
22.12679948	0.96	-12.743988829163985	-0.5097595531665594
22.12679948	0.96	-5.147571007188915	-0.20590284028755662
5.94220998	0.77	-6.66217253631166	-0.2664869014524664
5.94220998	0.77	-5.456018392236258	-0.21824073568945032
5.94228603	0.78	-7.2986910168666865	-0.29194764067466744
5.94227462	0.75	-0.9146125094898444	-0.03658450037959378
5.94220998	0.77	-4.895737541749766	-0.19582950166999066
12.25384348	0.93	-10.872921154567567	-0.4349168461827027
12.25384348	0.98	-5.621072866423925	-0.22484291465695702
12.25383217	0.88	-5.668138175352241	-0.22672552701408966
12.25383217	0.71	-13.867519747427547	-0.5547007898971019
9.5085156	1.07	-2.4374307202067587	-0.09749722880827034
9.5084871	1.18	-15.05483743909206	-0.6021934975636823
9.5085156	1.07	-2.9780447912794146	-0.11912179165117659
9.50852238	1.18	-18.633823742148696	-0.7453529496859479
30.4549136	1.05	-8.758461115996335	-0.3503384446398534
30.45445352	0.99	-14.889805058580627	-0.5955922023432251
30.4547139	0.99	-2.6558533617748217	-0.10623413447099286
30.4544418	1.05	-17.51363986876346	-0.7005455947505383
19.9158863	1.1	-4.058260593466994	-0.16233042373867979
19.91586679	1.1	-11.552056534912275	-0.462082261396491
19.91449011	1.1	-9.347687924588147	-0.37390751698352587
54.6493679	1.03	-8.316706879300348	-0.3326682751720139
54.6495759	1.08	-3.7033970167650327	-0.14813588067060132
54.6495759	1.08	-1.9892663842776528	-0.07957065537110611
54.65379888	1.03	-6.60646077210197	-0.2642584308840788
7.31945294	1.8	-6.93402875623572	-0.2773611502494288
7.31891492	1.29	-0.7355358407065733	-0.02942143362826293
7.31946363	1.03	-6.859422657325578	-0.27437690629302314
7.31946363	1.38	-2.4807515373114204	-0.09923006149245682
7.31946363	1.03	-10.165761032595821	-0.40663044130383286
7.31945294	1.29	-10.345447448208184	-0.41381789792832735
35.8022845	1.03	-1.5501366981058207	-0.06200546792423283
35.79949951	1.8	-10.437544644980616	-0.41750178579922465
35.80035721	1.29	-1.3916338401284458	-0.055665353605137836
35.8007112	1.29	-8.476377983975238	-0.33905511935900956
35.8022845	1.03	-15.864199131159392	-0.6345679652463757
39.81876816	1.03	-17.97777256012597	-0.7191109024050388
39.818832	1.03	-0.15336160112146352	-0.0061344640448585406
39.8189932	0.99	-2.2610824630137842	-0.09044329852055137
39.8198748	1.03	-5.052792836666573	-0.2021117134666629
39.8189932	1.05	-4.182681743091132	-0.1673072697236453
39.8189932	1.18	-8.133776116205848	-0.3253510446482339
6.15828666	1.03	-17.450716643805464	-0.6980286657522186
6.15826988	1.0	-24.131883018500464	-0.9652753207400185
6.15828666	1.0	-0.16354105876927	-0.0065416423507708
6.15827512	0.99	-0.19188382459703934	-0.007675352983881574
6.15827512	0.99	-1.2338606984195934	-0.04935442793678374
6.15827512	0.99	-8.94489368551254	-0.3577957474205016
82.294751	0.9	-9.825281290275637	-0.39301125161102546
82.294751	0.9	-12.308787990300019	-0.49235151961200074
82.294751	0.93	-3.074642287147906	-0.12298569148591625
82.294751	0.9	-14.980083331557374	-0.599203333262295
82.29283985	1.0	-16.389035704566776	-0.655561428182671
82.29435759	1.0	-12.978544417420402	-0.519141776696816
82.292865	1.0	-6.4707234449685815	-0.2588289377987433
29.1989838	1.01	-13.186079757216017	-0.5274431902886407
29.198926	0.91	-7.14363787144664	-0.2857455148578656
29.1989838	0.92	-9.584150274978645	-0.3833660109991458
29.19899219	0.93	-5.606843756400848	-0.22427375025603394
29.19899219	0.93	-12.546972595511237	-0.5018789038204495
55.3285813	0.85	-2.5261374072721523	-0.10104549629088609
55.32914263	0.93	-0.7062260131506986	-0.028249040526027943
55.3285	0.91	-4.376304238397099	-0.17505216953588396
55.3285813	1.01	-8.773981408423834	-0.3509592563369534
55.3291399	0.93	-7.232388705492537	-0.2892955482197015
55.3285813	0.92	-10.800578518165139	-0.4320231407266056
55.3290939	0.93	-14.806695026153045	-0.5922678010461219
160.0200597	0.85	-17.78841083407556	-0.7115364333630224
160.0200597	0.92	-12.885370511827885	-0.5154148204731154
160.0192407	0.93	-9.911145236453853	-0.39644580945815416
160.0191598	0.93	-8.244259699618768	-0.3297703879847507
160.0172	0.91	-9.463408717791856	-0.37853634871167424
160.0200597	0.85	-0.9126618619027127	-0.03650647447610851
160.01936173	0.93	-7.437144446338765	-0.2974857778535506
160.0191598	0.93	-15.478353804791428	-0.6191341521916571
92.436978	0.96	-17.739110791271766	-0.7095644316508707
92.4362973	0.81	-10.588214547929642	-0.4235285819171857
92.436978	0.81	-22.679547284566063	-0.9071818913826425
92.4362973	0.81	-4.757880201830495	-0.19031520807321978
92.43665886	0.96	-1.2855127452293558	-0.05142050980917423
16.5861762	1.01	-20.467910279303897	-0.8187164111721559
16.5860329	0.98	-0.4646202715306723	-0.018584810861226892
16.5861762	1.01	-7.509014832228099	-0.30036059328912396
16.5860329	0.99	-1.5080487595151921	-0.06032195038060768
61.569765	0.99	-17.029681713169737	-0.6811872685267895
16.7525077	0.95	-22.831029319431266	-0.9132411727772507
16.75255007	0.77	-9.32522135948209	-0.3730088543792836
16.75241848	0.71	-7.729718565532528	-0.3091887426213011
16.75255007	0.95	-2.966180860592958	-0.11864723442371831
16.7525077	0.71	-4.29598524961313	-0.1718394099845252
16.75255007	0.95	-0.7617728804846788	-0.030470915219387155
15.0217983	1.06	-3.455274309953386	-0.13821097239813543
15.0217983	0.71	-25.5169958076337	-1.0206798323053479
15.0217983	0.71	-7.7689299424024245	-0.310757197696097
15.0217983	0.71	-11.292022254947936	-0.45168089019791746
91.08184518	1.01	-4.590696740026053	-0.18362786960104213
91.078624	1.01	-5.338567078592038	-0.21354268314368152
91.080482	1.01	-18.816802871480608	-0.7526721148592244
91.080482	1.01	-13.529247946407928	-0.5411699178563171
85.273256	0.91	-3.4456388806438065	-0.13782555522575227
64.6588017	1.1	-6.799504528608408	-0.27198018114433636
64.6588017	1.1	-3.6214011029076945	-0.14485604411630779
64.6584379	1.05	-3.1682467461872243	-0.12672986984748896
8.74192361	0.95	-1.2223745794158267	-0.04889498317663307
8.74199772	1.0	-4.392040025572093	-0.17568160102288372
48.051405	0.83	-9.77955020177136	-0.39118200807085435
44.20412551	0.81	-6.112653714776785	-0.24450614859107142
44.2018402	0.72	-3.8906811097677423	-0.15562724439070968
44.2008	0.72	-16.25098600152991	-0.6500394400611964
44.2008	0.85	-25.124097264844746	-1.0049638905937899
4.94278382	0.98	-18.834250349166588	-0.7533700139666636
4.94278327	1.13	-16.401439387900442	-0.6560575755160177
4.94278333	0.98	-7.352923063500592	-0.2941169225400237
4.9427834	1.05	-10.91681736309186	-0.4366726945236744
4.94278342	1.0	-0.8009778673685214	-0.032039114694740856
3.42804168	0.96	-3.7377851464025342	-0.14951140585610137
3.42804168	0.96	-1.7085507127986843	-0.06834202851194737
3.42804989	0.97	-11.871446310974148	-0.47485785243896594
7.38198021	0.9	-4.530300230777694	-0.18121200923110778
7.38197725	0.94	-0.20830145723443205	-0.008332058289377282
7.38197725	0.96	-18.9936199624565	-0.7597447984982599
7.38198893	0.97	-23.343558479206255	-0.9337423391682502
12.56103295	0.97	-13.410791297037639	-0.5364316518815055
12.56096618	0.9	-12.194729797302442	-0.4877891918920977
12.56096618	0.97	-1.3103278534852978	-0.05241311413941191
12.56092796	0.96	-3.987486440084756	-0.15949945760339024
12.56092796	0.96	-7.497074360612656	-0.29988297442450623
12.56092796	0.94	-13.937839780860449	-0.5575135912344179
12.56092703	0.97	-10.193169878688071	-0.40772679514752286
12.56091	0.97	-0.2754170769313107	-0.011016683077252428
12.56092796	0.96	-2.7496322099399877	-0.10998528839759951
30.82701	0.97	-15.879835844541388	-0.6351934337816555
30.8264713	0.96	-24.47586649429188	-0.9790346597716751
30.8264713	0.96	-9.47457670451595	-0.37898306818063804
30.8264713	0.94	-15.717612665876285	-0.6287045066350514
30.8264713	0.96	-2.9965162465607023	-0.11986064986242809
30.82583565	0.97	-21.000427250626355	-0.8400170900250542
15.0330623	1.11	-12.214381352931623	-0.48857525411726493
15.03275505	1.08	-8.921557332613785	-0.35686229330455144
15.0330105	0.84	-0.6430010853729036	-0.025720043414916145
15.0330105	1.0	-19.096513406836348	-0.763860536273454
14.5565618	1.16	-7.654173590764039	-0.30616694363056157
14.5564533	1.2	-14.1825440127351	-0.5673017605094041
14.5565618	1.2	-1.1042031097309992	-0.04416812438923997
14.5564533	1.2	-2.1779102544414832	-0.08711641017765934
41.7083629	1.17	-4.285802427209055	-0.1714320970883622
41.7083629	1.44	-4.13506675237263	-0.1654026700949052
41.7083629	1.17	-5.336388964309574	-0.21345555857238296
96.16900198	0.77	-7.990854581613146	-0.31963418326452586
96.16987	0.77	-13.952209140844738	-0.5580883656337895
96.169569	0.77	-11.499124149271468	-0.45996496597085873
96.16987	0.76	-9.097434257345625	-0.363897370293825
96.169569	0.78	-3.9683159653850484	-0.15873263861540193
96.16987	0.76	-4.543374699810351	-0.18173498799241405
96.16664672	0.77	-11.335731962764198	-0.4534292785105679
82.304003	0.89	-11.073616875556112	-0.4429446750222445
82.303914	1.0	-6.033243221944527	-0.2413297288777811
82.305363	0.97	-14.188971690513096	-0.5675588676205239
30.8609783	0.99	-1.1163117962549336	-0.04465247185019734
30.8609366	0.97	-3.716472552082436	-0.14865890208329746
30.8609366	0.86	-1.57857742531694	-0.0631430970126776
30.8609366	0.97	-10.404155931038998	-0.41616623724155993
30.8609366	0.93	-1.4241448395751974	-0.0569657935830079
30.86082238	0.99	-1.823483562565874	-0.07293934250263497
30.860888	0.99	-16.86791319774428	-0.6747165279097712
14.0328775	1.0	-3.525422048990376	-0.14101688195961504
14.0329154	0.95	-6.933478636318532	-0.2773391454527413
14.0329154	1.08	-0.8406177091409631	-0.03362470836563852
14.0328775	1.08	-4.657099726847515	-0.18628398907390062
14.03208101	1.0	-7.611331608720206	-0.3044532643488082
16.0505464	0.92	-3.135762311731307	-0.12543049246925228
16.0506213	0.8	-4.59596894133797	-0.18383875765351881
16.0506213	0.89	-11.134063845519687	-0.4453625538207875
16.0506213	0.8	-8.556687820963147	-0.34226751283852586
16.0506213	0.8	-11.578471934287537	-0.4631388773715015
16.05044901	0.92	-5.15750909375039	-0.2063003637500156
20.7056504	0.82	-6.565355129979533	-0.2626142051991813
20.7056504	1.14	-26.47226536951703	-1.0588906147806811
20.7056504	0.82	-2.241616739196807	-0.08966466956787228
20.7057153	1.12	-2.4577145309034893	-0.09830858123613957
20.7057153	1.34	-9.557184480101037	-0.3822873792040415
25.43359187	1.05	-6.574638661763243	-0.2629855464705297
25.4338197	1.07	-6.601168270969258	-0.26404673083877034
25.4338197	1.07	-8.340649442346038	-0.3336259776938415
25.4338197	1.0	-21.53629056713003	-0.8614516226852013
25.4337864	1.05	-4.888340468671402	-0.19553361874685607
25.4337864	1.02	-9.90549487453501	-0.3962197949814004
25.4338197	1.07	-5.740447203432938	-0.2296178881373175
15.22895698	0.87	-1.805804156460843	-0.07223216625843372
15.22894462	0.91	-3.6774038005120557	-0.14709615202048223
15.22895698	0.87	-17.8513711539521	-0.714054846158084
15.22895698	0.87	-0.6250277025348454	-0.025001108101393818
24.67477116	0.91	-10.850799367776025	-0.434031974711041
24.67486397	0.91	-1.4149355912040502	-0.05659742364816201
24.67464211	0.87	-12.136706998878068	-0.48546827995512276
84.70362945	1.13	-9.733708254696808	-0.3893483301878723
84.703921	1.09	-12.966758008808632	-0.5186703203523453
84.70686888	1.13	-3.857735725616874	-0.15430942902467495
84.704139	1.27	-10.61761834871574	-0.42470473394862956
84.703921	1.19	-11.064440945123065	-0.44257763780492265
84.704139	1.13	-6.304119446127108	-0.2521647778450843
23.23801825	1.41	-4.58514532018463	-0.1834058128073852
23.2382792	1.33	-7.780044397616178	-0.31120177590464715
23.2382792	1.33	-4.329496937666781	-0.17317987750667127
23.2385587	1.33	-14.683396975886488	-0.5873358790354596
23.23853558	1.41	-3.4856095972227936	-0.13942438388891173
23.2382792	1.17	-11.581146113972993	-0.46324584455891976
23.2385587	1.41	-20.755565187150218	-0.8302226074860087
20.35972599	0.7	-11.878075986060523	-0.4751230394424209
20.359722	0.42	-5.773991524671621	-0.23095966098686485
20.35972599	0.7	-14.759493370062312	-0.5903797348024925
20.35972599	0.73	-15.209108579171156	-0.6083643431668463
20.35972599	0.7	-2.5485241339881495	-0.10194096535952599
160.88465087	0.82	-3.3966698615232604	-0.13586679446093042
160.88446839	0.95	-4.294411831675908	-0.17177647326703632
160.88462604	0.95	-11.94040413979503	-0.4776161655918012
160.88451966	0.82	-12.275811265201684	-0.4910324506080674
160.88465087	0.82	-8.79872028506367	-0.3519488114025468
160.88465087	0.82	-3.5340349712332606	-0.14136139884933044
160.88465087	0.99	-11.353852017258228	-0.45415408069032914
217.8317626	1.09	-10.971411626490099	-0.43885646505960396
217.83184293	1.21	-10.035841630490083	-0.40143366521960333
217.8317626	1.09	-12.510948968253233	-0.5004379587301293
217.8317626	1.21	-7.2126818450521135	-0.2885072738020846
217.83184	1.2	-15.386864176337312	-0.6154745670534925
217.8317626	1.09	-13.251263362682646	-0.5300505345073059
10.5141	1.18	-19.560238174847985	-0.7824095269939194
10.51420148	1.09	-8.106500675207258	-0.3242600270082903
10.51421162	1.18	-14.91774959259013	-0.5967099837036053
10.514181	1.2	-3.0260741520470256	-0.12104296608188103
10.51420148	1.19	-5.442727728400276	-0.21770910913601105
10.51420148	1.09	-19.781981171021602	-0.7912792468408641
10.51419715	1.18	-14.412898100725657	-0.5765159240290263
214.3120439	1.3	-7.61877475751978	-0.3047509903007912
214.3114164	1.2	-2.7585527999800825	-0.1103421119992033
214.3115487	1.31	-3.036646860120747	-0.12146587440482988
214.3114164	1.3	-2.8220235402335283	-0.11288094160934113
7.25931979	0.94	-5.71801850319033	-0.2287207401276132
7.25922435	1.03	-9.380482412149192	-0.3752192964859677
7.25933784	1.03	-14.565288770430476	-0.582611550817219
7.2593226	1.03	-18.172330801684854	-0.7268932320673942
7.25931979	1.04	-8.535887445515282	-0.3414354978206113
5.54608367	2.05	-8.665178672436374	-0.346607146897455
5.54608367	2.05	-3.278145119770792	-0.13112580479083166
5.54608309	2.05	-4.1211760370670065	-0.16484704148268026
5.54608367	2.05	-10.252622298925692	-0.4101048919570277
5.54608367	1.58	-1.8950365258462762	-0.07580146103385105
5.54608449	1.53	-14.562007246076012	-0.5824802898430405
5.11177904	1.06	-14.27025336466107	-0.5708101345864428
5.11177904	1.06	-9.48813335264592	-0.37952533410583683
5.1117547	1.49	-12.371626528280844	-0.4948650611312338
9.630953	1.06	-0.102312198411806	-0.00409248793647224
9.63092995	1.06	-7.044515558068092	-0.28178062232272366
240.7989397	0.94	-17.415016942926528	-0.6966006777170611
240.79842225	1.0	-0.4303464089515942	-0.01721385635806377
240.7990472	1.0	-2.431891123896134	-0.09727564495584537
240.7990472	1.03	-12.438222181903365	-0.4975288872761346
18.20795693	0.83	-3.6982181196014308	-0.14792872478405725
18.208009	0.83	-3.596106066767918	-0.14384424267071672
18.20795693	0.78	-10.597853079580393	-0.4239141231832157
88.25556297	0.84	-8.981812076232842	-0.3592724830493137
88.2553544	0.85	-25.205855989582705	-1.0082342395833082
88.2553544	0.83	-13.165518675980774	-0.526620747039231
88.25545033	0.84	-7.674150662005565	-0.3069660264802226
88.2553729	0.84	-8.132349359785165	-0.3252939743914066
88.2553544	0.85	-13.386927485125861	-0.5354770994050345
88.2553544	0.85	-10.905767049013555	-0.4362306819605422
0.65355359	0.72	-7.934388792997521	-0.31737555171990084
0.65355357	0.67	-29.353603739135156	-1.1741441495654064
0.65355357	0.76	-5.055207945947884	-0.20220831783791535
0.65355357	0.67	-0.8614660664340392	-0.03445864265736157
0.65355361	0.67	-12.659689193823356	-0.5063875677529343
0.65355357	0.67	-26.710560986322943	-1.0684224394529178
0.65355361	0.72	-1.0583252085796733	-0.04233300834318693
47.14840805	1.03	-2.9220627040261924	-0.1168825081610477
47.14840805	1.03	-5.451829864051429	-0.21807319456205715
47.1484324	0.75	-13.02709744040061	-0.5210838976160244
47.14840805	0.81	-6.187635953660329	-0.24750543814641315
47.1484324	0.82	-8.488565703287023	-0.3395426281314809
47.14845936	0.82	-8.014782124696815	-0.3205912849878726
47.14840805	1.03	-16.685688315230237	-0.6674275326092095
1.84788917	0.94	-9.246274505847678	-0.3698509802339071
1.84788917	0.96	-10.995554407440695	-0.4398221762976278
1.84788917	0.94	-2.31251808432186	-0.0925007233728744
1.84789218	1.01	-19.021734394374132	-0.7608693757749653
1.84788917	0.94	-9.411049364013397	-0.3764419745605359
1.84788444	1.01	-2.9509274736806486	-0.11803709894722594
0.93875022	0.96	-3.299803191596458	-0.13199212766385832
0.93874633	0.96	-0.8837681705504121	-0.03535072682201649
0.93875022	0.96	-17.417391616148013	-0.6966956646459205
70.96709728	1.04	-14.395806073250856	-0.5758322429300343
70.9672087	1.04	-2.558957495107065	-0.1023582998042826
70.9674603	0.88	-2.3471763517366995	-0.09388705406946798
70.9674603	0.88	-3.464106232798015	-0.1385642493119206
2.41660118	1.07	-13.560396876880027	-0.5424158750752011
2.41660149	1.07	-3.4026826390070872	-0.1361073055602835
2.41660118	1.01	-20.28122371602831	-0.8112489486411325
2.41660118	1.01	-20.780569602862897	-0.8312227841145159
2.41660149	0.98	-5.086726166604546	-0.20346904666418184
3.90863457	0.64	-4.117550529536313	-0.16470202118145252
3.908632	0.64	-8.409660375108627	-0.33638641500434513
3.90863457	0.72	-6.600197278879005	-0.2640078911551602
3.908632	0.73	-2.172025427009407	-0.08688101708037628
160.130899	1.08	-21.877167245497137	-0.8750866898198855
160.13181519	1.08	-9.025043880187956	-0.36100175520751826
160.130899	1.28	-2.8614078818886193	-0.11445631527554477
160.129918	0.99	-3.2376319269832594	-0.12950527707933038
160.13146407	1.08	-1.1591790398019801	-0.0463671615920792
160.129918	0.99	-11.003769143750613	-0.44015076575002454
160.129918	1.21	-24.104729475420214	-0.9641891790168086
1.79111021	1.07	-17.903780274081964	-0.7161512109632786
1.79111595	1.03	-20.696721905077805	-0.8278688762031122
1.79111021	1.07	-4.2954695136892145	-0.17181878054756858
1.79111021	1.03	-13.579795015889669	-0.5431918006355868
1.79110997	1.07	-3.8286921853654157	-0.15314768741461662
5.33905686	0.68	-0.5167128363994495	-0.02066851345597798
5.33905686	0.68	-11.912350676520294	-0.4764940270608118
5.3390216	0.8	-2.8796810336351455	-0.11518724134540582
5.33906237	0.8	-15.436741130541526	-0.617469645221661
18.87021252	0.91	-6.1253932997002405	-0.24501573198800963
18.87020444	0.91	-18.05499413982552	-0.7221997655930208
18.87021566	0.77	-6.139986961056841	-0.24559947844227364
18.87022157	0.91	-5.468659225167769	-0.21874636900671074
18.87021566	0.77	-21.097961660271455	-0.8439184664108582
18.87021566	0.83	-12.20391638283657	-0.48815665531346286
46.9025112	0.83	-2.6804710540925014	-0.10721884216370006
46.9025112	0.77	-5.82931525319157	-0.2331726101276628
46.9025112	0.76	-18.615122648031736	-0.7446049059212695
46.9026431	0.77	-0.6592352627746669	-0.02636941051098668
46.90191	0.82	-7.306285790279546	-0.29225143161118183
2.5904434	0.89	-9.867051622886748	-0.3946820649154699
2.5903958	1.01	-17.852666011435222	-0.7141066404574089
2.5904434	1.01	-6.671005968123404	-0.2668402387249362
2.5903958	0.92	-11.539813435360855	-0.46159253741443423
2.5904434	1.01	-17.689370625053588	-0.7075748250021435
2.5904434	1.01	-9.386071738258776	-0.37544286953035105
5.32366516	0.92	-1.0884709203468863	-0.04353883681387545
5.3227406	0.92	-11.498125935037308	-0.4599250374014923
5.3235335	1.01	-4.952548168038242	-0.19810192672152968
5.3235335	0.92	-2.1199948270243345	-0.08479979308097338
5.3227406	1.01	-3.372614281357647	-0.13490457125430588
5.3227406	0.89	-27.249996444995805	-1.0899998577998322
5.3227406	1.01	-4.084946937436814	-0.16339787749747256
9.2075634	0.92	-6.039826533074	-0.24159306132296
9.2075634	1.01	-7.174805892466939	-0.28699223569867754
9.2077989	1.01	-17.093131636631625	-0.683725265465265
1.13854338	1.16	-12.549302885628894	-0.5019721154251557
1.13854338	1.05	-13.519707262443568	-0.5407882904977427
1.13854338	1.05	-8.613052969080087	-0.3445221187632035
1.13854338	1.1	-1.5258240283328666	-0.06103296113331466
1.13854338	1.05	-8.165264244689437	-0.3266105697875775
1.13854821	1.2	-8.565556928762957	-0.3426222771505183
1.09366585	1.02	-19.406213221775857	-0.7762485288710343
1.09366627	1.02	-8.392238095256195	-0.3356895238102478
1.09366356	0.96	-11.663566510756924	-0.466542660430277
308.544422	1.25	-1.014450007294772	-0.04057800029179088
308.5471	1.08	-14.45285805198158	-0.5781143220792633
308.5471	1.14	-1.015093255147633	-0.040603730205905325
308.5471	1.08	-11.930593981114006	-0.47722375924456023
308.55430327	1.32	-3.493944646678735	-0.1397577858671494
308.544422	1.32	-0.7653906654731616	-0.030615626618926466
5.71668872	0.88	-8.661722763334414	-0.34646891053337653
5.71668872	0.88	-19.840453581273817	-0.7936181432509527
5.71668872	0.9	-5.604887853699618	-0.22419551414798475
138.9442797	1.06	-22.58149154682424	-0.9032596618729696
138.9442	0.93	-9.307182667141571	-0.37228730668566284
138.944022	1.04	-2.7887444121111136	-0.11154977648444454
138.9442	1.08	-6.729735191625768	-0.26918940766503074
364.758031	0.62	-14.382554432202431	-0.5753021772880973
364.758031	0.71	-10.904943012592067	-0.4361977205036827
364.751562	0.62	-3.2001130025387368	-0.12800452010154947
364.751562	0.66	-16.30005697437884	-0.6520022789751536
1.44445234	0.83	-15.088979849501177	-0.6035591939800471
1.44445234	0.94	-15.52017586759713	-0.6208070347038852
175.138819	1.11	-1.599994008428988	-0.06399976033715953
175.138819	1.11	-19.674331237142187	-0.7869732494856875
175.13892	1.04	-2.8720013927829475	-0.1148800557113179
133.3036741	0.82	-8.692825870003432	-0.34771303480013727
133.3036741	0.84	-3.944603980527549	-0.15778415922110195
133.303247	0.81	-11.709748325169128	-0.4683899330067651
133.303247	0.84	-13.58702930542133	-0.5434811722168532
133.3036741	0.82	-8.119352179947825	-0.324774087197913
133.30380736	0.84	-21.27966974629246	-0.8511867898516984
33.0405635	0.93	-12.915312406498003	-0.5166124962599201
33.0405509	1.03	-3.9195906530413263	-0.15678362612165306
33.0405635	0.92	-12.257918615235846	-0.49031674460943386
33.0405635	0.92	-6.531878766730082	-0.26127515066920326
33.0405635	0.92	-5.526462571873593	-0.22105850287494375
33.0405635	0.98	-6.443334041437413	-0.2577333616574965
33.0405509	0.9	-16.30159376371297	-0.6520637505485187
62.3026877	1.03	-19.850392020324264	-0.7940156808129706
62.3027873	0.92	-5.46068759103925	-0.21842750364157
62.3027873	0.92	-10.279097157483298	-0.4111638862993319
62.3027873	0.93	-4.019037524032919	-0.16076150096131678
62.30261745	1.03	-6.088972799938932	-0.24355891199755728
62.3027873	0.98	-7.0787016768157764	-0.28314806707263107
20.5498079	1.03	-13.422684917695932	-0.5369073967078373
20.54981883	0.92	-7.913166344691047	-0.3165266537876419
20.54981883	0.98	-10.419700438967483	-0.4167880175586993
20.5498184	1.03	-15.955167278489007	-0.6382066911395603
20.549751	1.03	-9.716507939706634	-0.38866031758826536
20.5498184	0.9	-7.829859202328276	-0.31319436809313106
20.54981883	0.92	-9.674458225821866	-0.38697832903287466
3.93276465	0.92	-3.1115700840772833	-0.12446280336309133
3.93276465	0.93	-1.2654722387742137	-0.05061888955096855
3.93274386	1.03	-4.504296005930895	-0.18017184023723581
9.91935684	0.92	-1.3248602948091828	-0.05299441179236731
9.91935684	0.92	-14.76208383243014	-0.5904833532972056
9.91937693	1.03	-3.3010330358073423	-0.1320413214322937
125.4132302	0.68	-6.1623428960892115	-0.24649371584356847
8.40693068	0.91	-0.8552529024927529	-0.034210116099710114
8.40693068	0.9	-1.9319685768256887	-0.07727874307302755
8.40691199	0.9	-1.6033459285639668	-0.06413383714255867
8.40691199	0.86	-6.027386486278442	-0.2410954594511377
3.95116635	0.99	-3.4585847971380232	-0.13834339188552094
3.95116882	0.87	-4.960597862368294	-0.19842391449473176
3.95116882	0.92	-3.6495032734615362	-0.14598013093846146
3.95116882	0.94	-20.045646179900135	-0.8018258471960055
2.89223021	0.87	-9.56598724734852	-0.3826394898939408
2.89223998	0.93	-5.836301200212934	-0.23345204800851738
2.89223021	0.92	-15.114284774416667	-0.6045713909766667
2.89223021	0.87	-5.478646217536243	-0.2191458487014497
2.89222871	0.99	-3.4758453451604425	-0.13903381380641772
2.89223998	0.99	-7.876012664738579	-0.3150405065895432
2.89223021	0.94	-2.1651124903695993	-0.08660449961478398
5.99273738	0.87	-5.5505799733508	-0.222023198934032
5.99273265	0.93	-22.583114528565247	-0.9033245811426099
5.99273738	0.94	-7.3407555999844645	-0.2936302239993786
5.99218093	0.99	-10.890168079697268	-0.43560672318789073
5.10115756	0.87	-6.70409382046376	-0.2681637528185504
5.10115269	0.99	-9.256694460038068	-0.3702677784015227
5.10115756	0.94	-26.080388105257583	-1.0432155242103034
5.10110666	0.99	-9.369788016210903	-0.3747915206484361
5.10115756	0.92	-0.3839121131697386	-0.015356484526789544
6.96704926	1.79	-6.43646731051224	-0.25745869242048963
6.96710269	1.43	-5.700446133457376	-0.22801784533829506
6.96710269	1.43	-7.961822139039019	-0.3184728855615608
6.96710269	1.39	-1.6302190299617665	-0.06520876119847066
168.811174	0.73	-1.2146200038494532	-0.04858480015397813
168.811174	0.73	-7.7493072348362	-0.309972289393448
168.811174	0.73	-2.2256188212874797	-0.08902475285149919
168.811174	0.76	-19.608369359648734	-0.7843347743859493
163.69217375	0.86	-2.686701481476066	-0.10746805925904264
163.692349	0.89	-3.9090639520162136	-0.15636255808064856
163.692336	0.8	-1.5738777339813068	-0.06295510935925228
163.692349	0.84	-5.933384169743069	-0.23733536678972275
19.597317	0.88	-13.41899162764297	-0.5367596651057188
19.597317	1.02	-5.478907511760405	-0.2191563004704162
19.5971417	1.02	-18.294648120466967	-0.7317859248186787
19.5974971	0.88	-9.769480439846689	-0.3907792175938676
0.69297968	1.04	-2.089839497283912	-0.08359357989135648
0.69297968	1.12	-1.3069285106529196	-0.05227714042611679
0.69297968	0.98	-4.620450971154533	-0.1848180388461813
0.69297846	1.05	-11.607605997202429	-0.46430423988809716
0.69297968	0.98	-11.461502047431184	-0.45846008189724735
0.69297968	0.98	-7.015897595288897	-0.2806359038115559
0.69297846	1.24	-6.143483828928963	-0.2457393531571585
124.828679	0.94	-7.661239433704742	-0.3064495773481897
124.82849705	0.99	-12.626685056076727	-0.5050674022430691
124.828679	0.94	-0.3589584639770867	-0.014358338559083469
124.828679	0.94	-14.101746496223878	-0.5640698598489552
124.828679	0.99	-1.8356229646571671	-0.07342491858628669
124.827797	0.88	-13.843068892800904	-0.5537227557120362
214.886545	0.97	-20.017429193820956	-0.8006971677528383
214.886545	0.88	-7.032322195782038	-0.28129288783128154
5.93119294	0.56	-4.37299571355822	-0.1749198285423288
5.931217	0.64	-3.527157334027534	-0.14108629336110137
5.93119656	0.68	-8.984573631039556	-0.35938294524158226
5.93119656	0.56	-2.1529092858464476	-0.0861163714338579
5.93119728	0.68	-2.561180615176984	-0.10244722460707935
5.93119294	0.56	-12.210759199102581	-0.4884303679641033
52.6615266	0.68	-5.5216444416737644	-0.2208657776669506
52.66187	0.64	-0.6058570136881324	-0.024234280547525296
52.6615836	0.72	-8.15755933865946	-0.3263023735463784
52.6615836	0.56	-12.208169360989615	-0.4883267744395846
52.66161107	0.68	-6.945726251205236	-0.27782905004820946
52.6615836	0.56	-12.40485595286065	-0.49619423811442603
52.661599	0.68	-15.002189519576463	-0.6000875807830586
52.66147243	0.68	-10.833264717038022	-0.43333058868152086
225.582809	1.03	-7.177952522262973	-0.2871181008905189
225.585245	1.19	-6.689236507873283	-0.26756946031493134
225.58357918	1.07	-10.531320396577343	-0.4212528158630937
225.582809	1.03	-6.273962033996952	-0.2509584813598781
225.58654797	1.07	-15.735301549229655	-0.6294120619691862
24.49722314	1.22	-13.087159176772513	-0.5234863670709006
24.4973698	1.22	-1.7994759833622813	-0.07197903933449125
24.4973698	1.22	-0.8328313975611068	-0.03331325590244427
24.4973698	1.22	-9.06560351880454	-0.36262414075218163
24.4972683	1.22	-3.8547017326795894	-0.15418806930718357
24.4973698	1.14	-10.904009383418462	-0.43616037533673846
24.4972683	1.23	-4.575008433043161	-0.18300033732172644
184.771853	0.85	-3.3583867616094256	-0.13433547046437702
184.771853	0.85	-3.6270259059113807	-0.14508103623645524
184.77271	0.86	-7.35973822528897	-0.2943895290115588
184.771853	0.71	-4.601081098950665	-0.1840432439580266
4.24263096	0.9	-2.3207782890375768	-0.09283113156150308
4.24261881	0.88	-2.334906234586001	-0.09339624938344004
4.24261881	0.88	-12.319502042318769	-0.4927800816927508
4.24261881	0.85	-19.46061188600757	-0.7784244754403028
198.08670467	0.88	-12.508753092238589	-0.5003501236895436
198.088774	0.84	-3.9935860668678322	-0.1597434426747133
198.088774	0.83	-4.352251246938653	-0.17409004987754614
198.088774	0.83	-15.349676259727003	-0.6139870503890802
8.10488985	1.05	-3.4081274793041083	-0.13632509917216434
8.10501635	1.07	-20.38113528239589	-0.8152454112958356
8.10503551	1.06	-4.69078704502621	-0.18763148180104838
8.10503551	1.05	-17.413246065042973	-0.6965298426017189
8.10501635	1.04	-6.582576011113293	-0.26330304044453173
8.10501635	1.07	-23.209000022075198	-0.928360000883008
8.82713457	0.94	-11.096766718702767	-0.4438706687481107
8.82715783	0.97	-23.364640050418263	-0.9345856020167306
8.8271987	0.98	-5.025198408175743	-0.2010079363270297
8.82715783	0.98	-10.87266547303991	-0.43490661892159643
8.82713457	0.94	-10.057994700368408	-0.40231978801473633
3.74032496	1.09	-1.7045286974472282	-0.06818114789788914
3.74032496	1.09	-7.752023850987187	-0.3100809540394875
3.74032496	1.09	-6.305530537038338	-0.25222122148153353
3.74031708	1.07	-14.662845269480943	-0.5865138107792377
3.50470358	0.8	-2.7034629459706623	-0.1081385178388265
3.50470358	0.83	-6.552379067882082	-0.2620951627152833
3.50470358	0.85	-5.973836518492257	-0.23895346073969026
3.50472344	0.83	-11.787150748509768	-0.47148602994039074
3.50470358	0.8	-2.3731786451301193	-0.09492714580520478
3.50472344	0.8	-2.849127172919249	-0.11396508691676996
0.97191543	0.93	-7.103560901146493	-0.28414243604585976
0.9719169	0.89	-6.159251193161476	-0.24637004772645907
0.97191543	0.86	-26.00549887054456	-1.0402199548217825
0.97191543	0.93	-5.608657724605801	-0.22434630898423205
4.97345141	0.86	-21.75033125888511	-0.8700132503554044
4.97345141	0.8	-1.6319949272270413	-0.06527979708908166
4.97344827	0.84	-5.569176392427506	-0.22276705569710026
4.97345147	0.84	-18.68065316791303	-0.7472261267165212
4.973455	0.74	-20.879981541396383	-0.8351992616558553
4.97345525	0.84	-7.0197697592082715	-0.2807907903683309
15.90686437	0.8	-2.242990528572738	-0.08971962114290952
15.90687787	0.84	-7.223997394024726	-0.28895989576098907
15.90686437	0.8	-5.302773815567842	-0.21211095262271368
15.90688891	0.83	-3.230827789697147	-0.1292331115878859
15.90688891	0.84	-8.337102525046912	-0.3334841010018765
15.90686437	0.86	-1.4631051647359459	-0.058524206589437834
15.90693119	0.84	-37.130853606556144	-1.4852341442622459
3.03195744	0.91	-3.476859364705616	-0.13907437458822464
3.03196812	0.91	-1.1858507983408342	-0.04743403193363337
3.03196658	1.0	-19.753981138942347	-0.7901592455576939
3.03195744	1.05	-7.413635606643313	-0.2965454242657325
3.03195744	0.91	-8.382752485722099	-0.33531009942888396
3.03195744	0.91	-3.0510865573683144	-0.12204346229473258
1.00520701	0.96	-10.71688362848043	-0.4286753451392172
1.00520779	1.01	-9.055806942574991	-0.36223227770299965
1.00520589	1.01	-10.600471960798545	-0.4240188784319418
1.00520589	0.96	-0.3746790039475255	-0.014987160157901021
64.2737752	1.02	-10.829064305662184	-0.43316257222648735
64.2729088	1.03	-3.037543197679401	-0.12150172790717605
64.2729088	1.17	-5.232848804219787	-0.2093139521687915
64.2737752	1.2	-5.762290134849681	-0.23049160539398725
64.2737752	1.2	-0.4417119246960176	-0.017668476987840704
64.2737752	1.2	-1.2823657457021151	-0.05129462982808461
3.43276598	0.97	-14.669130775578504	-0.5867652310231402
3.4327371	0.97	-6.055104531976047	-0.2422041812790419
18.0540381	0.95	-22.025208925176727	-0.8810083570070691
18.0541469	0.95	-13.60338173788703	-0.5441352695154812
18.05375946	0.95	-9.939718925900893	-0.39758875703603574
18.0540381	0.93	-11.169647661507291	-0.44678590646029165
1.53818844	0.78	-5.8089833759904055	-0.23235933503961623
1.53818532	0.79	-8.726608014729013	-0.34906432058916054
0.53991503	0.85	-5.612138492675364	-0.22448553970701457
0.53991524	0.75	-12.790459851792832	-0.5116183940717133
0.53991568	0.85	-7.07457954227167	-0.28298318169086684
0.53991524	0.75	-6.448155665040812	-0.25792622660163245
153.979578	0.95	-5.542285771247698	-0.22169143084990794
153.979578	0.94	-10.662625932864477	-0.4265050373145791
153.98796388	0.98	-6.174937781090167	-0.24699751124360667
153.979578	0.94	-6.755483851201795	-0.2702193540480718
153.979578	0.94	-6.175891020257959	-0.24703564081031837
20.9254083	1.02	-8.657676306497214	-0.34630705225988856
20.92498853	1.09	-1.831270122403055	-0.0732508048961222
20.925392	1.02	-0.20328283953235482	-0.008131313581294193
20.92596372	1.09	-8.748138991914528	-0.3499255596765811
20.9254083	1.09	-10.549414180167862	-0.42197656720671445
5.79179934	1.14	-16.906067005543512	-0.6762426802217405
5.79179934	1.11	-1.3551143736211255	-0.05420457494484502
5.79180156	1.04	-3.5720984300116374	-0.1428839372004655
5.79180156	1.04	-1.9046994790898475	-0.0761879791635939
5.79180156	1.18	-21.204892469254805	-0.8481956987701922
1.73234549	1.02	-6.238828755814586	-0.24955315023258343
1.73234549	0.95	-2.788775073152746	-0.11155100292610984
1.732323	1.03	-4.537061190088026	-0.18148244760352103
1.73234549	1.02	-24.226825198144784	-0.9690730079257914
1.7323464	0.92	-22.779927953635422	-0.9111971181454169
1.73234549	1.02	-7.7007808856126285	-0.30803123542450517
13.54056874	1.02	-8.989730133773662	-0.3595892053509465
13.540407	1.03	-4.950128627082035	-0.19800514508328138
13.54057461	1.02	-28.159975501408038	-1.1263990200563216
13.54056874	1.02	-22.633293994257546	-0.9053317597703019
13.54056874	0.95	-5.7650287699393665	-0.23060115079757468
13.54056874	1.02	-5.7329202024950465	-0.22931680809980187
7.02573812	1.02	-1.386132642188084	-0.05544530568752336
7.0257409	1.02	-15.608102619798832	-0.6243241047919533
7.02573474	1.02	-6.679630741208266	-0.26718522964833064
7.02573474	1.02	-6.257121914960762	-0.25028487659843046
7.02573474	1.02	-30.00230111148137	-1.2000920444592549
7.025763	1.03	-1.9504770938832372	-0.0780190837553295
7.02573474	1.02	-2.281494857149518	-0.09125979428598072
26.5487294	1.07	-2.8390058172642574	-0.11356023269057029
26.54846521	0.99	-17.728130490836595	-0.7091252196334638
26.548955	1.07	-10.857572747976684	-0.4343029099190674
26.5487294	0.99	-6.20399697176867	-0.2481598788707468
26.548955	1.07	-17.505012770392252	-0.7002005108156901
26.548955	0.92	-8.245490798975101	-0.32981963195900404
26.548955	0.88	-16.39330327236059	-0.6557321308944236
26.548955	1.07	-12.129123262429419	-0.48516493049717674
26.54851189	0.99	-9.212887334825522	-0.3685154933930209
3.38556402	0.99	-3.6508706493288634	-0.14603482597315454
3.38555488	1.23	-4.661034340926794	-0.18644137363707178
3.38555488	0.94	-16.130963834400998	-0.64523855337604
3.38555488	0.92	-0.2077028100930552	-0.008308112403722208
3.38557445	0.94	-12.179148853858546	-0.4871659541543419
3.38555488	0.94	-4.683820468939332	-0.18735281875757326
3.38555488	0.94	-18.897700454496853	-0.7559080181798742
5.49548533	1.02	-6.758831931928199	-0.270353277277128
5.49541291	1.08	-17.983871827117948	-0.7193548730847179
5.49548621	0.88	-13.083597279982238	-0.5233438911992895
5.49548533	1.08	-8.531151824872035	-0.3412460729948814
5.49548621	1.02	-5.794119794738617	-0.2317647917895447
2.6157554	0.93	-4.715500638654759	-0.18862002554619037
2.6157554	1.01	-22.588927568556787	-0.9035571027422715
2.6157554	0.93	-8.736808859718527	-0.3494723543887411
2.61576515	1.02	-7.853208230015917	-0.31412832920063666
2.61575399	1.02	-5.812042947575462	-0.23248171790301847
6.9424334	1.13	-11.29933461790808	-0.4519733847163232
6.9424927	1.02	-0.7705992403207307	-0.030823969612829228
6.9424334	1.06	-4.9219740119382545	-0.19687896047753017
6.9424334	1.13	-1.9192069207232827	-0.07676827682893131
6.94245216	1.13	-2.8599090558590485	-0.11439636223436195
2.55315031	1.0	-4.388490126605917	-0.1755396050642367
2.55314213	1.0	-8.15330429112309	-0.32613217164492364
2.55315299	1.02	-13.638268407754449	-0.545530736310178
2.55314213	1.0	-16.062769265160412	-0.6425107706064165
2.55315031	1.02	-1.5043401688983573	-0.06017360675593429
6.98471973	1.05	-6.973954977682617	-0.2789581991073047
6.98471973	1.05	-19.02859721351651	-0.7611438885406604
6.98472143	1.04	-11.30227156139279	-0.45209086245571156
6.98471973	1.02	-9.555508671574614	-0.38222034686298456
6.98471973	1.05	-1.3456303655305466	-0.05382521462122186
6.30560247	0.78	-6.749866181158422	-0.2699946472463369
6.30560241	0.75	-13.081760031271557	-0.5232704012508623
6.30558387	0.95	-11.259188333970872	-0.4503675333588349
6.30558387	0.75	-16.761359292852017	-0.6704543717140807
1.45088691	1.01	-26.495036858754794	-1.0598014743501918
1.45088691	1.01	-0.9808406033716217	-0.03923362413486487
1.45088691	0.9	-13.422504713523269	-0.5369001885409308
1.45088984	0.98	-1.964938526975545	-0.07859754107902181
0.84990673	0.5	-7.100639435376967	-0.28402557741507867
0.84990789	0.5	-14.084057518884077	-0.5633623007553631
0.84990789	0.5	-14.289589329396458	-0.5715835731758583
16.70920692	0.66	-5.446924913723677	-0.2178769965489471
16.7092398	0.73	-8.43730738984636	-0.3374922955938544
16.70920628	0.66	-12.352928170262114	-0.4941171268104846
16.70920692	0.75	-0.25768516618503173	-0.01030740664740127
16.70926046	0.73	-19.823263137107205	-0.7929305254842882
16.70920692	0.66	-2.852496777325896	-0.11409987109303585
28.55152163	0.73	-3.9394473155948795	-0.15757789262379518
28.55156868	0.75	-9.457736948691545	-0.37830947794766184
28.55142	0.66	-15.442869026924312	-0.6177147610769724
0.645088	0.66	-8.932700438835715	-0.3573080175534286
56.6449279	0.98	-13.150077876909787	-0.5260031150763915
56.64676651	1.16	-6.299365524401297	-0.2519746209760519
56.6449279	1.47	-22.822690287388724	-0.912907611495549
56.6449279	1.57	-14.751860108030613	-0.5900744043212245
56.64942477	1.16	-13.908722674365526	-0.556348906974621
56.6449279	0.98	-1.273478121627712	-0.05093912486510848
6.28385491	1.09	-6.28758716506852	-0.2515034866027408
6.28384079	1.04	-8.36157862705344	-0.3344631450821376
6.28385491	1.07	-8.2286108456672	-0.329144433826688
6.28385491	1.07	-2.1986109171375405	-0.08794443668550163
6.28384079	1.1	-12.026716082416907	-0.4810686432966763
4.83817712	0.28	-3.4450904494052743	-0.13780361797621096
9.32807355	1.0	-22.19300395720483	-0.8877201582881932
9.3281912	0.97	-6.981984761606839	-0.2792793904642736
9.32807355	0.94	-13.20072955633691	-0.5280291822534764
9.32802207	0.97	-5.974580642761119	-0.23898322571044478
9.32807355	1.0	-6.615509324415948	-0.26462037297663793
13.3997099	1.24	-16.967214804264405	-0.6786885921705762
13.39942875	1.12	-1.4323690682291808	-0.05729476272916723
13.3997555	1.12	-2.580813408180153	-0.10323253632720611
13.3997099	1.24	-7.117448413812779	-0.2846979365525112
13.3997099	1.24	-6.072618115560232	-0.24290472462240928
3.5827463	0.94	-3.5260587489413253	-0.14104234995765302
3.58274625	0.88	-0.3518087860933646	-0.014072351443734584
3.5827463	0.91	-22.23858638654607	-0.8895434554618429
3.5827463	0.91	-8.127436907663927	-0.3250974763065571
15.6049212	0.99	-7.780914562848777	-0.3112365825139511
15.604841	1.11	-24.876710983885783	-0.9950684393554313
15.6049212	1.2	-16.453914824450088	-0.6581565929780036
15.6049212	1.45	-4.447973050600472	-0.1779189220240189
9.4060467	1.02	-26.56475073176767	-1.062590029270707
9.4061364	1.08	-4.220165525470818	-0.1688066210188327
9.4060467	1.08	-11.173181967058161	-0.44692727868232646
7.84931739	0.83	-11.577326866490584	-0.46309307465962335
7.84931739	0.88	-2.8930692760882266	-0.11572277104352907
7.84931739	0.83	-2.3365823493924305	-0.09346329397569722
0.99166527	1.18	-8.720021763726297	-0.3488008705490519
0.99165965	1.17	-4.568895008791271	-0.18275580035165084
0.99166527	1.13	-1.5922930757808174	-0.06369172303123269
0.99165965	1.08	-3.431072826090365	-0.1372429130436146
0.99166527	1.13	-18.398772181917693	-0.7359508872767078
10.13961841	0.52	-8.232482827326303	-0.3292993130930521
10.13958818	0.7	-5.540631255259443	-0.22162525021037774
10.13961841	0.52	-3.8037167849232425	-0.1521486713969297
10.13961841	0.76	-3.0157674404888084	-0.12063069761955234
10.13961841	0.52	-21.115905102889	-0.84463620411556
10.13958818	0.52	-4.520163986591207	-0.1808065594636483
43.58642609	0.52	-7.772424310642416	-0.31089697242569664
43.58642609	0.52	-22.969178217300648	-0.9187671286920259
43.5859419	0.52	-6.577127941252041	-0.26308511765008163
43.58258676	0.7	-15.592067199881967	-0.6236826879952787
43.58642609	0.76	-2.674613656991382	-0.10698454627965528
43.5859419	0.7	-2.143134468245232	-0.08572537872980927
43.58642609	0.52	-1.1179956498836292	-0.04471982599534517
7.61760804	1.05	-0.2182062145361362	-0.008728248581445448
7.61760804	1.05	-4.744050948853744	-0.18976203795414975
7.61758198	1.11	-7.786710605827675	-0.311468424233107
7.61764438	1.11	-17.15465674945516	-0.6861862699782064
7.61758198	1.05	-13.47591670267753	-0.5390366681071013
7.61760804	1.05	-2.134262589359141	-0.08537050357436565
8.18504949	1.1	-7.0154160149817715	-0.2806166405992709
8.18504859	0.99	-12.572898299022706	-0.5029159319609082
8.18504949	0.99	-0.6018662201857943	-0.02407464880743177
8.18504949	0.99	-15.075532023536278	-0.6030212809414511
3.0570982	0.92	-4.243289140670333	-0.16973156562681332
3.05710069	0.91	-2.029168761685383	-0.08116675046741532
3.0570982	1.15	-13.544698150875659	-0.5417879260350263
3.05710069	1.18	-3.586534072479899	-0.14346136289919595
174.51160947	0.72	-4.314917374297514	-0.17259669497190058
174.510276	0.5	-11.824712124408405	-0.4729884849763362
174.5085	0.72	-2.737658233693827	-0.10950632934775309
174.51072015	0.72	-8.439052419447677	-0.3375620967779071
174.509835	0.49	-5.671061139664699	-0.22684244558658798
174.509835	0.49	-4.6757299487170965	-0.18702919794868386
2.71603169	1.06	-2.3092467176267064	-0.09236986870506826
2.71603809	1.06	-10.159561929469918	-0.4063824771787967
2.71603809	1.07	-19.31849560062575	-0.7727398240250299
4.56383697	0.87	-10.006568007502985	-0.4002627203001194
4.56380468	0.85	-6.411746223435936	-0.25646984893743746
4.56380468	0.85	-1.2861515911311823	-0.05144606364524729
66.36684948	1.01	-2.1167059051392814	-0.08466823620557126
2.94654179	1.2	-15.12376252647891	-0.6049505010591564
2.94654179	1.2	-7.468136137819258	-0.2987254455127703
2.94648935	1.27	-6.84376104990112	-0.2737504419960448
2.94654179	1.2	-0.9265520260059279	-0.037062081040237116
2.94652342	1.27	-5.713699339168658	-0.2285479735667463
4.34195123	1.07	-1.9039114605768366	-0.07615645842307346
4.34195312	1.04	-2.7631209096041145	-0.11052483638416458
4.34195123	1.0	-1.683701542426227	-0.06734806169704909
122.35374922	1.02	-14.285909113302262	-0.5714363645320905
122.358116	1.0	-26.012502439536473	-1.040500097581459
122.35412342	1.02	-1.7721294620062107	-0.07088517848024843
122.363553	1.0	-2.405147049330521	-0.09620588197322084
122.358116	1.02	-0.6753895078730581	-0.02701558031492232
122.363553	1.0	-5.284675216989503	-0.21138700867958013
226.0	0.66	-4.7906936007949446	-0.19162774403179778
4.30920108	1.0	-5.890201420571746	-0.23560805682286984
4.30920108	0.97	-10.995301654117227	-0.4398120661646891
4.30938198	0.99	-4.139987924856367	-0.16559951699425468
4.30940223	0.99	-21.461678920613856	-0.8584671568245543
13.69941722	0.89	-1.3523739854037131	-0.05409495941614852
13.69941722	0.89	-5.20800264849085	-0.20832010593963401
13.69941722	0.89	-9.801836562860807	-0.39207346251443226
13.69944373	0.99	-2.7401677129344257	-0.10960670851737703
13.69942266	0.93	-3.6750972689565575	-0.1470038907582623
386.370512	0.86	-6.500410519022855	-0.26001642076091425
386.370548	0.86	-0.4426248164810061	-0.017704992659240245
7.2981458	0.93	-9.098538950369198	-0.3639415580147679
7.2981458	0.93	-10.34785698900949	-0.41391427956037957
7.298142	0.82	-2.6473603395185084	-0.10589441358074034
2.20921951	1.03	-9.641808988377013	-0.38567235953508056
2.20923119	1.08	-7.836989106302955	-0.3134795642521182
2.20921951	1.03	-14.662202165746914	-0.5864880866298766
2.20921951	1.03	-15.75091287229109	-0.6300365148916436
11.17931605	0.99	-1.630176379722238	-0.06520705518888952
11.17931605	1.22	-7.830782533558044	-0.31323130134232174
11.17938495	1.17	-1.7675044210157358	-0.07070017684062943
11.17931581	1.32	-0.567939733482067	-0.02271758933928268
2.27163926	1.08	-1.8744919729391136	-0.07497967891756455
2.27164952	1.1	-6.232677395658599	-0.24930709582634397
2.27164761	1.1	-4.156214819348364	-0.16624859277393456
2.27163926	1.08	-6.745666388710516	-0.26982665554842067
2.27163926	1.21	-14.958366018756424	-0.598334640750257
2.27164952	1.11	-7.097555185315851	-0.28390220741263406
0.68368426	0.81	-6.679102952177506	-0.2671641180871002
0.68368426	0.79	-2.8393628399622797	-0.11357451359849119
0.68368426	0.81	-3.4783464414251055	-0.13913385765700423
0.68368426	0.81	-10.854406238788298	-0.43417624955153195
0.34184202	0.82	-13.779069297842808	-0.5511627719137123
85.7565495	0.89	-4.038101537664475	-0.161524061506579
85.7565495	1.66	-8.54107928577351	-0.3416431714309404
85.7565495	0.86	-17.36059011155935	-0.6944236044623741
85.7567919	1.08	-1.0713685659404502	-0.04285474263761801
196.435224	0.9	-0.3931652019871769	-0.015726608079487076
196.4356	0.92	-8.08414174167029	-0.32336566966681163
196.43955616	0.94	-2.809944106815137	-0.11239776427260548
196.435224	0.9	-12.966535134762887	-0.5186614053905155
196.435224	0.9	-0.6902551453385133	-0.027610205813540532
13.6471211	0.89	-7.819246414127255	-0.3127698565650902
13.6473676	0.89	-8.086576986108827	-0.3234630794443531
13.6473676	1.23	-30.46832386995905	-1.218732954798362
13.6471211	1.07	-25.986089557397943	-1.0394435822959178
13.6473676	1.14	-13.301304312993484	-0.5320521725197394
16.4735686	0.7	-14.872660137205894	-0.5949064054882358
16.4735686	0.7	-6.0109810804250206	-0.24043924321700083
16.4735686	0.7	-11.39640376354	-0.4558561505416
114.34219	1.23	-13.041141026061359	-0.5216456410424544
114.34219	1.23	-1.6421459684938318	-0.06568583873975327
4.92135468	0.82	-3.5617325761472536	-0.14246930304589014
4.9213639	0.83	-0.320854158353021	-0.01283416633412084
4.92135468	0.82	-18.653276609076983	-0.7461310643630793
4.921	0.82	-6.495756290306685	-0.2598302516122674
4.921357	0.78	-11.882846462649523	-0.4753138585059809
4.92135468	0.86	-18.06941511007623	-0.7227766044030491
4.92135468	0.82	-5.87767965897009	-0.2351071863588036
4.92133512	0.83	-4.306581194416935	-0.17226324777667743
7.06425644	0.86	-1.4769455621628311	-0.05907782248651325
7.064271	0.78	-3.672501309791519	-0.14690005239166076
7.06425644	0.85	-5.946140681415454	-0.23784562725661815
7.064	0.82	-4.495913574753566	-0.17983654299014265
7.06425202	0.83	-11.131597347896083	-0.4452638939158433
7.06426677	0.83	-12.416946827667905	-0.49667787310671624
8.70181574	0.82	-23.418854946068326	-0.9367541978427331
8.70181574	0.82	-23.086869548154766	-0.9234747819261907
8.70181928	0.86	-8.24129351657301	-0.3296517406629204
8.70181574	0.91	-1.1636220602916378	-0.04654488241166552
8.70179611	0.86	-5.420130700999031	-0.21680522803996125
8.70181574	0.82	-7.195864829930542	-0.2878345931972217
44.98529816	0.82	-4.751687969852697	-0.19006751879410788
44.9851882	0.82	-5.534595288533989	-0.22138381154135955
44.9851885	0.86	-15.151733580094092	-0.6060693432037637
44.9851882	0.82	-3.9190254489262872	-0.1567610179570515
44.98529372	0.86	-2.3374874586302767	-0.09349949834521107
44.9851885	0.82	-15.208228549988812	-0.6083291419995525
5.1762429	0.79	-11.730832993446153	-0.46923331973784616
5.1762429	0.79	-3.990866513503354	-0.15963466054013417
5.1762429	0.94	-3.2189134665761	-0.128756538663044
3.91795101	0.96	-13.486933374063636	-0.5394773349625455
3.91794676	0.96	-4.321455104319657	-0.1728582041727863
3.91795101	0.89	-8.808971330944015	-0.3523588532377606
3.91794676	0.97	-3.5939266804736483	-0.14375706721894593
3.91795101	0.89	-0.11554033604398511	-0.004621613441759404
3.91794852	0.96	-10.70750607191124	-0.42830024287644963
1.5184181	1.06	-10.453728694607067	-0.4181491477842827
1.5184181	1.11	-1.6710413569734477	-0.06684165427893791
1.5184299	1.08	-5.916381402822385	-0.2366552561128954
1.51856913	1.11	-5.629369973974952	-0.22517479895899808
1.5184299	1.06	-7.028380162234215	-0.28113520648936857
1.5184299	1.06	-19.626118974489767	-0.7850447589795907
1.5184299	1.21	-17.350715833121203	-0.6940286333248481
1.51852186	1.11	-0.8543853343919576	-0.0341754133756783
3.94665133	0.86	-4.377369428655658	-0.17509477714622634
3.9466141	0.9	-0.23726676019661708	-0.009490670407864683
3.9466141	0.9	-7.505007289743901	-0.30020029158975603
3.94660745	0.9	-4.054267924050245	-0.1621707169620098
47.3126192	1.03	-4.389381851597292	-0.1755752740638917
47.3126192	1.03	-4.659057737137109	-0.18636230948548438
47.3126192	1.03	-0.3965144809691958	-0.01586057923876783
6.76289308	1.29	-13.28440589415037	-0.5313762357660148
6.76284377	1.18	-1.133715308082568	-0.04534861232330272
6.76284377	1.14	-15.861780634766204	-0.6344712253906482
6.76289308	1.19	-2.0200935814715746	-0.08080374325886298
6.76284377	1.21	-1.7812445483192263	-0.07124978193276905
6.76284377	1.18	-4.670639395244988	-0.18682557580979953
27.4784659	1.1	-6.568391171188661	-0.2627356468475464
27.4785572	1.08	-13.376205111520513	-0.5350482044608205
27.4784659	1.05	-5.088076551623627	-0.20352306206494508
6.10826019	1.28	-7.173993915463168	-0.28695975661852674
6.10826692	1.28	-4.981994976195336	-0.19927979904781346
6.10826019	1.28	-16.40235351652159	-0.6560941406608636
23.6225913	0.97	-11.106085021772776	-0.444243400870911
23.62209527	1.02	-7.990218165551632	-0.31960872662206524
23.6225913	0.87	-5.1966650705432	-0.207866602821728
23.6223571	1.02	-1.327918869882081	-0.05311675479528324
23.6225913	0.97	-16.241725767005757	-0.6496690306802303
6.919723	0.95	-1.5490006313598939	-0.061960025254395756
6.91986734	0.88	-1.748240717601196	-0.06992962870404784
6.91986734	0.88	-6.362163501279983	-0.2544865400511993
6.91986734	1.05	-3.410543299083166	-0.13642173196332663
6.91986988	0.88	-1.5499087539984715	-0.06199635015993886
19.4464086	1.03	-13.821240657509415	-0.5528496263003766
19.44638698	0.88	-16.323016741755545	-0.6529206696702218
19.446313	0.95	-6.837084921904725	-0.273483396876189
19.44638698	0.88	-3.6918536791441348	-0.1476741471657654
19.44639139	1.03	-6.840259511132102	-0.2736103804452841
19.44638698	1.05	-1.36003048872051	-0.0544012195488204
19.44638028	1.03	-8.080397017448334	-0.3232158806979334
19.44638698	1.12	-22.905953255721975	-0.916238130228879
19.44638698	0.88	-2.102526911618031	-0.08410107646472124
101.951829	1.03	-2.5265958544137708	-0.10106383417655083
101.951829	1.03	-10.17291237649264	-0.4069164950597056
92.263714	1.21	-5.944524241103188	-0.2377809696441275
92.263714	1.21	-7.0863602325922965	-0.28345440930369187
92.26724194	1.26	-1.5038671947980065	-0.06015468779192026
92.263714	1.21	-15.0833145143516	-0.603332580574064
10.8118317	1.12	-7.57585034471013	-0.3030340137884052
10.81185858	1.24	-13.182574304912423	-0.5273029721964969
4.36130068	0.98	-2.7257093346276013	-0.10902837338510406
4.36128348	1.0	-29.983117572958143	-1.1993247029183258
4.36125889	0.98	-0.7010418055653199	-0.028041672222612796
4.36128348	1.06	-1.2069705662347725	-0.0482788226493909
4.36125889	0.97	-6.034787587453908	-0.24139150349815633
3.2903041	0.56	-6.250149161375537	-0.2500059664550215
3.29030452	0.17	-6.1687162391465495	-0.24674864956586198
3.29031389	0.56	-6.829264164454355	-0.27317056657817423
287.378949	0.86	-5.213308820958623	-0.20853235283834493
287.378949	1.09	-3.218520838363187	-0.12874083353452748
287.378949	0.86	-1.0681368869925576	-0.042725475479702305
287.378949	0.96	-0.1971349105564767	-0.007885396422259067
4.13960513	1.2	-6.540816215769345	-0.2616326486307738
4.13962966	1.51	-5.902013016470974	-0.23608052065883897
4.13962966	1.18	-9.233242680337675	-0.369329707213507
4.13960513	1.42	-13.582389497649233	-0.5432955799059693
7.20283653	0.87	-15.92409099235735	-0.636963639694294
7.20280608	0.99	-8.772027900515559	-0.35088111602062233
7.20283653	0.68	-10.5586938029953	-0.422347752119812
76.377855	0.59	-8.328171673660561	-0.33312686694642246
76.378033	0.59	-5.936617215292758	-0.23746468861171033
3.87595807	1.1	-14.494814049119256	-0.5797925619647702
3.87594316	1.01	-5.495611709617108	-0.21982446838468434
3.87594316	1.01	-9.939450849941196	-0.39757803399764785
7.81104673	1.0	-5.879806232449658	-0.23519224929798632
7.81100952	0.88	-12.43930622046968	-0.4975722488187872
7.81101	0.96	-3.3287674585221323	-0.1331506983408853
7.81104673	1.0	-11.677750841506706	-0.46711003366026826
7.81104769	0.94	-6.899945262539199	-0.27599781050156796
7.81100952	0.94	-5.48559322107743	-0.2194237288430972
21.3473612	1.0	-9.949275509730803	-0.39797102038923216
21.3473612	1.0	-6.262720435561361	-0.25050881742245446
21.34736612	0.94	-15.429543298013083	-0.6171817319205234
21.3473612	0.98	-7.4177157936045575	-0.2967086317441823
21.34735877	0.94	-8.191301194262591	-0.32765204777050366
21.34735	0.96	-21.095378999861058	-0.8438151599944423
21.34736612	0.88	-2.194415859529264	-0.08777663438117056
509.997402	0.75	-29.466037535461837	-1.1786415014184735
509.997402	0.72	-9.330582622473822	-0.3732233048989529
4.09513876	0.98	-7.171513528958018	-0.2868605411583207
4.09513932	0.97	-1.2031570397003042	-0.04812628158801217
4.09513932	1.06	-2.8493636501599133	-0.11397454600639653
4.09513932	1.06	-14.063537672290167	-0.5625415068916066
4.09513876	1.06	-31.820547887509314	-1.2728219155003726
224.150923	1.1	-5.138965480101649	-0.20555861920406596
448.303558	0.84	-2.704278563333792	-0.10817114253335168
62.134919	2.01	-5.1272181354990645	-0.2050887254199626
186.404271	1.01	-10.377763679801713	-0.4151105471920685
62.134919	1.18	-10.109547502509	-0.40438190010036
186.40772738	1.18	-15.757447300692052	-0.630297892027682
374.876239	0.92	-4.464456982330999	-0.17857827929323997
374.876239	1.1	-10.725475296343744	-0.42901901185374974
374.876239	1.1	-4.227523555188921	-0.16910094220755686
374.878133	1.1	-14.007123879782185	-0.5602849551912874
469.63111	0.86	-10.807870342828084	-0.43231481371312336
469.61309	0.89	-15.410974899606977	-0.6164389959842791
469.63111	0.83	-1.126743281217812	-0.04506973124871248
425.483539	0.99	-0.11196231469721862	-0.004478492587888745
425.47785	1.13	-19.919835767026854	-0.7967934306810741
6.10960324	1.02	-16.76579176736604	-0.6706316706946416
6.10968225	0.76	-14.284635525913794	-0.5713854210365518
6.10960324	0.76	-1.8415108054115528	-0.07366043221646211
259.365	0.82	-6.370641502867846	-0.25482566011471386
259.33683	0.97	-4.460775611996288	-0.17843102447985154
259.33683	0.77	-3.6799222464486308	-0.14719688985794524
259.34205798	1.03	-4.38271588380738	-0.1753086353522952
259.34304	1.03	-10.389098859966154	-0.4155639543986462
9.8788502	1.18	-11.993242735181461	-0.47972970940725845
9.878482	1.11	-10.155167116218738	-0.40620668464874954
5.03506543	1.08	-3.4338287578909323	-0.1373531503156373
5.03506543	1.08	-1.0086988590607888	-0.040347954362431555
5.03505665	0.97	-9.66179842804944	-0.38647193712197764
5.03504052	1.14	-2.47915633298495	-0.099166253319398
5.03506543	1.08	-20.59031750784404	-0.8236127003137617
5.03505665	1.14	-1.9808946459084504	-0.07923578583633802
5.03506543	1.09	-4.836117865960301	-0.19344471463841204
5.035023	1.15	-22.739544224960543	-0.9095817689984217
10.94577222	1.08	-3.655293133105296	-0.14621172532421184
10.94577783	0.97	-2.0899505980424995	-0.08359802392169999
10.94577222	1.09	-8.42892208477733	-0.33715688339109323
10.94577222	1.08	-12.78158901638417	-0.5112635606553668
10.94577783	1.14	-15.08088091728279	-0.6032352366913116
10.94575474	1.14	-22.63362802689427	-0.9053451210757709
10.945729	1.15	-2.898429267650589	-0.11593717070602357
10.94577222	1.04	-7.751145050325138	-0.3100458020130055
28.98671115	1.14	-5.259388361218113	-0.2103755344487245
28.9869016	0.97	-11.729854683947433	-0.46919418735789736
28.9868326	1.08	-10.816758347321302	-0.4326703338928521
28.9868326	1.08	-18.481275079317918	-0.7392510031727167
28.9868326	1.08	-2.6040308055376196	-0.10416123222150478
28.98679128	1.14	-11.113189956076383	-0.4445275982430553
28.9869016	1.14	-10.661216853265243	-0.4264486741306097
94.885768	1.08	-7.005661796420091	-0.28022647185680366
94.886902	1.14	-14.75498318130267	-0.5901993272521068
94.886902	0.97	-6.214339574030718	-0.24857358296122872
94.8864975	0.97	-11.913920205479045	-0.4765568082191618
94.878	1.15	-2.7081825518855993	-0.10832730207542397
94.90049708	1.14	-5.887929655642937	-0.2355171862257175
94.885768	1.04	-23.241251110501853	-0.9296500444200742
7.5844126	1.34	-4.143376489648302	-0.1657350595859321
19.672324	1.1	-16.53192475043043	-0.6612769900172173
19.672266	1.1	-1.1648614248105595	-0.04659445699242238
19.672324	1.13	-11.562906867290002	-0.46251627469160006
32.657212	1.1	-15.361817428715955	-0.6144726971486383
32.657035	1.13	-1.3615671364991306	-0.05446268545996523
12.2057513	0.94	-17.678452323080343	-0.7071380929232137
12.20598063	0.85	-3.7700281784034964	-0.15080112713613986
12.2064304	0.85	-0.36988218149781527	-0.014795287259912611
12.2057513	0.94	-18.821562285411225	-0.752862491416449
6.65104254	0.85	-16.205715193805208	-0.6482286077522084
6.6513802	0.94	-16.841958093277242	-0.6736783237310897
6.6513189	0.85	-6.582501476225756	-0.26330005904903026
6.6513802	0.94	-6.057724541464821	-0.24230898165859285
5.34264143	0.7	-7.446765557077201	-0.2978706222830881
5.34264507	0.92	-11.255940037774591	-0.4502376015109837
21.0907758	0.86	-4.485928833081605	-0.1794371533232642
21.0907758	0.86	-2.8218654267069625	-0.1128746170682785
21.0907758	0.89	-10.201559392417808	-0.40806237569671233
21.0907909	0.86	-4.14204561436976	-0.1656818245747904
16.1779561	1.08	-9.824074569153758	-0.3929629827661503
16.1779561	1.08	-2.309161795012206	-0.09236647180048824
4.48558383	0.18	-13.686045085591651	-0.5474418034236661
4.48559215	0.36	-5.3326635661850466	-0.21330654264740187
4.48559215	0.17	-21.198223148769923	-0.8479289259507969
1107.5923	1.22	-6.086951350377104	-0.24347805401508418
8.689102	0.52	-8.327651670869718	-0.3331060668347887
8.68907042	0.1	-4.142536535178599	-0.16570146140714395
8.689099	0.2	-6.685027549687356	-0.2674011019874942
8.18086953	0.73	-4.258401861697784	-0.17033607446791138
8.1808949	0.86	-12.85297653247534	-0.5141190612990136
8.1808949	0.87	-10.996098950648587	-0.4398439580259435
8.18086953	0.8	-4.92865555056559	-0.19714622202262358
8.18086953	0.73	-20.19433983296036	-0.8077735933184144
15.31296388	0.87	-17.781098661528095	-0.7112439464611238
15.31297659	0.73	-20.424972160797807	-0.8169988864319123
15.312909	0.87	-5.515242061922841	-0.22060968247691365
15.31297659	0.73	-22.843097302010523	-0.9137238920804209
15.31289808	0.87	-17.04963485884629	-0.6819853943538516
1.53817991	0.35	-1.6846130154604748	-0.067384520618419
1.53818153	0.24	-5.833397380808551	-0.23333589523234202
9.87863917	0.52	-0.8103070267728768	-0.032412281070915074
9.8847	0.21	-18.504767816865574	-0.740190712674623
9.8786461	0.45	-3.222252736450469	-0.12889010945801876
9.8851553	0.32	-6.848254265005229	-0.2739301706002092
38.09824	0.52	-3.097235562973966	-0.12388942251895864
38.0972378	0.36	-0.45685633937997727	-0.01827425357519909
38.09722	0.4	-1.2474292936671694	-0.04989717174668678
140.252515	0.68	-5.660032857308552	-0.2264013142923421
140.2524	0.72	-0.7519737109418322	-0.030078948437673288
140.252515	0.68	-3.1281467303267636	-0.12512586921307053
11.87290083	1.03	-9.219368741598826	-0.36877474966395307
11.87290083	1.03	-9.978207127465733	-0.39912828509862935
11.87290814	1.01	-8.98477396785351	-0.3593909587141404
11.8728787	1.03	-8.305567368186516	-0.33222269472746063
11.87290396	1.12	-0.6692173643670783	-0.026768694574683134
11.87290083	0.92	-16.761229503246312	-0.6704491801298526
31.57868	0.98	-15.479676894311138	-0.6191870757724456
31.57865122	1.01	-11.967881096289247	-0.4787152438515699
31.578659	1.03	-0.37621333847072214	-0.015048533538828885
31.57865934	1.04	-0.3217216834522689	-0.012868867338090758
31.57865934	1.05	-7.185084039099652	-0.2874033615639861
31.57865934	1.04	-5.008571953646238	-0.20034287814584953
1919.0	1.03	-19.00537806836936	-0.7602151227347744
3.84937174	1.48	-11.342371367652818	-0.45369485470611276
3.8493715	1.48	-3.4988870464346613	-0.13995548185738646
7.650262	0.88	-13.227108794750396	-0.5290843517900159
7.65024192	0.82	-0.1361783009724431	-0.005447132038897724
7.65024192	0.88	-8.445383671880544	-0.33781534687522174
7.65024351	0.83	-8.160964480438793	-0.3264385792175517
7.65024192	0.82	-3.4725757579465935	-0.13890303031786375
7.65024192	0.82	-26.641284817463017	-1.0656513926985207
34.25951372	0.81	-6.01480898977929	-0.24059235959117162
34.25951418	0.83	-11.681490204309211	-0.46725960817236845
34.25955106	0.89	-3.6909866358292485	-0.14763946543316994
34.26062	0.88	-10.827160225769505	-0.4330864090307802
34.25954112	0.89	-19.208399960460426	-0.768335998418417
1.55400389	0.83	-2.584926377875897	-0.10339705511503589
1.55400393	0.82	-6.901186287742141	-0.2760474515096857
1.55400393	0.82	-9.255098941411969	-0.3702039576564788
1.55400192	0.89	-5.561786524938618	-0.2224714609975447
237.68977	1.21	-3.429040624609756	-0.13716162498439025
17.60460628	0.51	-19.599254295038595	-0.7839701718015438
17.604437	0.63	-6.33072924852967	-0.25322916994118677
17.60459942	0.61	-5.817488414400722	-0.23269953657602888
17.60460628	0.51	-4.585223693772442	-0.1834089477508977
17.60461401	0.61	-5.606275701980371	-0.22425102807921485
17.60461401	0.53	-10.366832394054041	-0.41467329576216166
14.38682567	0.94	-6.7006153295606525	-0.2680246131824261
14.3868109	1.08	-3.4478345994026127	-0.1379133839761045
11.95475266	0.75	-12.61706566077177	-0.5046826264308708
11.95475464	0.84	-12.50777341495186	-0.5003109365980744
11.9548	0.84	-7.091478887830272	-0.28365915551321086
11.95474513	0.84	-0.9996207275390767	-0.03998482910156307
25.8474596	1.08	-4.583689351940258	-0.18334757407761032
25.84781795	1.23	-7.649234374340175	-0.305969374973607
25.8474958	1.23	-13.052588953637994	-0.5221035581455198
25.8474596	1.08	-0.4077926786739482	-0.016311707146957927
25.8474958	1.08	-6.950983704437722	-0.2780393481775089
40.71583266	1.23	-2.762498673887566	-0.11049994695550265
40.7155403	1.08	-0.2620029119555008	-0.010480116478220032
40.7155403	1.08	-11.868215605859877	-0.4747286242343951
40.7157	1.23	-10.635225386288738	-0.4254090154515495
40.71652	1.14	-2.4137248565395937	-0.09654899426158375
40.715561	1.23	-2.7829684869121367	-0.11131873947648548
83.57752	1.12	-0.7071683812968168	-0.028286735251872672
83.5783259	1.09	-1.9630461051521075	-0.07852184420608431
83.57858781	1.09	-6.126886530871227	-0.24507546123484908
83.5783259	0.88	-0.3430993739646628	-0.013723974958586512
83.5783259	1.09	-10.664739392830015	-0.4265895757132006
83.5783259	1.09	-2.5526326802204853	-0.10210530720881941
83.5781976	1.09	-11.185385557027706	-0.44741542228110825
15.43396148	0.98	-4.077082882761068	-0.1630833153104427
15.43400996	0.98	-7.718552813272407	-0.3087421125308963
15.43400996	1.06	-15.553699621756978	-0.6221479848702791
15.434	0.98	-5.6288654378265806	-0.22515461751306323
15.4339775	1.06	-5.192771227003575	-0.20771084908014298
15.4339775	1.06	-16.837010570620972	-0.6734804228248389
15.4339775	1.06	-12.11564107970354	-0.4846256431881416
9.51220046	0.61	-7.659376440554001	-0.30637505762216005
9.51216	0.67	-2.8283906564937484	-0.11313562625974993
9.51221128	0.57	-3.242747978070136	-0.12970991912280544
1.60932168	0.57	-1.6015787800110544	-0.06406315120044218
1.6093059	0.58	-7.036862261665793	-0.28147449046663175
1.60932194	0.67	-0.11640987793717267	-0.004656395117486907
4.729344	0.58	-13.22165411376628	-0.5288661645506513
4.72941969	0.57	-4.163595663789397	-0.16654382655157587
4.72946978	0.61	-13.969806329709211	-0.5587922531883684
4.72941177	0.67	-12.2034471493454	-0.488137885973816
4.72941969	0.57	-17.220839209477678	-0.6888335683791071
4.3931632	0.77	-0.9726257733364422	-0.038905030933457686
4.39315652	0.8	-3.2196759163123385	-0.12878703665249355
4.39315652	0.78	-17.514585098590466	-0.7005834039436186
4.39315652	0.77	-14.309806228593065	-0.5723922491437226
4.39316278	0.78	-16.033792859238098	-0.6413517143695239
4.39315768	0.78	-2.025463528199371	-0.08101854112797485
4.39315983	0.78	-15.550087945109816	-0.6220035178043927
4.39315652	0.77	-8.583903928157604	-0.34335615712630413
7.40610054	0.78	-2.8156458487490412	-0.11262583394996165
7.406106	0.78	-5.260524522447729	-0.21042098089790917
7.40610775	0.77	-8.34125381170418	-0.3336501524681672
7.406105	0.71	-3.149866777373928	-0.12599467109495713
7.40610775	0.77	-13.24318402370583	-0.5297273609482331
21.80410231	0.78	-11.473501397749045	-0.4589400559099618
21.8038763	0.78	-0.5271794054467018	-0.021087176217868073
21.803708	0.78	-7.725138034676913	-0.30900552138707654
21.8038763	0.77	-15.05748175851754	-0.6022992703407016
21.8038763	0.77	-0.8922519393685041	-0.035690077574740166
21.80353249	0.78	-7.744438241586477	-0.30977752966345906
21.803708	0.78	-17.53311296735296	-0.7013245186941184
21.8038763	0.8	-3.8109577931829115	-0.15243831172731645
21.80379	0.78	-8.002488028468496	-0.32009952113873985
1071.232624	0.78	-4.0457131674904145	-0.1618285266996166
1071.2319346	0.77	-7.795577358867373	-0.3118230943546949
1071.2319346	0.77	-17.96330696720303	-0.7185322786881213
1071.2319346	0.78	-10.72121033680394	-0.42884841347215763
1071.23228	0.77	-3.3692595290942737	-0.13477038116377096
1071.23308	0.78	-10.677036504357101	-0.42708146017428406
1071.23205	0.78	-8.261705726139553	-0.33046822904558215
20.4998763	1.05	-12.425727784151581	-0.49702911136606326
20.4998373	1.09	-8.522704134907073	-0.34090816539628294
20.4998763	1.13	-16.647679836678684	-0.6659071934671473
4.16789251	0.77	-13.356163930135397	-0.5342465572054159
4.16787814	0.91	-2.3351362775159505	-0.09340545110063803
4.16789251	0.93	-7.511677942934275	-0.300467117717371
4.16789251	0.77	-4.428850028532971	-0.17715400114131885
150.8779906	0.94	-6.448864630268938	-0.25795458521075754
150.8783198	1.16	-1.789001914531792	-0.07156007658127168
150.878	1.16	-2.8770982775145124	-0.1150839311005805
150.8811	1.14	-7.966295586375039	-0.31865182345500154
33.78882491	1.1	-1.5680576400833022	-0.06272230560333208
33.78882491	1.14	-14.388177069081184	-0.5755270827632474
33.7888028	1.12	-4.580708271551541	-0.18322833086206164
33.78882491	1.1	-10.31966396528905	-0.41278655861156205
33.7888	1.11	-18.774792788188982	-0.7509917115275593
62.561528	0.93	-2.334609914556735	-0.09338439658226941
62.5611	0.96	-4.435526556905802	-0.17742106227623208
62.5613879	0.96	-15.179398331004071	-0.6071759332401628
62.561528	0.93	-11.61925351987193	-0.46477014079487716
63.0381121	1.14	-13.224459521673854	-0.5289783808669541
63.0382	1.06	-8.941051431776902	-0.35764205727107606
63.03814	1.02	-16.587834060837	-0.66351336243348
63.0381121	1.12	-1.1203087551230104	-0.044812350204920415
63.0381121	1.14	-7.085949323600564	-0.28343797294402256
29.92205802	1.07	-6.7861399589442115	-0.2714455983577685
29.92205802	1.07	-9.607970932196944	-0.38431883728787775
22.06402	1.17	-4.148575769285154	-0.16594303077140615
22.0640623	1.12	-7.480055208716271	-0.29920220834865086
22.0640623	1.2	-4.493415276148917	-0.17973661104595667
22.0640623	1.2	-14.592755238401478	-0.5837102095360591
147.973027	0.96	-10.63492415042898	-0.4253969660171592
147.974	1.03	-1.1544665170852932	-0.04617866068341173
147.97391	1.03	-0.19037575504714843	-0.007615030201885938
147.97391	0.91	-8.330058854780388	-0.3332023541912155
9.75373853	0.96	-4.616841085067303	-0.18467364340269213
9.7538	0.97	-0.9372770744403106	-0.037491082977612424
9.75374033	1.0	-4.278720943812551	-0.17114883775250203
9.75374033	0.96	-13.153496174143553	-0.5261398469657421
4.42534621	1.3	-12.41390954232596	-0.49655638169303845
4.42535352	1.12	-15.3961345963621	-0.615845383854484
4.42534621	1.09	-5.604593183705508	-0.22418372734822034
13.19320021	1.12	-6.170274292282915	-0.2468109716913166
13.19326	1.12	-4.5831230471023945	-0.18332492188409577
13.19308754	1.12	-5.241439658876839	-0.20965758635507356
13.1932092	1.09	-5.859871121765607	-0.2343948448706243
13.1932092	1.09	-4.538903767419589	-0.18155615069678355
8.77426218	0.83	-10.300627779001884	-0.41202511116007534
8.77425786	0.83	-23.2052480114125	-0.9282099204565001
8.77419863	0.83	-23.118960601495502	-0.9247584240598201
8.77425786	0.83	-7.547659609035288	-0.30190638436141154
8.77426218	0.83	-5.0013141895945665	-0.20005256758378268
8.77424	0.83	-3.15818742609632	-0.1263274970438528
8.77426218	0.83	-15.449499093226905	-0.6179799637290762
69.8956789	0.89	-0.7970548539326636	-0.031882194157306545
69.8957158	0.72	-30.00292466847297	-1.200116986738919
69.8941	0.9	-10.191739193828457	-0.4076695677531383
69.8957158	0.72	-14.113521809502782	-0.5645408723801113
14.83339324	0.93	-15.144523278624	-0.60578093114496
14.8322	0.93	-10.645779513735976	-0.425831180549439
14.83340944	0.88	-1.8871702099361765	-0.07548680839744706
14.83339324	0.93	-6.63119574500276	-0.2652478298001104
14.8334	0.99	-1.6604430502321568	-0.06641772200928628
14.83340944	0.99	-1.3504617146549016	-0.054018468586196064
15.03353729	0.95	-4.579050847984796	-0.18316203391939184
15.03366411	0.97	-5.822820518168997	-0.23291282072675987
15.03366411	0.95	-1.8928719840530872	-0.0757148793621235
47.7052566	0.67	-5.774658620887806	-0.23098634483551223
47.7054612	0.67	-6.346773283810181	-0.25387093135240724
47.7054612	0.67	-18.819129534999053	-0.7527651813999622
47.7045936	0.75	-15.861136056854583	-0.6344454422741833
47.7055	0.75	-4.8902595936032	-0.195610383744128
20.4904029	1.04	-11.622205731210059	-0.46488822924840234
20.49041	0.96	-12.011361122368383	-0.4804544448947353
9.30991834	1.0	-8.888504164814046	-0.3555401665925619
9.30989826	1.0	-3.9917581658722034	-0.15967032663488814
9.30989826	1.0	-17.54422030007238	-0.7017688120028952
5.77955922	0.56	-6.636487580490845	-0.2654595032196338
5.77957133	0.6	-11.549149480456471	-0.4619659792182588
5.77954	0.65	-4.718050802391219	-0.18872203209564878
5.77955922	0.56	-2.259109681432167	-0.09036438725728668
5.779572	0.58	-3.824501796703131	-0.15298007186812526
5.62005172	0.95	-4.73472116049382	-0.18938884641975282
5.62005172	0.95	-10.18618450806635	-0.40744738032265404
5.620047	0.69	-16.669375665315798	-0.6667750266126319
8.48299282	0.94	-7.458353867004451	-0.29833415468017804
8.48293296	0.89	-6.725270886234628	-0.26901083544938514
8.48299282	1.02	-17.576140382393106	-0.7030456152957243
8.483	1.02	-11.917222329051429	-0.47668889316205715
3.25058053	0.85	-6.539273233247049	-0.26157092932988196
3.25058201	0.81	-2.1040089872580454	-0.08416035949032181
3.25058201	0.81	-8.474363192805507	-0.3389745277122203
3.25058053	0.85	-0.6320801788478613	-0.025283207153914453
3.25058053	0.84	-21.17576806686582	-0.8470307226746329
3.250641	0.92	-20.207541531704596	-0.8083016612681838
3.25058053	0.85	-14.838062256192867	-0.5935224902477146
3.25058644	0.81	-18.989994517249233	-0.7595997806899694
6.19543693	0.84	-10.046459123466592	-0.40185836493866367
6.19543693	0.85	-0.32930697617731086	-0.013172279047092434
6.19558232	0.81	-21.801395382456978	-0.8720558152982791
6.1954595	0.81	-16.185929334647966	-0.6474371733859187
6.1954595	0.81	-10.72756549243687	-0.4291026196974748
6.195544	0.92	-5.573384125350057	-0.2229353650140023
8.34817754	0.81	-16.13317951800423	-0.6453271807201693
8.34818817	0.85	-1.679394218244793	-0.06717576872979172
8.34818817	0.84	-1.3655887857047897	-0.054623551428191586
8.34819209	0.81	-11.456411286601728	-0.4582564514640691
8.34819209	0.81	-9.937938625644472	-0.3975175450257789
13.76710058	0.81	-2.003733706586835	-0.08014934826347339
13.76708539	0.85	-13.518953243506168	-0.5407581297402467
13.76708539	0.82	-4.374466988989461	-0.17497867955957844
13.76706856	0.81	-2.1556075052587063	-0.08622430021034826
87.09086	0.92	-4.918710265459117	-0.19674841061836468
87.0905994	0.85	-3.181537373559882	-0.1272614949423953
87.0905994	0.84	-4.2838440685906525	-0.1713537627436261
87.0912594	0.81	-2.446942332535513	-0.09787769330142052
87.0912594	0.81	-7.095077285511236	-0.28380309142044946
234.63454522	0.94	-3.896220991938775	-0.155848839677551
234.635652	0.94	-14.826818383561843	-0.5930727353424737
234.635379	0.88	-0.23462526057597677	-0.009385010423039072
234.635379	0.88	-5.3226013940918095	-0.21290405576367238
234.636	0.94	-2.3581940883250625	-0.0943277635330025
234.635652	0.87	-27.246809349068325	-1.089872373962733
234.6356	0.91	-10.080213685877382	-0.40320854743509527
3.84822189	1.11	-1.3399949880283357	-0.05359979952113343
3.84822189	1.09	-1.2490172849151562	-0.04996069139660625
3.8482	1.11	-0.6633934485329694	-0.026535737941318777
5.95960845	1.01	-1.9540071213784989	-0.07816028485513996
5.95966	0.87	-3.2496880042938683	-0.12998752017175474
5.95960845	1.01	-26.509155270653693	-1.0603662108261478
12.10001	0.94	-6.182975788121227	-0.24731903152484908
12.09997831	0.95	-11.458835671150004	-0.45835342684600017
12.09997831	0.95	-6.174160865569605	-0.2469664346227842
5.36375016	0.95	-3.506214907271269	-0.14024859629085076
5.36370993	0.94	-2.4153695326690934	-0.09661478130676374
5.36374214	0.95	-6.1068864026563325	-0.2442754561062533
5.36375016	0.94	-15.31457185181214	-0.6125828740724856
5.36374214	0.95	-19.27932981624813	-0.7711731926499252
5.36374214	0.95	-8.361739945131475	-0.33446959780525903
5.363717	0.94	-19.842313068022854	-0.7936925227209142
3.89524296	0.8	-5.244777533067451	-0.20979110132269804
3.89526	0.82	-17.739273662119263	-0.7095709464847706
3.89523349	0.68	-9.576720064925498	-0.3830688025970199
3.89524296	0.82	-11.913889065118624	-0.47655556260474496
3.89523349	0.68	-7.594647885366974	-0.303785915414679
4.73292061	0.96	-16.82851575855014	-0.6731406303420056
4.73292085	0.86	-4.319019136836671	-0.17276076547346683
4.73292085	0.86	-4.455803350118256	-0.17823213400473023
4.73292085	0.86	-4.079122275951397	-0.16316489103805587
4.7329	0.96	-9.144552307156173	-0.3657820922862469
4.73292061	0.89	-11.135375585182295	-0.44541502340729183
65.941326	1.05	-2.0386387633275955	-0.08154555053310382
65.9412549	1.02	-6.982914455807348	-0.27931657823229394
65.941326	1.05	-5.727113072620958	-0.22908452290483833
65.9407869	1.02	-15.063193437924616	-0.6025277375169846
33.4976313	0.96	-1.6842305497137686	-0.06736922198855075
33.4969115	0.75	-0.1839365232042205	-0.00735746092816882
33.49803036	0.75	-18.492327083024694	-0.7396930833209878
1.21069487	0.82	-19.216886864582946	-0.7686754745833179
1.21069328	0.72	-6.710704121963143	-0.2684281648785257
1.21069363	0.76	-14.11942208487871	-0.5647768833951484
1.21069328	0.8	-2.407620226660095	-0.09630480906640379
1.21069363	0.82	-7.935228662992912	-0.31740914651971647
3.49078834	0.79	-1.3879693858926374	-0.0555187754357055
3.49078834	0.79	-28.37439972668124	-1.1349759890672497
3.49078834	0.79	-4.056794965725303	-0.16227179862901214
1.48571092	1.04	-13.204946149728062	-0.5281978459891226
1.48571095	1.03	-3.2082044345850544	-0.1283281773834022
1.4857108	1.07	-5.553616928478148	-0.22214467713912592
1.48571095	1.02	-12.044329852110236	-0.48177319408440944
1.48571127	1.12	-0.22153562980039027	-0.008861425192015611
1.48571091	1.16	-28.680052621443053	-1.1472021048577221
1.48571099	1.04	-0.9239027808636339	-0.036956111234545355
1.48571095	1.08	-15.532192691122237	-0.6212877076448895
1.48571095	1.02	-4.2370131188271385	-0.16948052475308553
1.48571095	1.02	-20.856917556087605	-0.8342767022435043
7.93058775	1.03	-5.482986834623006	-0.21931947338492022
7.93058352	1.09	-3.9573089838010884	-0.15829235935204353
7.93058352	0.96	-0.4846868794758726	-0.019387475179034903
7.93058775	1.08	-8.72349980823991	-0.3489399923295964
7.93058775	1.08	-7.929589012504951	-0.317183560500198
7.93058775	1.07	-2.274814900453504	-0.09099259601814015
16.66591162	1.07	-6.408179027119027	-0.25632716108476106
16.666	1.08	-2.822647427854079	-0.11290589711416317
16.66584	1.09	-6.140749948582117	-0.2456299979432847
16.66591162	1.08	-22.56022902390591	-0.9024091609562365
16.66591162	1.03	-3.2918435203332557	-0.13167374081333022
234.244257	1.25	-8.355498920420136	-0.33421995681680544
234.240739	1.05	-14.95646099594893	-0.5982584398379572
234.244257	1.07	-0.9874589809733063	-0.03949835923893225
234.244257	1.25	-7.295980433142243	-0.29183921732568974
234.240739	1.12	-6.776489206296879	-0.27105956825187516
234.239	1.12	-22.384530941496394	-0.8953812376598558
169.133455	0.88	-14.488013388823383	-0.5795205355529354
169.134	0.87	-6.628904946347633	-0.2651561978539053
169.133455	0.86	-12.45799887705847	-0.49831995508233884
169.135056	0.87	-8.135272339499117	-0.3254108935799647
169.135056	0.82	-13.339285856033634	-0.5335714342413453
18.5010197	0.83	-10.618344746016856	-0.4247337898406742
18.5010197	0.83	-11.783533084191207	-0.4713413233676483
18.5010197	0.83	-12.396373299755588	-0.4958549319902235
18.5010898	0.81	-17.449898855740358	-0.6979959542296144
18.5012	0.85	-2.12509867065579	-0.0850039468262316
988.8811177	1.1	-6.927742990527611	-0.2771097196211045
600.0	1.17	-4.852226892842164	-0.19408907571368655
11.28	1.14	-7.791868210039819	-0.31167472840159277
65.70462	1.08	-22.34650867222492	-0.8938603468889968
65.70460002	1.06	-8.32011384954681	-0.3328045539818724
65.7045275	1.04	-14.43762385669269	-0.5775049542677076
65.70460002	1.08	-9.066321007195045	-0.3626528402878018
4.16696628	0.91	-3.6250895510138537	-0.14500358204055416
4.166937	0.93	-10.216726412700973	-0.4086690565080389
4.16696217	0.91	-5.651501449937554	-0.22606005799750217
4.16696217	0.91	-12.916577556283107	-0.5166631022513243
4.16696217	1.07	-9.051123758014501	-0.36204495032058004
4.16695783	0.97	-24.3429751396624	-0.973719005586496
4.16696217	0.98	-23.663123255653616	-0.9465249302261447
11.4634736	1.07	-6.8068975089216615	-0.27227590035686644
11.463527	0.93	-11.392238985613444	-0.45568955942453776
11.4634736	0.91	-18.49838319945855	-0.739935327978342
11.46347165	0.97	-5.560082873695249	-0.22240331494780996
11.4634736	0.98	-3.7612810918284523	-0.15045124367313809
11.4634736	0.91	-4.846882479308622	-0.1938752991723449
11.4634736	0.91	-9.090396795329765	-0.3636158718131906
39.5968655	0.97	-21.879870091581747	-0.8751948036632698
39.6027551	0.91	-8.615439977001506	-0.34461759908006023
39.6034	0.91	-13.020460884405983	-0.5208184353762393
39.59492	0.93	-17.177037171703347	-0.6870814868681339
39.6027551	0.91	-9.95308803907194	-0.3981235215628776
39.6027551	0.98	-1.2596665078701912	-0.05038666031480765
39.6034	0.97	-13.069876355105015	-0.5227950542042006
14.91094205	0.93	-7.6959606152675315	-0.30783842461070127
14.910755	0.91	-8.35119278725659	-0.3340477114902636
14.91095177	0.98	-1.2556490207193893	-0.050225960828775576
14.91094205	0.95	-15.207799144503058	-0.6083119657801224
14.91095504	0.98	-0.42732369066359066	-0.017092947626543627
14.91094205	0.95	-18.928503113399117	-0.7571401245359647
21.06075647	0.95	-9.220112238192065	-0.36880448952768263
21.06046	1.0	-1.297851974486354	-0.05191407897945416
21.06075303	0.94	-8.357942595961937	-0.3343177038384775
21.06080055	0.94	-8.996084851621601	-0.35984339406486404
13.81505213	0.51	-21.29697791349294	-0.8518791165397176
13.81505985	0.57	-16.969342586273655	-0.6787737034509462
13.81505213	0.51	-0.1762463474161401	-0.007049853896645604
13.81504449	0.52	-1.5958513860657593	-0.06383405544263038
13.81505213	0.51	-1.3278614531477604	-0.05311445812591042
13.81499958	0.52	-4.270807873864281	-0.17083231495457124
18.01164974	1.25	-2.6727491939897043	-0.10690996775958818
18.01160049	1.3	-7.507977013218377	-0.30031908052873507
18.01167665	1.17	-9.69007097893778	-0.3876028391575112
18.01167665	1.32	-17.7599126231012	-0.710396504924048
10.27530003	1.45	-10.51633166493864	-0.4206532665975456
10.27531708	1.48	-6.0033964156647155	-0.24013585662658862
10.27531708	1.49	-9.110043176689471	-0.36440172706757884
10.275394	1.41	-26.270925369997872	-1.0508370147999149
35.59730148	1.08	-2.235514242604284	-0.08942056970417137
35.59713982	1.11	-8.345829651252771	-0.33383318605011086
35.59713982	1.11	-16.46395063922592	-0.6585580255690369
35.5969684	1.08	-15.701968754157011	-0.6280787501662805
35.59713982	1.11	-12.041930391778777	-0.4816772156711511
35.58355458	0.7	-6.332574113022407	-0.2533029645208963
35.58355458	0.67	-7.554702906254622	-0.3021881162501849
35.58944	0.7	-4.383999632966653	-0.17535998531866612
35.58100128	0.75	-7.167443447584677	-0.2866977379033871
35.58349688	0.75	-10.419211249957112	-0.4167684499982845
35.58355458	0.67	-6.75099865595212	-0.2700399462380848
30.65279961	1.16	-8.120231759563783	-0.3248092703825513
30.6529373	1.32	-9.279230039960577	-0.3711692015984231
30.65268	1.33	-0.7123440161842108	-0.028493760647368433
30.6529373	1.32	-7.612236033031854	-0.30448944132127415
30.6529373	1.32	-11.22800805784827	-0.4491203223139308
135.1878234	0.78	-17.062350670728303	-0.6824940268291322
135.1898	0.84	-18.50438895353907	-0.7401755581415629
135.1879934	0.85	-3.3285676127409243	-0.13314270450963697
135.1878234	0.78	-6.101582319639475	-0.24406329278557903
135.1878234	0.83	-5.433589326418433	-0.21734357305673732
135.1880035	0.85	-12.209863065541434	-0.4883945226216574
135.1878234	0.78	-20.605070818834683	-0.8242028327533873
6.14955931	1.03	-8.105997100153274	-0.32423988400613096
6.14955931	1.08	-5.369547837787861	-0.21478191351151446
6.14955299	1.08	-3.2721575418680735	-0.13088630167472295
6.149362	1.09	-2.075753994631509	-0.08303015978526036
6.14955299	1.14	-0.29721445235961946	-0.011888578094384778
2.94030411	1.08	-6.847679795210191	-0.27390719180840767
2.94030411	1.0	-3.5267992874172407	-0.14107197149668962
2.94030411	0.9	-18.498342323189334	-0.7399336929275734
2.940321	0.85	-2.6613532316492527	-0.10645412926597012
2.94030482	0.96	-9.88046524193601	-0.3952186096774404
2.94030411	0.9	-2.076814312412891	-0.08307257249651563
2.94030411	0.9	-5.3779350503918	-0.215117402015672
2.94030482	0.95	-0.2064719313752829	-0.008258877255011317
6.38901755	0.9	-1.9297809528011771	-0.07719123811204709
6.38901755	1.0	-15.294688681703235	-0.6117875472681295
6.38899658	0.95	-6.34830931057672	-0.2539323724230688
6.38901755	0.9	-3.3395352966097223	-0.1335814118643889
6.38899658	0.96	-2.1150544489867666	-0.08460217795947067
6.38900035	0.95	-12.457349845031905	-0.4982939938012762
6.38901755	1.08	-8.21788977182379	-0.3287155908729516
14.62698952	0.9	-22.53921848774772	-0.9015687395099089
14.62698952	0.9	-13.336319071307777	-0.5334527628523111
14.62677024	0.95	-8.052078745099168	-0.32208314980396674
14.62707812	0.95	-8.510204554803693	-0.3404081821921477
14.62709685	0.96	-0.3712634876046324	-0.014850539504185297
14.62698952	1.0	-12.214305230953919	-0.48857220923815675
14.62719	0.85	-6.38444923449461	-0.2553779693797844
14.62709685	0.95	-10.031243256564823	-0.4012497302625929
35.1185226	0.9	-13.350164000391862	-0.5340065600156745
35.1188577	0.95	-12.603655936994345	-0.5041462374797738
35.1185226	0.9	-2.9782781497891855	-0.11913112599156742
35.1185226	0.9	-0.2787780336607411	-0.011151121346429645
35.1185226	1.0	-5.769496882961215	-0.23077987531844862
12.70637048	0.94	-3.2232762035120968	-0.12893104814048387
12.70639992	0.94	-14.495275892418114	-0.5798110356967245
12.70636123	0.94	-14.562395808569487	-0.5824958323427795
12.70637048	0.94	-7.797011863631086	-0.3118804745452434
4.59239084	0.89	-12.187944742159893	-0.4875177896863957
4.59239084	0.89	-1.6811766209728858	-0.06724706483891543
4.59238514	0.87	-7.574800047090445	-0.3029920018836178
4.59239382	0.87	-27.503620897229343	-1.1001448358891737
4.59239084	0.89	-8.618378365359298	-0.34473513461437194
4.592392	0.85	-5.244784964824353	-0.20979139859297413
9.17858057	0.86	-1.3335845278988874	-0.0533433811159555
9.17856979	0.88	-6.204685192470457	-0.24818740769881828
9.17858057	0.86	-8.748640194682153	-0.3499456077872861
9.17858526	0.94	-10.529448392060182	-0.4211779356824073
9.1785703	0.94	-2.641919504305968	-0.10567678017223871
9.17858057	0.86	-0.2364920357693952	-0.009459681430775808
9.178475	0.9	-16.60374207703165	-0.6641496830812661
39.7530284	0.96	-11.705184025280758	-0.46820736101123034
39.7529915	0.96	-1.1349679387256042	-0.04539871754902417
39.7530284	0.96	-8.938233138401595	-0.3575293255360638
39.75289917	0.96	-9.628478047425006	-0.3851391218970002
6.45442931	1.02	-16.593380259945537	-0.6637352103978215
6.45441745	1.02	-6.74926507561773	-0.2699706030247092
6.45443377	1.02	-12.044148043012562	-0.4817659217205025
6.45442931	1.02	-17.95429722521366	-0.7181718890085464
16.71987303	1.05	-4.0290503589422775	-0.1611620143576911
16.71987223	1.13	-5.945159269996982	-0.2378063707998793
16.71986014	1.17	-7.310289831220965	-0.2924115932488386
18.39628156	0.85	-5.0227810783863305	-0.20091124313545322
18.39629744	0.92	-17.93458621403919	-0.7173834485615675
18.39628156	0.85	-9.076738856143388	-0.3630695542457355
18.396319	0.83	-5.70578390573931	-0.22823135622957239
9.0293089	0.82	-14.855671221022533	-0.5942268488409014
9.02929974	0.82	-23.068627716264032	-0.9227451086505614
9.029305	0.81	-12.412776668664279	-0.49651106674657114
9.02930689	0.82	-0.44852691934633915	-0.017941076773853565
9.0293089	0.82	-11.747467918290456	-0.4698987167316182
9.02929362	0.91	-8.934791993786716	-0.3573916797514686
4.78300451	0.89	-11.594225096756878	-0.46376900387027514
4.78300451	0.89	-4.880717443495409	-0.19522869773981635
4.783	0.75	-15.83395578923302	-0.6333582315693208
4.78300451	0.89	-9.208392136647594	-0.3683356854659038
4.220959	0.63	-4.439570864270775	-0.177582834570831
4.22096578	0.69	-2.2536783855565283	-0.09014713542226113
4.22097015	0.54	-13.644995598755095	-0.5457998239502038
4.22096715	0.55	-7.084131178953908	-0.2833652471581563
4.22096735	0.69	-10.108425048297626	-0.404337001931905
4.22096578	0.54	-5.450455850120892	-0.21801823400483566
4.26374847	1.07	-6.648562816141128	-0.2659425126456451
4.26374847	0.79	-10.620267972774894	-0.42481071891099575
4.26374378	1.0	-10.959016528722023	-0.4383606611488809
4.26374847	0.79	-13.582041410738352	-0.5432816564295341
4.263756	1.06	-9.26447289264626	-0.37057891570585044
4.26374847	1.04	-10.99936595514361	-0.4399746382057444
8.00579096	1.0	-7.91205283710676	-0.3164821134842704
8.00578366	0.79	-5.270372290363191	-0.21081489161452766
8.00578092	1.0	-14.534535084359693	-0.5813814033743877
8.00581599	1.0	-0.36007201016299495	-0.014402880406519799
8.00578366	1.07	-6.106847144290146	-0.24427388577160586
8.005798	1.06	-4.284145985707838	-0.17136583942831352
8.00579096	0.79	-18.978599640247385	-0.7591439856098954
13.81020318	1.01	-3.334637305985638	-0.13338549223942553
13.81020318	0.99	-8.162740245083766	-0.32650960980335064
13.81019974	1.01	-8.495102098893943	-0.33980408395575773
13.80994	0.97	-14.41539174114596	-0.5766156696458384
13.81019506	0.99	-9.164002274212649	-0.36656009096850595
21.76129394	0.72	-7.371375037945839	-0.29485500151783356
21.76129812	0.78	-13.480100310687698	-0.5392040124275079
21.76129394	0.72	-15.17820196625869	-0.6071280786503477
21.76129913	0.78	-6.270826800540783	-0.2508330720216313
21.761277	0.71	-27.18840602504625	-1.0875362410018499
21.76129394	0.77	-1.0825332639317446	-0.043301330557269785
32.3123975	1.04	-10.60789036877617	-0.4243156147510468
32.31253348	1.05	-10.764907194845948	-0.43059628779383796
32.31153	1.01	-14.155048451605822	-0.5662019380642329
32.3122867	1.05	-0.3415098419306341	-0.013660393677225364
9.22961384	1.23	-2.993556291180723	-0.11974225164722892
9.22961384	1.27	-9.245102357049156	-0.36980409428196626
9.22958009	1.08	-10.449541014428613	-0.41798164057714454
6.79684436	1.05	-8.10571334650287	-0.32422853386011485
6.796859	1.05	-7.844965774645199	-0.31379863098580796
6.79684436	1.05	-14.125938014447279	-0.5650375205778911
6.79684436	1.05	-6.526853128523215	-0.2610741251409286
6.79685353	1.08	-5.8256616384197155	-0.23302646553678863
7.71792984	0.54	-9.772756574146946	-0.39091026296587783
7.71792296	0.54	-5.877101128451858	-0.23508404513807432
7.71790675	0.54	-6.777926849093779	-0.2711170739637512
37.80994353	1.04	-10.513590273887562	-0.4205436109555025
37.81029892	0.98	-4.28550098128917	-0.1714200392515668
37.8101174	0.98	-18.880559746623675	-0.755222389864947
64.6174465	0.83	-5.714134156734843	-0.22856536626939375
64.617518	0.83	-18.641113449017233	-0.7456445379606893
7.67465618	1.08	-17.84249751886976	-0.7136999007547904
7.6746614	1.08	-7.032973932017752	-0.2813189572807101
7.67463016	1.08	-0.8907558172491695	-0.03563023268996678
7.6746614	1.02	-7.317001493744435	-0.2926800597497774
7.67465618	1.08	-2.6718650395223635	-0.10687460158089454
7.343692	0.98	-3.7866161568598633	-0.15146464627439454
7.34372823	0.84	-9.069010714959607	-0.36276042859838425
7.34372235	1.02	-17.918199194952155	-0.7167279677980862
7.34370995	0.86	-22.179142059899426	-0.887165682395977
7.34373964	0.86	-11.216496580984682	-0.4486598632393873
13.981814	0.6	-5.214859958253715	-0.20859439833014862
13.98177228	0.58	-3.1283807349686588	-0.12513522939874636
13.98174705	0.76	-6.551686498927012	-0.2620674599570805
13.98177228	0.58	-1.569857694397561	-0.06279430777590245
13.98177862	0.64	-12.20100315466767	-0.48804012618670684
13.98177862	0.76	-3.41418885673518	-0.1365675542694072
44.0003975	0.76	-2.0874316679157436	-0.08349726671662974
44.0004287	0.58	-2.7155662850565907	-0.10862265140226363
44.0004287	0.71	-14.650627802191137	-0.5860251120876455
44.00055963	0.76	-10.845408677949788	-0.4338163471179915
247.3503	0.6	-13.814410125991774	-0.552576405039671
247.35205352	0.76	-12.084345701790182	-0.4833738280716073
247.354914	0.76	-25.348775613018113	-1.0139510245207246
247.354265	0.58	-10.446274174828094	-0.4178509669931238
247.3545	0.76	-6.136704722620794	-0.24546818890483177
247.354265	0.71	-8.678696786712104	-0.34714787146848414
247.354914	0.64	-29.539742491730568	-1.1815896996692228
8.17242644	0.94	-6.978537436371776	-0.27914149745487105
8.17242018	1.09	-14.167066062467986	-0.5666826424987195
8.17242644	1.02	-8.046788785487598	-0.3218715514195039
8.17242018	1.09	-10.257358889205017	-0.4102943555682007
8.17242018	1.09	-8.815190811442694	-0.35260763245770776
8.17248	1.04	-6.806579142293729	-0.2722631656917492
2.75759006	0.45	-5.572707377620956	-0.22290829510483826
2.75758462	0.45	-12.662885338683905	-0.5065154135473562
2.75759025	0.48	-9.889671988148066	-0.39558687952592264
2.75759025	0.48	-2.9602504416778315	-0.11841001766711326
2.75759025	0.48	-23.390625610765056	-0.9356250244306022
49.47819901	0.94	-7.575485591149027	-0.3030194236459611
49.4781446	0.99	-4.604667765112062	-0.18418671060448247
49.4781446	0.94	-0.6739024168750647	-0.026956096675002587
49.4781649	0.94	-22.33576411313852	-0.8934305645255408
7.64972303	1.35	-0.5790199239846208	-0.02316079695938483
7.64970832	1.27	-2.9033877587601937	-0.11613551035040776
7.64971018	1.27	-0.9269449848585065	-0.03707779939434026
7.64972303	1.23	-12.596694513495159	-0.5038677805398064
7.64972303	1.23	-10.293603999005484	-0.41174415996021935
37.101107	0.89	-1.065210322872285	-0.0426084129148914
37.101107	0.89	-7.914945959963996	-0.3165978383985598
37.10103287	1.0	-14.05132787127946	-0.5620531148511784
37.101107	0.89	-2.077660759361303	-0.08310643037445212
37.101107	0.89	-7.0933907443744655	-0.2837356297749786
37.10110092	0.89	-19.1937465205141	-0.7677498608205641
37.1011418	1.0	-8.486574883822989	-0.33946299535291957
3.01618319	1.06	-2.1922371581437368	-0.08768948632574947
3.01618319	1.06	-1.7507898829746762	-0.07003159531898705
3.01618201	0.98	-6.665013177508563	-0.2666005271003425
3.01618319	1.06	-4.584008137339055	-0.18336032549356218
3.01618201	0.99	-5.098557445396433	-0.20394229781585732
3.01619005	0.99	-19.291309451264635	-0.7716523780505854
321.2139	1.14	-10.807327765132149	-0.43229311060528597
321.2125073	0.87	-9.87010413374123	-0.3948041653496492
321.2124365	1.09	-9.970517673649775	-0.39882070694599103
321.2124365	1.22	-7.467633159402425	-0.298705326376097
321.2120056	1.09	-0.40622434868319723	-0.01624897394732789
6.23033032	0.98	-3.0091528374628687	-0.12036611349851475
6.23033032	0.98	-2.7104730063339537	-0.10841892025335816
6.23033032	0.98	-0.7277364221733753	-0.029109456886935014
5.82348911	0.92	-6.465044974960573	-0.25860179899842295
5.82349237	0.92	-3.213811068920987	-0.12855244275683947
5.82352018	0.92	-2.318506788128181	-0.09274027152512725
5.823445	1.03	-4.679019429311076	-0.18716077717244303
5.82349237	0.92	-12.223469684714159	-0.4889387873885664
5.82349237	0.92	-11.260849299834026	-0.45043397199336105
14.53410194	0.59	-13.617888427737881	-0.5447155371095153
14.53410833	0.66	-7.520558402096249	-0.30082233608384995
14.53410833	0.55	-10.049324102520272	-0.4019729641008109
14.53410194	0.59	-0.5441929921338697	-0.021767719685354788
14.53398	0.57	-16.660821770006468	-0.6664328708002587
14.53399886	0.66	-12.382402184514136	-0.49529608738056546
11.90350858	1.08	-0.5712793049298721	-0.022851172197194885
11.90352088	1.02	-2.315871997186726	-0.09263487988746905
11.90349774	1.02	-5.688907850906853	-0.22755631403627413
11.90362	1.04	-7.1223926224161245	-0.284895704896645
11.90350858	1.08	-1.232867762140043	-0.04931471048560172
11.90350858	1.12	-8.501289774809738	-0.3400515909923895
11.90350858	1.08	-25.473012547784244	-1.0189205019113698
34.0350559	1.12	-5.076456581791452	-0.20305826327165807
34.0350605	1.02	-17.603678734750844	-0.7041471493900338
34.03517103	1.02	-14.293629660707719	-0.5717451864283087
34.0350559	1.08	-2.4721894777338917	-0.09888757910935567
34.0350559	1.08	-15.26215336654517	-0.6104861346618068
34.0350605	1.08	-13.821076184529918	-0.5528430473811967
34.03544	1.04	-14.30904963837978	-0.5723619855351911
205.912735	0.96	-5.865361064498448	-0.23461444257993794
205.9120026	0.98	-0.9984291362709259	-0.03993716545083704
205.912082	0.85	-18.240930987082344	-0.7296372394832937
205.912735	0.98	-8.455675717629056	-0.33822702870516225
205.912082	0.85	-6.535677843057565	-0.2614271137223026
7.01734994	0.97	-1.0308725786774922	-0.04123490314709969
7.01734994	0.97	-2.870331178933241	-0.11481324715732964
7.01731014	0.97	-3.321192023917167	-0.13284768095668667
7.01734994	0.97	-9.567914321947786	-0.38271657287791144
7.01733571	0.97	-11.9194825674738	-0.476779302698952
7.01773	1.04	-3.207081181690347	-0.12828324726761386
56.3592236	0.82	-11.300812652547405	-0.4520325061018962
56.35850143	0.82	-5.783593734937437	-0.23134374939749747
56.3592236	0.82	-7.493708798967882	-0.2997483519587153
56.36391	0.85	-3.3413822762936753	-0.133655291051747
56.35876458	0.89	-6.223031644643819	-0.24892126578575277
56.3587987	0.82	-20.334355803428203	-0.8133742321371281
56.3587987	0.89	-1.6022120566535785	-0.06408848226614314
16.00460052	0.86	-11.440908506171073	-0.45763634024684297
16.00460392	0.86	-12.794759230773021	-0.5117903692309208
16.00451	0.78	-4.36900677365815	-0.17476027094632599
16.00454026	0.85	-6.186692872551442	-0.24746771490205768
16.00460392	0.83	-23.069971478203918	-0.9227988591281567
16.00464016	0.83	-0.12216200291369483	-0.0048864801165477935
8.19593235	0.73	-9.559847454469104	-0.3823938981787642
8.1959	0.77	-12.840702834529184	-0.5136281133811673
8.19594955	0.73	-2.256230673225745	-0.0902492269290298
8.19587445	0.72	-1.2555803042255096	-0.050223212169020384
8.19596647	0.73	-2.980819084929697	-0.11923276339718789
24.811944	1.07	-14.160191728775606	-0.5664076691510243
24.81097206	1.2	-5.032139609078407	-0.2012855843631363
24.81093193	1.0	-2.3278322194922088	-0.09311328877968836
24.81093193	1.0	-13.672930306576877	-0.5469172122630751
24.81093193	1.0	-5.437497202012826	-0.21749988808051302
2.35574643	0.74	-10.589087945369947	-0.4235635178147979
2.35574505	0.78	-8.246216462135731	-0.32984865848542927
19.65644811	0.82	-4.949329560472825	-0.197973182418913
19.65644811	0.82	-4.370771876185822	-0.1748308750474329
19.65639342	0.83	-8.955709731034785	-0.35822838924139144
19.65640068	0.83	-11.688694047775286	-0.46754776191101144
9.97741	0.98	-11.65540118094283	-0.4662160472377132
9.97726191	0.94	-11.461693686821548	-0.4584677474728619
9.97716876	1.03	-7.860324085677751	-0.31441296342711006
9.97716876	1.1	-1.0540678789191595	-0.04216271515676638
3.72020708	0.76	-1.9768946990707286	-0.07907578796282914
3.72020177	0.76	-15.651872717039037	-0.6260749086815615
3.720226	0.73	-0.28766710400961754	-0.011506684160384702
3.72020177	0.76	-3.5820145317520886	-0.14328058127008356
3.7202301	0.76	-10.27257333230473	-0.41090293329218924
5.43312169	0.83	-3.8645371565765134	-0.15458148626306054
5.4331329	0.79	-9.029039698106162	-0.3611615879242465
5.43313036	0.84	-18.724470826317948	-0.748978833052718
5.43312169	0.83	-3.1544021338410375	-0.1261760853536415
5.4331329	0.84	-10.609057045047752	-0.4243622818019101
5.433043	0.77	-13.223138318601327	-0.5289255327440531
12.76	0.85	-1.4157453946490375	-0.0566298157859615
12.759	0.83	-5.753679554974793	-0.23014718219899175
12.75934489	0.84	-7.492871287777984	-0.2997148515111194
12.75935099	0.84	-8.03814231582799	-0.3215256926331196
12.75934834	0.86	-7.124276181395718	-0.2849710472558287
25.75260028	0.83	-4.813995306146681	-0.19255981224586724
25.75274977	0.84	-3.076968213011724	-0.12307872852046897
25.75260028	0.83	-15.215638779120674	-0.608625551164827
25.75260028	0.87	-5.810211883671339	-0.23240847534685355
25.75101	0.77	-16.632189613052095	-0.6652875845220838
25.752	0.83	-15.47795034378269	-0.6191180137513076
51.1658019	0.84	-27.191838267144483	-1.0876735306857794
51.16579	0.83	-11.609666605973823	-0.4643866642389529
38.32527	0.85	-2.809164269121445	-0.1123665707648578
38.326218	0.98	-12.05958854389691	-0.4823835417558764
38.3262237	0.82	-2.588618127734757	-0.10354472510939028
4.04354	0.57	-18.36271628979522	-0.7345086515918088
4.04355143	0.49	-1.6745042392461635	-0.06698016956984654
4.043539	0.53	-9.312479048684878	-0.37249916194739513
4.04355143	0.49	-1.8856669137900708	-0.07542667655160283
4.04355143	0.49	-8.418822121797675	-0.33675288487190697
4.04355245	0.59	-23.092865366971324	-0.923714614678853
29.5391328	1.31	-4.777126113343693	-0.19108504453374772
29.5390897	1.19	-5.186567337766605	-0.2074626935106642
29.53910065	1.3	-12.622688792567859	-0.5049075517027144
29.5391328	1.31	-1.001133670744538	-0.04004534682978152
29.5390897	1.3	-4.505146026422884	-0.18020584105691537
29.53838	1.22	-0.430805903306291	-0.017232236132251638
1.48028059	1.03	-8.406609077675679	-0.3362643631070272
1.48028059	1.03	-4.718854588690961	-0.18875418354763845
1.48028346	1.1	-2.4733923962255213	-0.09893569584902086
70.4654	1.19	-15.041759686568868	-0.6016703874627547
70.4680266	1.16	-6.774393569591091	-0.2709757427836436
70.468171	1.16	-0.5860630515742877	-0.02344252206297151
70.4680266	1.16	-5.032864674719996	-0.20131458698879987
10.41890782	0.95	-5.669316809953197	-0.2267726723981279
10.41890782	0.95	-11.889088136513907	-0.4755635254605563
10.41891583	1.01	-2.1433091668282485	-0.08573236667312994
10.418751	0.88	-16.256092283662976	-0.650243691346519
105.0141157	0.92	-6.379226232831033	-0.2551690493132413
105.0145774	1.04	-1.9326213045949774	-0.0773048521837991
105.0141157	0.87	-5.779036266203505	-0.2311614506481402
105.01465499	1.04	-0.33311962008210727	-0.01332478480328429
105.0141157	0.92	-0.16016361727165962	-0.006406544690866385
105.0129	0.96	-0.29624369452721416	-0.011849747781088566
59.65829849	0.89	-2.985921832299655	-0.1194368732919862
59.65869219	0.88	-8.244311262603857	-0.32977245050415427
15.13589954	1.24	-18.87509102984912	-0.7550036411939648
15.13590453	1.22	-5.506697299763988	-0.22026789199055952
15.13590922	1.22	-6.771531462411355	-0.2708612584964542
15.13591895	1.2	-10.958337766280774	-0.438333510651231
15.13590453	1.24	-10.900854084615856	-0.43603416338463424
15.13591895	1.2	-2.5883449273531314	-0.10353379709412526
15.13591895	1.2	-8.968104001688504	-0.35872416006754015
89.19284	1.12	-6.170543445516692	-0.24682173782066769
89.1934705	1.03	-2.36952802157485	-0.094781120862994
89.1934705	1.03	-8.67272269525656	-0.3469089078102624
89.1935737	1.06	-5.728505197114183	-0.22914020788456732
89.1934705	1.03	-10.865244929295809	-0.43460979717183235
36.8568008	1.0	-2.3000027858212966	-0.09200011143285186
36.8601	0.92	-11.68494292403211	-0.46739771696128446
36.85478	1.09	-16.543831177304124	-0.661753247092165
36.8568008	1.07	-2.683688779438999	-0.10734755117755997
36.8567758	1.02	-4.022985869479191	-0.16091943477916765
49.41117582	1.07	-24.75454685148661	-0.9901818740594643
49.412	1.0	-6.439201683397683	-0.2575680673359073
49.41117582	1.0	-15.845890820320289	-0.6338356328128115
49.41117582	1.07	-3.1962068546161557	-0.12784827418464623
49.41121127	1.02	-2.6554102028377815	-0.10621640811351127
49.4112273	1.04	-11.867022314341181	-0.47468089257364726
49.412	1.07	-15.783415997592144	-0.6313366399036857
16.84192204	0.94	-0.7932798482630297	-0.031731193930521186
88.64578	0.99	-0.20597570466356618	-0.008239028186542648
88.6442364	0.97	-8.896810522068833	-0.35587242088275334
88.6440015	0.94	-0.9059774240904366	-0.03623909696361746
88.64399719	0.94	-25.599856441648278	-1.023994257665931
3.21510634	1.1	-17.683332063550825	-0.707333282542033
3.21510634	1.09	-9.343918097057994	-0.3737567238823198
3.21508917	0.99	-0.6451798492429368	-0.025807193969717472
3.21510634	1.1	-5.6099798438262205	-0.22439919375304881
3.21510938	0.94	-16.39888861302175	-0.65595554452087
3.21509004	0.94	-10.97917342757973	-0.43916693710318916
3.21510938	0.99	-14.39754024776003	-0.5759016099104012
40.80957622	1.11	-9.228504506293778	-0.3691401802517511
40.80957343	1.16	-5.580877660042729	-0.22323510640170915
40.80970001	1.24	-2.7316955182536926	-0.10926782073014771
40.80957622	1.23	-8.030541092171374	-0.32122164368685496
40.80954328	1.16	-16.286950597664223	-0.651478023906569
40.80957622	1.11	-5.863445490243323	-0.2345378196097329
40.80957343	1.24	-0.19771284422847107	-0.007908513769138844
59.77085391	1.09	-12.559623218926395	-0.5023849287570559
59.7711437	1.1	-14.701679435818479	-0.5880671774327392
59.7711437	1.1	-7.231360803321633	-0.28925443213286534
59.7711437	0.96	-20.63535826321986	-0.8254143305287944
85.6535849	1.12	-0.10526867575172172	-0.004210747030068869
85.65399933	1.15	-4.591001901545498	-0.18364007606181992
85.6535849	1.07	-5.493453240393957	-0.21973812961575828
85.6542476	1.08	-8.693684587981831	-0.34774738351927326
85.6542476	1.15	-18.37519411011561	-0.7350077644046245
85.6535849	1.07	-12.293749624102674	-0.49174998496410693
85.6535849	1.07	-23.389734396398516	-0.9355893758559407
35.01198	1.15	-7.347478610611843	-0.29389914442447373
35.01190283	1.09	-9.498986545925469	-0.3799594618370188
35.01198785	1.07	-0.9203690637393671	-0.036814762549574685
35.01190186	1.04	-0.29384643763001084	-0.011753857505200433
35.01198785	1.0	-4.370839082847166	-0.17483356331388664
12.18416331	1.19	-6.587261845040166	-0.2634904738016066
12.18416331	1.19	-11.641295918925305	-0.4656518367570122
12.18416331	0.98	-12.402380016897357	-0.4960952006758943
10.08744556	1.14	-8.148354113867093	-0.3259341645546837
10.08740044	1.14	-9.190725444067851	-0.36762901776271406
10.087508	1.13	-0.4019458016033055	-0.01607783206413222
10.08744556	1.06	-6.295975545469296	-0.2518390218187718
10.08746958	1.06	-22.735314293928266	-0.9094125717571306
10.08746035	1.21	-12.714106960196847	-0.5085642784078739
16.34357	0.94	-0.8366401481196871	-0.033465605924787485
16.34355902	1.02	-0.16354598711293483	-0.006541839484517393
16.34356	1.02	-2.3070687231506297	-0.09228274892602518
16.34359932	1.01	-4.20482574276087	-0.16819302971043482
16.34356447	0.9	-1.3546200079806827	-0.05418480031922731
9.57666394	0.94	-10.780466578377258	-0.43121866313509033
9.57666498	0.94	-8.332098261892877	-0.3332839304757151
9.57665962	0.89	-8.090165690675407	-0.3236066276270163
9.57666498	0.86	-6.6405183066634175	-0.2656207322665367
9.576715	0.89	-10.374555510861917	-0.4149822204344767
20.55274141	0.94	-3.947703856992386	-0.15790815427969546
20.55280793	0.86	-4.1084185108691935	-0.16433674043476773
20.55280793	0.94	-4.597461884939366	-0.18389847539757465
20.5528	0.89	-21.240012106258323	-0.849600484250333
20.55280793	0.85	-27.842888727461492	-1.1137155490984598
20.55238506	0.94	-6.498046056012614	-0.2599218422405046
20.55280793	0.86	-0.4258439036695376	-0.017033756146781504
96.6781852	0.89	-19.965988010402192	-0.7986395204160877
96.6781926	0.86	-15.853767935478647	-0.6341507174191459
96.6781926	0.86	-0.7700669872692688	-0.030802679490770753
96.6781926	0.86	-2.1416533749612983	-0.08566613499845194
96.6781926	0.94	-10.051342150764073	-0.40205368603056296
109.4449997	0.87	-4.783171099718701	-0.19132684398874805
109.44538491	0.93	-5.597566999484368	-0.2239026799793747
109.4450597	0.93	-14.323770911646857	-0.5729508364658743
109.4450597	0.87	-15.78003972086921	-0.6312015888347684
109.444	0.9	-3.6357278231999555	-0.14542911292799823
4.88753526	1.04	-7.778080448069329	-0.3111232179227732
4.887533	0.87	-3.8692475724066013	-0.15476990289626405
4.88753526	1.04	-0.3159253628088489	-0.012637014512353956
4.88753526	1.04	-10.306963989895523	-0.41227855959582094
4.88753111	1.05	-4.7935359916427664	-0.19174143966571067
5.756239	0.72	-3.298667587093789	-0.13194670348375157
5.75624255	0.79	-15.070391704713424	-0.6028156681885369
5.75624255	0.79	-13.440267076150022	-0.5376106830460009
5.75624524	0.79	-17.68357133945081	-0.7073428535780325
8.27745764	0.89	-14.741616540718042	-0.5896646616287217
8.27744007	0.89	-7.650951935134769	-0.30603807740539074
13.59051547	0.89	-0.3913030994374918	-0.015652123977499672
13.59049988	0.89	-0.1624703202293561	-0.006498812809174244
13.59056583	0.89	-0.9456965425227021	-0.037827861700908086
13.59056583	0.89	-0.9092501159552078	-0.03637000463820831
13.59053	0.81	-10.250756498932251	-0.41003025995729003
13.59056583	0.89	-16.23378611033396	-0.6493514444133583
13.5905118	0.96	-11.215269300334953	-0.4486107720133981
19.58550072	0.91	-5.839900142671128	-0.23359600570684513
19.58555801	1.02	-3.7697137628784563	-0.15078855051513826
19.58557219	0.92	-18.846918080679504	-0.7538767232271802
19.58561177	0.91	-7.927036328815785	-0.31708145315263137
19.58557219	0.94	-19.939181988007313	-0.7975672795202925
19.58557219	0.92	-10.82039315243873	-0.4328157260975492
78.5461106	1.02	-7.313321611406088	-0.2925328644562435
78.5461638	1.05	-6.993914934637928	-0.2797565973855171
78.5461106	1.06	-6.065698221836225	-0.242627928873449
78.54583023	1.02	-3.541255231214781	-0.14165020924859126
78.5460968	1.06	-7.927858385565903	-0.3171143354226361
39.3134832	1.01	-11.129309499803753	-0.44517237999215015
39.3134832	1.01	-13.489047620445806	-0.5395619048178323
39.31370163	1.01	-7.899779519308531	-0.31599118077234123
39.3134832	1.01	-7.21468470125532	-0.2885873880502128
39.3135699	1.04	-3.93979336902407	-0.1575917347609628
39.31435	1.06	-7.7643455799413	-0.310573823197652
39.31373887	1.04	-1.571436715556431	-0.06285746862225725
2.80011127	0.69	-2.9225590990833803	-0.11690236396333521
2.80011878	0.74	-2.4299118457523963	-0.09719647383009586
2.80011812	0.69	-13.146761805924296	-0.5258704722369718
2.80011812	0.69	-3.5249548950973737	-0.14099819580389494
80.2321467	0.96	-1.0512613292903707	-0.04205045317161483
80.2317349	0.94	-12.064902826569288	-0.4825961130627715
80.23190308	0.92	-12.858866043886495	-0.5143546417554599
80.2321467	0.92	-5.338319979133751	-0.21353279916535006
2.73590337	0.85	-19.79860784784583	-0.7919443139138332
2.73590337	0.85	-3.0336508993029434	-0.12134603597211774
2.73590007	0.86	-5.3673704434742655	-0.21469481773897062
2.73590337	0.85	-5.894199629383255	-0.2357679851753302
2.73591039	0.89	-2.4018758715181026	-0.0960750348607241
2.73590337	0.89	-2.123863935336445	-0.0849545574134578
2.73589	0.84	-10.114568172701803	-0.4045827269080721
6.4001418	0.89	-15.204842005824851	-0.608193680232994
6.40014739	0.85	-5.622228415563376	-0.22488913662253507
6.40014739	0.89	-3.6350861386396582	-0.14540344554558635
6.4001571	0.89	-4.338556762840409	-0.17354227051361637
6.400104	0.84	-16.547105401607826	-0.661884216064313
31.5888979	1.15	-25.80397617523684	-1.0321590470094737
31.58889961	1.02	-15.132978785121542	-0.6053191514048617
31.58885167	1.15	-14.175135033156517	-0.5670054013262606
31.5888979	1.02	-11.782886780772163	-0.4713154712308865
31.5888952	1.13	-31.377647841891292	-1.2551059136756517
7.72084349	0.97	-5.513538112007945	-0.2205415244803178
7.72084349	0.97	-8.213037531602698	-0.3285215012641079
7.72086	0.98	-1.48919349383238	-0.059567739753295205
4.19577247	0.82	-16.075671057038683	-0.6430268422815474
4.19577385	0.88	-8.600177021818322	-0.34400708087273285
4.19577385	0.82	-3.9608888386707246	-0.15843555354682898
8.77998204	0.91	-1.4885849293002134	-0.05954339717200854
8.77988	0.8	-28.14533251934256	-1.1258133007737023
8.77997349	0.91	-0.25021950042298224	-0.01000878001691929
8.77999973	0.85	-4.54749624798515	-0.18189984991940603
8.77995434	0.84	-6.899189575081592	-0.2759675830032637
8.77995434	0.84	-2.6495425822713523	-0.1059817032908541
9.7629522	0.77	-9.602592487268172	-0.38410369949072687
9.76283	0.73	-11.935144142861208	-0.47740576571444837
9.76293188	0.81	-7.654830254951406	-0.30619321019805623
9.76293284	0.81	-7.161360055702754	-0.28645440222811014
9.7629522	0.77	-16.608563445095943	-0.6643425378038377
13.36019993	0.77	-10.376529322270184	-0.41506117289080735
13.36011	0.63	-6.7813060810058925	-0.2712522432402357
13.36020599	0.76	-8.276201717613727	-0.3310480687045491
29.4557841	1.02	-5.222669791872624	-0.20890679167490497
29.4557154	1.02	-0.5838960889257759	-0.023355843557031037
29.4557991	1.02	-8.826672305062385	-0.3530668922024954
29.4557154	1.02	-12.948572439627679	-0.5179428975851071
29.4557154	1.02	-13.726624447099471	-0.5490649778839789
29.4556	1.04	-2.402697086121135	-0.0961078834448454
23.3593998	1.07	-5.29841106298719	-0.21193644251948762
23.3593589	1.02	-7.392186578328998	-0.2956874631331599
23.3594822	1.07	-2.3840766709794217	-0.09536306683917686
23.3594822	1.07	-6.729718176586759	-0.26918872706347036
23.35986	1.12	-1.8169100190114544	-0.07267640076045818
23.35900015	1.02	-8.328970562511147	-0.3331588225004459
23.3594822	1.07	-17.152307664044383	-0.6860923065617753
16.85593514	0.57	-0.2702048585067467	-0.010808194340269868
16.85481	0.56	-1.5562641639894852	-0.06225056655957941
16.85593514	0.57	-9.957865724838841	-0.3983146289935537
16.85589981	0.59	-16.667058380054986	-0.6666823352021994
11.92960247	0.97	-13.396980766636243	-0.5358792306654497
11.92976844	1.02	-9.14081861168845	-0.365632744467538
11.92976844	1.02	-12.894417770290755	-0.5157767108116302
3.50468755	0.98	-6.322675459543667	-0.2529070183817467
3.50471307	0.93	-12.58047251847271	-0.5032189007389084
3.50472662	0.93	-1.0932544206265815	-0.04373017682506326
3.504761	0.94	-2.9841791704543863	-0.11936716681817545
3.50468755	0.98	-12.210896602398385	-0.4884358640959354
3.50469125	0.88	-2.0796344250768346	-0.08318537700307338
3.50468755	0.88	-0.47389607493927	-0.0189558429975708
3.50468755	0.94	-3.821445036983088	-0.1528578014793235
7.6415706	0.94	-4.637013246599127	-0.1854805298639651
7.64157153	0.88	-0.9493002721790194	-0.037972010887160776
7.64157153	0.88	-0.38716391274522993	-0.015486556509809197
7.642	0.88	-24.062068159065134	-0.9624827263626053
7.64157153	0.94	-3.8487125038532315	-0.15394850015412925
7.64157153	0.88	-18.447465571626175	-0.737898622865047
7.64157153	0.98	-12.47958302238997	-0.49918332089559886
14.85891269	0.88	-6.901669652850432	-0.2760667861140173
14.85891269	0.94	-13.48355249978909	-0.5393420999915636
14.85891269	0.88	-3.1129849686567037	-0.12451939874626815
14.85894	0.94	-5.7511483935839	-0.23004593574335602
14.85890852	0.93	-4.614154577868563	-0.18456618311474252
14.85890852	0.88	-11.147136271862621	-0.4458854508745049
14.859	0.88	-0.8332568775373064	-0.03333027510149226
14.85891269	0.98	-7.034608727699172	-0.2813843491079669
14.85888	0.97	-15.387441172034464	-0.6154976468813785
14.859	0.9	-1.945269294096507	-0.07781077176386028
13.81731817	0.95	-19.89002847396947	-0.7956011389587788
13.81731817	0.88	-16.16218817863834	-0.6464875271455336
13.81746648	0.95	-11.559153501115073	-0.4623661400446029
13.81733587	0.88	-0.16800899971229177	-0.006720359988491671
41.8854433	0.88	-4.961063694191766	-0.19844254776767062
41.8854834	0.88	-8.546605300688537	-0.34186421202754147
41.88574	0.91	-5.318786510566827	-0.2127514604226731
41.8854834	0.88	-19.51083351677711	-0.7804333406710845
41.8853868	0.95	-5.83001847061316	-0.2332007388245264
41.8854834	0.88	-10.684924552290246	-0.42739698209160987
41.8854834	0.95	-9.162759861595816	-0.36651039446383266
4.56202984	1.33	-4.619064717807576	-0.18476258871230303
4.5620407	0.89	-10.066608170292737	-0.4026643268117095
4.56204856	0.9	-0.849025789677662	-0.03396103158710648
4.56204856	0.9	-15.23269788264721	-0.6093079153058885
4.5620407	1.33	-3.1054009909714697	-0.12421603963885879
10.44089985	0.94	-8.360943430212743	-0.3344377372085097
10.44090078	0.95	-4.023846017120547	-0.16095384068482185
10.44091127	0.94	-8.853186601143669	-0.35412746404574674
10.44091127	0.94	-9.396395988292756	-0.37585583953171026
116.583183	0.94	-7.204050639474972	-0.2881620255789989
116.582614	0.94	-5.623529522064482	-0.22494118088257928
116.58473212	0.95	-4.4415823338092775	-0.1776632933523711
116.582614	0.94	-1.3922549554639505	-0.05569019821855802
116.583183	0.95	-22.39822513337295	-0.895929005334918
15.45020008	0.65	-8.774017695543556	-0.3509607078217422
7.72513619	0.65	-4.018234887206344	-0.16072939548825374
7.7251	0.6	-6.712520256715487	-0.2685008102686195
7.72515184	0.62	-2.813288465715685	-0.11253153862862741
7.72515184	0.62	-7.0808876903365565	-0.2832355076134623
33.1364259	0.62	-2.008086702093494	-0.08032346808373976
33.13733	0.6	-6.6824187657523355	-0.26729675063009345
12.28859	0.92	-1.3092034164246276	-0.0523681366569851
12.28850922	0.93	-0.9032955885719707	-0.036131823542878826
12.2885046	0.79	-1.6765479984219671	-0.06706191993687868
8.84786839	0.47	-1.2138790372373653	-0.04855516148949462
8.847813	0.54	-6.575334238758513	-0.26301336955034055
8.84786839	0.47	-12.01855945644756	-0.48074237825790245
8.84784273	0.59	-18.99908850313037	-0.7599635401252148
8.84794045	0.58	-9.502252824886412	-0.3800901129954565
8.84790854	0.59	-18.041697471464644	-0.7216678988585857
9.033401	0.84	-12.486074034369304	-0.4994429613747722
9.03326435	0.85	-19.27090923200665	-0.7708363692802661
9.03326435	0.88	-8.548005373659603	-0.34192021494638414
9.03331724	0.85	-4.359054493239207	-0.1743621797295683
9.03322647	0.88	-3.259999029782172	-0.13039996119128688
10.86060638	1.09	-1.9936156687666469	-0.07974462675066588
10.86084	1.28	-9.402166436577694	-0.37608665746310777
10.86062378	1.09	-8.977393581594972	-0.3590957432637989
10.86060638	1.09	-1.9459904906776708	-0.07783961962710684
10.86060047	1.09	-22.71306875407479	-0.9085227501629917
10.86062378	1.27	-14.550507347547928	-0.5820202939019171
23.34014628	0.96	-2.6202247042135682	-0.10480898816854273
23.34036251	0.96	-0.4679744573913776	-0.018718978295655105
23.34031664	0.77	-13.901939213246099	-0.5560775685298439
23.3404007	0.77	-12.538437588315508	-0.5015375035326204
23.34031664	0.77	-5.010040347264292	-0.20040161389057168
23.34034	0.86	-8.743344672810752	-0.34973378691243007
3.7572916	0.83	-0.7257122919925176	-0.029028491679700705
3.7572999	0.81	-16.964914283654128	-0.6785965713461651
3.757307	0.74	-14.757994907476595	-0.5903197962990638
3.7572947	0.81	-17.279752411173842	-0.6911900964469537
3.7572916	0.79	-15.072259553204884	-0.6028903821281953
3.13786516	0.87	-9.73235448800985	-0.389294179520394
4.30214363	0.88	-10.568561640916121	-0.42274246563664486
4.30213934	0.81	-7.864927585641048	-0.31459710342564196
4.30214363	0.84	-9.827448968630444	-0.39309795874521775
4.30213934	0.87	-6.60432349413832	-0.2641729397655328
4.30214363	0.81	-5.104903931600415	-0.2041961572640166
4.30214363	0.84	-1.4157582445915358	-0.056630329783661434
101.13311229	0.95	-1.1336051660131463	-0.04534420664052585
101.1326568	0.99	-10.832746671674167	-0.4333098668669667
101.1337	0.93	-9.036863168997765	-0.3614745267599106
101.1330032	0.92	-3.645135993723715	-0.1458054397489486
76.42230225	0.95	-12.328542843783708	-0.49314171375134835
76.4217472	1.04	-4.278998648409448	-0.17115994593637793
76.42284931	1.02	-0.9976793671334103	-0.039907174685336416
76.421501	1.02	-27.06324410804477	-1.0825297643217908
76.4217472	1.04	-7.969860487536936	-0.31879441950147747
7.16520428	1.24	-16.512008676362484	-0.6604803470544994
7.165187	1.06	-9.593338038976476	-0.38373352155905904
7.16521372	1.16	-14.23885001053519	-0.5695540004214076
7.16521372	1.16	-17.358629738108856	-0.6943451895243543
7.16521978	1.16	-13.61213829719205	-0.544485531887682
7.16520428	1.16	-1.5605102145290126	-0.062420408581160505
2.81814715	0.81	-9.851079971829577	-0.3940431988731831
2.81815011	0.82	-2.2334513813050263	-0.08933805525220105
2.81815011	0.82	-13.397955756553586	-0.5359182302621435
2.818125	0.84	-9.565746966680505	-0.3826298786672202
2.93535933	0.79	-1.4798492029164736	-0.059193968116658946
2.935346	0.85	-6.5085685446714425	-0.2603427417868577
2.93536207	0.79	-16.43886959597053	-0.6575547838388213
2.93535933	0.79	-2.7275980091593746	-0.10910392036637498
2.93535933	0.79	-11.926127417916687	-0.4770450967166675
0.62628177	0.77	-2.788848992181016	-0.11155395968724063
0.62628138	0.79	-11.10639815602758	-0.4442559262411032
0.62628138	0.79	-15.11438634766644	-0.6045754539066576
12.19138811	0.86	-14.639906378855304	-0.5855962551542122
12.19139957	0.86	-20.024787118459074	-0.800991484738363
12.19138811	0.86	-8.379141905073931	-0.33516567620295723
12.19141996	1.02	-8.790479130786633	-0.3516191652314653
12.19140405	0.86	-3.4733171400621012	-0.13893268560248406
12.19140405	1.02	-0.6579150711730685	-0.026316602846922738
12.19138811	0.86	-7.738401607405262	-0.3095360642962105
12.191471	0.83	-6.4693900203878805	-0.2587756008155152
91.5021	0.8	-16.241707626690648	-0.649668305067626
91.50080202	0.8	-4.6412432305802565	-0.18564972922321027
91.5009237	0.8	-5.8901787748322985	-0.23560715099329194
91.500873	0.8	-18.335434694651564	-0.7334173877860626
44.29893228	0.92	-3.855533709748363	-0.15422134838993454
44.2994477	0.8	-23.82225443379498	-0.9528901773517993
44.2993483	0.88	-13.29399616496633	-0.5317598465986533
44.2994477	0.8	-4.405991216358569	-0.17623964865434275
4.64493642	1.02	-8.687301115600341	-0.3474920446240137
4.64495172	1.07	-21.41449325090868	-0.8565797300363472
4.64488	1.02	-5.982750596846836	-0.23931002387387346
4.64495172	1.02	-1.4567363110205782	-0.05826945244082313
4.64490986	1.02	-18.23843361902338	-0.7295373447609351
4.64493642	1.02	-25.482271440100476	-1.0192908576040192
16.48683	1.03	-1.1419514720301152	-0.04567805888120461
16.48688002	1.16	-3.645540424945753	-0.1458216169978301
16.48686712	1.01	-25.32852612011253	-1.0131410448045013
9.82578435	1.11	-12.468125772215826	-0.49872503088863307
9.82578435	1.2	-0.33520801185710175	-0.01340832047428407
9.82573396	1.07	-3.0023976196398285	-0.12009590478559315
9.82578435	1.2	-14.920982929025717	-0.5968393171610287
9.82598	1.1	-10.230605851268024	-0.40922423405072095
9.82578495	1.18	-8.34374090002646	-0.33374963600105845
9.82578495	1.07	-10.187149701866312	-0.4074859880746525
20.68420772	1.07	-6.575249809326509	-0.2630099923730604
20.68422311	1.11	-10.92525563180168	-0.4370102252720672
20.68422311	1.2	-13.114304379765272	-0.524572175190611
20.68422311	1.2	-7.620743435404247	-0.30482973741616987
20.68397904	1.07	-0.880669239371798	-0.03522676957487192
20.68422311	1.2	-2.2123762714029303	-0.08849505085611721
31.032699	1.05	-14.258379397980413	-0.5703351759192166
31.032699	1.05	-5.572667961924133	-0.22290671847696533
31.03364	0.96	-2.6761663433986866	-0.10704665373594746
16.4588	0.98	-6.004497361756462	-0.24017989447025848
16.45819349	0.97	-0.17364119175354342	-0.006945647670141737
16.4581861	0.97	-16.08475803161906	-0.6433903212647624
16.4581861	0.95	-4.134973952132764	-0.16539895808531058
16.45819349	0.97	-13.795917840791915	-0.5518367136316766
16.45809937	0.95	-1.338880118772139	-0.053555204750885564
22.1334224	0.78	-0.45029485036387695	-0.018011794014555077
22.13345106	0.76	-7.48211460695517	-0.2992845842782068
22.13368238	0.92	-4.15375682040049	-0.1661502728160196
22.13345106	0.76	-2.6168305593932093	-0.10467322237572838
22.1334224	0.92	-2.568064863745792	-0.10272259454983168
22.13345106	0.76	-17.45797675110887	-0.6983190700443548
21.10325899	1.12	-3.9485747012657626	-0.1579429880506305
21.1032488	1.19	-8.32718405758594	-0.3330873623034376
21.1033014	1.07	-6.440583968852604	-0.25762335875410414
21.10325899	1.12	-21.387247922379313	-0.8554899168951725
21.10325899	1.08	-1.1535704655422272	-0.04614281862168909
21.10339928	1.07	-11.22095107965469	-0.4488380431861876
21.1033014	1.19	-4.326356643859576	-0.17305426575438304
21.10354	1.19	-11.645669584132095	-0.4658267833652838
95.6114617	1.25	-11.075591878524937	-0.4430236751409975
95.609845	1.07	-11.25761985032987	-0.45030479401319484
95.6091	1.13	-4.135622190816992	-0.16542488763267968
1.02586997	0.83	-9.725364440653355	-0.3890145776261342
1.02585798	0.83	-0.11546003852477521	-0.004618401540991008
1.0258586	0.73	-1.49168498579151	-0.0596673994316604
1.0258577	0.75	-8.393923607693209	-0.33575694430772834
1.61535973	0.51	-6.3296627169701045	-0.2531865086788042
1.61535973	0.51	-6.474964187860663	-0.2589985675144265
1.61535973	0.51	-3.0669775074789873	-0.1226791002991595
1.61535781	0.49	-3.148354663874589	-0.12593418655498356
1.61536002	0.49	-6.515041393384244	-0.26060165573536975
3.70063251	0.92	-7.3111862201253395	-0.2924474488050136
3.70062174	0.84	-5.76119538611505	-0.230447815444602
3.700563	0.92	-0.2239471371318773	-0.008957885485275093
3.70062174	0.98	-2.75775837821737	-0.1103103351286948
10.27377201	0.94	-5.509128311797742	-0.22036513247190967
10.27377201	0.94	-19.03971748889049	-0.7615886995556196
10.27380957	0.97	-25.31794221994418	-1.0127176887977671
5.18673726	0.84	-13.33065158837229	-0.5332260635348915
5.18674073	0.87	-0.6106389287673607	-0.02442555715069443
5.18674073	0.87	-8.974453683105313	-0.3589781473242125
5.18671989	0.87	-21.297450105680316	-0.8518980042272126
5.18674073	0.87	-10.343953799897363	-0.41375815199589455
5.6879831	1.0	-13.937560392552689	-0.5575024157021076
5.6879831	0.99	-2.718358090916307	-0.1087343236366523
5.6879831	1.04	-17.643934326647106	-0.7057573730658843
5.688	1.04	-1.2044473621927703	-0.048177894487710815
5.6879831	1.04	-3.421085327901284	-0.13684341311605136
5.688018	0.99	-28.53012267618469	-1.1412049070473875
11.63701734	0.99	-7.249193550377413	-0.2899677420150965
11.6370303	0.94	-4.172614162080111	-0.16690456648320445
11.637	1.04	-2.1621590803876107	-0.08648636321550443
11.63701734	1.04	-3.65133598271417	-0.14605343930856682
56.4932269	1.08	-13.239204702860548	-0.5295681881144219
56.4943	1.18	-13.647685418737105	-0.5459074167494842
56.4932269	1.34	-23.10241787167533	-0.9240967148670132
5.78388573	1.12	-1.4725314708050101	-0.058901258832200404
5.78387049	1.12	-8.014352618691447	-0.3205741047476579
5.78387022	1.12	-6.22261496148585	-0.24890459845943402
5.78387049	1.03	-15.63627356431493	-0.6254509425725973
5.78388573	1.12	-16.099178849842314	-0.6439671539936925
3.13878989	0.68	-0.4546307184866884	-0.018185228739467537
3.138781	0.68	-12.02502250250413	-0.4810009001001652
3.138781	0.68	-6.166591677078656	-0.24666366708314624
3.138781	0.68	-17.60439120716882	-0.7041756482867528
6.89213244	1.29	-17.285513448430507	-0.6914205379372202
6.89208596	1.15	-6.635297144675135	-0.2654118857870054
6.89213244	1.15	-0.28607629793859546	-0.011443051917543818
4.603098	0.71	-18.81603829309734	-0.7526415317238936
4.60301018	0.77	-4.052016007334054	-0.16208064029336217
4.602996	0.72	-12.200760772275464	-0.48803043089101855
4.60300256	0.78	-6.612420752692829	-0.2644968301077132
0.76669152	0.78	-2.346057115153094	-0.09384228460612376
0.76668953	0.72	-9.639882669994355	-0.3855953067997742
0.76669198	0.77	-6.102897051913884	-0.24411588207655538
11.96721766	0.92	-5.699307377388014	-0.22797229509552058
11.96721766	0.92	-4.67127707709902	-0.1868510830839608
11.96721766	0.92	-3.202772833082098	-0.12811091332328392
11.96407399	0.92	-7.669459258663645	-0.3067783703465458
11.96409988	0.92	-14.879255758232215	-0.5951702303292886
5.25419736	1.05	-3.767362448493174	-0.15069449793972697
5.25419736	1.05	-11.501908242391664	-0.4600763296956666
5.25419736	1.05	-1.669505436083162	-0.06678021744332649
5.25408	1.06	-4.310300221167747	-0.17241200884670987
5.90609759	1.05	-14.58120917023496	-0.5832483668093984
5.90608902	1.05	-9.403346325301182	-0.3761338530120473
5.90609759	1.05	-15.191196252446355	-0.6076478500978543
5.90609759	1.05	-10.025492496018693	-0.4010196998407477
5.90608978	1.05	-11.990773279374132	-0.4796309311749653
12.14692791	1.08	-9.665252778556553	-0.3866101111422621
12.14692791	1.08	-4.162316512254959	-0.16649266049019837
12.14690704	1.12	-16.632878081054898	-0.6653151232421959
12.14692791	1.08	-3.508189652625954	-0.14032758610503815
12.14684625	1.12	-9.198530625995653	-0.3679412250398261
12.14664	1.07	-5.053569006064903	-0.20214276024259611
5.05675983	1.03	-17.255808275550958	-0.6902323310220383
5.05661302	1.03	-9.540156978817643	-0.38160627915270573
5.05661845	1.03	-7.284492869274641	-0.2913797147709856
10.68757479	0.97	-2.0852630223366915	-0.08341052089346766
10.68758769	0.95	-2.4437569962345966	-0.09775027984938386
10.687549	0.97	-18.18111014702589	-0.7272444058810357
10.688	0.87	-2.817140907828259	-0.11268563631313036
10.68757479	0.87	-2.5291009713758337	-0.10116403885503335
20.30303506	0.95	-1.27357039069544	-0.050942815627817606
20.303	0.87	-15.08015994605848	-0.6032063978423392
20.30302457	0.87	-8.711423742085822	-0.3484569496834329
20.30302457	0.87	-1.583138718612367	-0.06332554874449468
29.02235261	0.87	-23.90959057980678	-0.9563836231922711
29.02235217	0.88	-6.914756290343835	-0.2765902516137534
29.02235261	0.87	-4.7866006609076965	-0.19146402643630786
29.02235217	0.95	-2.274341900237355	-0.0909736760094942
29.02235261	0.87	-19.80294223480601	-0.7921176893922405
29.02235261	0.87	-6.5116780992965415	-0.26046712397186167
29.02277	0.97	-8.81997249759048	-0.35279889990361923
131.187921	0.75	-11.165824513481212	-0.4466329805392485
25.88898	0.84	-13.322814867887555	-0.5329125947155022
25.886129	0.82	-5.346187802926463	-0.21384751211705852
14.02633933	0.98	-13.790520802089064	-0.5516208320835626
14.02639961	1.06	-4.392724801825534	-0.17570899207302138
14.02635723	1.06	-20.046800198114948	-0.8018720079245979
25.5434289	0.93	-12.143721385424678	-0.48574885541698715
25.5434289	0.93	-5.5438736837325795	-0.22175494734930318
25.54339981	1.02	-2.061335002875172	-0.08245340011500688
3.92458	0.97	-27.298159693224864	-1.0919263877289946
3.9245216	0.94	-6.843726045852747	-0.27374904183410986
3.92451	0.94	-6.9725990266035485	-0.27890396106414195
11.60653061	0.79	-6.696894738524792	-0.26787578954099167
11.60656196	0.79	-4.671945873536579	-0.18687783494146318
11.60649967	0.69	-4.715525691900087	-0.18862102767600347
14.8200454	0.78	-0.1575888473189237	-0.006303553892756948
14.8200454	0.78	-17.01492602032213	-0.6805970408128852
14.820259	0.8	-3.9282590294735247	-0.157130361178941
11.12968583	1.04	-1.3971242279596907	-0.05588496911838763
11.12968583	1.04	-20.45946949630402	-0.8183787798521608
11.1296971	1.04	-7.58745508622887	-0.3034982034491548
11.12969971	1.04	-2.300229770358377	-0.09200919081433508
5.60402307	0.76	-2.147511288959034	-0.08590045155836137
5.60402307	0.77	-5.526094455956516	-0.22104377823826063
5.60402012	0.76	-5.9266681437752435	-0.23706672575100973
5.60401852	0.84	-6.618890819354778	-0.2647556327741911
5.60401852	0.95	-14.94243070622442	-0.5976972282489768
57.2937	0.69	-15.526798289024848	-0.6210719315609939
57.2932309	0.75	-11.846516208299892	-0.4738606483319957
57.29290009	0.71	-2.361557753235736	-0.09446231012942943
57.29373924	0.75	-24.938683227446596	-0.9975473290978638
1.63291642	0.81	-9.572616926386011	-0.38290467705544046
1.632916	0.77	-7.0736982905234305	-0.28294793162093723
1.63291885	0.81	-7.057966620529976	-0.28231866482119905
1.63291885	0.81	-13.422355047774635	-0.5368942019109855
1.63291885	0.76	-6.695765568331287	-0.2678306227332515
1.63291885	0.81	-9.54373182702476	-0.38174927308099044
1.63291443	0.85	-17.255576682365945	-0.6902230672946378
20.72913358	0.76	-2.275338197594972	-0.09101352790379888
20.72913358	0.81	-10.703396021721332	-0.4281358408688533
20.72910761	0.85	-11.97533013233581	-0.4790132052934324
20.72904234	0.85	-10.54211483978725	-0.42168459359148996
20.72904234	0.81	-4.6348625524543685	-0.18539450209817473
1.38578774	0.68	-7.819717686518166	-0.3127887074607266
1.38578596	0.59	-12.655291508897262	-0.5062116603558905
1.38578596	0.59	-20.045031064956017	-0.8018012425982407
1.3858	0.61	-15.706042891415407	-0.6282417156566164
12.02295362	0.97	-20.30064600197956	-0.8120258400791823
12.02295362	1.0	-7.831263993943542	-0.3132505597577417
12.02289963	0.97	-11.348743165871134	-0.4539497266348454
12.02298	1.03	-2.486210770269341	-0.09944843081077365
12.02298773	0.97	-10.109147175777629	-0.40436588703110515
7.97098825	0.93	-4.048732943886202	-0.1619493177554481
7.97094011	0.93	-0.17518549665954636	-0.007007419866381854
7.97098825	0.93	-12.40708596713439	-0.49628343868537567
48.8874292	0.71	-8.025070938127525	-0.321002837525101
48.88819885	0.77	-2.3542129349990986	-0.09416851739996394
48.88848017	0.77	-1.5994873146787152	-0.0639794925871486
48.8882668	0.77	-4.3896355364307125	-0.1755854214572285
39.8313153	0.71	-9.399126844085423	-0.3759650737634169
39.8313153	0.71	-12.028991640376804	-0.4811596656150722
39.8313153	0.77	-14.218547405335256	-0.5687418962134102
39.8313153	0.71	-5.689838215051974	-0.227593528602079
39.8312536	0.8	-16.29038179503687	-0.6516152718014747
39.83110046	0.8	-4.633369360913285	-0.1853347744365314
0.72733043	0.28	-10.931885732661325	-0.437275429306453
0.72733175	0.6	-8.21173374056742	-0.3284693496226968
0.72733043	0.28	-1.4079253229500615	-0.05631701291800246
0.72733175	0.39	-2.4648916917591683	-0.09859566767036673
1.30201747	0.78	-10.462360682671148	-0.41849442730684594
1.301993	0.76	-2.1017250355452544	-0.08406900142181017
1.30201573	0.65	-4.167314799242982	-0.16669259196971928
1.30201747	0.79	-13.805873045086749	-0.55223492180347
8.94337724	1.17	-26.902217820557425	-1.0760887128222971
8.94343618	0.87	-15.428892635369783	-0.6171557054147914
8.94343618	0.87	-10.787459053399758	-0.4314983621359903
8.94343618	0.95	-5.595076905845904	-0.22380307623383616
8.94340992	0.87	-7.13297090828977	-0.2853188363315908
8.94343618	0.87	-24.24468226036879	-0.9697872904147516
8.94337724	0.87	-8.91327735114811	-0.3565310940459244
88.0712696	0.84	-0.771760511940365	-0.0308704204776146
88.0712696	0.84	-29.412722426951078	-1.176508897078043
88.0712696	0.84	-15.245375943961728	-0.6098150377584691
2.72960336	1.02	-0.6771087410680257	-0.027084349642721026
2.72960336	1.02	-1.8180126985392429	-0.07272050794156971
2.7296036	1.05	-9.7646189833862	-0.390584759335448
2.7296036	1.09	-4.1159229018363686	-0.16463691607345474
3.5964055	1.02	-10.935830636025235	-0.43743322544100943
3.59643006	1.09	-1.105938621476503	-0.04423754485906012
3.59645081	1.09	-9.856137840532998	-0.39424551362131993
3.5964055	1.02	-0.2347702404406936	-0.009390809617627744
3.887	0.51	-6.46290314612673	-0.2585161258450692
3.886795	0.54	-1.37302072146977	-0.0549208288587908
3.88678897	0.54	-11.400768044877786	-0.45603072179511145
3.88678936	0.51	-6.65797967131815	-0.266319186852726
3.88679469	0.54	-6.723428949071556	-0.2689371579628622
3.88678936	0.48	-0.8740675757457009	-0.03496270302982804
3.88677934	0.54	-1.4917079401401698	-0.05966831760560679
3.88678936	0.48	-3.7848963975797765	-0.15139585590319107
7.267311	0.55	-11.692572930184035	-0.4677029172073614
7.26731094	0.45	-3.199018745443563	-0.12796074981774253
7.26730117	0.48	-6.1536085900972	-0.24614434360388798
7.26737224	0.54	-9.662129433326601	-0.3864851773330641
7.26730023	0.54	-1.4187334243837437	-0.05674933697534975
7.267	0.51	-14.916229578941756	-0.5966491831576702
7.267302	0.48	-0.3301276041407493	-0.013205104165629974
13.34300789	0.48	-2.4488430249891913	-0.09795372099956766
13.34300789	0.48	-7.7101712568014165	-0.30840685027205667
13.34302938	0.54	-6.014267558024189	-0.24057070232096756
13.343025	0.55	-6.819758239237962	-0.2727903295695185
13.34295116	0.54	-8.680818360329772	-0.34723273441319086
13.3430025	0.54	-3.1816477233974463	-0.12726590893589784
13.3430025	0.45	-9.438227384724303	-0.37752909538897217
13.343	0.51	-12.782772705005048	-0.5113109082002019
22.407688	0.55	-4.986383022826569	-0.19945532091306276
22.40788397	0.54	-0.28323211493670664	-0.011329284597468266
22.40777444	0.51	-1.6534642202639493	-0.06613856881055798
22.407704	0.48	-10.971648388330188	-0.4388659355332075
22.40777833	0.54	-7.46297515950682	-0.29851900638027284
22.40757134	0.54	-4.9865559363441365	-0.19946223745376546
22.40777833	0.45	-8.740992862437228	-0.3496397144974891
129.945392	0.54	-7.542547275778151	-0.30170189103112605
129.94251121	0.54	-11.638515259947287	-0.46554061039789146
129.9533307	0.54	-0.4190774320487094	-0.016763097281948375
129.94577	0.48	-2.0431610206208695	-0.08172644082483478
129.9441	0.54	-0.199201783629414	-0.00796807134517656
129.9459	0.48	-7.1321831156263675	-0.2852873246250547
12.73726137	0.97	-18.359393474802598	-0.734375738992104
12.73726137	0.98	-5.589670180507864	-0.22358680722031454
12.73719978	0.87	-3.4381565264636325	-0.1375262610585453
12.73726137	0.97	-7.2766843632936755	-0.291067374531747
12.7372371	0.96	-6.357313911612094	-0.25429255646448373
12.73672	0.93	-28.84654939304483	-1.1538619757217932
40.0306015	1.16	-5.68168363034466	-0.2272673452137864
40.0306267	1.16	-9.69181942650955	-0.387672777060382
40.0311126	1.04	-8.163872400942976	-0.32655489603771903
40.03252	1.06	-15.155099536856207	-0.6062039814742483
40.030989	1.16	-5.408893987601707	-0.2163557595040683
16.05730057	0.9	-6.0538677763634965	-0.24215471105453987
16.0572928	0.94	-3.4905934977960795	-0.13962373991184318
16.0573732	0.9	-2.247980006482514	-0.08991920025930057
16.0573732	0.9	-10.955465278588349	-0.438218611143534
16.0573291	0.9	-13.091510782001063	-0.5236604312800425
44.9977604	1.05	-17.05006649966102	-0.6820026599864408
44.99760056	1.1	-16.50292903198237	-0.6601171612792948
44.9995	1.06	-0.19442660634399744	-0.007777064253759898
44.99784967	1.05	-8.737290745208668	-0.34949162980834675
44.9977478	0.95	-3.896620408466318	-0.15586481633865273
44.9977478	0.87	-18.554903938034318	-0.7421961575213727
3.88151002	1.03	-7.891776359079104	-0.31567105436316417
3.88151335	1.18	-16.757687700689676	-0.6703075080275871
3.881501	0.99	-2.7599033893657388	-0.11039613557462956
2.52401812	0.85	-11.265844765967756	-0.4506337906387103
2.52401752	0.85	-10.076538423598844	-0.4030615369439538
2.52401812	0.85	-9.417634461956636	-0.37670537847826546
11.6601366	1.12	-13.149784012267435	-0.5259913604906974
11.6601667	1.04	-11.487636933723522	-0.45950547734894087
11.6601366	1.12	-0.9488461553688713	-0.03795384621475485
11.66009998	1.03	-0.45220041998481275	-0.01808801679939251
11.6601667	1.03	-8.658973973959112	-0.3463589589583645
11.6601366	1.12	-5.444886281163982	-0.2177954512465593
9.88736112	0.89	-3.897213923962506	-0.15588855695850024
9.88736642	0.99	-7.993162847824857	-0.3197265139129943
9.88736642	0.91	-10.916843641264048	-0.43667374565056194
9.88736112	0.89	-6.344396658715496	-0.25377586634861987
211.032819	0.74	-18.318735762278916	-0.7327494304911566
211.0339966	0.74	-3.2095871096442083	-0.12838348438576833
211.0338741	0.68	-1.670615769082644	-0.06682463076330576
211.032819	0.72	-2.201870496415746	-0.08807481985662984
211.0338741	0.72	-6.961483214129881	-0.27845932856519523
8.16735028	1.24	-3.744867531739483	-0.1497947012695793
8.16734776	1.03	-22.636180074321206	-0.9054472029728483
8.16735028	1.01	-6.217515323885496	-0.24870061295541984
1.71683172	1.24	-12.700778465735413	-0.5080311386294165
1.71683172	1.01	-13.728815855656904	-0.5491526342262761
1.7168283	0.99	-12.419628812875894	-0.4967851525150358
1.7168333	1.12	-3.031586010979292	-0.12126344043917169
1.71684003	0.99	-1.4777133698788396	-0.059108534795153586
4.93886507	0.9	-10.814565353058013	-0.4325826141223205
4.93886507	1.08	-14.937322975468232	-0.5974929190187294
4.93886507	0.9	-2.1175798867372806	-0.08470319546949122
4.93892	1.0	-8.816696456909026	-0.35266785827636105
4.938821	1.12	-10.784063797570646	-0.43136255190282585
4.93883135	1.06	-4.260558424574889	-0.17042233698299555
4.93886507	1.11	-13.026870547742977	-0.5210748219097191
10.64022272	1.11	-10.164602228226594	-0.40658408912906374
10.64022272	0.9	-19.616010949384517	-0.7846404379753807
10.64049898	1.12	-8.059474362555493	-0.32237897450221975
10.64021008	1.06	-7.597794763465385	-0.3039117905386154
10.640211	1.0	-12.233128382310412	-0.48932513529241645
10.64030282	1.12	-2.516887135093459	-0.10067548540373837
3.6069424	0.86	-9.045352167477462	-0.3618140866990985
3.60694153	0.81	-0.36134566036499827	-0.01445382641459993
3.60694153	0.94	-8.597078576176663	-0.3438831430470665
3.60694003	0.95	-4.151388634583866	-0.16605554538335465
1.95271006	1.02	-1.8239000650120953	-0.07295600260048382
1.95270002	1.02	-8.4862855303491	-0.33945142121396404
1.9527091	0.91	-12.218025591078604	-0.4887210236431442
1.95271006	1.02	-9.775592851141438	-0.3910237140456575
3.825904	0.94	-11.396014158927743	-0.45584056635710973
3.82590987	0.91	-15.651250158097454	-0.6260500063238982
3.82590987	0.91	-0.9677669378580112	-0.038710677514320446
3.8259005	0.91	-6.446592637711106	-0.25786370550844423
0.55884131	0.9	-1.9158236459043119	-0.07663294583617247
0.55884131	0.9	-14.707064735938083	-0.5882825894375233
56.5735997	0.67	-6.303709419658146	-0.25214837678632585
56.57372	0.65	-9.379771985186194	-0.3751908794074478
56.5732318	0.76	-4.231159378708492	-0.16924637514833968
34.4585495	0.95	-16.900096238265725	-0.676003849530629
34.45859909	0.95	-6.792414465944483	-0.27169657863777935
34.4584231	0.95	-7.092273195958037	-0.2836909278383215
34.4585495	1.15	-18.392161493162796	-0.7356864597265118
34.45880592	1.15	-6.591483115089228	-0.2636593246035691
34.45781	1.1	-12.683423265652179	-0.5073369306260872
6.99205491	1.27	-1.2871309205831645	-0.05148523682332658
6.99205491	1.27	-3.2739247217095477	-0.13095698886838192
6.99205	1.19	-6.164756739375316	-0.24659026957501265
6.99205021	1.07	-1.3563674202676526	-0.054254696810706105
6.992042	1.23	-10.729425175917843	-0.42917700703671374
6.99205491	1.13	-9.028025563431626	-0.3611210225372651
6.99202013	1.08	-13.590024054684367	-0.5436009621873746
2.37752442	0.95	-5.609331255313483	-0.22437325021253934
2.37752442	1.02	-5.375882838150238	-0.21503531352600952
2.37752807	0.9	-3.6153328204438715	-0.14461331281775486
2.3775217	0.93	-1.4650880577865284	-0.05860352231146114
4.44588291	0.95	-4.579411644849056	-0.18317646579396227
4.44588291	0.95	-12.520526122940822	-0.5008210449176329
4.44589508	1.03	-2.224216482311179	-0.08896865929244717
4.44589508	0.96	-3.146071602980503	-0.12584286411922013
10.61345333	1.02	-3.4696099559014693	-0.1387843982360588
10.61340671	1.06	-14.306625063256329	-0.5722650025302531
10.61345435	1.01	-12.81858100158913	-0.5127432400635652
10.613405	1.1	-10.67695268730707	-0.4270781074922828
2.06187	1.01	-7.015837822886445	-0.2806335129154578
2.06190736	0.99	-14.486134009005847	-0.5794453603602339
2.06190736	0.99	-8.224850500737071	-0.32899402002948286
2.06190864	1.02	-8.063762723429003	-0.3225505089371601
2.06190736	0.99	-10.198680288193641	-0.40794721152774566
2.06190864	0.96	-11.178349781922796	-0.44713399127691184
2.06190736	0.98	-13.564147597626576	-0.5425659039050631
5.996535	0.99	-9.489653294063618	-0.37958613176254474
5.99653432	1.02	-7.823434461332723	-0.31293737845330893
5.996535	0.99	-8.532511963440593	-0.3413004785376237
5.99653344	1.02	-9.221322113573713	-0.3688528845429485
6.30921984	0.52	-4.709143672571948	-0.18836574690287794
159.388788	0.81	-7.002640695319992	-0.2801056278127997
159.3909	0.86	-2.5183746741407105	-0.10073498696562842
159.388051	0.91	-8.481282633328574	-0.33925130533314296
159.388051	0.91	-19.14886638938133	-0.7659546555752532
13.787144	1.06	-7.103541815247197	-0.2841416726098879
13.78730011	1.07	-6.626752030260111	-0.26507008121040443
13.7872576	1.34	-1.611706574376954	-0.06446826297507817
13.7872576	1.34	-4.291602724218038	-0.1716641089687215
13.7872576	1.1	-4.0098489088826526	-0.1603939563553061
103.427188	1.09	-23.310877180705894	-0.9324350872282358
103.4269873	1.09	-0.8491833959004325	-0.0339673358360173
103.427188	1.09	-2.5338341608241635	-0.10135336643296654
103.4269873	1.01	-10.670889473185296	-0.42683557892741186
103.42742336	1.01	-2.032938974620239	-0.08131755898480955
8.98826122	0.99	-12.316154249128378	-0.4926461699651351
8.98826122	1.12	-18.1386097819166	-0.725544391276664
8.98825111	0.99	-15.886870419677415	-0.6354748167870966
2.52259057	0.98	-22.189666128795103	-0.8875866451518042
2.52258863	0.98	-8.784484813706843	-0.3513793925482737
2.52258863	0.98	-10.107634126444248	-0.4043053650577699
2.5225852	0.9	-8.306520991738125	-0.332260839669525
2.52258863	0.98	-5.920021952998305	-0.23680087811993222
2.52259057	0.91	-2.452004556262787	-0.09808018225051149
24.2762373	0.92	-17.04616128270561	-0.6818464513082245
24.2762373	0.92	-9.00256269427465	-0.360102507770986
24.2762373	0.92	-24.375005927940514	-0.9750002371176205
19.94752741	0.95	-9.117512316400248	-0.3647004926560099
19.94774345	0.95	-10.718895506834642	-0.42875582027338566
19.94752741	0.96	-9.680386823384554	-0.38721547293538217
19.94738	0.96	-13.476951755051093	-0.5390780702020438
19.94752664	0.94	-7.154103271218493	-0.2861641308487397
19.94750023	0.96	-11.174458099688858	-0.4469783239875543
11.39170568	1.07	-10.752774617539801	-0.43011098470159204
11.39169531	0.9	-8.560582786364604	-0.34242331145458416
11.39153	0.96	-10.143697550396883	-0.40574790201587535
37.3033197	1.12	-1.1052968311723288	-0.04421187324689315
37.3037619	0.85	-7.904729363366314	-0.31618917453465256
37.30369949	0.86	-6.688156489117187	-0.2675262595646875
10.40006	0.82	-3.617202842621957	-0.14468811370487827
10.39990194	0.84	-11.059916046222204	-0.44239664184888816
10.39990194	0.84	-1.1105684830337692	-0.04442273932135077
10.39975603	0.85	-8.636567570040294	-0.34546270280161173
10.39986173	0.79	-11.930258277176232	-0.4772103310870493
10.39990194	0.84	-9.373707040611366	-0.37494828162445465
10.4	0.84	-2.990431352120141	-0.11961725408480564
20.13490007	0.79	-6.53135758534598	-0.2612543034138392
20.13488968	0.84	-5.184386270828836	-0.20737545083315342
20.13493	0.82	-16.17422333756033	-0.6469689335024132
20.13491661	0.85	-6.314902777166684	-0.25259611108666735
20.13490007	0.85	-20.476538492356337	-0.8190615396942534
20.13486027	0.85	-3.755889171785692	-0.1502355668714277
20.135	0.84	-1.9335019323692861	-0.07734007729477145
4.82052932	1.07	-16.38099816996933	-0.6552399267987733
4.82059002	1.02	-20.110785866828223	-0.8044314346731289
4.82052932	1.16	-0.8370691055183793	-0.03348276422073517
4.820551	1.19	-2.8435104009982446	-0.11374041603992979
4.82051088	1.1	-17.4316925268584	-0.697267701074336
4.82052932	1.16	-2.2469469530748944	-0.08987787812299577
4.02230933	0.88	-11.051117934690033	-0.44204471738760137
4.0223109	0.96	-0.46619169247801395	-0.01864766769912056
6.3312784	0.85	-9.298013699719911	-0.3719205479887965
6.33127	0.87	-4.930941054787542	-0.1972376421915017
6.3312784	0.85	-9.72349133230244	-0.3889396532920976
6.33125228	0.93	-8.748845216762238	-0.34995380867048953
4.17938195	0.93	-9.71529579259077	-0.3886118317036308
4.17938195	0.93	-0.7957458613545543	-0.03182983445418217
4.17939037	0.97	-0.564346170367429	-0.02257384681469716
4.17939037	1.02	-1.101603301349082	-0.044064132053963284
2.76263737	1.0	-13.462485013086193	-0.5384994005234477
2.76263462	1.0	-1.3238780654961781	-0.052955122619847125
2.76263462	1.0	-9.863276148249799	-0.394531045929992
2.762634	0.96	-14.781790052931532	-0.5912716021172613
2.76266003	1.0	-14.339409732005151	-0.573576389280206
5.053618	0.96	-2.349374080019358	-0.09397496320077432
5.05375004	1.0	-2.399574429216835	-0.09598297716867339
5.05366499	1.0	-2.2246684731893205	-0.08898673892757282
5.05368985	0.96	-18.501892180641732	-0.7400756872256693
5.05368985	1.0	-6.853309383408259	-0.2741323753363304
6.0703203	0.85	-6.669145547634785	-0.2667658219053914
6.070332	0.77	-5.424324275707399	-0.21697297102829594
6.0703203	0.85	-7.149342766693872	-0.2859737106677549
6.07029009	0.86	-7.8545764832155855	-0.31418305932862345
6.0703203	0.85	-3.6045719019377005	-0.14418287607750802
44.8686	1.05	-29.296924973090903	-1.1718769989236362
44.86884988	1.08	-7.945313504370019	-0.31781254017480076
44.87020111	1.07	-5.2744751747827285	-0.21097900699130914
44.8698382	1.07	-11.665217389812254	-0.4666086955924902
44.8702042	1.08	-18.60878557315271	-0.7443514229261083
24.2204192	0.86	-22.13530193765647	-0.8854120775062588
24.22047026	0.82	-2.8044480220554546	-0.11217792088221819
24.2204586	0.86	-3.4016136704636923	-0.1360645468185477
24.2204586	0.86	-7.921523615321021	-0.31686094461284087
24.22030067	0.86	-5.690355797947617	-0.22761423191790467
24.22049	0.78	-4.170986505267674	-0.16683946021070697
4.76559135	0.84	-12.422686553153946	-0.4969074621261579
4.76559135	0.84	-3.2430895286556334	-0.12972358114622534
4.76559135	0.84	-3.4749874597940966	-0.13899949839176387
4.76559	0.78	-10.024401817650736	-0.4009760727060294
4.09577947	0.76	-13.495124465203299	-0.5398049786081319
4.09578199	0.76	-10.577837009424096	-0.42311348037696384
4.09578199	0.76	-0.8413138483995417	-0.03365255393598167
4.0957799	0.76	-8.47425690963887	-0.33897027638555477
9.28697348	0.97	-2.003897058282588	-0.08015588233130352
9.28716	0.94	-9.658823965643872	-0.3863529586257549
9.28696883	0.9	-1.6066968248218592	-0.06426787299287437
9.28696447	0.91	-20.013824185303374	-0.800552967412135
9.28699	0.94	-2.364107338762396	-0.09456429355049585
9.2869944	0.94	-14.661357564831597	-0.5864543025932639
9.28696883	0.89	-2.3878332681422108	-0.09551333072568843
28.731	0.94	-3.303493633056478	-0.1321397453222591
160.0	0.94	-23.335584501772537	-0.9334233800709015
62.95	0.94	-2.121613622840029	-0.08486454491360115
2.02000128	0.85	-18.826680370541627	-0.753067214821665
2.02000102	0.86	-2.4233388923246637	-0.09693355569298655
2.02000102	0.87	-13.501036547180306	-0.5400414618872122
2.01999701	0.82	-15.871893061347615	-0.6348757224539047
2.020012	0.8	-4.8869465813295765	-0.19547786325318306
3.76304236	0.86	-10.42255389267929	-0.4169021557071716
3.76304236	0.83	-17.111079558469154	-0.6844431823387661
3.76304236	0.87	-12.747830279267646	-0.5099132111707059
3.76304236	0.87	-4.515691844930734	-0.18062767379722935
3.76303652	0.85	-4.968140670095633	-0.19872562680382533
2.98616791	1.1	-0.2972680212095609	-0.011890720848382438
2.98616791	1.1	-15.412557450668237	-0.6165022980267295
2.98618134	1.1	-18.054604629699643	-0.7221841851879858
3.48412534	1.06	-1.5972280337583522	-0.06388912135033409
3.48412991	1.02	-2.2188080516794844	-0.08875232206717938
3.822234	0.56	-5.178872818495355	-0.2071549127398142
3.82222231	0.53	-10.976785655196768	-0.4390714262078707
3.82223397	0.52	-16.873027474902138	-0.6749210989960855
17.067644	1.13	-2.689241363158656	-0.10756965452634625
17.06766	1.16	-11.679263090624891	-0.46717052362499567
4.57699384	0.53	-3.1391200375668964	-0.12556480150267585
4.57699384	0.53	-3.6887087103434517	-0.14754834841373807
4.57702017	0.53	-10.12848858008798	-0.4051395432035192
4.5770016	0.51	-9.316463149059926	-0.37265852596239707
4.5770016	0.53	-2.8959850734407553	-0.11583940293763022
3.423896	1.02	-9.86892330187305	-0.394756932074922
3.42391461	1.0	-0.29206875478995187	-0.011682750191598075
3.42391461	1.0	-8.80995730115994	-0.3523982920463976
3.42392993	1.04	-9.065020774293396	-0.36260083097173584
7.36272124	1.02	-14.425997481271704	-0.5770398992508682
7.36272058	0.99	-0.9479144837807544	-0.037916579351230176
7.36272058	0.99	-20.527987495443938	-0.8211194998177576
7.36268997	0.99	-15.3751011718406	-0.615004046873624
7.36272058	0.99	-4.206199704346644	-0.16824798817386577
5.65243986	0.75	-8.747856798933158	-0.34991427195732633
5.65243986	0.75	-2.872315409771074	-0.11489261639084296
5.65245008	0.75	-21.496882496753727	-0.8598752998701491
5.65245733	0.83	-4.8446710260090375	-0.1937868410403615
5.65245733	0.75	-14.219899862524091	-0.5687959945009636
5.65243986	0.75	-5.185888163433964	-0.20743552653735858
5.65243986	0.67	-1.5634239791872944	-0.06253695916749177
14.86390018	0.75	-2.580787241823012	-0.10323148967292048
14.8638496	0.83	-2.0033379187190063	-0.08013351674876025
14.8638496	0.75	-6.034808123458246	-0.24139232493832985
14.86386959	0.75	-5.51234731003723	-0.2204938924014892
2.39161966	0.82	-1.0192838656745287	-0.04077135462698115
2.39160991	0.66	-11.77780716280147	-0.4711122865120588
2.39161966	0.66	-2.9562197863173525	-0.1182487914526941
2.39162484	0.66	-16.992466791200325	-0.679698671648013
9.93967857	0.84	-6.682329500660294	-0.2672931800264118
9.939543	0.83	-3.652958107545296	-0.14611832430181185
9.93967857	0.88	-16.731008456106686	-0.6692403382442674
17.73851385	0.87	-2.6140412713495946	-0.10456165085398379
17.73860094	0.87	-8.999534432647811	-0.35998137730591245
17.73852054	0.86	-0.34550481762628	-0.0138201927050512
17.73842886	0.81	-0.18250981270651018	-0.007300392508260407
17.73852054	0.88	-18.742249670356486	-0.7496899868142595
5.94504102	0.88	-11.920826173117502	-0.47683304692470013
5.94504348	0.87	-0.6701658533106318	-0.026806634132425275
5.94504102	0.84	-21.207643584777085	-0.8483057433910834
5.94504102	0.88	-6.995000826819701	-0.27980003307278806
5.94504203	0.87	-12.832082030576792	-0.5132832812230717
5.94504102	0.86	-16.827601082156903	-0.6731040432862762
5.945053	0.83	-5.432178158885774	-0.217287126355431
5.94504102	0.88	-2.1400296711498665	-0.08560118684599466
5.68876982	0.64	-6.796135729210485	-0.2718454291684194
5.68879083	0.64	-6.195875756203913	-0.2478350302481565
5.68882689	0.64	-7.623713527568207	-0.3049485411027283
5.99077497	1.11	-16.915181525925945	-0.6766072610370378
5.99078221	1.01	-15.627160031799333	-0.6250864012719733
5.9907999	0.95	-10.58904558155439	-0.42356182326217556
5.99078221	0.95	-16.89340164803381	-0.6757360659213524
5.99077497	1.11	-5.521914009069249	-0.22087656036276998
6.05922662	0.99	-10.672036335855367	-0.4268814534342147
6.05921984	0.98	-12.764642135511217	-0.5105856854204487
6.05922662	1.09	-1.835759589088538	-0.07343038356354152
6.05919881	0.98	-16.841604376990503	-0.6736641750796202
14.1960001	1.17	-4.54657891327533	-0.1818631565310132
30.8277926	1.05	-11.441339996544402	-0.45765359986177606
30.8277926	1.05	-7.546209712982176	-0.301848388519287
30.8278245	1.05	-4.340794252690241	-0.17363177010760963
30.8278245	1.01	-22.485325425914414	-0.8994130170365766
30.8277926	1.05	-35.70195262252434	-1.4280781049009736
30.82789993	1.05	-1.6878339919152385	-0.06751335967660954
13.8354142	1.03	-6.826296736269114	-0.2730518694507646
13.83539963	1.03	-5.631286336586804	-0.22525145346347217
13.8354142	1.03	-23.640452570785072	-0.9456181028314029
13.8353959	1.03	-0.29207380761988744	-0.011682952304795498
31.2543238	1.18	-14.84136781109094	-0.5936547124436377
31.25428924	1.06	-11.536801851651866	-0.46147207406607466
31.25429916	1.18	-8.936331723844443	-0.3574532689537777
12.90237151	0.86	-4.6012861614566205	-0.18405144645826482
12.90235874	0.88	-8.14474145641465	-0.325789658256586
12.90237151	0.86	-8.588833981171696	-0.34355335924686786
47.05726492	0.93	-6.631894436573304	-0.2652757774629321
47.0564003	0.97	-1.4012205614492073	-0.05604882245796829
47.0564621	0.97	-1.6796292512154025	-0.0671851700486161
47.0563327	0.93	-7.631556733403723	-0.3052622693361489
47.0564621	0.97	-22.24482019292611	-0.8897928077170444
37.8862977	0.9	-11.275790062409827	-0.4510316024963931
37.8869482	0.87	-4.90724333656665	-0.196289733462666
37.88750032	0.9	-9.368395073614886	-0.37473580294459546
9.92670905	0.96	-13.475045511607426	-0.5390018204642971
9.92672514	0.89	-1.3115500563918956	-0.05246200225567582
9.92672514	0.89	-10.244149335157099	-0.40976597340628396
9.92672514	1.03	-11.404835076727684	-0.4561934030691074
9.92672514	0.94	-14.451092526015346	-0.5780437010406139
9.92672514	0.89	-1.9757360694049164	-0.07902944277619665
9.9267215	0.95	-5.730796883030106	-0.22923187532120423
21.22347296	0.89	-16.23470389923862	-0.6493881559695448
21.22347296	0.89	-1.357563973816805	-0.054302558952672206
21.22347296	1.03	-0.672338501815614	-0.026893540072624563
21.22355695	0.96	-5.495355686509346	-0.21981422746037385
21.22349325	0.96	-2.539205999017639	-0.10156823996070558
21.22349086	0.96	-8.777612366895562	-0.3511044946758225
6.47027706	0.96	-3.317197556131735	-0.1326879022452694
6.47052	0.91	-9.036513663215192	-0.3614605465286077
6.47027579	0.89	-11.549424996192602	-0.46197699984770413
30.25420641	1.25	-1.028073883244264	-0.04112295532977056
30.2541186	1.06	-8.818690173781977	-0.3527476069512791
30.2541008	1.24	-7.590307121691377	-0.30361228486765507
20.0349456	1.25	-14.303995839865497	-0.5721598335946199
20.0349456	1.25	-0.45533910804277145	-0.018213564321710857
20.03519202	1.17	-20.459786165586145	-0.8183914466234459
20.034708	1.17	-12.7847975721769	-0.511391902887076
3.15721824	1.25	-10.903577053455718	-0.4361430821382287
3.15722086	1.17	-4.377640923995816	-0.17510563695983267
3.15721989	1.25	-17.67675108605086	-0.7070700434420344
3.15721824	1.25	-8.605750735307566	-0.3442300294123027
13.2226208	0.95	-12.478394385045807	-0.4991357754018323
13.2226149	1.0	-5.981895347970949	-0.23927581391883795
13.22259998	0.95	-10.371975854612973	-0.41487903418451894
52.6095103	1.11	-4.530062003705951	-0.18120248014823806
52.60969925	1.11	-15.062528549400556	-0.6025011419760222
52.607947	0.83	-9.363802101133722	-0.3745520840453489
52.607947	0.83	-2.4518206806326015	-0.09807282722530407
15.3317719	1.02	-3.6633746471894426	-0.1465349858875777
15.3317018	0.89	-3.494770939525635	-0.1397908375810254
46.7169344	1.02	-17.481918408961516	-0.6992767363584607
46.71640015	1.06	-8.525157797503553	-0.34100631190014213
46.7162336	1.02	-10.14933575487569	-0.4059734301950276
46.7169344	1.02	-26.6594289601244	-1.0663771584049762
46.71608632	1.02	-9.915927080804096	-0.39663708323216385
46.7162336	1.06	-15.70449280756315	-0.628179712302526
42.8774173	0.77	-7.256241582192942	-0.2902496632877177
42.8774173	0.77	-3.9000666691410717	-0.15600266676564287
42.8774169	0.83	-4.002306849106796	-0.16009227396427186
42.87770081	0.77	-4.157362361429808	-0.16629449445719233
73.7506501	0.99	-4.87998320699086	-0.1951993282796344
73.75039673	1.41	-10.953395101362783	-0.43813580405451136
73.7502765	1.41	-21.398871536030462	-0.8559548614412185
73.75004569	1.11	-10.870530956682556	-0.43482123826730223
19.57780075	0.97	-3.6113700742503894	-0.1444548029700156
19.57783	1.01	-12.360483743459392	-0.4944193497383757
19.5777657	0.99	-2.518671227249561	-0.10074684908998244
19.5778347	0.99	-6.696912404697599	-0.267876496187904
19.57783279	0.99	-1.3950936753841094	-0.05580374701536438
19.5777657	0.89	-5.276860702052973	-0.21107442808211893
19.57783279	0.97	-0.2943469581541754	-0.011773878326167015
59.3627946	1.01	-7.786427677799444	-0.31145710711197777
59.3627199	1.68	-1.429422136725652	-0.057176885469026086
59.36249924	1.01	-17.15531993269361	-0.6862127973077444
59.3627199	1.11	-3.1414914271287735	-0.12565965708515095
59.3627946	1.01	-1.5038787206971072	-0.06015514882788429
59.3627199	1.68	-18.817001636376997	-0.7526800654550799
11.38838111	1.12	-12.149661846021036	-0.4859864738408415
11.38840217	1.09	-5.316791722014015	-0.2126716688805606
11.38839971	1.21	-0.33623773366276105	-0.013449509346510442
11.38841954	1.12	-11.714875367508542	-0.4685950147003417
11.38840217	1.12	-5.482047817296269	-0.2192819126918508
11.38839971	1.21	-0.2127402288068302	-0.008509609152273208
11.38839971	1.21	-5.982667698808558	-0.23930670795234232
50.69818825	1.12	-12.522133365645905	-0.5008853346258362
50.69852	1.14	-5.636852226374703	-0.22547408905498814
50.6984448	1.21	-6.100532711930842	-0.24402130847723366
13.0267964	0.82	-10.860617874081724	-0.43442471496326895
13.02678441	0.84	-2.238759020819425	-0.089550360832777
13.02678441	0.84	-17.51664716516125	-0.70066588660645
13.0267964	0.84	-0.7746308517618425	-0.030985234070473704
13.02678441	0.84	-5.140385046136687	-0.20561540184546748
38.5752965	1.14	-1.0769370035292614	-0.04307748014117046
38.5752965	1.12	-18.523722069579897	-0.7409488827831959
38.5752965	1.12	-12.25938589596243	-0.4903754358384972
38.5763483	1.19	-2.3329515229268476	-0.09331806091707391
0.52417609	0.98	-14.649666404488748	-0.5859866561795499
0.5241758	0.91	-3.23654197970399	-0.1294616791881596
0.52417609	0.98	-7.205154700332015	-0.28820618801328063
0.52417609	0.98	-18.49255963391851	-0.7397023853567405
4.94328533	0.96	-17.95928896050212	-0.7183715584200848
4.94328533	0.94	-14.528511020098513	-0.5811404408039406
4.94330596	0.96	-4.28721991414801	-0.1714887965659204
4.94328533	0.94	-4.80143190194138	-0.19205727607765521
4.94328533	0.94	-2.577969109384461	-0.10311876437537844
4.94329023	0.96	-19.66511720022229	-0.7866046880088916
1.41975999	0.97	-8.25281576670168	-0.33011263066806723
1.41974915	1.06	-24.90491207538401	-0.9961964830153605
3.95140004	0.84	-7.413712612818693	-0.2965485045127477
3.9513822	0.84	-11.933676827603067	-0.4773470731041227
3.9513822	0.84	-0.8859489417690232	-0.035437957670760925
126.55615355	1.28	-9.971999064318641	-0.39887996257274566
126.55719	1.28	-12.152898941746678	-0.4861159576698671
126.557522	1.21	-11.944393801038183	-0.47777575204152734
9.6887216	1.18	-5.56293559993752	-0.2225174239975008
9.6886646	1.18	-12.87272425447015	-0.514908970178806
9.68835304	1.18	-0.8280678035929891	-0.03312271214371957
9.68859959	1.19	-6.288100873634922	-0.2515240349453969
9.6887216	1.19	-2.6139374153771486	-0.10455749661508595
13.06242496	0.65	-11.850839194630932	-0.4740335677852373
13.06242496	0.65	-6.544022034692057	-0.2617608813876823
13.06243545	0.65	-7.840872321099479	-0.31363489284397916
13.06260014	0.65	-12.348243321536554	-0.4939297328614622
2.79064934	0.64	-9.736591536707056	-0.38946366146828226
2.09226999	1.09	-9.256034398559818	-0.3702413759423927
2.09226999	0.96	-12.137465662256433	-0.4854986264902573
2.092282	1.05	-5.098399363024144	-0.20393597452096576
2.09226999	0.96	-18.68239677951732	-0.7472958711806927
2.09226999	0.96	-4.40481882525648	-0.1761927530102592
2.09226999	0.94	-7.785093261783642	-0.3114037304713457
17.30797625	0.96	-25.96682704224677	-1.0386730816898708
17.30787786	1.02	-15.661776575156221	-0.6264710630062489
17.30797625	0.94	-14.392515676619322	-0.5757006270647729
17.30801526	1.02	-4.117820096854717	-0.16471280387418868
17.30797625	0.96	-10.577435083456388	-0.4230974033382555
17.30795548	1.02	-3.222697744824269	-0.12890790979297076
17.30693	1.05	-25.589838894258296	-1.023593555770332
52.8147284	0.96	-4.594160132874727	-0.18376640531498908
52.81478933	1.02	-16.871416676280365	-0.6748566670512146
52.81502997	1.02	-9.374023829831057	-0.3749609531932423
52.8147284	0.96	-8.03851271102108	-0.3215405084408432
52.8147284	0.94	-25.934484238083236	-1.0373793695233295
52.8148051	1.02	-14.323184637607817	-0.5729273855043127
4.95062352	0.78	-7.5338820284253645	-0.3013552811370146
31.3351397	1.24	-2.8167167355606852	-0.11266866942242741
31.33452785	1.23	-5.672098441322172	-0.22688393765288686
31.3351397	1.24	-11.181750220814376	-0.44727000883257506
4.62602725	0.85	-7.995073461803379	-0.3198029384721352
4.62602867	0.85	-0.9658838606059121	-0.03863535442423648
4.62602867	1.0	-12.384400844841375	-0.495376033793655
4.62604999	0.85	-7.95989395284148	-0.31839575811365917
4.85026423	1.05	-9.761105399162968	-0.39044421596651874
4.85026423	1.21	-1.8819736935874958	-0.07527894774349983
4.85026423	1.05	-10.00700942349839	-0.4002803769399356
4.85018974	1.05	-9.299420007383818	-0.3719768002953527
9.84261195	1.07	-13.023272765882442	-0.5209309106352977
9.84262076	1.06	-34.439981918472036	-1.3775992767388814
9.84257984	1.06	-20.41088597646867	-0.8164354390587468
9.84262076	0.93	-10.834832723789447	-0.43339330895157785
9.84261195	1.07	-3.3461588271164255	-0.13384635308465703
3.03520869	0.89	-2.2145017168426153	-0.08858006867370462
3.03520869	0.89	-8.702982257939512	-0.3481192903175805
3.0351901	0.89	-9.840310347050298	-0.39361241388201196
6.96355103	0.98	-0.4039520510982063	-0.016158082043928254
6.9636302	0.98	-26.902630185203243	-1.0761052074081296
6.96352699	1.1	-4.3633565067932665	-0.17453426027173066
6.96355103	1.1	-1.6079741353117698	-0.0643189654124708
15.57131611	0.53	-12.42801640800613	-0.4971206563202452
15.57131611	0.53	-13.575662143558818	-0.5430264857423527
15.57131611	0.53	-6.85054093895992	-0.2740216375583968
15.57129955	0.58	-25.900828556499217	-1.0360331422599687
2.20828009	1.19	-2.8162077259156266	-0.11264830903662507
2.20829637	1.08	-15.143922497051248	-0.60575689988205
2.20829412	1.01	-12.440855805083473	-0.4976342322033389
2.20829637	1.19	-3.563609490601954	-0.14254437962407818
2.20829412	1.01	-10.967599457167953	-0.43870397828671814
2.20829412	1.01	-12.261728816910193	-0.4904691526764077
8.30784498	0.88	-1.9794267494962317	-0.07917706997984927
8.30784498	0.88	-13.391373926195653	-0.5356549570478262
8.30784498	0.87	-5.523281170771764	-0.22093124683087056
8.307832	0.84	-13.976775953776267	-0.5590710381510506
34.09656856	0.89	-11.568563674343771	-0.46274254697375083
34.0963441	0.89	-10.175263059489259	-0.40701052237957036
34.09696515	0.89	-4.493424585765488	-0.1797369834306195
34.0962295	0.88	-26.530246519839952	-1.061209860793598
34.0962295	0.88	-10.574291785774566	-0.42297167143098263
34.0962295	0.87	-11.425313112104629	-0.45701252448418517
34.0963441	0.88	-12.858841923804503	-0.5143536769521801
34.0962295	0.88	-7.133197099737239	-0.28532788398948955
10.7770462	0.76	-18.302995124378235	-0.7321198049751294
10.7769944	0.76	-3.963999273569654	-0.15855997094278615
10.7770462	0.76	-4.879240040761639	-0.19516960163046557
20.6579443	0.92	-8.400744733469224	-0.336029789338769
20.6577602	0.78	-23.19840891428457	-0.9279363565713828
20.6577602	0.78	-10.534230937363377	-0.4213692374945351
20.65780067	0.92	-1.6651048693396995	-0.06660419477358798
27.21080017	0.92	-2.4616325969307984	-0.09846530387723194
27.2111385	0.92	-2.73771558083888	-0.10950862323355519
27.2106807	0.92	-18.391704180493015	-0.7356681672197206
27.2111385	0.92	-4.91525541852221	-0.1966102167408884
6.24564633	0.79	-1.6529162483975366	-0.06611664993590147
6.24564633	0.73	-11.56043599865694	-0.4624174399462776
6.24563503	0.76	-13.078528362854884	-0.5231411345141954
6.24563503	0.76	-6.44171748333782	-0.25766869933351283
6.24565983	0.79	-5.8671958514235225	-0.2346878340569409
5.88350251	0.94	-17.648574800592275	-0.705942992023691
5.88343	0.94	-4.7464954692612285	-0.18985981877044913
5.88346916	0.94	-12.60386437387592	-0.5041545749550368
14.2651545	1.05	-13.469127873716676	-0.5387651149486671
14.2651545	1.05	-8.109860375499277	-0.32439441501997107
5.94373492	0.67	-13.902878006497737	-0.5561151202599095
5.94375659	0.67	-15.267198319146287	-0.6106879327658515
5.94371986	0.67	-2.0039219744205234	-0.08015687897682094
5.94375659	0.67	-2.502250687633808	-0.10009002750535233
2.18659922	0.74	-17.652495572795665	-0.7060998229118266
2.18662	0.74	-0.5330461417218378	-0.021321845668873515
2.18659922	0.74	-3.0727623112805196	-0.12291049245122078
9.32867332	0.95	-10.053391157376396	-0.4021356462950558
9.32861996	0.96	-3.4958531825808317	-0.13983412730323327
9.32867332	0.95	-1.4840059183749792	-0.05936023673499917
9.32867952	0.96	-7.555057452758342	-0.30220229811033367
6.38671206	0.77	-12.906175625308116	-0.5162470250123247
6.3867289	0.77	-4.845099580700286	-0.19380398322801146
6.38671206	0.83	-1.0953321462122454	-0.043813285848489814
6.3867289	0.77	-8.128336522699572	-0.3251334609079829
6.3867289	0.77	-7.113636758876599	-0.284545470355064
20.73991798	0.85	-2.7574720961884216	-0.11029888384753686
20.73991798	0.93	-5.478481646489776	-0.21913926585959104
20.73991798	0.93	-25.62708108772944	-1.0250832435091777
20.73989406	0.87	-15.760317716560785	-0.6304127086624314
20.73988438	0.87	-11.289304078005607	-0.4515721631202243
47.42766	0.93	-2.658887208037667	-0.10635548832150668
47.42769396	0.87	-13.295556165571504	-0.5318222466228602
47.42766	0.84	-9.84829597924611	-0.3939318391698444
47.4277116	0.87	-12.646761224143603	-0.5058704489657442
122.0799221	0.84	-0.9356320788519084	-0.03742528315407633
122.0799221	0.93	-0.3114477336102846	-0.012457909344411384
122.0799221	0.93	-5.367646205750749	-0.21470584823002994
122.0804953	0.87	-4.662973689164142	-0.18651894756656567
2.29794002	1.12	-18.169361112241976	-0.7267744444896791
2.29794819	1.08	-6.488114601427368	-0.2595245840570947
2.29792825	1.08	-15.952740667310188	-0.6381096266924076
2.29792825	1.08	-22.207131281364266	-0.8882852512545707
2.29794819	1.12	-5.65427510474212	-0.2261710041896848
5.60473269	0.86	-3.363594162526323	-0.13454376650105293
5.60473115	0.87	-6.188043179680976	-0.24752172718723905
5.60473269	0.86	-5.596671038374	-0.22386684153496
7.99147383	0.93	-5.340057239399456	-0.21360228957597824
7.99144696	1.0	-6.273262648172953	-0.2509305059269181
7.99147383	0.93	-3.6704314205284283	-0.14681725682113714
7.99147383	0.93	-13.403633859847105	-0.5361453543938842
7.99145985	1.0	-5.549436607820061	-0.22197746431280244
1.96228263	0.96	-7.156351439652394	-0.2862540575860958
1.96227924	0.92	-11.39114202380132	-0.4556456809520528
1.96228263	0.92	-8.847471256270833	-0.3538988502508333
1.96226001	0.92	-14.524049911567465	-0.5809619964626986
1.96227924	0.92	-17.587538427632282	-0.7035015371052913
1.96227924	0.86	-8.633826863596749	-0.34535307454386993
2.4408364	0.73	-7.843892112987835	-0.3137556845195134
2.4408364	0.73	-14.401650826494206	-0.5760660330597682
41.8681996	0.93	-2.372766308435896	-0.09491065233743584
41.8673672	0.93	-1.509155459542795	-0.0603662183817118
8.61742738	0.8	-7.794823795830549	-0.311792951833222
8.61742738	0.77	-12.203488449058762	-0.4881395379623505
8.61735417	0.67	-3.5909505681669076	-0.1436380227266763
7.28170196	0.75	-8.348222648883384	-0.33392890595533536
7.28170196	1.0	-17.594838135555523	-0.703793525422221
7.28171395	1.0	-1.3062587286778573	-0.052250349147114294
7.28122373	0.84	-14.35444697211991	-0.5741778788847964
7.28122373	0.84	-18.038989641038825	-0.721559585641553
7.2810998	0.84	-19.231768588340497	-0.7692707435336199
7.28116667	0.76	-8.41755871548911	-0.3367023486195644
7.28116667	0.84	-27.470940900222182	-1.0988376360088874
6.64752007	1.11	-11.320045921379418	-0.4528018368551767
6.64752101	1.11	-8.552411175620339	-0.34209644702481357
6.64752101	1.11	-2.1081282423768366	-0.08432512969507347
6.64754478	1.11	-10.98850784901111	-0.4395403139604444
5.59931973	0.86	-14.116973155964295	-0.5646789262385719
5.59931973	1.01	-11.159983758288297	-0.4463993503315319
5.59931973	0.92	-14.943996877506358	-0.5977598751002543
5.59931973	0.86	-9.315059012517048	-0.37260236050068196
5.59931543	0.9	-0.3147871734149234	-0.012591486936596936
5.599293	1.09	-9.032379474371654	-0.3612951789748661
5.59931973	0.92	-0.582640234300824	-0.02330560937203296
5.59935	0.86	-6.492238950749653	-0.2596895580299861
5.59934848	1.09	-12.3849309665667	-0.495397238662668
10.34974585	1.09	-13.607841949098752	-0.5443136779639501
10.34971385	0.86	-4.376182543091508	-0.17504730172366031
10.34971385	0.86	-7.568455497002455	-0.30273821988009825
10.34973276	1.09	-15.893897756065032	-0.6357559102426013
10.34971385	1.01	-1.6535238938860086	-0.06614095575544035
10.34976692	1.09	-11.587560471682984	-0.46350241886731935
10.34971385	0.92	-15.206453107117289	-0.6082581242846916
15.67756112	0.86	-13.883600427501994	-0.5553440171000797
15.67787	1.09	-3.926144609723382	-0.15704578438893527
15.67750191	0.9	-8.011394832620777	-0.3204557933048311
15.67756112	0.92	-12.407053254870124	-0.496282130194805
15.67770919	1.09	-9.64426015684217	-0.3857704062736868
15.67756112	0.92	-2.3422010106825857	-0.09368804042730343
15.67756112	0.86	-11.975973665980785	-0.4790389466392314
15.67750191	1.09	-11.522765038185298	-0.4609106015274119
15.6775466	1.09	-7.172281101977139	-0.28689124407908556
25.20971	0.86	-0.8614124947642303	-0.034456499790569216
25.2099845	0.92	-4.817543430545351	-0.19270173722181405
25.2099845	0.86	-12.236040668758541	-0.48944162675034164
25.21086086	1.09	-12.109260969758063	-0.48437043879032254
25.2100146	1.09	-4.638000381454525	-0.185520015258181
7.54592204	1.08	-1.8548723007701329	-0.07419489203080532
7.5459119	1.17	-6.228425654808894	-0.24913702619235575
7.5459119	1.17	-10.88338590300722	-0.4353354361202888
7.5459119	1.2	-10.378726471027788	-0.41514905884111153
7.54592204	1.04	-12.021017817273561	-0.4808407126909425
11.3220104	1.17	-8.259049775188785	-0.3303619910075514
11.3220104	1.08	-9.517093180825366	-0.38068372723301463
11.3220104	1.17	-8.321961855642401	-0.33287847422569605
4.95931924	0.98	-1.999880905504587	-0.07999523622018348
4.95931945	1.1	-4.258310275253358	-0.1703324110101343
4.95931945	1.1	-17.572460350603603	-0.7028984140241441
4.95931945	1.01	-1.8091663180447517	-0.07236665272179008
4.53700111	0.75	-2.7245991337282374	-0.10898396534912949
4.53702121	0.77	-28.72931764551317	-1.1491727058205268
4.53700018	0.77	-6.633526015532631	-0.26534104062130526
4.53702121	0.73	-13.021153008207245	-0.5208461203282898
4.53700111	0.75	-17.964720033545493	-0.7185888013418198
10.84962391	0.87	-1.4451997114401758	-0.05780798845760703
10.849813	0.82	-10.909999689474082	-0.4363999875789633
10.84969477	0.87	-6.130806716052329	-0.24523226864209316
10.84969997	0.87	-20.21763297803553	-0.8087053191214213
10.84965239	0.88	-0.46448316088847436	-0.018579326435538973
18.50849915	1.03	-16.268326324011497	-0.6507330529604599
18.5084526	1.03	-3.042961014460767	-0.12171844057843068
18.50687	1.01	-19.827275728781327	-0.7930910291512531
18.5084526	1.01	-1.894789503503115	-0.0757915801401246
18.5084405	1.03	-5.718299949932042	-0.2287319979972817
17.789742	0.96	-5.437830920539366	-0.21751323682157464
17.79002419	0.95	-1.6034339276733425	-0.0641373571069337
17.79001285	0.98	-14.923943076603548	-0.596957723064142
17.79001678	0.94	-2.1111390389991493	-0.08444556155996598
17.79002419	0.95	-16.179987208268294	-0.6471994883307318
49.5674085	0.94	-4.72003841299905	-0.188801536519962
49.56752919	0.98	-4.286952418190359	-0.17147809672761435
49.5675359	0.95	-21.08795845483926	-0.8435183381935705
49.5675359	0.95	-1.9901120260137821	-0.07960448104055129
49.56786126	0.98	-5.5889827191799695	-0.2235593087671988
49.5674085	0.98	-12.996885305297091	-0.5198754122118837
1.31184609	0.98	-1.028430476591208	-0.04113721906364832
1.31184443	0.95	-5.743326721441105	-0.2297330688576442
1.31184297	0.94	-18.184105836350682	-0.7273642334540272
33.0257179	1.01	-13.108959559780857	-0.5243583823912343
33.0256807	0.9	-4.272918702323408	-0.17091674809293633
33.0257179	1.05	-3.1211020682912567	-0.12484408273165028
33.0257988	1.05	-0.3712449772410996	-0.014849799089643985
33.0256807	0.9	-1.453532839089796	-0.05814131356359184
453.5429993	1.52	-15.190402929330107	-0.6076161171732043
453.543999	1.04	-10.36022367899934	-0.4144089471599736
3.82315697	1.21	-11.15095644313271	-0.4460382577253084
3.82315993	1.21	-1.6539112445326802	-0.0661564497813072
3.82316376	1.31	-12.00818893490566	-0.4803275573962264
3.82316376	1.31	-5.660864766224069	-0.22643459064896276
7.32849062	0.8	-14.596312123172542	-0.5838524849269017
7.328505	0.74	-19.253669436893194	-0.7701467774757278
7.32851947	0.83	-0.47496584091101596	-0.018998633636440637
7.32849062	0.8	-6.833750175009181	-0.2733500070003672
7.32851982	0.81	-9.416273392094979	-0.37665093568379915
1.99281228	0.42	-2.828981175024465	-0.1131592470009786
1.99281228	0.42	-1.8537644581115238	-0.07415057832446095
1.99281228	0.42	-3.8318824190256215	-0.15327529676102486
3.42063861	0.92	-0.4662482671657238	-0.018649930686628954
3.42063861	0.92	-3.7513155307946926	-0.1500526212317877
19.5489365	0.78	-17.662250838746775	-0.706490033549871
19.54929924	0.78	-15.109667205783104	-0.6043866882313241
19.5489666	0.78	-0.6034925049817932	-0.024139700199271728
19.5489365	0.78	-13.94318230369641	-0.5577272921478564
2.34585858	0.78	-2.978021297908939	-0.11912085191635756
2.345863	0.75	-5.629382885242731	-0.22517531540970925
2.34586	0.8	-6.580566467196944	-0.26322265868787775
2.34587	0.74	-14.658653809292222	-0.5863461523716889
2.34585858	0.78	-7.374941276154701	-0.294997651046188
3.64829642	0.78	-10.606366535350428	-0.42425466141401713
3.64830183	0.8	-20.041286879602065	-0.8016514751840826
3.648459	0.74	-6.4745363560978	-0.258981454243912
5.64491523	0.78	-8.292399910486292	-0.3316959964194517
5.64491415	0.75	-7.268372698967002	-0.29073490795868007
5.64491415	0.8	-11.925684413982307	-0.4770273765592923
5.644954	0.74	-0.7814901903349536	-0.03125960761339815
5.64490356	0.75	-20.326021540778093	-0.8130408616311238
5.64491523	0.78	-10.741856180361786	-0.42967424721447145
5.64491523	0.78	-2.3823357826730986	-0.09529343130692394
8.74287133	0.78	-18.41205340933151	-0.7364821363732604
8.74292005	0.8	-22.49133146985521	-0.8996532587942084
8.74297047	0.8	-16.506877776675697	-0.6602751110670279
8.74292005	0.75	-7.537714012638481	-0.30150856050553926
8.74294266	0.75	-6.578870864743471	-0.2631548345897388
8.74287133	0.78	-16.00074068250587	-0.6400296273002348
11.49499722	1.5	-6.001744301659312	-0.2400697720663725
11.49500229	1.13	-10.863729305390924	-0.434549172215637
11.49499722	1.5	-11.272494782790252	-0.4508997913116101
10.16102353	1.0	-13.232344284499876	-0.529293771379995
10.16103226	1.0	-7.425011318339129	-0.2970004527335652
10.16102981	1.09	-5.43131712302305	-0.217252684920922
23.64219092	0.97	-7.759971863336418	-0.3103988745334567
23.64219092	0.98	-11.404086661816102	-0.4561634664726441
23.64210501	1.01	-5.012068564898305	-0.2004827425959322
23.64219092	0.98	-4.277934494216944	-0.17111737976867777
23.6421965	1.01	-0.45340001005736585	-0.018136000402294634
23.636883	1.0	-11.696890383972487	-0.4678756153588995
67.0932997	0.98	-6.696261737441896	-0.2678504694976758
67.0930642	1.01	-2.7971367060431764	-0.11188546824172706
67.09342695	1.01	-1.3473781026222784	-0.05389512410489114
67.0930642	0.98	-5.304829728570989	-0.21219318914283958
67.0935	1.0	-4.755180123084822	-0.19020720492339288
1.73513619	1.08	-15.735669120219566	-0.6294267648087827
1.73512995	1.03	-10.334418496676909	-0.41337673986707635
1.7351365	1.11	-15.122397969361392	-0.6048959187744557
1.73513603	1.02	-20.10511560440695	-0.804204624176278
1.73513603	1.02	-5.14640507564902	-0.2058562030259608
4.06844201	1.02	-8.214856016163179	-0.32859424064652715
4.06844957	1.08	-12.359954189517513	-0.49439816758070054
4.068545	1.11	-1.0596626780909753	-0.04238650712363901
4.06844201	1.02	-2.0170166409989547	-0.0806806656399582
13.26080036	0.91	-11.639656016707045	-0.4655862406682818
13.26084292	0.94	-4.094015837219632	-0.16376063348878528
13.26084292	0.95	-8.59979364128957	-0.34399174565158286
13.26107	0.92	-8.874944274786518	-0.35499777099146074
22.79021423	0.94	-1.3722254943991588	-0.05488901977596635
22.79019928	0.91	-9.63774589974061	-0.3855098359896244
22.79021423	0.95	-2.522983575016202	-0.10091934300064809
22.78983	0.92	-7.502790015310335	-0.30011160061241343
22.79021423	0.95	-7.20905458569067	-0.2883621834276268
15.61120033	0.87	-7.300981804816114	-0.2920392721926446
15.6113	0.83	-4.689597753240356	-0.18758391012961426
15.6112238	0.93	-0.6219816603440766	-0.024879266413763066
15.611223	0.82	-9.35742959116665	-0.374297183646666
15.6112238	0.87	-0.19783914705686262	-0.007913565882274504
26.6565574	1.37	-18.302143524952864	-0.7320857409981146
4.61226344	0.82	-14.365844334624487	-0.5746337733849795
4.61231995	0.93	-11.180287274272317	-0.4472114909708927
4.61225043	0.93	-14.012639380798511	-0.5605055752319404
4.61226344	0.82	-16.125857665732184	-0.6450343066292874
73.7579317	0.82	-16.91124127167151	-0.6764496508668605
73.7579317	0.85	-13.97555915913098	-0.5590223663652392
73.75779724	0.85	-15.947280377759059	-0.6378912151103624
73.7571	0.95	-2.4434015012719716	-0.09773606005087887
73.7578875	0.85	-4.582981491843822	-0.18331925967375287
32.3767	0.64	-10.41095929451135	-0.416438371780454
32.3763405	0.65	-7.05418866845702	-0.2821675467382808
32.376183	0.75	-6.24131406973907	-0.2496525627895628
32.37609863	0.75	-8.47409342462041	-0.3389637369848164
32.3763405	0.76	-19.352009577377622	-0.7740803830951049
32.37642916	0.71	-13.773406645909787	-0.5509362658363915
32.3763405	0.65	-3.7756661442005544	-0.1510266457680222
32.3763405	0.65	-15.82665476042013	-0.6330661904168052
92.7297248	0.71	-1.270402270157158	-0.050816090806286324
92.72949982	0.75	-20.443538719025803	-0.8177415487610321
92.73002412	0.71	-18.197715961622784	-0.7279086384649114
92.7296775	0.65	-4.691826480395258	-0.18767305921581032
92.7296775	0.76	-1.851816197308512	-0.07407264789234048
26.7575866	1.12	-7.658430523249721	-0.30633722092998883
26.75902695	1.12	-14.632268246654606	-0.5852907298661842
26.7575866	1.11	-0.979072586086633	-0.03916290344346532
26.7575859	1.1	-18.82796081222443	-0.7531184324889771
3.03267135	0.96	-11.865799128536889	-0.47463196514147554
3.03266154	0.87	-0.5133105903153747	-0.02053242361261499
3.03266154	0.87	-14.927728483960873	-0.5971091393584349
3.03266154	0.97	-22.344404863360154	-0.8937761945344062
3.03266154	0.87	-2.280413272853131	-0.09121653091412524
3.03263998	0.96	-4.80045200853839	-0.1920180803415356
8.7396758	0.68	-5.327262238280227	-0.21309048953120907
8.7396758	0.63	-8.452187883434545	-0.33808751533738185
8.73945046	0.63	-5.65740419157376	-0.2262961676629504
3.69611967	0.94	-12.071116574936998	-0.4828446629974799
3.6961159	0.9	-12.386724906812574	-0.495468996272503
3.69611967	0.88	-2.227550507070489	-0.08910202028281956
3.69612127	0.88	-3.464463182010548	-0.13857852728042191
3.69610487	0.96	-8.42793205841305	-0.33711728233652205
3.69611967	0.88	-1.9238888146534996	-0.07695555258613998
3.69611967	0.94	-4.457976098365416	-0.17831904393461664
3.6961219	0.91	-8.563361948076693	-0.34253447792306774
3.69611967	0.95	-11.623648705519841	-0.46494594822079366
10.85409593	0.96	-0.6263268105175039	-0.025053072420700158
10.85409593	0.88	-15.919235908089242	-0.6367694363235696
10.8540774	0.93	-24.230687564201087	-0.9692275025680435
10.85409783	0.88	-4.352694410131722	-0.1741077764052689
10.854092	0.91	-5.615764232028197	-0.2246305692811279
10.85409784	0.94	-12.51317187934764	-0.5005268751739056
10.85409783	0.88	-9.496515757224934	-0.37986063028899736
10.85409783	0.94	-10.322384374347587	-0.4128953749739035
10.85409089	0.95	-6.5681775946019645	-0.2627271037840786
10.85407744	0.96	-11.083199774268206	-0.4433279909707282
77.6115987	0.94	-2.14334046185546	-0.0857336184742184
77.61145505	0.96	-3.685026602428194	-0.14740106409712778
77.6114427	0.88	-7.386581615798169	-0.2954632646319268
77.61153	0.9	-7.037611347083617	-0.28150445388334466
77.61154162	0.96	-15.86561735844412	-0.6346246943377648
77.6114427	0.96	-19.529407556167442	-0.7811763022466977
6.09853672	0.94	-12.393595071029424	-0.495743802841177
6.09855603	0.96	-12.446135650557856	-0.49784542602231424
6.09848823	0.96	-9.605886523677905	-0.3842354609471162
6.09853672	0.88	-10.102560979903014	-0.4041024391961206
6.09853672	0.94	-9.189732579803074	-0.36758930319212296
6.098493	0.91	-8.293382305317495	-0.3317352922126998
6.09855603	0.88	-5.094646035379578	-0.20378584141518313
19.578328	0.93	-8.332855038099702	-0.33331420152398805
19.5776286	0.88	-8.862126006312753	-0.3544850402525101
19.57706	0.91	-4.465713626147263	-0.1786285450458905
19.57709	0.9	-15.050697420868145	-0.6020278968347258
19.5776286	0.88	-9.718848667606736	-0.38875394670426944
19.5776286	0.88	-2.335546061695168	-0.09342184246780671
34.951009	0.94	-6.778615046269939	-0.2711446018507976
8.59479202	0.98	-13.451880812937612	-0.5380752325175044
8.59481851	1.05	-18.287978336788143	-0.7315191334715258
8.59479202	1.04	-12.993356811907987	-0.5197342724763194
8.59479202	0.97	-22.122210969632242	-0.8848884387852897
8.59481851	0.88	-0.8109528514435305	-0.03243811405774122
10.222084	1.04	-3.106915296174498	-0.12427661184697993
10.22219028	1.05	-10.300495883741371	-0.41201983534965486
10.22214214	0.98	-6.192311535147101	-0.24769246140588405
10.22214214	1.04	-7.525094268489489	-0.30100377073957957
6.38317	0.55	-3.146554641368906	-0.12586218565475624
6.38315913	0.63	-0.4989719118137111	-0.019958876472548445
6.38316346	0.59	-8.656966837464614	-0.34627867349858454
6.38316403	0.63	-3.219711633677582	-0.12878846534710328
20.6181066	0.59	-3.991255766046751	-0.15965023064187006
20.6180348	0.58	-10.296752092879965	-0.4118700837151986
20.6180348	0.63	-12.56324252930284	-0.5025297011721136
20.6182003	0.58	-16.42004866392686	-0.6568019465570744
20.6181066	0.59	-24.120672265314862	-0.9648268906125945
1.09001333	0.86	-22.446131624763012	-0.8978452649905205
1.09001333	0.86	-0.2570445399647338	-0.010281781598589352
1.090011	0.86	-24.27230956109686	-0.9708923824438744
1.09001333	0.86	-17.17579779305676	-0.6870319117222704
1.09003997	0.86	-4.9557784782511805	-0.19823113913004722
1.090011	0.79	-7.391864648657748	-0.2956745859463099
14.09688902	0.79	-0.49049879664089374	-0.01961995186563575
14.0926796	0.86	-5.376052954261856	-0.21504211817047425
14.092768	0.76	-7.507272455297144	-0.30029089821188576
25.67209545	1.21	-5.1306007727849225	-0.2052240309113969
25.67212848	1.18	-4.116019680479264	-0.16464078721917055
25.67212848	1.1	-2.182364913006292	-0.08729459652025169
25.6721559	1.21	-2.49888029777306	-0.09995521191092241
25.67212848	1.1	-1.7254664105900561	-0.06901865642360225
25.67212848	1.1	-0.23380656467231853	-0.009352262586892741
151.886	1.18	-8.428370079004367	-0.3371348031601747
151.8851881	1.16	-7.950529073266831	-0.31802116293067323
151.8861943	1.1	-12.979494319166466	-0.5191797727666587
151.8851881	1.21	-1.0317489935331166	-0.04126995974132466
4.0694284	0.76	-18.358984380192748	-0.7343593752077099
4.0694284	0.76	-13.780206287504653	-0.5512082515001862
4.069402	0.68	-3.6977635750986737	-0.14791054300394696
4.06942712	0.73	-7.648941730051412	-0.30595766920205647
4.06942564	0.73	-13.91106726580632	-0.5564426906322528
4.06942564	0.75	-2.364058578748884	-0.09456234314995536
16.28248353	0.78	-12.976115025974796	-0.5190446010389919
16.28248353	0.76	-19.725828126935777	-0.7890331250774311
16.28248353	0.7	-6.527961817821132	-0.2611184727128453
16.28248353	0.76	-3.175669298829296	-0.12702677195317186
16.282491	0.73	-2.662937735233166	-0.10651750940932664
3.16269124	1.01	-0.77154271470149	-0.030861708588059603
3.1626947	1.01	-20.66923744788297	-0.8267694979153188
3.16269124	1.01	-4.131957543723926	-0.16527830174895705
3.16269124	1.0	-7.192352307206443	-0.2876940922882577
3.16269124	1.01	-12.670824796971768	-0.5068329918788708
3.16269124	1.06	-18.464089016165538	-0.7385635606466215
5.370639	1.01	-3.6380109831349827	-0.14552043932539932
5.3706416	1.06	-20.871053346438654	-0.8348421338575461
5.37064587	1.01	-10.921861760358658	-0.4368744704143463
5.371	1.01	-14.289101084398828	-0.5715640433759531
5.37063855	1.06	-13.609266785228447	-0.5443706714091379
5.37064587	1.0	-5.5596600965383445	-0.22238640386153377
11.33	1.01	-3.4524127709030523	-0.1380965108361221
11.32975018	1.01	-1.042050397390661	-0.04168201589562644
11.32967235	1.06	-3.426729317780617	-0.13706917271122468
11.32975018	1.01	-36.96223466056087	-1.4784893864224347
11.32984	1.01	-2.9992185565419414	-0.11996874226167765
14.40094471	0.99	-3.7784364197672504	-0.15113745679069002
14.40094968	1.04	-2.8640796116643203	-0.11456318446657282
14.40092576	1.04	-6.5807749343205	-0.26323099737282
14.40094471	1.04	-20.744050855099534	-0.8297620342039814
14.40094471	1.03	-0.8128956945749743	-0.032515827782998975
14.40094471	0.99	-8.950760359293028	-0.3580304143717211
14.40094471	0.99	-18.826491871500004	-0.7530596748600001
25.661658	0.99	-3.8603656260576145	-0.15441462504230458
25.6613816	0.98	-11.918760595899677	-0.4767504238359871
25.661658	0.99	-5.8771019322866085	-0.23508407729146436
25.6595	1.05	-1.7654426008042776	-0.0706177040321711
25.66180924	1.04	-0.3791692135035248	-0.015166768540140992
2.75563813	0.67	-27.876553461793584	-1.1150621384717434
2.75563722	0.57	-21.191886483657655	-0.8476754593463062
2.7556371	0.6	-6.885684646840632	-0.2754273858736253
2.75563888	0.67	-20.573412505306067	-0.8229365002122426
2.7556371	0.51	-17.93940037882235	-0.7175760151528939
2.7556371	0.51	-9.377967923301815	-0.3751187169320726
2.7556281	0.59	-9.553555953290696	-0.38214223813162784
2.7556371	0.51	-15.250770327546121	-0.6100308131018448
20.30652862	0.57	-3.0870688641654107	-0.12348275456661643
20.30655662	0.51	-11.380841585263722	-0.4552336634105489
20.30655662	0.6	-2.411057424837143	-0.09644229699348572
20.30707932	0.51	-0.38354181849962216	-0.015341672739984887
20.30651261	0.67	-2.9807933260277495	-0.11923173304110998
20.30655662	0.51	-19.938214427318155	-0.7975285770927262
20.30652965	0.67	-1.2239643556548385	-0.04895857422619354
7.78200916	1.05	-8.280547975867647	-0.3312219190347059
7.7822	1.02	-4.987770299931076	-0.19951081199724305
7.78200916	0.98	-20.28909934878419	-0.8115639739513677
7.78200916	0.98	-10.26104060423914	-0.4104416241695656
13.13747785	0.99	-4.946896151549864	-0.19787584606199457
13.13745719	0.98	-12.536128483196894	-0.5014451393278757
13.13742	1.02	-3.23850724650681	-0.12954028986027238
13.13745719	0.98	-6.599563304745308	-0.2639825321898123
13.13747785	0.98	-0.6321391529515479	-0.025285566118061917
13.13745719	0.98	-7.611868221594327	-0.3044747288637731
13.13746337	0.99	-0.979533726506101	-0.03918134906024404
13.13738196	0.99	-0.5627684260398798	-0.022510737041595192
23.4432353	0.98	-12.18573164287794	-0.48742926571511763
23.4432353	0.98	-10.863007747932436	-0.43452030991729745
23.4433748	0.98	-2.0068800382396037	-0.08027520152958414
23.44287284	0.99	-3.5383676919544254	-0.14153470767817702
23.4432353	1.05	-8.83701172509909	-0.3534804690039636
23.44248595	0.99	-12.915571908099936	-0.5166228763239975
1.61188718	1.06	-13.048311473055339	-0.5219324589222135
1.61188397	1.09	-4.40454832799714	-0.1761819331198856
1.611881	1.04	-9.956587060529586	-0.3982634824211834
1.61189046	1.18	-12.195181336549606	-0.4878072534619842
1.61188718	1.31	-9.116143003688508	-0.3646457201475403
1.61188718	1.06	-0.630874043217398	-0.025234961728695923
3.0715454	1.31	-7.883553794981578	-0.3153421517992631
3.0715454	1.06	-12.803218993446608	-0.5121287597378643
5.86806802	1.06	-3.3439611137014738	-0.13375844454805896
5.86807026	1.09	-17.964849097109152	-0.7185939638843661
5.86805	1.04	-6.159423006508038	-0.2463769202603215
5.86806802	1.06	-6.35434194170421	-0.2541736776681684
5.86806628	1.18	-8.322261091601497	-0.3328904436640599
5.86806802	1.2	-4.662622053669698	-0.18650488214678793
5.86806802	1.06	-2.413245374552207	-0.09652981498208828
4.22864988	1.16	-13.56796473445845	-0.542718589378338
4.228677	0.96	-6.730605122852872	-0.26922420491411486
4.22865217	1.11	-0.2919199727242812	-0.01167679890897125
4.22864988	1.12	-13.044821566989501	-0.52179286267958
4.2286322	1.11	-8.266191528192165	-0.3306476611276866
7.46662197	1.12	-13.71881591438288	-0.5487526365753153
7.46662197	1.16	-0.9669471360721531	-0.038677885442886126
7.46662197	1.08	-6.0059368684642225	-0.2402374747385689
7.46662068	1.21	-14.131087282790869	-0.5652434913116348
7.46662197	1.12	-11.129937285919187	-0.4451974914367675
11.1317519	1.12	-6.769636063369743	-0.27078544253478976
11.1317519	1.12	-3.8778941957312494	-0.15511576782925
11.1317901	1.11	-15.819978604009194	-0.6327991441603678
11.1317901	1.21	-3.946401079814029	-0.15785604319256116
11.1317519	1.08	-13.119671029550972	-0.5247868411820389
16.25951967	1.11	-6.634460977377858	-0.2653784390951143
16.2596374	1.11	-4.243969112255984	-0.16975876449023936
16.25945734	1.12	-18.120873237362098	-0.7248349294944839
16.25951967	1.21	-2.149613233919226	-0.08598452935676905
16.25945734	1.12	-6.567200582161937	-0.2626880232864775
16.25945734	1.08	-4.357639807424698	-0.17430559229698792
16.25950974	1.11	-10.988523295768667	-0.4395409318307467
16.08783387	0.96	-16.957812087449813	-0.6783124834979926
16.08786478	0.88	-5.866864066231024	-0.23467456264924097
16.08786478	0.95	-6.144889913993701	-0.24579559655974806
16.08786246	0.9	-13.756623422105907	-0.5502649368842363
16.08788093	0.96	-10.635008219382952	-0.4254003287753181
16.08786246	0.96	-14.241024550746907	-0.5696409820298763
41.74949827	0.88	-10.357986854992067	-0.4143194741996827
41.74938613	0.96	-15.11327718576103	-0.6045310874304411
41.74949827	0.88	-12.990629365150133	-0.5196251746060053
41.74949827	0.88	-9.001354106065476	-0.36005416424261905
41.74938613	0.9	-4.6119046213959765	-0.18447618485583905
41.74949827	0.97	-2.080642212830816	-0.08322568851323264
2.7858212	1.41	-2.5279079192084115	-0.10111631676833646
2.785819	1.36	-1.6646866785815988	-0.06658746714326395
2.78582124	1.16	-9.757096401871861	-0.3902838560748744
2.785755	1.34	-5.601218333128565	-0.2240487333251426
2.78582169	1.34	-7.901090044783977	-0.3160436017913591
2.45323614	0.72	-4.326785923030808	-0.17307143692123234
2.45323508	0.72	-5.613608274711981	-0.22454433098847926
2.4532359	0.77	-17.455011121082528	-0.6982004448433011
2.4532359	0.55	-6.670897758352942	-0.2668359103341177
2.4532359	0.55	-5.936400461918535	-0.23745601847674142
7.97252271	0.72	-2.052922156563921	-0.08211688626255685
7.9725132	0.55	-11.748868186849078	-0.46995472747396316
7.97251347	0.77	-7.204183561073325	-0.288167342442933
7.9725	0.63	-6.2014778666270525	-0.2480591146650821
7.97251009	0.56	-30.301804449629504	-1.2120721779851802
7.97251347	0.55	-11.892538717502047	-0.4757015487000819
7.97251347	0.55	-15.431719424138425	-0.6172687769655371
7.97251614	0.72	-4.900572756715407	-0.1960229102686163
4.13854364	0.91	-10.721535824022343	-0.42886143296089374
4.13853677	0.93	-8.914377428447015	-0.3565750971378806
4.138553	0.91	-18.76695734544054	-0.7506782938176216
4.139	0.93	-0.7860871327655996	-0.031443485310623985
4.13852825	0.91	-26.308473489952867	-1.0523389395981146
4.13853677	0.87	-4.196749280092689	-0.16786997120370756
4.13852825	0.94	-23.06289485548496	-0.9225157942193984
6.04047	0.91	-12.864247623975105	-0.5145699049590042
6.04	0.93	-5.648715742902656	-0.22594862971610624
6.04045294	0.93	-5.076778706695974	-0.20307114826783895
6.04045294	0.87	-11.47580838983085	-0.459032335593234
6.0404622	0.94	-8.44239653396741	-0.3376958613586964
6.04044062	0.91	-13.706208428176074	-0.548248337127043
6.04045294	0.93	-9.156626542415193	-0.3662650616966077
16.2583586	1.14	-16.22459490983307	-0.6489837963933228
16.2580276	1.15	-16.358505811773107	-0.6543402324709243
16.2580276	1.07	-11.384969582540954	-0.4553987833016382
16.2583586	1.09	-2.119576082080674	-0.08478304328322697
31.80475991	1.15	-0.2621664878476461	-0.010486659513905846
31.80465587	1.07	-30.766982614621206	-1.2306793045848483
31.80474045	1.09	-21.110827446200034	-0.8444330978480014
31.80503872	1.07	-20.16235090858228	-0.8064940363432912
2.46234217	0.99	-1.8589040253467812	-0.07435616101387126
2.462345	0.98	-3.704660819248263	-0.14818643276993052
2.46234217	0.99	-17.661993128244784	-0.7064797251297914
2.46234425	1.02	-5.202141941327093	-0.20808567765308372
2.46234217	1.07	-11.951646786697898	-0.47806587146791596
4.82297735	1.07	-3.8157928664825467	-0.15263171465930186
4.822934	0.98	-26.255807501955978	-1.0502323000782392
4.82297735	0.99	-0.8880069987641648	-0.03552027995056659
4.82297735	0.99	-10.88135534484767	-0.4352542137939068
4.82296932	1.09	-4.586958456727326	-0.18347833826909304
15.66057659	1.04	-0.896134223825365	-0.0358453689530146
15.66057659	1.14	-0.3908785471325714	-0.015635141885302857
15.66057688	1.12	-11.614885430342008	-0.46459541721368036
15.66039	1.15	-2.6503950552561477	-0.10601580221024591
15.66057659	1.11	-6.279020823009755	-0.2511608329203902
28.77995676	1.12	-10.153648171680286	-0.40614592686721146
28.7795813	1.04	-0.6194813828130223	-0.024779255312520895
28.7796446	1.12	-21.537317541458137	-0.8614927016583255
28.7795813	1.14	-2.311135582765677	-0.09244542331062709
28.7795813	1.04	-12.109091437982743	-0.4843636575193097
28.7795813	1.11	-18.863014402783705	-0.7545205761113483
9.36063971	0.79	-14.600075660487429	-0.5840030264194972
9.36063971	0.81	-4.71071900776637	-0.1884287603106548
9.36063971	0.81	-1.7437668311309416	-0.06975067324523766
9.36064358	1.01	-19.332644778825465	-0.7733057911530186
9.36059705	0.92	-0.8071980343971922	-0.032287921375887686
9.36063971	0.81	-1.1174692298486064	-0.044698769193944256
9.36063609	1.01	-13.595684275881258	-0.5438273710352504
9.36063971	0.94	-7.667313894961998	-0.3066925557984799
14.6671927	0.94	-11.846900315557521	-0.47387601262230084
14.6672293	0.92	-2.955680943990683	-0.11822723775962732
14.6671927	0.81	-13.26001173074538	-0.5304004692298152
14.6672293	1.01	-9.67082604488239	-0.3868330417952956
30.86437869	0.94	-0.4542243513808635	-0.01816897405523454
30.86430741	1.01	-12.01819782096659	-0.4807279128386636
30.86478201	1.01	-11.434741841283143	-0.45738967365132577
30.86437869	0.81	-1.8194618496730945	-0.07277847398692379
30.86437869	0.81	-1.6753564292976608	-0.06701425717190644
30.86436512	0.92	-1.2243913099069421	-0.048975652396277686
30.86437869	0.79	-23.741722131156152	-0.949668885246246
30.86436512	1.01	-7.340748244648172	-0.2936299297859269
30.864	0.81	-2.7052143768172225	-0.1082085750726889
68.1613598	0.79	-2.7729590793401617	-0.11091836317360647
68.1603	0.98	-19.575017131821674	-0.783000685272867
68.1609897	0.92	-6.178776943331583	-0.2471510777332633
68.1613598	0.94	-5.759528060979742	-0.23038112243918968
68.1609897	1.01	-4.0536992413297925	-0.1621479696531917
68.1613598	0.81	-9.072543022702199	-0.362901720908088
68.1613598	0.81	-13.582532849644526	-0.5433013139857811
7.69364042	1.08	-1.6169831555843028	-0.06467932622337211
7.69363627	1.01	-13.60485953930483	-0.5441943815721932
7.69357196	1.14	-1.7177505352159257	-0.06871002140863702
7.69364042	1.08	-9.675760380788363	-0.38703041523153453
7.693491	1.13	-8.947296869870298	-0.35789187479481194
7.69364042	1.11	-1.2870559048240968	-0.051482236192963875
7.69362068	1.14	-14.220754534071139	-0.5688301813628456
17.40665216	1.14	-5.980898638478514	-0.23923594553914057
17.40665938	1.11	-0.9463882633318847	-0.03785553053327539
17.40652	1.13	-4.231106135419523	-0.16924424541678093
5.37493289	1.14	-5.673551263923708	-0.2269420505569483
5.37493491	1.34	-16.206794784881197	-0.6482717913952479
5.37493491	1.43	-2.504081088611365	-0.1001632435444546
5.374851	1.38	-3.40664310697381	-0.13626572427895242
5.37493491	1.43	-1.4680498959426573	-0.05872199583770629
5.37490067	1.4	-10.652416250230893	-0.4260966500092357
8.58604	1.38	-7.4138484905062185	-0.29655393962024873
8.58586259	1.4	-6.0692647446400665	-0.24277058978560268
8.5862638	1.4	-1.1924903601592576	-0.04769961440637031
8.58598202	1.43	-1.635565868930645	-0.0654226347572258
3.886831	1.38	-5.877827058919397	-0.2351130823567759
3.88689525	1.43	-7.460397862669635	-0.2984159145067854
3.88689525	1.43	-3.4284455073584614	-0.13713782029433846
3.88688862	1.4	-7.211785663119052	-0.2884714265247621
3.6193122	0.98	-21.859873952102507	-0.8743949580841003
3.6193122	0.98	-12.792608345571438	-0.5117043338228575
3.61930836	0.97	-7.104389151451581	-0.28417556605806327
3.61930973	0.99	-5.951060824791391	-0.23804243299165564
3.61930384	0.97	-5.73711743801867	-0.2294846975207468
44.6996563	0.97	-7.351675953141831	-0.29406703812567325
44.6996563	0.99	-15.958867804915187	-0.6383547121966074
44.699504	1.07	-16.222776524398096	-0.6489110609759239
44.699504	1.01	-2.4901424095137084	-0.09960569638054834
44.699504	0.98	-7.6946738162358965	-0.30778695264943584
44.69962297	0.97	-2.995038599933126	-0.11980154399732504
124.5244647	1.07	-8.284601194619778	-0.33138404778479114
124.5244647	1.01	-15.05680592910605	-0.602272237164242
124.5244647	0.98	-16.373408163989517	-0.6549363265595807
124.5244647	0.98	-16.262219036607192	-0.6504887614642877
124.5245224	0.99	-5.29596979448779	-0.2118387917795116
4.58546694	1.18	-17.871208734800092	-0.7148483493920037
4.58546694	1.03	-24.164948987939063	-0.9665979595175626
4.58546682	1.15	-11.885805120934982	-0.4754322048373993
4.58546682	1.15	-4.419740250869115	-0.1767896100347646
4.58546682	1.16	-13.648923492674632	-0.5459569397069853
4.58546682	1.16	-15.455836727268334	-0.6182334690907334
22.71444582	1.16	-26.343988579447334	-1.0537595431778934
22.714	1.15	-13.883951072035819	-0.5553580428814328
22.71444582	1.16	-15.974045464044881	-0.6389618185617952
22.71427963	1.03	-15.676239265375095	-0.6270495706150038
22.71451538	1.03	-12.911865411023374	-0.516474616440935
22.71443351	1.18	-14.187166060225497	-0.5674866424090199
22.71444582	1.15	-2.475473001721425	-0.099018920068857
22.71444582	1.15	-7.088419214974275	-0.283536768598971
47.90421	1.17	-4.437093849640759	-0.17748375398563035
47.9035211	1.15	-4.685423905970316	-0.18741695623881263
47.903427	1.03	-2.844301826103652	-0.11377207304414608
47.9035211	1.15	-2.233843001963162	-0.08935372007852647
47.904	1.15	-3.247921621957736	-0.12991686487830945
47.90371523	1.03	-5.7416948635387035	-0.22966779454154815
289.864456	0.97	-3.971247752056061	-0.15884991008224245
289.864456	0.9	-8.661824174721886	-0.3464729669888755
289.86387644	0.99	-10.243972477508828	-0.4097588991003531
289.864456	0.97	-11.570993224246124	-0.46283972896984493
289.8622	0.83	-8.74358007849911	-0.3497432031399644
289.864456	0.97	-6.288589461304596	-0.25154357845218384
289.864067	0.8	-2.0903276399913566	-0.08361310559965426
4.15981655	0.64	-15.274938193668158	-0.6109975277467263
4.15981712	0.73	-5.197221026493603	-0.20788884105974412
4.15981712	0.73	-15.197302376775985	-0.6078920950710395
4.15981712	0.73	-2.134024080228903	-0.08536096320915613
4.15981655	0.7	-11.378867625548553	-0.4551547050219421
4.159821	0.72	-16.288653946099217	-0.6515461578439686
4.15981712	0.73	-8.82172738562212	-0.3528690954248848
9.03419547	0.65	-3.1035617241860263	-0.12414246896744105
9.03419547	0.73	-1.635597066215797	-0.06542388264863189
9.03419078	0.64	-1.6733935744510546	-0.06693574297804218
9.03419078	0.7	-6.852627795420782	-0.2741051118168313
9.03419765	0.7	-16.994263405812905	-0.6797705362325163
9.03419547	0.73	-6.864055635546826	-0.2745622254218731
28.1224655	0.65	-15.359534664441217	-0.6143813865776487
28.1224655	0.73	-12.371298070878776	-0.49485192283515106
28.1224393	0.7	-2.329290307135111	-0.09317161228540444
28.1224655	0.73	-6.118627084672481	-0.24474508338689924
28.12254795	0.7	-7.091194407119714	-0.28364777628478854
28.1224655	0.73	-14.011384981223312	-0.5604553992489325
45.9027566	0.73	-9.46916978326394	-0.37876679133055763
45.90324897	0.7	-6.703965462186818	-0.26815861848747274
45.9029768	0.7	-2.5340148742976845	-0.10136059497190739
45.90403	0.72	-15.11808265765642	-0.6047233063062568
2.79589407	0.72	-6.802966107057493	-0.27211864428229976
2.79589407	0.72	-0.6943722727459896	-0.027774890909839582
2.79590004	0.91	-24.37412116516584	-0.9749648466066336
2.796	0.72	-4.90479353213744	-0.1961917412854976
2.795902	0.82	-0.9885118900123573	-0.03954047560049429
2.79590004	0.83	-8.793248687649516	-0.35172994750598063
2.79589407	0.72	-2.1776243453046833	-0.08710497381218733
5.6905861	0.82	-2.354373184370975	-0.09417492737483901
5.6905936	0.91	-13.358326982094171	-0.5343330792837668
5.69058452	0.72	-21.460486708890098	-0.8584194683556039
5.69059163	0.91	-10.504588207907501	-0.42018352831630007
5.69059163	0.83	-8.481473264372207	-0.33925893057488826
5.69058452	0.72	-8.46784878559768	-0.3387139514239072
10.04156852	0.87	-14.178492202887291	-0.5671396881154916
10.04156852	0.85	-5.8433469573106285	-0.23373387829242515
10.04156852	0.72	-9.237587349718586	-0.36950349398874344
10.04157214	0.83	-8.686367955380533	-0.34745471821522134
18.36971824	0.91	-1.1945893045185858	-0.04778357218074343
18.36974658	0.83	-7.8549054957317	-0.314196219829268
18.36980907	0.91	-15.662515223070333	-0.6265006089228133
18.3697231	0.72	-11.845931899361695	-0.4738372759744678
18.3697231	0.87	-0.42641537769585086	-0.017056615107834034
18.36974658	0.91	-1.4556420147840872	-0.05822568059136349
18.3697231	0.72	-10.062750230001933	-0.40251000920007735
18.3697231	0.85	-9.72290707646198	-0.3889162830584792
3.93699546	0.87	-9.953256358093702	-0.3981302543237481
3.93699371	0.94	-22.531145868788702	-0.9012458347515481
3.93699314	0.87	-25.88322870128624	-1.0353291480514495
10.08879697	0.94	-4.017959336899054	-0.16071837347596216
10.088813	0.86	-0.7813511870048617	-0.03125404748019447
10.08881066	0.87	-10.419074437640532	-0.4167629775056213
10.08879895	0.87	-4.027251708300146	-0.16109006833200584
28.08194365	0.88	-20.403023984818965	-0.8161209593927586
28.08194365	0.94	-7.932656734105242	-0.3173062693642097
28.08209	0.86	-4.277494359357212	-0.1710997743742885
28.08194365	0.93	-11.427510067939616	-0.4571004027175847
28.08193595	0.87	-9.730436468997787	-0.3892174587599115
28.08185982	0.94	-0.4887715317526366	-0.019550861270105465
7.38441403	0.9	-17.507694484054827	-0.7003077793621931
7.38402	0.95	-17.56321863587418	-0.7025287454349671
7.38441403	0.98	-5.584954360559173	-0.22339817442236695
7.38443053	1.04	-7.396017774235848	-0.29584071096943393
7.38449	1.12	-0.8455131344913658	-0.03382052537965463
9.8482024	1.04	-5.204668855052707	-0.20818675420210828
9.8482024	0.9	-20.956194902415394	-0.8382477960966158
9.8482024	0.98	-14.543227250877841	-0.5817290900351136
9.8482024	0.9	-12.196885060494205	-0.48787540241976823
9.84824649	1.04	-0.8215769395784955	-0.03286307758313982
9.84564	1.12	-20.302708863350105	-0.8121083545340042
9.848	1.1	-4.233124236981692	-0.1693249694792677
14.78769446	1.04	-19.48807259572072	-0.7795229038288288
14.78767172	1.05	-10.004761945859117	-0.40019047783436473
14.787	1.1	-0.26165773260635034	-0.010466309304254014
14.78769446	0.9	-0.632438408699063	-0.02529753634796252
14.78747995	1.04	-7.099367108791003	-0.28397468435164014
14.78769446	0.98	-3.6437357529119065	-0.14574943011647626
19.7240891	0.98	-15.262440469262485	-0.6104976187704994
19.7240891	0.9	-13.095588837973576	-0.523823553518943
19.72567	1.12	-1.031719475448531	-0.041268779017941244
19.72442147	1.04	-6.409903267489908	-0.2563961306995963
19.72134	0.95	-5.223274382743565	-0.20893097530974258
19.7240891	0.9	-4.991517587890601	-0.19966070351562404
3.13294015	0.84	-6.589628736785118	-0.2635851494714047
3.132943	0.82	-12.593134858953208	-0.5037253943581284
3.13295351	0.74	-14.964431533569567	-0.5985772613427827
3.13295163	0.78	-15.787087127513693	-0.6314834851005477
3.13295163	0.78	-10.43895734932964	-0.41755829397318556
3.13295163	0.77	-13.698356161733312	-0.5479342464693325
3.13295163	0.77	-9.086200790440794	-0.36344803161763173
5.925016	0.82	-3.3010579007632996	-0.132042316030532
5.92499131	0.77	-10.98832183468185	-0.439532873387274
5.92499131	0.78	-3.5420420994539086	-0.14168168397815634
5.92499091	0.84	-3.7479465554291833	-0.14991786221716732
5.9249938	0.84	-1.036053689220987	-0.04144214756883948
5.92499393	0.84	-12.595975128326355	-0.5038390051330542
11.349294	0.82	-12.28206568198446	-0.4912826272793784
11.34933733	0.78	-4.443259965740003	-0.17773039862960013
11.34933733	0.77	-4.3111961613912415	-0.17244784645564967
11.34934848	0.74	-5.120454290408351	-0.20481817161633406
18.64353935	0.84	-7.672731821539591	-0.30690927286158365
18.64349986	0.84	-3.3911692275010865	-0.13564676910004347
18.64349986	0.74	-14.261963766158338	-0.5704785506463336
18.643516	0.77	-13.71327069258587	-0.5485308277034348
18.643516	0.78	-14.712652514064782	-0.5885061005625913
18.643516	0.77	-16.356738584865482	-0.6542695433946193
18.643516	0.78	-10.72238903700374	-0.4288955614801496
6.73893995	0.46	-2.11020277677326	-0.08440811107093041
6.73880005	0.46	-18.428114406224292	-0.7371245762489717
6.73893544	0.62	-12.782728471064889	-0.5113091388425955
6.73897911	0.65	-2.9888341312633107	-0.11955336525053242
18.7942098	0.65	-17.310576513231144	-0.6924230605292457
18.79419535	0.66	-10.556360837134626	-0.42225443348538505
18.79419535	0.46	-8.737462020081079	-0.34949848080324314
18.79523087	0.46	-5.643759302969301	-0.22575037211877205
18.79418506	0.62	-16.930912621836796	-0.6772365048734719
3.941	0.88	-21.790328009036436	-0.8716131203614574
3.94105221	0.92	-11.099234838236109	-0.44396939352944437
3.94104632	0.9	-14.138082437046652	-0.5655232974818661
3.94105221	0.83	-7.094035621408589	-0.2837614248563436
5.34955671	0.88	-18.400985737767616	-0.7360394295107047
5.34955671	0.89	-15.649332742211417	-0.6259733096884567
5.34956788	0.92	-5.925808514304841	-0.23703234057219366
5.34955382	0.92	-0.9684775435546287	-0.038739101742185145
5.35	0.88	-10.184805258571524	-0.407392210342861
5.349569	0.91	-3.41262868483778	-0.13650514739351122
5.34955671	0.88	-7.283042290613215	-0.29132169162452864
8.10904671	0.9	-14.923632768755002	-0.5969453107502001
8.10904671	0.88	-11.997600985564421	-0.47990403942257687
8.10904807	0.83	-4.515047665883843	-0.18060190663535372
8.109068	0.92	-8.926529638547036	-0.35706118554188143
8.10904671	0.88	-13.873182745226082	-0.5549273098090433
8.10904807	0.92	-0.16068753978634792	-0.006427501591453917
9.48804311	0.97	-12.57793230689671	-0.5031172922758684
9.48803146	1.05	-16.9361492685071	-0.6774459707402841
9.48803146	1.05	-18.981059081812198	-0.759242363272488
9.488102	0.92	-8.786000716904198	-0.3514400286761679
9.48803146	0.96	-8.113497760791793	-0.32453991043167174
9.48803146	0.95	-7.113285468451311	-0.28453141873805243
9.48803155	0.97	-1.3308542427505856	-0.05323416971002343
54.4183827	0.97	-9.913860585179762	-0.3965544234071905
54.418464	1.05	-1.047667035382149	-0.04190668141528596
54.41759	0.92	-4.012146964723732	-0.16048587858894928
54.418464	0.96	-7.798559864790411	-0.31194239459161643
54.41845036	0.97	-7.665619403406502	-0.3066247761362601
54.4183827	0.92	-2.909507779733664	-0.11638031118934655
54.418464	1.05	-17.725809777657584	-0.7090323911063033
2.56659092	1.01	-0.3744051966499433	-0.014976207865997734
2.56659092	1.05	-6.867755683144455	-0.2747102273257782
2.56659092	0.95	-24.662251988540895	-0.9864900795416358
2.56659092	1.05	-0.8039642744584423	-0.03215857097833769
2.56658897	1.05	-7.625167188048394	-0.30500668752193577
2.56659092	1.05	-23.583853543135167	-0.9433541417254067
4.13443005	1.01	-27.881826048754235	-1.1152730419501695
4.13443005	1.05	-8.519837899696656	-0.3407935159878662
4.13447859	1.01	-19.90070868141126	-0.7960283472564504
11.09431923	1.01	-5.8573443257525435	-0.23429377303010174
11.094329	1.04	-10.338864355372033	-0.41355457421488134
11.09435443	1.01	-7.262239852936991	-0.29048959411747965
11.09432054	1.01	-2.627521554631719	-0.10510086218526876
11.09431923	0.95	-0.9030565090946372	-0.03612226036378549
11.09432054	1.05	-1.1909512897991013	-0.04763805159196405
6.2529649	0.83	-15.343025149209458	-0.6137210059683783
6.2529649	0.81	-1.6797297125414747	-0.06718918850165899
6.25301549	0.8	-6.00598470593568	-0.24023938823742721
6.2529649	0.83	-7.458427334705631	-0.2983370933882252
6.2529649	0.8	-1.8223953704304867	-0.07289581481721948
6.25298062	0.8	-7.63721390432848	-0.3054885561731392
16.06862959	0.8	-9.34533160411256	-0.37381326416450245
16.06862959	0.83	-5.658282353416323	-0.2263312941366529
16.06863063	0.8	-11.9565189772942	-0.478260759091768
16.068618	0.79	-8.774676847761661	-0.35098707391046646
41.1970874	0.83	-5.928950745152246	-0.23715802980608985
41.1970874	0.8	-13.134847310743776	-0.5253938924297511
41.19725502	0.8	-8.71247128879745	-0.348498851551898
7.10694385	1.08	-2.462047525460624	-0.09848190101842497
7.1	1.08	-7.937138492425071	-0.3174855396970029
7.10695741	1.04	-12.564870328928125	-0.502594813157125
7.10694385	1.1	-6.916142122358338	-0.27664568489433355
7.10694385	0.99	-7.564765836643545	-0.30259063346574183
7.10694385	1.08	-5.9495742650055075	-0.2379829706002203
7.1069	1.19	-15.943534618649903	-0.6377413847459961
10.742447	1.19	-14.86088665498201	-0.5944354661992804
10.74242766	0.99	-7.74719599809786	-0.3098878399239144
10.74	1.08	-0.5909324090834773	-0.023637296363339094
10.74241765	1.06	-8.611587175574098	-0.3444634870229639
10.7421	1.11	-21.615658771482344	-0.8646263508592938
10.74242766	1.1	-4.993014783954341	-0.19972059135817366
15.27443889	1.04	-5.4710035883844075	-0.2188401435353763
15.27438229	1.1	-10.77797351884594	-0.4311189407538376
15.27438229	1.08	-2.099668775987087	-0.08398675103948348
15.27438229	0.99	-12.505875974231982	-0.5002350389692792
15.27	1.08	-7.695428935074549	-0.307817157402982
15.27448	1.19	-1.328471482946589	-0.05313885931786356
15.27458613	1.06	-5.015525500243147	-0.20062102000972587
15.27429	1.06	-6.095977805106929	-0.24383911220427718
15.27438229	1.08	-8.697597196233962	-0.3479038878493585
32.62882975	0.85	-11.865313865427474	-0.47461255461709895
32.62876672	0.84	-6.680903619340474	-0.26723614477361896
32.62882975	0.78	-3.1063474770103934	-0.12425389908041574
91.7743	0.92	-7.653286400467783	-0.30613145601871133
91.77221	0.85	-5.620063558576611	-0.22480254234306443
91.78721127	0.92	-10.305945634655776	-0.41223782538623105
91.77221	0.85	-8.760381486871088	-0.35041525947484353
91.7732862	0.92	-8.503589298575074	-0.340143571943003
91.77716205	0.92	-5.263326157241582	-0.21053304628966327
10.06525843	0.51	-5.723717880077092	-0.22894871520308369
10.06524317	0.58	-9.70590932230508	-0.38823637289220325
10.06523212	0.64	-5.330475604976907	-0.21321902419907626
10.065	0.65	-0.7073065369380193	-0.028292261477520772
19.2715468	0.51	-5.236839227924967	-0.20947356911699866
19.2715468	0.59	-1.6236884970356387	-0.06494753988142554
19.27153892	0.64	-11.444206647940428	-0.4577682659176171
19.2715468	0.51	-17.773644711637754	-0.7109457884655102
19.27147	0.58	-0.114892117796626	-0.00459568471186504
4.43123849	1.01	-1.570060452158936	-0.06280241808635745
4.43123849	0.98	-14.052573392483062	-0.5621029356993225
4.43124259	0.97	-16.612668418217137	-0.6645067367286854
4.43124259	1.05	-0.43374796798511156	-0.017349918719404462
11.37938071	1.05	-9.729611173586374	-0.38918444694345494
11.37938071	0.97	-0.29004835720353717	-0.011601934288141488
11.37939106	0.98	-17.647385630309852	-0.7058954252123941
11.3793779	0.98	-6.071196554161462	-0.24284786216645848
11.37938071	1.05	-4.773836149425573	-0.19095344597702293
11.37936986	0.98	-1.011506383859361	-0.04046025535437444
11.379344	0.96	-8.421854330049833	-0.3368741732019933
11.37936986	1.01	-0.5836559416086644	-0.023346237664346577
8.47237844	0.88	-11.592096049639702	-0.4636838419855881
8.47237911	0.88	-15.719732513488461	-0.6287893005395384
8.47237844	0.84	-0.2486280151347391	-0.009945120605389563
8.47237844	0.88	-0.6631944435301839	-0.026527777741207355
60.41896236	0.88	-16.62112896360636	-0.6648451585442544
60.4189369	0.88	-16.28818561235113	-0.6515274244940451
60.4189369	0.88	-34.95447351361084	-1.3981789405444338
60.4186137	0.88	-0.8996861375209202	-0.03598744550083681
60.4186137	0.88	-3.4047485548638283	-0.13618994219455313
60.4186137	0.84	-7.1322407723121835	-0.2852896308924873
60.41898964	0.88	-0.9635574021290458	-0.03854229608516183
2.71150258	1.15	-15.978455672051233	-0.6391382268820494
2.71150258	1.13	-3.1393256141300423	-0.1255730245652017
2.711482	1.09	-12.428876959842302	-0.4971550783936921
2.71150409	1.08	-4.981716039370187	-0.19926864157480748
2.71150258	1.11	-15.60350268186108	-0.6241401072744432
2.7115377	1.08	-6.055621202067683	-0.24222484808270733
2.71150258	1.15	-9.654809864836912	-0.3861923945934765
7.21204152	1.15	-10.5308755196984	-0.421235020787936
7.21196017	1.08	-14.43491169200766	-0.5773964676803064
7.21203748	1.08	-19.382663279656526	-0.775306531186261
7.21204152	1.15	-2.1478506282362986	-0.08591402512945194
7.21204844	1.08	-10.644939607957605	-0.4257975843183042
7.212031	1.09	-8.44648415989288	-0.3378593663957152
7.21203748	1.17	-2.74282899838438	-0.1097131599353752
7.21204152	1.11	-9.405222070124745	-0.3762088828049898
3.34022436	0.64	-11.747411921714447	-0.4698964768685779
3.34021995	0.54	-14.590061204291985	-0.5836024481716794
3.34021921	0.64	-16.46752819512177	-0.6587011278048708
3.34021884	0.5	-6.580972795000466	-0.2632389118000187
3.340219	0.58	-2.7045434283162715	-0.10818173713265086
3.34024	0.51	-4.21354661464938	-0.16854186458597523
3.34021995	0.51	-11.06638197412051	-0.44265527896482043
3.34021995	0.51	-0.20160119747554456	-0.008064047899021782
3.34021884	0.64	-10.85625548502213	-0.4342502194008852
7.82502168	0.5	-10.343466387919454	-0.4137386555167782
7.82501206	0.51	-6.923324523119284	-0.27693298092477137
7.825046	0.51	-11.014978275560967	-0.4405991310224387
7.82501206	0.51	-20.044422038243198	-0.8017768815297279
7.82496	0.58	-18.825776413746972	-0.7530310565498789
20.06057	0.58	-3.375937777199103	-0.1350375110879641
20.06037454	0.51	-10.889050327997088	-0.4355620131198835
20.06055885	0.64	-2.096766523970673	-0.08387066095882693
20.06037454	0.51	-10.252569588770015	-0.4101027835508006
20.06037454	0.54	-10.855321404820135	-0.4342128561928054
20.0599308	0.64	-4.289930335434359	-0.17159721341737438
20.06039	0.51	-5.379220295155794	-0.21516881180623176
20.06085968	0.51	-7.617837383007554	-0.3047134953203022
46.1842039	0.5	-14.600334769296374	-0.584013390771855
46.18418752	0.64	-5.9687166669772385	-0.23874866667908953
46.18468647	0.64	-5.672574857366772	-0.2269029942946709
46.18415	0.51	-14.202994168344219	-0.5681197667337687
46.18510056	0.51	-7.708793330344926	-0.30835173321379705
46.18415	0.54	-15.69783001473076	-0.6279132005892304
46.18288	0.58	-5.700461113357165	-0.2280184445342866
8.29559431	0.54	-7.605520479275113	-0.3042208191710045
8.29562997	0.6	-6.078951436067473	-0.24315805744269892
8.29559431	0.58	-11.889658803152361	-0.47558635212609446
8.29561	0.55	-18.990742154564916	-0.7596296861825966
8.29561738	0.6	-15.291341144041189	-0.6116536457616476
8.296	0.49	-17.48246739489111	-0.6992986957956444
8.29559431	0.54	-29.02300298671986	-1.1609201194687944
23.9679932	0.54	-12.836365379742364	-0.5134546151896946
23.9679932	0.58	-5.680261826626268	-0.2272104730650507
23.9679932	0.54	-11.03929853225919	-0.4415719412903676
23.96793669	0.54	-11.24436472715905	-0.44977458908636203
23.9679932	0.54	-15.408576532125078	-0.6163430612850032
23.97159958	0.54	-7.366226257135189	-0.29464905028540755
23.96799518	0.6	-6.655637421386127	-0.2662254968554451
4.71510365	0.83	-3.089491668499126	-0.12357966673996504
4.71510365	0.73	-6.015930768186487	-0.2406372307274595
4.71504258	0.78	-10.699706526725492	-0.4279882610690197
4.71510365	0.73	-9.407228492159593	-0.3762891396863837
4.71510365	0.73	-0.9969613837912215	-0.039878455351648856
8.10361363	0.73	-24.63310620123063	-0.9853242480492251
8.10361363	0.73	-7.909775142867552	-0.3163910057147021
8.10363271	0.78	-13.698324785401269	-0.5479329914160508
8.10361363	0.73	-1.5750121054010051	-0.06300048421604021
2.09081565	1.06	-9.632761028154091	-0.38531044112616364
2.090879	0.97	-5.714579808247499	-0.22858319232989996
2.09081565	1.06	-14.048721169682493	-0.5619488467872997
2.09081565	1.06	-9.93336431159051	-0.3973345724636204
2.09081565	1.23	-6.856545657054802	-0.2742618262821921
6.15555756	1.23	-12.529395570571065	-0.5011758228228426
6.15555756	1.06	-6.617935217767577	-0.2647174087107031
6.15560377	1.0	-7.47029277824849	-0.2988117111299396
6.15574851	1.0	-11.992855441318245	-0.4797142176527298
6.15555756	1.06	-7.5999641881908655	-0.3039985675276346
6.15560285	1.08	-18.165994897574485	-0.7266397959029794
6.15555756	1.06	-15.017642827421438	-0.6007057130968575
6.15555756	1.06	-0.909724720758964	-0.036388988830358564
13.23356008	1.06	-4.4094212536215025	-0.1763768501448601
13.23352214	1.0	-7.51612015461484	-0.3006448061845936
13.23417332	1.0	-1.568957470976814	-0.06275829883907255
13.23356008	1.06	-16.196618151513995	-0.6478647260605598
23.65368621	1.06	-13.043653193547367	-0.5217461277418947
23.65369415	1.08	-12.01367029337727	-0.48054681173509084
23.65369415	1.0	-6.381616266258021	-0.25526465065032083
23.65368621	1.06	-0.3817033847031691	-0.015268135388126765
50.4473156	1.06	-2.887118049592862	-0.11548472198371448
50.4473156	1.06	-10.865170757350032	-0.4346068302940013
50.4473156	1.06	-3.433744409493736	-0.13734977637974946
50.447	1.06	-11.75940248436774	-0.47037609937470964
50.4467417	1.08	-9.676811733724882	-0.3870724693489953
50.4454	0.97	-7.456184910354201	-0.29824739641416803
11.76305946	0.8	-2.7593536668906404	-0.11037414667562562
11.76307164	0.85	-10.24181494583703	-0.4096725978334812
11.763057	0.76	-4.547741661946372	-0.18190966647785486
11.76307164	0.78	-8.190787297066958	-0.3276314918826783
11.76305837	0.78	-14.074698333347385	-0.5629879333338954
11.76305946	0.8	-5.604904845860622	-0.22419619383442488
56.2279271	0.78	-7.315958894754114	-0.29263835579016456
56.22807856	0.78	-1.1971068451839184	-0.047884273807356735
56.22794	0.76	-8.71186977063545	-0.34847479082541805
56.2279697	0.8	-10.541507370191606	-0.42166029480766426
56.22809598	0.78	-7.4334753287478135	-0.29733901314991257
8.14511872	1.05	-8.803164908874276	-0.35212659635497107
8.14	1.06	-8.232104249183298	-0.3292841699673319
8.145	0.97	-11.699018281272869	-0.46796073125091475
8.14511872	0.98	-13.990483908334689	-0.5596193563333876
8.145035	1.02	-0.63660736553549	-0.0254642946214196
8.14511872	0.96	-2.2314893178332795	-0.08925957271333118
8.14511872	0.96	-5.908540109837297	-0.2363416043934919
8.14518217	1.11	-1.6695565062696356	-0.06678226025078543
12.33340885	0.96	-8.825092829494663	-0.3530037131797865
12.33354	1.02	-1.4419272870025717	-0.05767709148010287
12.33343853	0.88	-3.8626941573442575	-0.1545077662937703
12.33340885	0.96	-33.49703011086999	-1.3398812044347996
12.33	1.06	-0.24001404555075173	-0.00960056182203007
12.333	0.97	-9.381770355483118	-0.37527081421932473
4.24437621	0.96	-3.3169331397246022	-0.1326773255889841
4.24439049	0.88	-11.044551778280155	-0.4417820711312062
4.24439049	1.11	-6.172435206977891	-0.24689740827911563
4.24437621	0.96	-14.774471330830846	-0.5909788532332338
18.9985279	1.11	-0.43947241256586905	-0.017578896502634764
18.99815959	1.11	-3.653961944486601	-0.14615847777946406
18.99850923	0.98	-19.74058028509573	-0.7896232114038293
18.99850923	0.96	-22.762206144159098	-0.9104882457663639
18.99850923	0.96	-7.9863430690375825	-0.3194537227615033
4.145	0.82	-1.875744279744204	-0.07502977118976817
4.14451656	0.76	-8.363773784085797	-0.3345509513634319
4.14451776	0.78	-5.396380819550368	-0.2158552327820147
4.144538	0.75	-1.6409027448568	-0.06563610979427201
7.953547	0.76	-13.037984893615342	-0.5215193957446137
7.95355717	0.82	-9.2995950892448	-0.371983803569792
7.95353767	0.76	-2.160168872382917	-0.08640675489531668
7.954	0.82	-16.289927365333927	-0.6515970946133571
7.953558	0.75	-2.724041212673163	-0.10896164850692651
7.95355717	0.82	-9.664016548290116	-0.38656066193160465
7.95355717	0.82	-5.442860497058502	-0.2177144198823401
12.71810317	0.74	-1.3309984853155252	-0.05323993941262101
12.71809866	0.67	-12.581881347878001	-0.5032752539151201
36.06587916	0.67	-0.8025196104025865	-0.03210078441610346
36.06587916	0.67	-15.853244220379054	-0.6341297688151621
36.06588163	0.67	-15.529197254499753	-0.6211678901799901
8.20395783	0.77	-1.2455999970688614	-0.049823999882754454
8.20398243	0.77	-2.652809413945941	-0.10611237655783765
8.2039687	0.79	-4.795559572522043	-0.19182238290088172
8.203904	0.72	-16.627032928074037	-0.6650813171229615
8.2039687	0.79	-1.4913415912489592	-0.05965366364995837
14.49647975	0.77	-3.764735290854865	-0.1505894116341946
14.49643531	0.81	-11.615408489886574	-0.464616339595463
14.49643531	0.79	-0.7977687812361604	-0.031910751249446416
14.49645186	0.77	-15.26273895679054	-0.6105095582716217
14.49643531	0.79	-9.749336963609588	-0.3899734785443835
14.49645186	0.79	-13.084362754559155	-0.5233745101823662
14.49643531	0.75	-20.17879780810433	-0.8071519123241733
14.49672	0.72	-5.136677588914692	-0.20546710355658768
5.71542485	0.92	-3.596203569180709	-0.14384814276722835
5.71542598	0.83	-9.418994404541099	-0.37675977618164397
5.71543	0.79	-13.744019592153496	-0.5497607836861399
5.71542485	0.92	-13.910532929545015	-0.5564213171818007
5.71542485	0.83	-9.912013784078386	-0.3964805513631355
20.026231	0.92	-12.468748978845202	-0.4987499591538081
20.026231	0.83	-8.078262691076032	-0.3231305076430413
20.026231	0.92	-2.6222565198084995	-0.10489026079233998
20.02591	0.79	-2.4041027054142927	-0.09616410821657172
20.026231	0.92	-5.688206382448553	-0.22752825529794213
4.31177991	0.88	-13.855186512289858	-0.5542074604915943
4.31177991	0.93	-14.239536109527585	-0.5695814443811034
4.31177991	0.88	-10.513268906990133	-0.42053075627960534
4.31178179	0.95	-1.7589398585110259	-0.07035759434044103
4.31178026	0.95	-2.863231932981572	-0.11452927731926288
4.31177991	0.82	-1.097621633736185	-0.0439048653494474
4.311802	0.91	-14.76718520015068	-0.5906874080060271
4.31178046	0.95	-9.422169758900163	-0.37688679035600653
9.76734503	0.95	-7.988969429158166	-0.31955877716632664
9.76734365	0.88	-4.401103685902167	-0.17604414743608668
9.76734503	0.96	-9.013866131686607	-0.3605546452674643
9.76734365	0.93	-9.729997306820866	-0.3891998922728347
9.76738077	0.95	-9.355677733307168	-0.3742271093322867
9.767316	0.91	-1.6225201362088537	-0.06490080544835415
9.767	0.88	-13.820865538481254	-0.5528346215392501
20.05053601	0.95	-0.36186173841043295	-0.014474469536417319
20.05040157	0.88	-4.665989044997809	-0.18663956179991234
20.0504494	0.95	-10.971238807526444	-0.43884955230105777
20.05040157	0.88	-15.392321408697633	-0.6156928563479054
20.0504494	0.96	-5.566420971865799	-0.22265683887463197
20.05040157	0.88	-0.18314532050426563	-0.007325812820170625
20.05043	0.91	-10.747137278062064	-0.4298854911224826
20.05040157	0.93	-16.776840010492695	-0.6710736004197078
20.05040157	0.82	-7.097923049418707	-0.2839169219767483
20.051	0.88	-0.7866716977359036	-0.03146686790943615
7.49017229	0.8	-13.977445991600979	-0.5590978396640391
7.49018305	0.82	-21.583068824784597	-0.863322752991384
7.49017069	0.84	-2.6146817035870815	-0.10458726814348326
7.49017229	0.86	-5.0140116303586755	-0.20056046521434703
7.49017229	0.8	-8.05755691113263	-0.32230227644530524
7.49017229	0.8	-21.07505595319122	-0.8430022381276489
17.46085263	0.8	-0.6461727362410928	-0.025846909449643712
17.46087931	0.82	-0.10537501593398269	-0.004215000637359308
17.46067	0.78	-2.3680234045101702	-0.0947209361804068
17.46085263	0.8	-9.613984197085976	-0.3845593678834391
17.46085263	0.8	-10.679843467311667	-0.4271937386924667
36.2761238	0.84	-23.035481837576157	-0.9214192735030463
36.27537574	0.84	-9.021412350071373	-0.3608564940028549
36.27594657	0.86	-8.605009667789874	-0.344200386711595
36.27594657	0.86	-2.1598904641899073	-0.0863956185675963
36.27594657	0.8	-4.476190998005984	-0.1790476399202394
3.21982106	0.86	-2.9748464179065843	-0.11899385671626338
3.2198212	0.84	-4.402653930457206	-0.17610615721828826
3.21982106	0.8	-13.798634350469595	-0.5519453740187837
4.60181322	0.85	-2.5236270026689622	-0.1009450801067585
4.60181686	0.89	-9.590499463708966	-0.38361997854835866
4.60181686	0.9	-22.777398582340094	-0.9110959432936038
4.60181686	0.85	-13.595962551278511	-0.5438385020511405
4.60181182	0.79	-2.4458464613605084	-0.09783385845442034
4.60181686	0.89	-2.991235174004537	-0.11964940696018149
4.60181686	0.89	-0.9036669081732907	-0.03614667632693163
4.601836	0.76	-12.207085494636626	-0.4882834197854651
11.18714042	0.9	-6.817868238962536	-0.27271472955850146
11.18714042	0.89	-4.235546289043448	-0.16942185156173792
11.18737033	0.85	-1.1361888389412331	-0.045447553557649324
11.18714042	0.85	-4.970034977577519	-0.1988013991031008
11.18701801	0.85	-8.784041758269165	-0.3513616703307666
11.18714042	0.89	-0.4591097001766963	-0.018364388007067852
11.18719905	0.79	-14.018988182704437	-0.5607595273081775
11.18714042	0.89	-13.365337586967627	-0.5346135034787051
3.3361251	0.88	-2.495626278620485	-0.0998250511448194
3.3361251	0.88	-7.004154847043571	-0.28016619388174285
3.336205	0.77	-7.463853407080563	-0.2985541362832225
3.3361251	0.89	-8.022883843587588	-0.3209153537435035
3.33612311	0.81	-3.9845975774873583	-0.15938390309949432
9.4394608	0.88	-4.138234680611392	-0.16552938722445568
9.43945949	0.89	-4.642720764411851	-0.18570883057647403
9.439451	0.77	-29.166784788584852	-1.1666713915433942
9.43946119	0.81	-16.9358923114521	-0.677435692458084
20.48379491	0.81	-4.777714638762661	-0.19110858555050644
20.47748843	0.89	-15.31223693985333	-0.6124894775941332
20.476536	0.77	-13.957137975052056	-0.5582855190020822
20.47735749	0.88	-11.957395852278918	-0.4782958340911567
20.47748843	0.81	-6.064418837535388	-0.2425767535014155
20.47735749	0.89	-0.1919139669401353	-0.007676558677605412
6.30820323	0.94	-3.1836528966604405	-0.12734611586641761
6.30820323	0.94	-12.555782573731578	-0.5022313029492631
6.30821006	0.88	-11.49795351684811	-0.4599181406739244
6.308207	0.92	-2.158323189987463	-0.08633292759949851
6.30820323	0.84	-15.197277864578837	-0.6078911145831535
6.30820163	0.94	-5.625573326450931	-0.22502293305803725
6.30820589	0.88	-4.478723266030345	-0.1791489306412138
16.23946261	0.88	-6.143452026116395	-0.2457380810446558
16.23947096	0.88	-26.96112840552641	-1.0784451362210563
16.23949457	0.88	-4.278091030844015	-0.17112364123376061
16.23946714	0.94	-9.106860332807038	-0.36427441331228155
3.30654898	0.44	-11.209859754961377	-0.44839439019845506
3.30657027	0.51	-20.138970357790484	-0.8055588143116194
3.30654898	0.44	-9.41600783006908	-0.37664031320276325
3.30654898	0.44	-13.164615982506378	-0.5265846393002551
3.30656751	0.51	-3.8797814695780932	-0.15519125878312373
3.30655164	0.44	-6.2278663645811365	-0.24911465458324547
3.30654898	0.4	-6.976141237052824	-0.27904564948211297
7.113726	0.51	-7.2999035656467965	-0.29199614262587187
7.11369666	0.51	-1.6386892797984887	-0.06554757119193955
7.11373257	0.51	-7.781260954882263	-0.3112504381952905
7.11375572	0.51	-12.685441455545696	-0.5074176582218278
7.11377586	0.51	-1.8606350927778488	-0.07442540371111395
7.11372736	0.44	-2.1818565803116052	-0.08727426321246422
7.11372736	0.44	-5.395671821984705	-0.2158268728793882
7.11388016	0.44	-1.2500758791815634	-0.05000303516726254
15.36843606	0.44	-19.610062893484656	-0.7844025157393862
15.36844088	0.51	-34.05137270386786	-1.3620549081547144
15.36843606	0.44	-3.4098863457495265	-0.13639545382998106
15.368	0.43	-4.717999570441667	-0.1887199828176667
15.36843606	0.44	-20.20317647777611	-0.8081270591110444
6.23853269	1.2	-1.3501995926398531	-0.05400798370559413
6.23853544	1.2	-7.005817834689372	-0.2802327133875749
6.239	1.19	-21.210420415622128	-0.8484168166248851
6.2385	1.22	-21.64876052259543	-0.8659504209038172
6.23853477	1.19	-5.752839023021901	-0.23011356092087604
6.23853477	1.19	-5.904097938781518	-0.2361639175512607
6.23853544	1.1	-18.717912288070778	-0.7487164915228312
12.72037435	1.15	-24.89833839791145	-0.995933535916458
12.7207	1.17	-17.333537519965972	-0.6933415007986389
12.72037435	1.19	-13.230291990146604	-0.5292116796058641
12.720365	1.19	-4.712424938010953	-0.1884969975204381
12.7204	1.19	-7.8133264649552805	-0.31253305859821123
12.72037049	1.17	-14.422172304795962	-0.5768868921918385
12.7204	1.22	-10.317374813124584	-0.4126949925249834
12.7203724	1.26	-5.726620159501695	-0.2290648063800678
12.72037026	1.2	-2.0125929892454906	-0.08050371956981962
12.72037435	1.15	-9.500732484653069	-0.3800292993861228
12.72	1.19	-0.8488238220932478	-0.03395295288372991
12.7203678	1.2	-5.188493647442869	-0.2075397458977148
12.72037435	1.19	-14.142428812390607	-0.5656971524956242
12.72037435	1.2	-8.211172976374092	-0.3284469190549637
91.605187	1.15	-8.959369646237727	-0.3583747858495091
122.4	1.17	-8.80846607738842	-0.3523386430955368
122.4	1.17	-0.7661815100313369	-0.030647260401253477
4.14808651	0.83	-18.40337096035522	-0.7361348384142088
4.14808732	0.85	-12.35201111933035	-0.494080444773214
4.14787	0.75	-24.03564598592408	-0.9614258394369632
4.14810719	0.8	-3.964672427280711	-0.15858689709122845
4.14808732	0.83	-9.265895446053216	-0.3706358178421287
7.15681776	0.83	-17.53910860456326	-0.7015643441825304
7.15681552	0.8	-13.688444565522074	-0.5475377826208829
7.15681773	0.85	-6.481693945156827	-0.2592677578062731
7.15681773	0.81	-0.8447968414420496	-0.033791873657681985
7.15681773	0.83	-13.22923613377117	-0.5291694453508469
7.15681773	0.85	-9.575852226496933	-0.3830340890598773
17.64822	0.75	-1.909001604659831	-0.07636006418639324
17.64830851	0.83	-11.178590528998727	-0.4471436211599491
17.64830992	0.85	-1.76235251719291	-0.0704941006877164
17.64830992	0.85	-11.45194168442245	-0.45807766737689803
4.79090809	0.97	-9.342385980009267	-0.3736954392003707
4.79098351	0.97	-16.14824433117435	-0.645929773246974
4.79091735	0.95	-4.559551906007979	-0.18238207624031916
4.79091735	0.94	-1.7100334117752494	-0.06840133647100997
16.51410989	0.97	-4.883312262418459	-0.19533249049673834
16.5141282	0.95	-10.180439322765812	-0.4072175729106325
16.5141282	0.89	-3.1537290080037987	-0.12614916032015194
16.5141282	0.94	-12.891811906177928	-0.5156724762471171
16.51395	0.96	-5.381095939101232	-0.21524383756404927
30.1329303	0.89	-2.7405734603680547	-0.10962293841472219
30.1329298	0.84	-7.584132672993563	-0.30336530691974256
30.1329303	0.94	-11.078634185149685	-0.4431453674059874
30.1329298	0.97	-3.6529585093986987	-0.14611834037594795
30.13275708	0.97	-7.233366523822304	-0.2893346609528922
30.1329303	0.95	-4.925165849323652	-0.1970066339729461
30.13254	0.96	-12.580426730391718	-0.5032170692156688
30.13288577	0.97	-1.7628583902972654	-0.07051433561189062
30.1329303	0.94	-2.453305131402413	-0.09813220525609652
99.6409653	0.94	-2.8054673143449524	-0.1122186925737981
99.6368	0.96	-10.25152987775107	-0.4100611951100428
99.6415962	0.97	-7.686269711559228	-0.3074507884623691
99.6409653	0.94	-0.4512610062411614	-0.018050440249646457
99.64127656	0.97	-12.198747544102158	-0.4879499017640863
99.6409653	0.94	-12.883599463937383	-0.5153439785574954
99.6409653	0.89	-10.615376268814638	-0.4246150507525855
6.66834872	0.7	-12.92615944829845	-0.517046377931938
6.66836145	0.7	-16.069456861150552	-0.6427782744460221
6.66833415	0.7	-2.9644831202562334	-0.11857932481024934
6.66833241	0.61	-1.0403759932722607	-0.04161503973089043
6.66834872	0.61	-12.935329302780625	-0.517413172111225
6.66834872	0.61	-11.110325450563941	-0.44441301802255767
10.8484518	0.7	-15.017499451762006	-0.6006999780704803
10.84844155	0.7	-5.743534143353417	-0.22974136573413667
10.84844792	0.61	-5.5122252855942895	-0.22048901142377159
10.84844792	0.61	-17.971706058189255	-0.7188682423275702
10.848507	0.61	-5.96790975808069	-0.2387163903232276
10.84844792	0.61	-3.7107673592139956	-0.14843069436855982
3.78403393	0.85	-10.340798250900578	-0.4136319300360231
3.784064	0.81	-3.3947365627534904	-0.13578946251013962
3.78403393	0.87	-4.53487782476788	-0.18139511299071517
3.78402353	0.83	-7.653229060173209	-0.3061291624069284
3.78402867	0.87	-15.230516143734487	-0.6092206457493795
10.28194593	0.87	-0.41931673192231805	-0.01677266927689272
10.28192877	0.86	-14.111734045514947	-0.5644693618205979
10.281925	0.81	-1.6776036302342507	-0.06710414520937003
10.28192877	0.87	-13.879001796240638	-0.5551600718496256
10.28194593	0.83	-6.293141772568071	-0.25172567090272285
10.28192877	0.85	-9.04366581168459	-0.36174663246738364
10.28192877	0.87	-13.612360178407009	-0.5444944071362804
10.28193397	0.83	-29.26673276808084	-1.1706693107232335
18.11989364	0.87	-7.363653257905767	-0.29454613031623067
18.11993039	0.87	-22.121768952729294	-0.8848707581091718
18.11989364	0.87	-4.327552368213219	-0.17310209472852875
18.11990868	0.83	-5.290505786983477	-0.2116202314793391
18.11989364	0.85	-30.70694614307412	-1.2282778457229648
18.11989364	0.86	-14.616381088624975	-0.584655243544999
18.11989941	0.83	-3.675342990360497	-0.14701371961441986
5.82665919	0.97	-10.60179873590673	-0.4240719494362692
5.82665751	0.94	-27.661633976693725	-1.1064653590677491
5.82665582	0.99	-7.002543375815417	-0.2801017350326167
5.82665919	0.93	-3.7958704680356092	-0.15183481872142437
5.82665919	0.97	-26.100402943004152	-1.0440161177201661
5.82666349	0.99	-16.482539993691333	-0.6593015997476533
12.41199824	0.99	-9.690659984958776	-0.38762639939835103
12.41217869	0.97	-15.56630366399142	-0.6226521465596568
12.41217869	0.97	-6.347401133343514	-0.25389604533374055
12.41216347	0.99	-10.517351632737702	-0.4206940653095081
12.412	0.97	-4.075515164236976	-0.16302060656947906
18.7462415	0.99	-10.15146675513996	-0.40605867020559844
18.74638647	0.99	-5.837089718161431	-0.23348358872645725
18.74653971	0.97	-26.71462713148865	-1.068585085259546
18.74653971	0.85	-0.6776873261149565	-0.027107493044598262
18.746	0.97	-19.741405070780353	-0.7896562028312141
18.74649011	0.99	-12.248753896495304	-0.48995015585981216
9.94603603	1.01	-7.099780225427838	-0.28399120901711356
9.94603603	0.9	-17.164305372741914	-0.6865722149096766
9.94603603	1.01	-6.44347409803324	-0.2577389639213296
9.9460118	0.86	-17.57494328380097	-0.7029977313520388
9.94603588	0.86	-1.7834427398466595	-0.07133770959386639
1.045632	0.88	-9.253738596203938	-0.3701495438481575
1.04562266	1.01	-8.196330386562977	-0.32785321546251905
1.04562266	0.9	-8.247425283740233	-0.3298970113496093
1.04560643	0.86	-2.843078763288717	-0.11372315053154868
1.04562195	0.87	-7.983566580135772	-0.31934266320543087
1.6204791	0.98	-13.793301304037026	-0.551732052161481
1.62046784	1.07	-9.662977403810645	-0.3865190961524258
1.62046784	1.04	-13.651559526339689	-0.5460623810535876
1.62046765	0.95	-11.325589273303422	-0.45302357093213685
1.62046784	1.07	-7.480262206003324	-0.29921048824013297
1.620436	1.0	-2.773914032625058	-0.11095656130500232
1.62046765	0.98	-3.8057047832048827	-0.15222819132819532
3.38801185	0.97	-1.2627590639275237	-0.05051036255710095
3.38801185	1.07	-6.632804279616829	-0.2653121711846732
3.38801224	0.95	-14.941283463633313	-0.5976513385453326
3.388008	1.0	-6.927584024990447	-0.27710336099961785
3.38798651	0.98	-5.817493139624598	-0.23269972558498392
3.38801185	1.04	-10.815785361016905	-0.4326314144406762
3.38801185	1.07	-1.3187612601732166	-0.05275045040692866
3.38801224	0.98	-5.089669000110551	-0.20358676000442205
5.839061	1.0	-10.78281643300948	-0.43131265732037916
5.83908991	1.07	-9.804824628968897	-0.3921929851587559
5.83908991	1.07	-14.14525352105515	-0.565810140842206
5.83914257	0.98	-1.786255856228768	-0.07145023424915073
5.83908991	1.07	-4.54623754847712	-0.1818495019390848
5.83909761	0.95	-1.9589416686987413	-0.07835766674794965
10.68167916	1.07	-5.899611370919484	-0.23598445483677935
10.68176	1.0	-9.348748518018253	-0.3739499407207301
10.6817188	0.98	-1.2810555074381937	-0.05124222029752775
10.6816951	0.98	-7.7956439605225265	-0.31182575842090104
2.38265217	0.87	-4.791828706503866	-0.19167314826015464
2.38265217	0.87	-17.064103664813018	-0.6825641465925207
2.38265217	0.87	-3.8245141335858635	-0.15298056534343454
2.38265217	0.92	-12.105228315553967	-0.4842091326221587
2.38265287	0.87	-6.401284869612633	-0.25605139478450534
2.38265264	0.82	-13.812300772784422	-0.5524920309113769
6.58147884	0.87	-2.487404307539178	-0.09949617230156711
6.58148439	0.82	-7.693961660053927	-0.3077584664021571
6.58147714	0.87	-0.7506013040561488	-0.030024052162245952
6.58147884	0.87	-6.874125404286734	-0.27496501617146935
6.58147884	0.85	-13.87404953271731	-0.5549619813086925
24.66454	0.74	-7.00263262384223	-0.2801053049536892
24.66439398	0.82	-2.6436497312739253	-0.10574598925095702
24.66461416	0.82	-5.432271274317557	-0.2172908509727023
24.66461416	0.87	-6.777763283674527	-0.2711105313469811
24.66454505	0.82	-1.5003995955619513	-0.06001598382247805
24.66459711	0.85	-7.142754261914554	-0.28571017047658215
13.19721496	0.83	-4.0510841434198905	-0.16204336573679562
13.19721496	0.82	-10.039681472256962	-0.4015872588902785
13.19721496	0.83	-12.103167716068455	-0.4841267086427382
13.19720694	0.79	-1.6682934370562266	-0.06673173748224906
13.19728746	0.79	-1.997061939843985	-0.07988247759375941
13.19721496	0.83	-6.51533212765354	-0.2606132851061416
13.19721444	0.79	-6.7381809745339245	-0.269527238981357
33.6528474	0.79	-2.4297630436166324	-0.0971905217446653
33.6529701	0.83	-27.303319404365453	-1.0921327761746182
33.65292978	0.79	-4.646428473681412	-0.18585713894725647
33.6529701	0.82	-4.3685303031901705	-0.17474121212760682
8.11531814	0.99	-4.1747899092516505	-0.16699159637006603
8.11529219	0.98	-13.723713582063425	-0.5489485432825371
8.11526632	0.99	-6.819042386136667	-0.2727616954454667
8.11529219	0.98	-5.431334092879693	-0.21725336371518772
8.11529219	0.93	-5.058494886108039	-0.20233979544432157
8.11528727	0.98	-7.578123661197476	-0.30312494644789906
8.115313	1.01	-13.186908925444026	-0.5274763570177611
36.9249531	0.98	-3.9776908414575582	-0.15910763365830233
36.92514966	0.99	-19.304094685356727	-0.772163787414269
36.9250409	0.99	-7.623638219855741	-0.30494552879422965
36.9249531	0.93	-19.5763931926468	-0.7830557277058721
36.9250409	0.98	-17.889002973629346	-0.7155601189451738
12.28299972	0.55	-13.357920508375676	-0.534316820335027
12.28	0.54	-20.96742080614819	-0.8386968322459276
12.283078	0.63	-1.2095357493168697	-0.04838142997267479
12.2830153	0.7	-11.069995037678707	-0.44279980150714826
12.28	0.54	-2.585546126215254	-0.10342184504861017
17.256	0.54	-1.1744996197095177	-0.04697998478838071
17.25120011	0.62	-6.5903777343142425	-0.2636151093725697
17.251048	0.63	-3.560525348910114	-0.14242101395640455
17.25121397	0.54	-4.644623917925836	-0.18578495671703343
17.25204086	0.55	-4.148965823686905	-0.1659586329474762
17.25120011	0.55	-18.909458284995846	-0.7563783313998339
17.2559	0.54	-6.978376315957879	-0.2791350526383152
17.25121397	0.7	-7.639872539845465	-0.3055949015938186
17.25118601	0.7	-6.182757267959535	-0.2473102907183814
17.251	0.47	-7.415273566103192	-0.2966109426441277
17.25120011	0.55	-0.40382358897402343	-0.016152943558960936
3.54387093	0.55	-5.586506268420894	-0.22346025073683579
3.543867	0.63	-8.728217233270946	-0.34912868933083785
3.54391789	0.55	-23.816775860857582	-0.9526710344343033
3.54391789	0.55	-12.241008160917628	-0.48964032643670513
3.54391419	0.7	-3.548764471967476	-0.14195057887869905
3.54391789	0.55	-1.5748690067143907	-0.06299476026857563
3.5439197	0.54	-3.3897094275147435	-0.13558837710058974
46.827714	0.55	-17.51376400262458	-0.7005505601049832
46.82763492	0.7	-13.82564550346484	-0.5530258201385936
46.82767725	0.54	-18.63684319701244	-0.7454737278804976
46.827714	0.55	-2.453585899180625	-0.098143435967225
46.827714	0.55	-12.492801502623754	-0.4997120601049502
46.82767725	0.7	-8.880108341102838	-0.3552043336441135
8.1874109	0.93	-17.390223473877583	-0.6956089389551033
8.18746	0.9	-17.21295523651324	-0.6885182094605296
8.1874109	0.93	-2.891958963417464	-0.11567835853669856
8.1874109	1.01	-10.204228167874485	-0.4081691267149794
8.1874109	0.92	-23.411280333927948	-0.9364512133571179
8.18739443	0.82	-18.594151020714968	-0.7437660408285988
76.0510651	0.93	-4.8412494150610605	-0.19364997660244243
76.0510651	0.93	-14.96177543895626	-0.5984710175582504
76.0510651	1.01	-4.914307272914838	-0.19657229091659353
76.05145255	0.9	-12.8409312908177	-0.513637251632708
10.38123451	0.86	-10.908981150177484	-0.43635924600709936
10.38121981	0.86	-0.6492228290859716	-0.025968913163438866
10.38122447	0.82	-12.635230523069662	-0.5054092209227865
10.38123233	0.86	-8.55044557207488	-0.3420178228829952
10.38123451	0.86	-8.275971053797702	-0.3310388421519081
24.57081569	0.86	-7.840799407302679	-0.31363197629210715
24.57041787	0.86	-5.283243010595908	-0.21132972042383633
24.57081569	0.83	-7.4877844726485145	-0.2995113789059406
24.5709023	0.82	-18.003891908913822	-0.7201556763565529
24.5709023	0.86	-3.4054486418780527	-0.1362179456751221
24.57081569	0.86	-0.3213167183888914	-0.012852668735555657
24.57078	0.88	-1.032408246482597	-0.04129632985930388
13.06076688	0.82	-2.2689742948217173	-0.0907589717928687
13.06099268	0.95	-2.117022608169524	-0.08468090432678096
13.06076688	0.97	-6.316311057768707	-0.2526524423107483
13.06076688	0.97	-10.070111748327376	-0.40280446993309504
13.06076688	1.03	-13.152496068744881	-0.5260998427497953
13.0607936	0.97	-6.950630426573806	-0.27802521706295225
21.85362905	0.97	-15.639639026122437	-0.6255855610448975
21.85363022	0.95	-5.954029217115973	-0.23816116868463894
21.8536791	0.82	-18.660036947008873	-0.7464014778803549
21.8536791	0.97	-5.595167226806292	-0.22380668907225168
21.85347	0.99	-1.461483185051263	-0.05845932740205052
16.56805949	0.89	-0.5515672483401711	-0.022062689933606845
16.56805949	0.83	-20.70665382912596	-0.8282661531650384
16.56806842	0.88	-12.241278212369044	-0.4896511284947618
16.56806842	0.75	-2.653137293969268	-0.10612549175877073
16.56808299	0.88	-19.49831971154032	-0.7799327884616127
16.56806	0.8	-19.5969597607939	-0.783878390431756
47.3329299	0.88	-24.70605687973671	-0.9882422751894684
47.3330262	0.83	-1.6609687588952604	-0.06643875035581041
47.33465	0.8	-4.963059895462371	-0.19852239581849485
47.3330262	0.83	-7.430142433728461	-0.29720569734913843
47.3329299	0.75	-13.019244468424304	-0.5207697787369722
47.3330262	0.79	-2.6387461866244983	-0.10554984746497993
47.3330262	0.83	-2.800235325678213	-0.11200941302712852
47.33375115	0.88	-1.887468678906556	-0.07549874715626224
47.3330262	0.89	-1.5360612658600545	-0.061442450634402186
40.8068494	1.32	-0.41246029329985656	-0.01649841173199426
40.8092144	1.21	-1.9531784448696088	-0.07812713779478435
40.8065333	1.47	-1.7284064219514246	-0.06913625687805698
40.8068494	1.32	-7.686854829856507	-0.3074741931942603
40.8068494	1.46	-22.700394130505444	-0.9080157652202178
140.10394	1.32	-5.933470357813335	-0.23733881431253342
140.10394	1.46	-10.11408063183759	-0.4045632252735036
140.10765	1.47	-4.805834295307043	-0.19223337181228173
6.84618786	1.09	-17.619885261493593	-0.7047954104597437
6.84619299	1.04	-3.2543598229147674	-0.1301743929165907
6.84619299	0.98	-4.124437028746838	-0.16497748114987354
6.84619299	1.04	-11.682729026463882	-0.4673091610585553
6.84619299	0.97	-5.393274472540297	-0.21573097890161186
6.84619299	1.04	-11.99525079590468	-0.4798100318361872
6.846113	1.15	-10.71266073139649	-0.4285064292558596
17.02902105	1.04	-5.452025003048739	-0.21808100012194956
17.02885	1.15	-15.113044797357832	-0.6045217918943133
17.02902105	0.97	-3.2054464507440144	-0.12821785802976057
17.02902786	0.88	-1.1875478227014171	-0.047501912908056686
17.02902786	1.09	-4.367905866030724	-0.17471623464122896
17.02902105	1.04	-19.30501426414194	-0.7722005705656776
43.1312147	0.88	-2.698423459302471	-0.10793693837209885
43.1308082	1.04	-22.690903761436537	-0.9076361504574615
43.13042	1.15	-4.27532628667616	-0.1710130514670464
43.1312147	1.09	-2.6215434999944005	-0.10486173999977602
43.1308082	0.98	-23.072602223787307	-0.9229040889514923
43.1308082	1.04	-7.1559909235728005	-0.28623963694291205
67.8299	1.15	-5.409517648817121	-0.21638070595268485
67.8318309	0.97	-6.554051031353441	-0.26216204125413767
67.8318309	1.04	-21.16736203497432	-0.8466944813989729
67.8321638	1.09	-4.356707371901367	-0.17426829487605466
67.8318309	0.98	-7.516382054719018	-0.3006552821887607
67.8321638	0.88	-0.9692518477714789	-0.038770073910859154
6.6184	1.06	-13.972036966970737	-0.5588814786788295
6.61836309	0.95	-7.683000921725276	-0.30732003686901105
6.61834191	1.05	-6.899387281973357	-0.2759754912789343
107.7215744	1.05	-5.005690781951427	-0.20022763127805707
107.7143	1.06	-4.493072417299839	-0.17972289669199357
107.7214092	0.97	-4.625455997131872	-0.18501823988527488
107.7215744	1.05	-15.632053995818051	-0.6252821598327221
3.35373201	0.47	-4.585223108309302	-0.18340892433237208
3.35368204	0.49	-23.795507354771647	-0.9518202941908659
3.35372553	0.54	-6.128358028533335	-0.2451343211413334
3.35373139	0.54	-4.483442524692806	-0.17933770098771223
3.35373201	0.54	-12.466359229151006	-0.4986543691660403
3.353707	0.55	-8.200952672511269	-0.32803810690045077
3.354	0.59	-4.0706437399315005	-0.16282574959726
3.35373033	0.49	-7.220066763201371	-0.2888026705280548
6.8774499	0.56	-11.969532293053547	-0.4787812917221419
6.87744603	0.54	-5.6947239043497335	-0.22778895617398934
6.877	0.55	-26.882002021156133	-1.0752800808462453
6.87744603	0.47	-0.7463991584254086	-0.029855966337016343
6.87744623	0.54	-5.785479347996164	-0.23141917391984657
6.877	0.59	-6.928728772685597	-0.27714915090742387
6.87745863	0.54	-13.436401297832727	-0.5374560519133091
28.46464804	0.54	-3.3825051279251976	-0.1353002051170079
28.46462622	0.49	-6.039894419690265	-0.2415957767876106
28.46459193	0.54	-2.9178807362035353	-0.11671522944814142
28.46381	0.55	-1.4120214043180002	-0.05648085617272001
28.46464804	0.47	-16.3902192172335	-0.65560876868934
28.463	0.55	-10.429182698186079	-0.41716730792744317
28.46462622	0.49	-5.2799991894278016	-0.21119996757711207
25.93416	1.13	-15.205896598204385	-0.6082358639281754
25.9340674	1.07	-0.893783460791381	-0.03575133843165524
25.9340674	1.11	-11.763549217713766	-0.47054196870855064
25.9340674	1.07	-16.561221215452527	-0.662448848618101
25.9340674	1.07	-10.317028677590955	-0.4126811471036382
83.4463485	1.06	-2.201751537725602	-0.08807006150902408
83.4421	1.13	-15.999418622035426	-0.6399767448814171
83.4463335	1.07	-3.738298800489585	-0.14953195201958341
83.4463335	1.07	-4.083576573579673	-0.16334306294318693
5.32670215	0.92	-13.030251247822855	-0.5212100499129142
5.32667299	1.02	-5.84042080290572	-0.2336168321162288
5.32670215	1.17	-15.431074385097105	-0.6172429754038842
5.32670215	1.02	-6.980455628657016	-0.27921822514628064
5.326679	1.04	-17.145791785150063	-0.6858316714060025
5.32666987	0.96	-18.73988180423472	-0.7495952721693888
5.32670215	1.02	-1.3950326467334437	-0.05580130586933775
5.32670215	1.02	-8.36067112624933	-0.33442684504997316
8.12810877	1.02	-4.984512509647091	-0.19938050038588365
8.12810877	1.02	-19.87949100908319	-0.7951796403633276
8.1280933	1.02	-11.044756282348235	-0.4417902512939294
8.12799259	0.96	-13.089127239118802	-0.5235650895647521
8.1281	1.04	-5.659377259952123	-0.22637509039808493
8.12810877	0.92	-4.500636351610599	-0.18002545406442397
15.33525912	0.98	-10.44782555475753	-0.41791302219030124
15.33528675	0.93	-15.305846997768374	-0.612233879910735
15.33528675	0.94	-1.431880039987152	-0.057275201599486084
15.33525912	0.98	-0.15245757367514812	-0.006098302947005925
15.33527467	0.94	-7.960482971946988	-0.3184193188778795
15.33525912	0.98	-13.06752354870299	-0.5227009419481197
15.33525912	0.89	-19.646976308777973	-0.7858790523511189
31.33050622	0.95	-8.508176495906776	-0.34032705983627104
31.33046135	0.94	-4.868922971697946	-0.19475691886791782
31.33046537	0.94	-12.88800929454984	-0.5155203717819936
31.330554	1.0	-13.449648252064694	-0.5379859300825878
31.33050622	0.98	-2.034990537410065	-0.0813996214964026
6.54626058	0.98	-3.5872104166996324	-0.14348841666798529
6.54626058	0.89	-5.3206641686377205	-0.21282656674550882
6.54625953	0.94	-1.2836915715352024	-0.0513476628614081
6.54626058	0.98	-23.270158498023996	-0.9308063399209598
6.54628992	0.93	-21.68032966263437	-0.8672131865053748
6.546303	1.0	-2.689545077281384	-0.10758180309125535
11.47609015	1.16	-15.727410069984114	-0.6290964027993645
11.47613	1.17	-13.9894496738101	-0.559577986952404
11.4761013	1.16	-23.91186377029796	-0.9564745508119183
11.4761013	1.17	-7.354398629003319	-0.2941759451601328
11.4761013	1.16	-16.404407847255	-0.6561763138902
25.2630467	1.16	-16.75602737787449	-0.6702410951149795
25.2630467	1.16	-4.815595596440415	-0.19262382385761662
25.2630268	1.16	-10.417709241768899	-0.416708369670756
25.26274411	1.16	-6.293696627319232	-0.25174786509276925
25.2630268	1.17	-16.165112873607548	-0.6466045149443019
25.26271648	1.16	-3.920208144024877	-0.1568083257609951
5.21773516	1.0	-3.3679892527500104	-0.1347195701100004
10.43547805	0.82	-5.032489290798309	-0.20129957163193235
10.43549	0.93	-9.100079759344375	-0.364003190373775
10.43547031	1.0	-6.633131251417685	-0.2653252500567074
7.41086267	0.9	-13.904001034345837	-0.5561600413738335
7.411038	0.93	-13.753595232815764	-0.5501438093126305
7.41084314	1.0	-1.811616576063956	-0.07246466304255825
7.41084384	1.0	-16.754398262694636	-0.6701759305077855
7.41086267	0.82	-11.335701040466525	-0.453428041618661
7.41086267	0.83	-24.330140161028122	-0.973205606441125
7.41086267	0.82	-3.7415212285828012	-0.14966084914331204
5.24970432	1.0	-10.606491262229156	-0.42425965048916625
5.24948	0.93	-2.581559330880535	-0.1032623732352214
5.24970432	0.84	-2.49332161032021	-0.09973286441280839
5.24972541	0.9	-15.07963110877241	-0.6031852443508965
2.9713641	0.97	-20.69337425406514	-0.8277349701626057
2.971365	0.79	-6.005688009945642	-0.2402275203978257
2.97136658	0.86	-8.710761043316014	-0.34843044173264054
2.9713641	0.78	-30.014729604318696	-1.2005891841727478
2.97136658	0.97	-9.628694870189998	-0.3851477948075999
2.9713641	0.78	-0.6957973525302321	-0.027831894101209287
2.971	0.78	-9.322003068898882	-0.3728801227559553
2.9713641	0.91	-7.407477646367502	-0.2962991058547001
6.05730524	0.97	-7.864173962420964	-0.3145669584968386
6.057428	0.79	-6.303925624113529	-0.2521570249645412
6.05733984	0.97	-4.268234124293876	-0.17072936497175506
6.05730524	0.78	-11.091901947295497	-0.4436760778918199
10.93730071	0.97	-4.950979495257439	-0.19803917981029756
10.93730071	0.78	-4.7800852904683735	-0.19120341161873494
10.93730071	0.91	-6.505066400098866	-0.26020265600395465
10.93711	0.79	-21.534688737409724	-0.861387549496389
2.93652734	0.87	-8.67018392735589	-0.3468073570942356
2.936497	0.92	-8.339438136707953	-0.33357752546831815
2.93652734	0.95	-1.7044548737233105	-0.06817819494893242
8.01494715	0.78	-3.685670071406756	-0.14742680285627024
8.014957	0.92	-3.5935333119968123	-0.1437413324798725
8.01500821	0.87	-3.507097724336489	-0.14028390897345955
8.01500821	0.95	-2.622651271657219	-0.10490605086628875
8.01497514	0.95	-9.474220617747056	-0.37896882470988225
11.63505917	1.01	-9.99578385048717	-0.39983135401948683
11.63486009	1.01	-8.600121236250217	-0.3440048494500087
33.1981761	1.02	-13.428698156599859	-0.5371479262639943
33.1981054	0.99	-5.114510029599548	-0.2045804011839819
33.197205	1.01	-19.056666491883984	-0.7622666596753593
33.1981054	0.99	-7.591547988161566	-0.30366191952646265
33.1981054	1.08	-12.679786881507717	-0.5071914752603087
33.1981054	0.88	-11.112467873260357	-0.44449871493041426
10.30065512	1.19	-7.354182195612469	-0.29416728782449875
10.30065512	1.34	-10.875208263093393	-0.4350083305237357
10.30065512	1.34	-10.910831867250257	-0.4364332746900103
10.30067919	1.08	-15.640144840093205	-0.6256057936037283
10.30067919	1.2	-8.32496214726347	-0.3329984858905388
16.08831829	1.34	-5.913669845583755	-0.2365467938233502
16.08831829	1.16	-9.560551667778801	-0.3824220667111521
16.08831829	1.34	-8.222438359873937	-0.3288975343949575
16.08815621	1.2	-16.1883440945001	-0.6475337637800039
16.08832318	1.08	-8.966431614697754	-0.3586572645879102
35.6756963	1.34	-19.29351294660009	-0.7717405178640036
35.6756963	1.34	-14.601399806865368	-0.5840559922746147
35.67524129	1.2	-15.15777007364151	-0.6063108029456604
35.6756	1.2	-6.6884347930666515	-0.26753739172266605
35.6756963	1.34	-1.5875779805991554	-0.06350311922396622
35.6757453	1.2	-9.58876318784553	-0.3835505275138212
14.12847677	1.04	-0.41505168547626553	-0.016602067419050622
14.12846178	1.1	-11.768771013474531	-0.47075084053898125
14.12853811	1.03	-5.659523759703458	-0.2263809503881383
14.12846178	1.1	-8.49895533534621	-0.3399582134138484
14.12846178	1.02	-15.472491216530248	-0.61889964866121
31.8841569	1.02	-7.945566986411771	-0.31782267945647086
31.884	1.1	-5.219332842743125	-0.208773313709725
31.8841473	1.04	-15.580888162567653	-0.6232355265027062
31.88293	1.05	-10.500390882281394	-0.4200156352912558
31.88355187	1.03	-8.482974786370859	-0.33931899145483435
48.6476601	1.1	-1.376101758569045	-0.0550440703427618
48.646	1.1	-11.627647716986953	-0.46510590867947815
48.6476601	1.1	-0.7628494923007212	-0.030513979692028848
48.6478543	1.04	-13.866664125177415	-0.5546665650070967
48.6476601	0.84	-11.295947459510753	-0.45183789838043015
48.6476601	1.02	-17.34666908327877	-0.6938667633311508
48.6478543	1.03	-15.27753365285128	-0.6111013461140512
48.648	1.1	-8.384652115879462	-0.3353860846351785
48.6541	1.05	-1.5075712887549613	-0.060302851550198454
48.6476601	1.1	-17.703771771126725	-0.708150870845069
17.32419108	1.08	-15.920923353451101	-0.6368369341380441
17.3244	1.2	-2.63691220344977	-0.1054764881379908
17.324	1.12	-20.9094927245946	-0.836379708983784
17.32417247	1.12	-2.8988080008223416	-0.11595232003289367
17.324	1.12	-3.3550306176358036	-0.13420122470543214
17.32419108	1.18	-15.811251861921573	-0.632450074476863
17.32417247	1.21	-12.038393045834834	-0.4815357218333934
17.3240688	1.08	-2.1006246783132596	-0.08402498713253038
33.006	1.12	-27.596831396141575	-1.103873255845663
33.0063025	1.21	-1.6101325052840152	-0.06440530021136061
33.00669147	1.08	-3.310744708527971	-0.13242978834111885
33.0063025	1.12	-21.192947130163716	-0.8477178852065487
33.0063185	1.08	-1.3522670384041708	-0.054090681536166835
33.00622327	1.08	-1.3179356681629268	-0.05271742672651707
30.16012	1.08	-30.034692834943364	-1.2013877133977346
30.159863	1.13	-7.323252544468048	-0.2929301017787219
30.159863	1.3	-2.683245490894832	-0.10732981963579329
30.159863	1.3	-2.385616411992382	-0.0954246564796953
30.1599411	1.41	-1.5999911928332928	-0.06399964771333172
51.075756	1.3	-3.1558767313086484	-0.12623506925234593
51.075756	1.3	-3.4401129283699023	-0.1376045171347961
51.075756	1.41	-4.743102719160681	-0.18972410876642723
51.0802	1.08	-11.150305345062792	-0.4460122138025117
51.075756	1.13	-2.240774243073974	-0.08963096972295896
12.30966003	1.42	-15.139091147197115	-0.6055636458878846
12.3097136	1.32	-3.5311495486903923	-0.1412459819476157
12.30971679	1.16	-12.792318726343954	-0.5116927490537582
12.3097136	1.1	-16.187526246376805	-0.6475010498550722
12.3097136	1.1	-8.271443193651875	-0.33085772774607497
12.309717	1.31	-12.053001938997676	-0.48212007755990705
35.7353616	1.16	-9.609175266534322	-0.3843670106613729
35.73432746	1.42	-28.163965593138894	-1.1265586237255558
35.7355719	1.1	-9.704325473539436	-0.38817301894157746
35.7355719	1.1	-13.818764882235044	-0.5527505952894017
35.7355719	1.32	-20.469388529568718	-0.8187755411827488
54.4205407	1.1	-3.407558857872244	-0.13630235431488977
54.4205407	1.42	-0.9421781287481671	-0.037687125149926684
54.41605504	1.42	-19.450996166265163	-0.7780398466506065
54.4205407	1.1	-6.9672983895447596	-0.2786919355817904
54.414	1.1	-15.729909926649471	-0.6291963970659789
54.4205407	1.1	-10.8074510973344	-0.432298043893376
5.91227323	0.59	-2.2152924100353966	-0.08861169640141586
5.912	0.59	-18.579940053531146	-0.7431976021412459
5.91212988	0.59	-11.01213949765658	-0.44048557990626325
5.912262	0.66	-22.575795602317896	-0.9030318240927159
5.9122683	0.59	-4.19415797170227	-0.16776631886809082
5.9122683	0.7	-16.377540827234448	-0.655101633089378
8.98584768	0.59	-5.979058734222408	-0.23916234936889635
8.986	0.59	-6.571671379633827	-0.2628668551853531
8.98581901	0.59	-1.2416116994192792	-0.04966446797677117
8.9858	0.75	-11.263041482997362	-0.4505216593198945
8.98584768	0.7	-4.417411446108218	-0.17669645784432875
8.98581901	0.74	-8.172241194560527	-0.3268896477824211
8.98596954	0.59	-15.101346909626841	-0.6040538763850737
8.98584768	0.59	-3.9650579894560147	-0.15860231957824059
8.99	0.68	-12.085044072353742	-0.4834017628941497
2.1395565	0.96	-9.789488756234494	-0.3915795502493798
2.1395565	0.93	-8.082819540249108	-0.32331278160996435
2.1395563	0.95	-6.403150719777652	-0.2561260287911061
2.139564	0.96	-11.563940129265557	-0.4625576051706223
2.1395565	0.93	-1.522708184413443	-0.060908327376537716
2.13955119	0.95	-14.845135668230514	-0.5938054267292205
4.80710325	0.93	-2.895940351804281	-0.11583761407217125
4.80710325	0.95	-19.267775616823425	-0.770711024672937
4.80709959	0.93	-15.090745359349327	-0.6036298143739731
4.80709959	0.96	-16.4603991447203	-0.658415965788812
4.80709998	0.95	-6.299755304986998	-0.2519902121994799
14.64613058	0.95	-14.852419703909796	-0.5940967881563919
14.64627064	0.95	-4.9376059233956235	-0.19750423693582494
14.64613	0.94	-3.174501521561153	-0.12698006086244612
14.64627064	0.98	-14.942840404443313	-0.5977136161777326
36.33755487	0.95	-12.631087707428879	-0.5052435082971551
36.33767	0.94	-2.346776959321914	-0.09387107837287656
36.33730238	0.98	-20.73496701546682	-0.8293986806186728
36.33725707	0.95	-3.83289813255617	-0.1533159253022468
148.272013	0.98	-2.1609292298388745	-0.08643716919355499
148.2722671	0.98	-8.310815499942452	-0.3324326199976981
148.2722671	0.98	-21.428322882620286	-0.8571329153048115
148.2720032	0.98	-20.82694296557637	-0.8330777186230549
148.2682	0.94	-7.339328398987911	-0.29357313595951645
9.22123	1.08	-8.88913813325006	-0.35556552533000246
9.2207691	1.06	-10.965934856570334	-0.43863739426281334
9.2206889	0.86	-6.589257666240521	-0.26357030664962083
9.2207691	0.79	-15.79867247902254	-0.6319468991609016
9.2206889	0.97	-12.858568317544911	-0.5143427327017964
9.2206889	0.97	-9.933774349479501	-0.39735097397918007
13.639525	0.97	-11.414919339464854	-0.4565967735785942
13.6396648	0.79	-5.188655151205876	-0.20754620604823504
13.639525	0.86	-15.788400442184619	-0.6315360176873848
13.63894	1.08	-6.433130823171844	-0.25732523292687376
13.639525	0.97	-11.584707919153171	-0.46338831676612685
24.80568031	0.97	-11.39678860905783	-0.45587154436231325
24.80446	1.08	-16.45998972807603	-0.6583995891230413
24.8056775	1.06	-20.552257519772933	-0.8220903007909174
24.806	0.97	-17.80336205721914	-0.7121344822887656
24.80565653	1.06	-13.29308453433409	-0.5317233813733636
24.8056775	0.79	-8.681878340005253	-0.3472751336002102
24.805734	1.06	-6.2016615949522595	-0.2480664637980904
44.34713	1.08	-5.1855816936479915	-0.20742326774591965
44.3471936	0.79	-15.735974322026916	-0.6294389728810766
44.34738006	1.06	-11.492945256537059	-0.45971781026148234
44.34738481	1.06	-13.839259929605774	-0.553570397184231
44.347	0.97	-1.7763475428179647	-0.0710539017127186
44.3470995	0.97	-16.778218489444235	-0.6711287395777694
44.3470995	0.97	-7.3832945612129315	-0.29533178244851727
11.00817635	0.66	-0.22005918816454295	-0.008802367526581718
11.00815926	0.76	-12.222429844365537	-0.4888971937746215
11.00815926	0.63	-12.911296268809291	-0.5164518507523717
11.00823021	0.76	-19.985925375769458	-0.7994370150307784
11.00817635	0.6	-0.14033561584536242	-0.005613424633814497
92.749023	0.76	-18.960095598617578	-0.7584038239447031
92.749023	0.76	-16.796489914972284	-0.6718595965988914
92.749023	0.76	-7.688960895700178	-0.3075584358280071
92.74812144	0.66	-13.298862495173235	-0.5319544998069294
92.749023	0.63	-4.366258425820309	-0.17465033703281235
12.6990485	0.93	-7.85205586754949	-0.3140822347019796
12.69902995	0.91	-12.798859840568742	-0.5119543936227496
37.51391	0.92	-12.703651771967698	-0.5081460708787079
37.5142128	0.93	-6.9115697616609	-0.276462790466436
37.5140693	0.91	-19.57622382969275	-0.7830489531877101
37.5140693	0.91	-5.638216131423164	-0.22552864525692656
2.63385253	0.91	-0.6183705812890934	-0.024734823251563735
2.63385253	0.82	-3.722306824533569	-0.14889227298134278
2.63385723	0.9	-5.484457033209532	-0.21937828132838127
2.633893	0.86	-10.013634513643515	-0.4005453805457406
6.18670882	0.82	-21.092806726217994	-0.8437122690487198
6.18666218	0.85	-16.44142724095701	-0.6576570896382805
6.18666218	0.92	-15.65698623913551	-0.6262794495654204
1.79632439	1.0	-13.923124347130177	-0.5569249738852071
1.79632095	0.99	-14.599781739597889	-0.5839912695839156
1.79632439	0.83	-2.495500771543284	-0.09982003086173137
1.79632439	1.0	-13.755998664282464	-0.5502399465712986
1.79632439	1.0	-9.637022851834663	-0.3854809140733865
1.79632095	0.8	-5.16909317085221	-0.2067637268340884
3.46808239	0.83	-16.497314183836533	-0.6598925673534614
3.468073	0.8	-2.235417953275642	-0.08941671813102568
3.46808239	1.0	-25.537781529778673	-1.021511261191147
3.46808239	0.96	-5.271888411924708	-0.21087553647698834
3.46803445	0.99	-2.5760983759098433	-0.10304393503639374
3.46808239	1.0	-2.630012174266796	-0.10520048697067184
3.468052	1.03	-7.086384482981401	-0.2834553793192561
5.91428767	1.0	-13.378454488386717	-0.5351381795354687
5.91428767	0.96	-4.097643465572407	-0.16390573862289629
5.91428767	1.0	-6.541150385207969	-0.2616460154083188
5.91430094	0.99	-8.78356975226875	-0.35134279009075003
5.91428767	1.0	-13.083722145015658	-0.5233488858006263
29.2215101	1.0	-3.6956697262348936	-0.14782678904939575
29.22123577	0.99	-5.865031444924266	-0.23460125779697066
29.22126129	0.99	-9.16398020772847	-0.3665592083091388
29.2215101	0.83	-13.697422735044922	-0.5478969094017969
29.2215101	1.0	-10.631103310138716	-0.42524413240554865
29.2214959	0.8	-10.09301796666296	-0.4037207186665184
29.22144	1.03	-18.555371240507707	-0.7422148496203083
29.2215101	1.0	-8.246672427225805	-0.3298668970890322
20.34234237	0.97	-4.802167297978418	-0.19208669191913672
20.34230286	0.96	-5.43387705710356	-0.2173550822841424
20.34229	0.93	-10.371210458080686	-0.41484841832322744
20.34234237	0.96	-2.5539568316435317	-0.10215827326574127
20.34237838	0.93	-9.108293486089542	-0.36433173944358166
44.8520997	0.93	-21.63762717075295	-0.865505086830118
44.85199	0.93	-5.42314292581977	-0.2169257170327908
44.851978	0.96	-3.107216407249707	-0.12428865628998828
44.8521071	0.97	-2.2044846298150462	-0.08817938519260185
44.8521071	0.96	-13.816232650703105	-0.5526493060281242
44.8521071	0.95	-0.17828985018226096	-0.007131594007290438
6.09742549	1.01	-15.597500695550062	-0.6239000278220025
6.09750607	0.93	-5.6847585404814485	-0.22739034161925795
6.09750607	0.93	-3.6314186546765304	-0.14525674618706122
6.09750607	0.84	-1.8265621100415153	-0.07306248440166062
6.09747233	1.01	-9.492598258908643	-0.37970393035634575
6.09750607	0.93	-5.3007101844975475	-0.21202840737990192
19.30581662	1.01	-12.040939722139694	-0.4816375888855878
19.30577159	0.93	-4.682933602726964	-0.18731734410907855
56.6388791	0.84	-18.98143127392134	-0.7592572509568537
56.6388791	0.93	-15.89138326585443	-0.6356553306341772
56.6388791	0.93	-6.076852473768829	-0.2430740989507532
56.6388791	0.93	-0.1287112774775372	-0.0051484510991014875
34.5438464	1.06	-0.14136316546913957	-0.005654526618765583
34.5439452	1.1	-14.029035581610161	-0.5611614232644064
34.54398442	1.1	-6.143707867314545	-0.2457483146925818
34.5438464	1.16	-4.409412279312734	-0.1763764911725094
34.5438464	1.16	-19.436151724295208	-0.7774460689718083
34.5439452	1.0	-2.008979460142697	-0.08035917840570787
125.86526539	1.1	-4.9895653056053195	-0.19958261222421278
125.86540191	1.0	-6.2391700981720835	-0.24956680392688335
125.86543389	1.16	-11.83948240364095	-0.47357929614563804
125.86543389	1.06	-25.322374244452327	-1.0128949697780931
125.8518	1.08	-9.066668761750856	-0.36266675047003427
125.86540191	1.1	-23.766093084894283	-0.9506437233957713
125.86543389	1.16	-16.746198957808907	-0.6698479583123563
10.3392924	0.97	-4.8184572707259195	-0.1927382908290368
10.3392924	0.93	-4.226631368906294	-0.16906525475625178
10.3392408	0.97	-0.8192881731213701	-0.032771526924854806
10.3376	1.0	-6.308692644829957	-0.2523477057931983
10.33974	0.76	-5.907067203866677	-0.23628268815466708
10.3384	0.98	-23.82158690364973	-0.9528634761459892
10.3392385	0.93	-4.405386018880947	-0.17621544075523787
13.28689074	0.76	-10.011208618001614	-0.4004483447200646
13.28689074	0.93	-5.873546198873504	-0.23494184795494014
13.28992	1.03	-12.252178594054602	-0.4900871437621841
13.28613	0.76	-17.383633184002445	-0.6953453273600978
13.28706214	0.93	-3.16686133330322	-0.12667445333212882
13.28689074	0.97	-2.4999330830901783	-0.09999732332360713
14.58932462	0.85	-6.928880171829466	-0.27715520687317863
14.589501	0.8	-6.694614824713469	-0.26778459298853874
14.58932462	0.79	-3.158590903101145	-0.1263436361240458
14.58932462	0.76	-2.7929134897712826	-0.1117165395908513
14.58932429	0.84	-12.886279056966874	-0.5154511622786749
14.58932429	0.8	-6.980989478324042	-0.27923957913296166
36.7704935	0.84	-12.924587277786452	-0.5169834911114581
36.7704731	0.76	-11.325199342078875	-0.453007973683155
36.7704935	0.8	-2.5485099591040052	-0.10194039836416022
36.7704731	0.85	-23.832327592339023	-0.9532931036935609
36.77045659	0.8	-4.641664072598428	-0.18566656290393713
0.76402007	0.85	-7.265561448892954	-0.29062245795571817
0.76402007	0.85	-5.072862913843759	-0.20291451655375034
0.76401755	0.8	-8.45836520619234	-0.3383346082476936
0.76402007	0.76	-1.6141072852949747	-0.064564291411799
0.76400799	0.84	-4.723745047928839	-0.18894980191715355
3.54653414	1.09	-1.681826215075044	-0.06727304860300176
3.546534	1.01	-6.7539179736728725	-0.2701567189469149
3.54653414	1.02	-22.84358465092751	-0.9137433860371005
3.54653414	0.9	-15.625159209357157	-0.6250063683742864
5.70072513	0.96	-8.10762492289015	-0.324304996915606
5.70070626	0.96	-19.23338431395906	-0.7693353725583625
5.70071153	1.02	-26.54745314068107	-1.0618981256272428
5.70078	1.01	-0.8764159233292774	-0.0350566369331711
5.70070626	1.09	-14.004339762598146	-0.5601735905039259
5.70071153	1.09	-11.436310188990086	-0.4574524075596035
2.58082149	0.86	-5.118336958968244	-0.20473347835872976
2.58082149	0.85	-8.126918666993506	-0.32507674667974024
2.580788	0.83	-9.087475704322319	-0.36349902817289276
2.58083264	0.82	-6.293129008173552	-0.2517251603269421
2.58082149	0.92	-11.347213826420644	-0.45388855305682574
2.58083264	0.88	-8.716422617590052	-0.34865690470360206
2.58081782	0.88	-5.0136089816485585	-0.20054435926594236
2.58082149	0.92	-6.734735702828848	-0.2693894281131539
2.58082149	0.92	-13.626162695280062	-0.5450465078112025
3.71545593	0.82	-13.560078572462809	-0.5424031428985123
3.71545593	0.88	-15.07594035693314	-0.6030376142773256
3.715345	0.83	-13.224118779032583	-0.5289647511613034
3.71545391	0.92	-7.478086328303871	-0.2991234531321549
3.71545391	0.92	-5.5322116629099725	-0.2212884665163989
7.0556671	0.92	-13.869974924678278	-0.5547989969871311
7.0556584	0.82	-5.490207706095214	-0.21960830824380856
7.0556671	0.92	-4.887920514803135	-0.19551682059212538
7.0556671	0.86	-5.625118596742972	-0.2250047438697189
7.0556671	0.92	-5.5151567798651495	-0.220606271194606
7.05564542	0.88	-12.53560071698216	-0.5014240286792864
7.0556584	0.88	-20.146364806721074	-0.8058545922688429
7.05568327	0.88	-7.618725261830985	-0.3047490104732394
11.978822	0.85	-9.025494486248826	-0.36101977944995306
11.978822	0.92	-10.69968040538424	-0.4279872162153696
11.97884409	0.88	-16.152979512825446	-0.6461191805130179
11.97868371	0.88	-0.6486168015024639	-0.025944672060098557
20.8342947	0.92	-1.463521400888793	-0.05854085603555172
20.8341497	0.82	-6.617226543030693	-0.26468906172122775
20.8342947	0.85	-6.077042404199952	-0.2430816961679981
20.8342947	0.92	-1.7239921004483445	-0.06895968401793379
20.8342947	0.86	-7.751422316230115	-0.3100568926492046
19.25405306	1.04	-4.388023843919302	-0.1755209537567721
19.25416	0.95	-0.12688012708715435	-0.005075205083486174
19.25405306	1.04	-1.5936167821920786	-0.06374467128768314
19.25405306	0.93	-7.335277837074734	-0.29341111348298937
19.25405306	0.94	-5.263170083645257	-0.21052680334581028
54.1561078	1.04	-3.403805393432498	-0.1361522157372999
54.1561078	1.04	-7.257046758625074	-0.29028187034500297
54.1558384	1.04	-7.387561926961435	-0.29550247707845745
54.15626716	0.94	-21.09238652079359	-0.8436954608317436
54.1561078	0.93	-11.148073234910207	-0.44592292939640826
54.15639829	0.94	-3.0961112190849156	-0.12384444876339663
3.701311	0.99	-16.968726246178072	-0.6787490498471229
3.70120482	0.95	-22.110518453501992	-0.8844207381400797
3.70120482	1.03	-6.872921251577909	-0.27491685006311634
6.62643441	1.01	-6.633507277670797	-0.2653402911068319
6.62643626	1.03	-13.60562194663109	-0.5442248778652435
6.62643626	1.03	-1.7060039895261703	-0.06824015958104682
6.62642692	0.95	-4.785456220301555	-0.19141824881206218
12.6450451	0.8	-4.728631627901671	-0.18914526511606686
12.6450451	1.13	-25.14876582430124	-1.0059506329720496
12.64481	0.89	-6.95357697829817	-0.27814307913192676
21.5262569	0.8	-21.676056072176557	-0.8670422428870623
21.5262958	0.8	-5.199778114353123	-0.2079911245741249
21.5262569	0.8	-1.036612060146596	-0.04146448240586384
21.52651	0.89	-3.2326028231608674	-0.1293041129264347
21.5262569	1.13	-4.173280682535881	-0.16693122730143525
33.88489343	1.13	-14.792152216929802	-0.5916860886771921
33.88489	0.89	-1.0554249584540898	-0.04221699833816359
10.86443187	0.38	-1.1403435313244275	-0.0456137412529771
10.86431	0.52	-3.0848936993582803	-0.12339574797433121
10.86443187	0.38	-5.254800826659202	-0.21019203306636808
3.621387	0.38	-2.8958369839024196	-0.11583347935609678
10.864384	0.5	-5.855023746294028	-0.23420094985176115
10.8644095	0.39	-7.397178338750871	-0.2958871335500349
3.622	0.21	-20.91797246876041	-0.8367188987504165
5.841641	0.52	-8.882142618518127	-0.35528570474072513
5.84164124	0.38	-5.444034074783176	-0.21776136299132706
5.84163661	0.39	-3.2049337711120156	-0.12819735084448064
19.85028393	0.38	-2.0068580552045256	-0.08027432220818102
19.85029495	0.39	-10.076611584359753	-0.4030644633743901
19.850291	0.5	-5.192526860107329	-0.20770107440429317
19.85037041	0.38	-19.13360850818248	-0.7653443403272993
34.1420506	0.39	-2.7530016544683855	-0.11012006617873542
34.14189	0.38	-6.645149528858625	-0.265805981154345
34.14247	0.52	-2.9276031930519424	-0.11710412772207769
34.14189	0.38	-1.1365732925550818	-0.04546293170220327
34.14211	0.5	-15.46151043065971	-0.6184604172263883
34.14189	0.38	-2.0516323247075836	-0.08206529298830334
34.14204	0.45	-8.391676947203905	-0.3356670778881562
63.33627	0.5	-3.985232413004904	-0.15940929652019617
63.3366606	0.38	-12.172467273769794	-0.48689869095079175
63.3366606	0.38	-20.3660831047576	-0.814643324190304
63.3354719	0.39	-12.290241235389999	-0.4916096494156
38.86872408	1.04	-7.068059871834594	-0.28272239487338374
38.86840425	1.04	-7.408828710325631	-0.29635314841302524
38.86840425	0.98	-8.6395726236039	-0.345582904944156
38.86848956	1.04	-3.4879884962531627	-0.13951953985012652
38.86848956	0.85	-4.00243030971286	-0.1600972123885144
74.92768653	0.85	-2.991408748278291	-0.11965634993113165
74.924	1.04	-10.69550998262642	-0.42782039930505683
74.92771752	1.04	-5.870214163012708	-0.23480856652050833
74.92771752	0.98	-6.546258312588287	-0.26185033250353146
74.92771752	1.04	-5.166669257097047	-0.2066667702838819
74.92771752	1.04	-8.037554651833867	-0.3215021860733547
74.92847668	1.04	-2.939434153796742	-0.11757736615186967
74.92771752	0.93	-22.666932506326926	-0.906677300253077
150.0190609	1.04	-2.414598975083369	-0.09658395900333476
150.0190609	1.04	-12.551888108362675	-0.502075524334507
150.02240715	1.04	-9.311093219596623	-0.37244372878386495
150.0191	1.07	-17.999361072067476	-0.7199744428826991
150.0189511	0.85	-11.670174266477822	-0.4668069706591129
10.47548192	0.67	-6.327485202928033	-0.25309940811712134
10.47548084	0.66	-11.947592990087488	-0.47790371960349953
10.47548192	0.67	-3.6253864985381	-0.145015459941524
10.47548084	0.72	-12.434476333418097	-0.4973790533367239
10.475426	0.66	-8.971958970585248	-0.35887835882340996
10.47548192	0.67	-5.927767948520139	-0.23711071794080557
22.92884482	0.69	-6.627538810751475	-0.265101552430059
22.92884482	0.67	-15.628095548497948	-0.6251238219399179
22.92884482	0.67	-12.014738277482227	-0.4805895310992891
77.47347082	0.72	-0.18180374259809717	-0.007272149703923887
77.4740724	0.67	-1.7079789000375405	-0.06831915600150162
77.4740724	0.67	-16.117383291002152	-0.6446953316400861
77.47394661	0.72	-3.5255366582639778	-0.14102146633055912
77.4740991	0.66	-2.0603178795500137	-0.08241271518200055
77.4740991	0.72	-12.01931625392903	-0.48077265015716125
77.4740724	0.67	-2.945902595670068	-0.11783610382680273
2.92721119	0.9	-3.9617252717836116	-0.15846901087134446
2.92721559	1.01	-19.232254601234125	-0.769290184049365
2.92721559	1.0	-14.254691934210149	-0.5701876773684059
2.92721559	0.95	-8.727580700973526	-0.34910322803894106
2.927162	1.0	-6.253559142721118	-0.25014236570884474
2.9271467	1.0	-12.142488904949534	-0.4856995561979814
2.92721559	1.01	-18.776125337496634	-0.7510450134998654
6.88595222	1.0	-3.6778715619015556	-0.14711486247606223
6.88595434	1.0	-1.5994193371877405	-0.06397677348750962
6.88595559	1.01	-1.6677948858342104	-0.06671179543336841
6.88595559	1.01	-7.255502700194894	-0.29022010800779574
6.88595222	0.9	-23.91255458251512	-0.9565021833006049
6.88595559	0.95	-5.911514932292307	-0.23646059729169228
15.05500668	1.0	-6.556955308126581	-0.2622782123250632
15.0548689	0.95	-1.7339610944587405	-0.06935844377834963
15.0549356	1.0	-10.14688974828864	-0.4058755899315456
15.0548689	1.01	-0.9062825794141803	-0.03625130317656721
15.0548689	1.0	-3.4721074079438052	-0.1388842963177522
15.05482	1.0	-8.925262880772875	-0.35701051523091504
15.0548689	1.01	-13.401609397261655	-0.5360643758904662
15.0549356	0.9	-4.18198331512004	-0.1672793326048016
38.2856338	0.9	-1.1924763613900848	-0.04769905445560339
38.2860832	1.0	-1.0854974661971926	-0.0434198986478877
38.2856338	1.01	-6.8017424712832755	-0.27206969885133103
38.28437	1.0	-2.9712874822559083	-0.11885149929023633
38.2856338	1.01	-8.458925765750536	-0.3383570306300214
38.2856338	1.0	-2.1841784574798537	-0.08736713829919415
38.2856338	0.95	-5.5301324774546385	-0.22120529909818554
29.1598615	0.94	-19.45958949214319	-0.7783835796857277
29.323	1.0	-17.572707025926384	-0.7029082810370554
29.1598615	0.99	-2.1396041289413943	-0.08558416515765577
29.1598615	0.83	-7.446906578979215	-0.2978762631591686
29.33434	0.99	-22.848595634856775	-0.913943825394271
60.32488611	0.99	-6.476041570556626	-0.25904166282226504
60.32488611	0.94	-12.14075413234063	-0.48563016529362524
60.32488611	0.99	-19.5608630716736	-0.782434522866944
60.32494216	0.99	-5.711707303581473	-0.22846829214325895
60.32501598	0.83	-18.33111529114881	-0.7332446116459523
60.32488611	0.95	-6.7445282688002015	-0.26978113075200805
60.323105	0.99	-3.7112965217625895	-0.14845186087050358
60.326	0.99	-3.2988270991879327	-0.13195308396751732
60.32488611	0.99	-14.507828246786135	-0.5803131298714453
60.32494216	0.83	-7.269210109618755	-0.2907684043847502
60.3251	0.99	-5.031698417250454	-0.20126793669001816
143.2063518	0.94	-4.275179687455538	-0.17100718749822152
143.213	0.99	-2.8242345250276046	-0.1129693810011042
143.2063518	0.99	-1.4594433804412967	-0.05837773521765187
143.2063518	0.99	-14.172385287262397	-0.5668954114904959
143.34394	0.99	-0.6042850028007817	-0.02417140011203127
143.2063518	0.99	-2.0121726477033244	-0.08048690590813298
143.2063518	0.95	-7.279903048521286	-0.2911961219408514
10.44636649	0.97	-6.295317191081688	-0.25181268764326753
10.44636649	0.97	-2.626782485135316	-0.10507129940541264
10.44636649	0.97	-11.255086809531981	-0.4502034723812793
10.44641752	1.07	-9.22828974403794	-0.36913158976151766
10.44637231	1.07	-0.42659479000597816	-0.017063791600239128
10.44635944	1.07	-6.4563021887303	-0.258252087549212
40.71524	1.03	-14.903982276105435	-0.5961592910442174
40.71515819	1.07	-0.8492926052869438	-0.03397170421147776
40.7151103	0.97	-4.202302235181774	-0.16809208940727097
40.7151103	1.07	-16.990275563267154	-0.6796110225306862
40.7150498	0.97	-8.49807009625346	-0.33992280385013846
40.7151103	0.97	-11.41605733651257	-0.4566422934605028
2.5085541	1.02	-6.66019745330628	-0.2664078981322512
2.5085541	0.94	-1.0199412273539696	-0.04079764909415878
2.5085541	0.94	-2.1467628455444947	-0.08587051382177979
5.41911291	1.0	-16.375619295238746	-0.6550247718095499
5.41908491	1.0	-4.4046443764664325	-0.1761857750586573
5.41907559	0.94	-13.722907279935352	-0.5489162911974141
5.41907559	0.94	-3.3836868221643175	-0.1353474728865727
13.75130391	1.0	-9.123095846912303	-0.36492383387649213
13.75134642	0.94	-8.886411998367187	-0.3554564799346875
13.75134642	0.94	-17.89188552547068	-0.7156754210188272
13.75125295	1.0	-10.782309141463069	-0.43129236565852275
13.75129636	0.94	-10.738386449384272	-0.4295354579753709
30.18360507	1.03	-15.070978519203866	-0.6028391407681547
30.1836854	0.97	-4.732498828886936	-0.18929995315547743
30.1837021	0.97	-4.12122385226651	-0.16484895409066042
30.1836854	1.02	-21.892426083910305	-0.8756970433564122
30.18269915	1.03	-6.473305886158135	-0.25893223544632543
30.1837021	1.03	-22.20436765289269	-0.8881747061157076
127.2824031	0.97	-4.449476430998216	-0.17797905723992866
127.2824442	0.97	-6.528216202373374	-0.26112864809493497
127.28144	1.02	-10.688031522588624	-0.427521260903545
127.2824031	1.02	-2.96053853221689	-0.11842154128867559
1.93703207	0.52	-3.627118930813605	-0.14508475723254421
1.93702997	0.51	-1.773454261498612	-0.07093817045994448
1.93703298	0.64	-1.9059333327981904	-0.07623733331192761
1.93703207	0.52	-7.875367238859286	-0.31501468955437145
1.937034	0.57	-10.57272968183143	-0.42290918727325716
7.061193	0.57	-1.1704980151856539	-0.04681992060742616
7.06117359	0.52	-20.608768322143916	-0.8243507328857567
7.06117534	0.64	-14.360605564237005	-0.5744242225694802
7.06118403	0.64	-8.985334451794259	-0.3594133780717704
7.06117359	0.52	-1.4412732549093974	-0.0576509301963759
7.06117322	0.64	-6.484789052398032	-0.2593915620959213
3.29570102	0.75	-3.757817143731811	-0.15031268574927245
3.2957058	0.69	-6.4766199042802715	-0.25906479617121086
3.29572965	0.75	-13.606109527127407	-0.5442443810850963
3.29570324	0.75	-8.164885160659864	-0.32659540642639456
3.29570364	0.8	-2.4091742010224197	-0.0963669680408968
3.29570364	0.83	-13.83998914639687	-0.5535995658558749
3.29570102	0.76	-3.362276941093926	-0.13449107764375703
3.29570364	0.83	-20.24479821483244	-0.8097919285932976
5.31595347	0.83	-0.5385596202544406	-0.021542384810177624
5.31595449	0.76	-15.725405269099939	-0.6290162107639976
5.31595347	0.83	-5.142429402001913	-0.2056971760800765
5.315965	0.69	-19.785166964402695	-0.7914066785761078
5.31595347	0.74	-11.898588100975845	-0.4759435240390338
5.31594758	0.75	-11.768673046035428	-0.4707469218414171
5.31595449	0.75	-10.321235144756415	-0.4128494057902566
9.65355708	0.75	-17.519332352996337	-0.7007732941198535
9.65347619	0.75	-13.956841710749051	-0.5582736684299621
9.6534764	0.83	-11.923461105468583	-0.4769384442187433
9.6534764	0.83	-12.867993075057152	-0.5147197230022861
9.6534764	0.74	-3.8648029070163603	-0.15459211628065442
1.499142	0.69	-6.752121533179676	-0.27008486132718706
1.49914695	0.83	-3.7805605985904176	-0.1512224239436167
1.49914723	0.75	-2.302317295872233	-0.09209269183488931
1.49914695	0.83	-2.2595820035672842	-0.09038328014269137
1.49914695	0.8	-11.688024016797232	-0.4675209606718893
5.48711079	0.84	-4.1208243790332215	-0.16483297516132886
5.48711441	0.82	-14.606345498480902	-0.5842538199392361
5.487108	0.9	-2.2136639651791046	-0.08854655860716419
5.48712242	0.82	-14.221019017922938	-0.5688407607169176
5.48711441	0.82	-2.7480651498055533	-0.10992260599222213
5.48711079	0.76	-3.813410685122632	-0.15253642740490528
8.29087418	0.76	-0.35529177785376137	-0.014211671114150455
8.29084167	0.82	-1.9388834318452617	-0.07755533727381046
8.290858	0.9	-12.703868287602525	-0.508154731504101
8.29087418	0.76	-0.5017607513983684	-0.020070430055934736
8.291	0.76	-12.452219907023732	-0.4980887962809493
8.29087418	0.84	-12.613229170500242	-0.5045291668200097
8.29	0.83	-34.204345346684164	-1.3681738138673667
8.291	0.76	-7.524191387041302	-0.3009676554816521
16.73893293	0.82	-14.344063469977282	-0.5737625387990913
16.73865956	0.84	-22.673392214224144	-0.9069356885689658
16.73890832	0.82	-9.069939664217141	-0.36279758656868566
16.73865956	0.76	-1.272648534041485	-0.0509059413616594
16.74	0.83	-15.428797697372861	-0.6171519078949145
16.73865956	0.76	-14.74203695885344	-0.5896814783541376
16.73869035	0.82	-19.364755225670777	-0.7745902090268311
4.646195	0.93	-7.404001072083866	-0.2961600428833546
4.64621076	0.81	-10.203000927845562	-0.4081200371138225
4.64622383	0.81	-1.7150507489670173	-0.06860202995868069
4.64621076	0.87	-7.747109556817344	-0.30988438227269377
4.64621076	0.87	-12.851985428789598	-0.5140794171515839
7.2402285	0.81	-3.7199604933507917	-0.14879841973403168
7.2402285	0.75	-5.190803255760169	-0.20763213023040678
7.24022418	0.77	-15.101468537725736	-0.6040587415090295
7.24022418	0.81	-19.672806984889103	-0.7869122793955642
7.24022996	0.81	-4.5851039813328915	-0.18340415925331566
17.32668599	0.81	-0.48826349528223445	-0.01953053981128938
17.32668599	0.87	-14.454235476184547	-0.5781694190473818
17.32683114	0.81	-8.71994777059211	-0.34879791082368444
17.32670445	0.81	-2.7272028355779594	-0.10908811342311837
44.84124614	0.81	-3.453239901190552	-0.13812959604762207
44.8412214	0.75	-5.381612832382667	-0.2152645132953067
44.8418	0.93	-22.769405224469732	-0.9107762089787893
44.8411168	0.77	-9.624192755559791	-0.3849677102223917
44.84074828	0.81	-19.100476745319092	-0.7640190698127637
44.8412214	0.87	-6.9386756516323125	-0.2775470260652925
44.8411168	0.81	-13.901697667572	-0.55606790670288
44.8412214	0.87	-14.462195878623314	-0.5784878351449326
10.416	0.98	-7.721475182456631	-0.30885900729826526
10.41572924	0.98	-7.489155041392701	-0.2995662016557081
10.41572924	0.98	-5.863835618232155	-0.2345534247292862
10.4208	0.91	-6.661254081063912	-0.2664501632425565
10.41573989	0.97	-1.5389036390105522	-0.06155614556042209
10.41572924	0.94	-9.489806226796953	-0.3795922490718781
10.41572666	0.97	-2.056713494731711	-0.08226853978926844
10.416	0.98	-3.0964315752390603	-0.12385726300956242
10.415808	0.86	-11.118345273352096	-0.4447338109340839
10.416	0.9	-12.730317342778088	-0.5092126937111235
13.084	0.9	-17.458756680274398	-0.6983502672109759
13.084	0.98	-2.506707186320037	-0.10026828745280149
13.08424096	0.98	-3.6345005018966434	-0.14538002007586573
13.0729	0.91	-8.169432555782418	-0.3267773022312967
13.08424286	0.97	-11.580437476374149	-0.46321749905496595
13.084143	0.86	-7.228511163015548	-0.28914044652062193
13.08424096	0.94	-18.449156705229747	-0.7379662682091899
13.08424286	0.95	-4.7929379712308835	-0.19171751884923535
9.69502544	1.0	-1.2942950525113082	-0.051771802100452326
9.69483	1.0	-1.619349545603152	-0.06477398182412608
9.69502544	1.0	-10.344955162182028	-0.41379820648728116
9.69501793	1.02	-12.888277122136692	-0.5155310848854677
9.69501146	1.02	-9.258977277037989	-0.37035909108151954
15.3825006	1.0	-5.679051943297326	-0.22716207773189304
15.3825394	1.0	-7.998781344495393	-0.31995125377981576
15.3823	1.0	-18.637287632901312	-0.7454915053160525
5.92365747	0.75	-18.766971401790844	-0.7506788560716338
5.92365634	0.51	-10.360057556783499	-0.41440230227133995
5.92365747	0.52	-3.386511033048767	-0.13546044132195068
5.92367007	0.75	-7.854228775007756	-0.31416915100031023
5.92365634	0.51	-9.81008946620528	-0.39240357864821124
5.92367766	0.75	-4.616608850176493	-0.18466435400705972
5.92365634	0.51	-20.224713657788733	-0.8089885463115494
105.3585964	0.51	-2.2816235440752246	-0.09126494176300899
105.3531	0.67	-9.221733873597667	-0.3688693549439067
105.3585964	0.51	-2.486294090229913	-0.09945176360919651
105.3585964	0.82	-5.295556574994413	-0.21182226299977655
105.35510254	0.51	-6.513677406160338	-0.26054709624641353
105.3585964	0.79	-5.6379322286420095	-0.2255172891456804
20.86021229	1.11	-12.318992939592217	-0.4927597175836887
20.86021267	1.19	-10.958002492085829	-0.43832009968343316
20.86021267	1.19	-1.60951410015327	-0.0643805640061308
20.86021267	1.04	-18.445478626323574	-0.737819145052943
20.861145	1.21	-4.416425355140247	-0.1766570142056099
42.6318	1.21	-20.512135933585654	-0.8204854373434262
42.63427848	1.11	-7.941257192904264	-0.3176502877161706
42.63427848	0.96	-6.852986361235211	-0.27411945444940844
42.63416177	1.19	-8.924488759485513	-0.35697955037942053
42.632	1.19	-2.3605972531135535	-0.09442389012454214
42.63425379	1.11	-3.4295336860426877	-0.1371813474417075
87.6451	1.21	-3.191294277498591	-0.12765177109994363
87.6476068	1.11	-3.7594275546165665	-0.15037710218466266
87.64763352	1.11	-9.593376029198973	-0.3837350411679589
87.6475334	1.19	-29.65979741941033	-1.1863918967764133
87.6475334	1.04	-3.6943523876182756	-0.14777409550473103
87.6472	1.21	-11.54319525058276	-0.4617278100233104
87.6475334	1.19	-5.298515352244992	-0.2119406140897997
87.6476068	0.96	-8.609814558177087	-0.3443925823270835
13.93068791	0.95	-19.409743629184554	-0.7763897451673821
13.93072278	0.89	-1.8177125983329985	-0.07270850393331994
13.93072278	0.91	-6.669667673914166	-0.26678670695656664
13.93072278	0.89	-7.981591849266977	-0.31926367397067906
13.93072278	0.85	-0.910747928986063	-0.03642991715944252
56.4744	0.97	-15.893905096382886	-0.6357562038553154
56.4758069	0.95	-1.0245320483547908	-0.040981281934191635
56.476167	0.91	-10.407466376253014	-0.4162986550501206
56.476167	0.85	-8.016265277986577	-0.3206506111194631
56.476167	0.89	-16.318261804482606	-0.6527304721793042
56.476167	0.89	-19.749622981168216	-0.7899849192467286
56.47603581	0.96	-2.1068363311497293	-0.08427345324598917
92.8747294	0.96	-4.817121144532956	-0.19268484578131823
92.8750347	0.89	-10.007773024044708	-0.40031092096178833
92.8750347	0.89	-13.83888892702689	-0.5535555570810756
92.8750347	0.91	-9.880209771047817	-0.39520839084191267
92.8750347	0.85	-13.742670634506315	-0.5497068253802526
92.8747294	0.95	-7.112639554531482	-0.28450558218125926
9.17617167	1.05	-10.685540728965726	-0.4274216291586291
9.17608	1.12	-12.014162448642175	-0.480566497945687
9.17613539	0.97	-14.876835399053515	-0.5950734159621406
9.17613239	1.05	-14.507083668288182	-0.5802833467315273
19.7383913	1.08	-10.733419986981763	-0.42933679947927056
19.7383992	0.97	-16.602041538435493	-0.6640816615374198
19.7383913	0.97	-16.779833145632445	-0.6711933258252978
19.73845351	1.05	-11.284709829691796	-0.4513883931876718
19.7383913	0.97	-10.030775428404015	-0.4012310171361606
232.040326	1.05	-11.020773255456968	-0.44083093021827874
1.77245107	1.17	-4.764414833379165	-0.1905765933351666
1.77244975	1.2	-27.098576096780867	-1.0839430438712347
1.77244975	1.2	-1.4094704659740955	-0.056378818638963824
1.77244975	1.2	-6.527470896205806	-0.26109883584823224
1.77245107	1.23	-6.5169870837125385	-0.26067948334850155
1.77244975	1.2	-14.223501785155575	-0.568940071406223
1.77241008	1.17	-9.259195565791707	-0.3703678226316683
19.74736302	1.17	-3.341663379066829	-0.13366653516267316
19.74733983	1.23	-0.8812702047858884	-0.035250808191435536
19.74735262	1.17	-5.461123533709772	-0.21844494134839088
19.74732846	1.2	-13.11974291821998	-0.5247897167287993
19.747469	1.23	-2.5006138178602413	-0.10002455271440966
14.9702081	0.96	-9.949997527184232	-0.39799990108736927
14.9702081	1.11	-5.901541427305257	-0.23606165709221028
14.97015	0.96	-6.017248401545857	-0.2406899360618343
32.2752118	1.11	-4.713532404324993	-0.18854129617299972
32.2752118	0.96	-6.896882851004874	-0.275875314040195
2.46106655	1.03	-10.570686502126106	-0.42282746008504424
2.46106962	0.89	-9.876508151101024	-0.395060326044041
2.461098	1.02	-13.344820830698676	-0.533792833227947
2.46106655	1.03	-9.686912738098826	-0.38747650952395307
2.46106655	1.03	-20.413566363555198	-0.816542654542208
2.46104053	0.89	-9.900145753302128	-0.3960058301320851
2.46106655	0.99	-17.499885751320193	-0.6999954300528077
5.9604	1.02	-6.388906000761958	-0.25555624003047833
5.96040324	0.89	-7.669066100445733	-0.3067626440178293
5.96040108	1.03	-10.321943673919087	-0.4128777469567635
5.96040001	0.98	-19.257184892739193	-0.7702873957095677
5.96040108	0.99	-3.0271172414957905	-0.12108468965983163
5.96040108	1.03	-5.994495779998272	-0.23977983119993088
5.96040108	0.99	-15.95552401525039	-0.6382209606100157
5.96040066	0.89	-12.939087299438503	-0.5175634919775401
96.105471	0.83	-8.55437088357193	-0.34217483534287724
96.1009	0.95	-18.32320031723118	-0.7329280126892472
96.11050444	1.04	-13.720933482131706	-0.5488373392852682
96.105471	0.82	-12.10173616152703	-0.48406944646108124
96.105471	0.82	-13.887031362562768	-0.5554812545025107
265.467621	0.83	-3.386405515525046	-0.13545622062100185
265.467621	0.98	-3.305596684754378	-0.13222386739017514
265.467621	0.82	-10.769579959324712	-0.4307831983729885
265.47847	1.04	-3.117498209327551	-0.12469992837310205
2.24048639	0.56	-7.218276935865651	-0.28873107743462606
2.24048639	0.62	-5.798888856636019	-0.23195555426544076
2.24048639	0.56	-9.669648085145827	-0.38678592340583307
6.82778157	0.59	-5.8922707651609745	-0.23569083060643897
6.82776885	0.67	-9.26270383391118	-0.3705081533564472
6.8277839	0.56	-7.199894822482566	-0.28799579289930266
6.8277839	0.56	-20.80326387099055	-0.832130554839622
6.82776344	0.67	-23.08577576498587	-0.9234310305994348
5.52418625	0.92	-17.677207540144774	-0.707088301605791
5.52418625	0.86	-9.751966571492392	-0.3900786628596957
5.524233	0.82	-9.957653153501361	-0.39830612614005445
5.52417517	1.04	-1.884260318206248	-0.07537041272824993
5.524	0.98	-11.201479592349557	-0.4480591836939823
8.77508519	1.04	-10.022438914038993	-0.40089755656155973
8.77508519	0.98	-0.687499685119404	-0.02749998740477616
8.77519484	0.92	-12.723213126218722	-0.5089285250487489
8.77514782	0.86	-7.58363437089568	-0.30334537483582724
8.77514	0.82	-9.722816232418314	-0.3889126492967326
4.66271906	1.07	-20.694688807972177	-0.8277875523188871
4.66271906	1.02	-15.44055622301806	-0.6176222489207224
4.66271902	1.05	-3.0164691608443035	-0.12065876643377214
4.66271906	1.11	-7.623366213604219	-0.30493464854416874
4.66271902	1.08	-6.934981393035641	-0.27739925572142565
4.66271906	1.11	-1.0367139490569783	-0.041468557962279134
11.8150013	1.11	-22.43768167089872	-0.8975072668359488
11.8150174	1.05	-7.525881059710107	-0.3010352423884043
11.8150174	1.08	-6.320371468897982	-0.2528148587559193
11.81500401	1.08	-5.09460699915429	-0.2037842799661716
11.8150013	1.11	-14.879824877708138	-0.5951929951083256
11.8150013	1.07	-10.383448525223274	-0.41533794100893096
11.815018	0.98	-10.09230679175759	-0.4036922716703036
4.36273233	0.99	-6.959282577467378	-0.2783713030986951
4.362741	0.96	-11.37685764887022	-0.45507430595480886
4.36274436	0.93	-18.496297196030927	-0.7398518878412371
4.36274436	1.35	-0.9558006522885487	-0.03823202609154195
6.94135962	1.35	-16.946100421360963	-0.6778440168544385
6.94135824	0.99	-10.217158976221093	-0.4086863590488437
6.941344	0.96	-19.027854645924386	-0.7611141858369754
6.94135962	1.35	-7.958295964398657	-0.31833183857594627
31.78209253	0.93	-6.205385613199662	-0.2482154245279865
31.7821117	0.88	-7.493564040847614	-0.29974256163390456
31.78221016	0.99	-1.1547452072672406	-0.046189808290689624
31.78209253	1.35	-5.72774344376121	-0.2291097377504484
31.78209253	0.96	-5.513171695594394	-0.22052686782377579
31.78209253	1.35	-1.1867334170456436	-0.04746933668182574
31.7821117	0.99	-7.405501538258653	-0.29622006153034613
5.901269	0.55	-6.133111824499871	-0.24532447297999482
5.90129534	0.57	-0.8453781794617204	-0.033815127178468816
5.90128282	0.57	-8.45118832441988	-0.3380475329767952
5.9012915	0.57	-5.034356288040992	-0.20137425152163968
5.90125513	0.52	-6.0138554468546	-0.240554217874184
5.901	0.51	-20.206654531458597	-0.8082661812583439
5.90127815	0.57	-7.699080510280861	-0.3079632204112344
5.9012	0.54	-6.268607189575334	-0.25074428758301337
5.90124	0.58	-15.528755168800902	-0.6211502067520361
5.90128282	0.52	-1.669448949135945	-0.0667779579654378
8.752167	0.55	-18.42779993484012	-0.7371119973936048
8.75210645	0.57	-15.103115133190624	-0.6041246053276249
8.7522	0.54	-11.088289091341299	-0.44353156365365193
8.7522	0.58	-14.21956318685464	-0.5687825274741856
8.752	0.51	-24.697243916438058	-0.9878897566575223
8.75210645	0.52	-16.236051504722628	-0.6494420601889052
8.75210645	0.52	-5.44077049589603	-0.2176308198358412
8.752	0.57	-11.120974690980534	-0.44483898763922136
8.75209691	0.51	-2.2545823663176034	-0.09018329465270414
8.75245953	0.52	-6.126033839287523	-0.24504135357150092
8.75208271	0.57	-4.265886251978965	-0.1706354500791586
22.7802	0.58	-24.269970978494257	-0.9707988391397703
22.78078241	0.51	-7.247649953870318	-0.2899059981548127
22.78076945	0.57	-10.178436911151625	-0.407137476446065
22.7809011	0.57	-0.38691038218350005	-0.015476415287340003
22.780806	0.55	-0.5335482836057177	-0.02134193134422871
22.78076945	0.52	-9.883346077426232	-0.3953338430970493
22.78078241	0.57	-9.25908670985706	-0.3703634683942824
22.78076945	0.52	-13.215513272602733	-0.5286205309041093
22.78073412	0.57	-17.392169048097273	-0.6956867619238909
22.78033066	0.52	-4.980889214897805	-0.19923556859591218
2.89600521	0.57	-7.186990804594995	-0.2874796321837998
2.896029	0.52	-15.93237408789754	-0.6372949635159015
2.896	0.58	-27.307014145708226	-1.092280565828329
2.896	0.54	-0.4614465902257102	-0.01845786360902841
2.89601379	0.52	-7.835393792301326	-0.31341575169205305
2.89602274	0.57	-13.857237897776972	-0.5542895159110789
2.89601379	0.52	-6.792085040055917	-0.2716834016022367
2.89601166	0.57	-22.505737146820255	-0.9002294858728103
0.74295905	0.57	-12.879826285022943	-0.5151930514009178
0.74295884	0.52	-2.8516306127650073	-0.11406522451060029
0.74295884	0.52	-10.066070361334077	-0.4026428144533631
0.74295791	0.57	-7.046860077135249	-0.28187440308540995
0.74296	0.54	-18.303502475830033	-0.7321400990332013
8.37159554	1.12	-0.307962416287398	-0.012318496651495921
8.37160502	1.08	-4.860151016900869	-0.19440604067603479
8.37160502	1.08	-1.884514038407174	-0.07538056153628696
8.37160502	1.07	-4.7997820461548235	-0.19199128184619293
8.37159554	1.18	-12.998852363863348	-0.5199540945545339
17.9346563	1.08	-0.3870489948190549	-0.015481959792762196
17.9346563	1.08	-0.6325138706793847	-0.025300554827175387
17.93457936	1.12	-8.3170374217431	-0.332681496869724
17.9346563	1.33	-20.801088108110054	-0.8320435243244022
17.9346606	1.18	-7.00667402459	-0.2802669609836
17.9346563	1.07	-27.273256959383346	-1.0909302783753339
4.91538748	1.03	-5.232380002687798	-0.2092952001075119
4.915378	0.9	-0.9268304012808921	-0.03707321605123569
4.91538707	1.06	-7.90257449635182	-0.3161029798540728
4.91538707	1.06	-24.310838999454376	-0.972433559978175
4.91538707	1.03	-4.986369834915601	-0.19945479339662406
4.91538545	1.02	-1.1981619310253728	-0.04792647724101491
13.0939051	1.06	-22.532010618387517	-0.9012804247355007
13.0938851	1.03	-4.577681972685568	-0.1831072789074227
13.09390911	1.03	-8.271510520054818	-0.33086042080219275
13.09390911	1.02	-15.070782176219154	-0.6028312870487662
13.0939051	1.02	-1.6426301940124466	-0.06570520776049786
1.65388948	0.92	-1.5017775718546238	-0.060071102874184955
1.65389346	0.74	-1.3272114845041285	-0.05308845938016514
1.65389346	0.74	-7.756742156351252	-0.3102696862540501
1.65389346	0.74	-5.427851052447515	-0.2171140420979006
1.653898	0.9	-3.2603524330152003	-0.13041409732060802
1.65389346	0.92	-3.992635894602468	-0.15970543578409874
4.337238	0.9	-15.78515279429788	-0.6314061117719153
4.33722404	0.91	-1.259044090020556	-0.050361763600822236
4.33722007	0.92	-1.7599101261144274	-0.0703964050445771
4.33723355	0.92	-3.713621980172068	-0.14854487920688272
4.33722404	0.74	-11.07758911275248	-0.44310356451009925
1.67832545	1.12	-5.4149915738923	-0.216599662955692
1.67832545	1.12	-0.8597471380324637	-0.03438988552129855
1.67832545	1.12	-5.313829177438614	-0.21255316709754457
1.678	1.12	-6.250644864303601	-0.250025794572144
1.67832796	1.05	-29.0069792430472	-1.1602791697218882
1.6783263	1.05	-0.9932621364681136	-0.03973048545872454
1.67832545	0.95	-3.662037006167115	-0.14648148024668461
1.67832545	1.09	-3.9987450418169534	-0.15994980167267814
3.55382967	1.12	-14.894102393468913	-0.5957640957387565
3.55383111	1.0	-7.147701757905887	-0.2859080703162355
3.55382967	0.95	-7.899468691926647	-0.3159787476770659
3.55383111	1.05	-9.577443933223135	-0.3830977573289254
3.55382967	1.12	-4.126867321493684	-0.16507469285974735
3.55382967	1.09	-7.9235049212056055	-0.3169401968482242
4.38536428	0.84	-7.354104177983524	-0.29416416711934096
4.38536461	0.9	-8.415473488078273	-0.33661893952313093
51.8096695	0.87	-12.553194055330293	-0.5021277622132118
51.8098276	0.89	-4.039794032348171	-0.16159176129392683
51.81024389	0.89	-3.991204177931128	-0.1596481671172451
51.8096695	0.9	-0.6283381036818649	-0.0251335241472746
51.8096695	0.9	-8.207574956947056	-0.32830299827788223
13.97925	0.85	-8.811922792787295	-0.3524769117114918
13.97946561	0.9	-6.17872811628021	-0.2471491246512084
13.97946561	0.9	-5.389208166176957	-0.21556832664707826
13.97939968	0.84	-2.2827719166555216	-0.09131087666622087
4.54443647	0.99	-25.12120544978994	-1.0048482179915976
4.54443777	0.89	-8.174956899547205	-0.3269982759818882
4.54443777	0.89	-11.972306024626478	-0.4788922409850591
4.54443777	0.91	-5.209222497028733	-0.20836889988114934
4.54445723	0.99	-2.840213539354856	-0.11360854157419426
4.54443059	0.99	-10.446728185296122	-0.4178691274118449
12.76220558	0.99	-3.1831017994061153	-0.12732407197624462
12.76222134	0.99	-6.6228315558642405	-0.2649132622345696
12.76224947	0.89	-5.648298323406801	-0.22593193293627206
12.76212	0.92	-10.612079238886137	-0.4244831695554455
12.76211573	0.99	-6.99074104686046	-0.2796296418744184
12.76224947	0.89	-19.121632980313628	-0.7648653192125451
12.76220558	0.92	-10.268864818299331	-0.41075459273197323
38.7149617	0.99	-2.654166478163846	-0.10616665912655383
38.7146833	0.89	-3.234796305297144	-0.12939185221188576
38.71479726	0.99	-18.442497045941742	-0.7376998818376697
38.71497679	0.99	-2.6695758872252915	-0.10678303548901166
2.24828854	0.93	-0.4051629190867133	-0.016206516763468532
2.248	0.93	-11.298948010100535	-0.4519579204040214
2.24830252	0.88	-5.371137080701959	-0.21484548322807837
2.24829055	0.88	-2.6745715678637403	-0.10698286271454961
2.24828821	0.82	-3.832325966723753	-0.15329303866895014
2.24828854	0.85	-8.779725298244298	-0.3511890119297719
4.58033862	0.91	-5.861477527737266	-0.23445910110949064
4.58034082	0.88	-4.307234940079444	-0.17228939760317777
4.58033862	0.93	-0.16505050252725295	-0.006602020101090118
4.58	0.93	-9.950236246114615	-0.39800944984458464
6.76689811	0.85	-20.9193124855271	-0.836772499421084
6.766912	0.91	-24.19366800026386	-0.9677467200105544
6.76689811	0.93	-9.964188756216346	-0.39856755024865387
6.76691039	0.88	-12.790835763785118	-0.5116334305514048
6.76690845	0.88	-6.831336712596854	-0.27325346850387416
6.76689811	0.93	-13.651201439055486	-0.5460480575622194
6.76689811	0.93	-9.637090324958919	-0.38548361299835676
2.5495633	0.57	-11.344569738586806	-0.45378278954347223
2.549559	0.55	-12.738046972194448	-0.5095218788877779
2.54956265	0.59	-20.008770139619195	-0.8003508055847678
2.54956265	0.51	-16.71940871950776	-0.6687763487803104
2.5495633	0.5	-1.758127827430842	-0.07032511309723369
2.54954597	0.59	-20.16494950802174	-0.8065979803208696
5.21231585	0.5	-4.088311521157652	-0.1635324608463061
5.21231974	0.59	-13.017581472909637	-0.5207032589163855
5.21232556	0.59	-11.305423656185459	-0.45221694624741837
5.21231585	0.5	-8.737065633697924	-0.34948262534791696
5.21231585	0.57	-4.574729364209817	-0.18298917456839267
5.21231887	0.59	-4.771261739447683	-0.1908504695779073
5.212	0.5	-6.604947027662938	-0.26419788110651754
5.21230171	0.59	-8.478355995144774	-0.339134239805791
5.212	0.58	-10.153617774856283	-0.4061447109942513
13.96950181	0.51	-0.8769999386887073	-0.03507999754754829
13.96952951	0.59	-8.054769478491416	-0.32219077913965666
13.96950159	0.59	-2.179678364306929	-0.08718713457227717
13.969	0.5	-5.759167096017996	-0.23036668384071984
13.96948245	0.5	-14.026326879807929	-0.5610530751923172
13.96948245	0.5	-2.131215583653048	-0.08524862334612193
34.9176592	1.15	-13.411806658128778	-0.5364722663251511
71.3101	1.07	-8.846520597970652	-0.3538608239188261
71.3116598	1.13	-15.85515023342191	-0.6342060093368764
71.31182361	1.13	-27.394612485740396	-1.0957844994296158
71.3116583	1.15	-25.957919899150355	-1.0383167959660142
71.3116583	1.15	-1.3138727793393399	-0.052554911173573596
71.312	1.15	-0.9961770180634598	-0.03984708072253839
71.3116583	1.15	-9.560893769586311	-0.38243575078345243
7.41634311	0.53	-12.696667717183779	-0.5078667086873512
7.4164	0.6	-23.968339845467174	-0.958733593818687
7.41633724	0.7	-9.853156199807486	-0.39412624799229945
18.6848057	0.53	-10.427627303413137	-0.4171050921365255
18.6848377	0.56	-0.10643338613027009	-0.004257335445210804
5.66815436	1.21	-13.214135351146066	-0.5285654140458427
5.66815436	1.18	-8.230967812162834	-0.3292387124865134
5.66815436	1.1	-1.5399167787220325	-0.0615966711488813
5.66815436	1.1	-20.442570938417198	-0.8177028375366879
5.66815821	1.07	-13.954834337970176	-0.558193373518807
13.175373	1.07	-13.051799240383373	-0.5220719696153349
13.17555999	1.1	-4.758562227458481	-0.19034248909833923
13.175619	1.29	-7.40122616684269	-0.2960490466737076
13.17552703	1.07	-4.616694519318834	-0.18466778077275336
13.176	1.1	-2.332346149682147	-0.09329384598728588
13.17556672	1.21	-9.69951378569747	-0.3879805514278988
13.17556672	1.1	-0.8853654975719032	-0.03541461990287613
21.77571439	1.07	-8.073034853442385	-0.3229213941376954
21.77568751	1.18	-9.555656538808865	-0.3822262615523546
21.77568751	1.1	-14.89879619209794	-0.5959518476839176
21.77568751	1.1	-5.9141793993439205	-0.23656717597375682
21.776	1.1	-10.231386748442533	-0.40925546993770134
21.77568751	1.1	-11.785859252917753	-0.47143437011671013
21.775754	1.29	-6.60900018144857	-0.2643600072579428
21.77568158	1.07	-19.560217336804648	-0.7824086934721859
21.776	1.1	-10.674575420714877	-0.4269830168285951
21.77568751	1.21	-1.9723670810634724	-0.0788946832425389
31.7848157	1.07	-21.772173268876717	-0.8708869307550687
31.7848157	1.1	-0.8158326332448447	-0.03263330532979379
31.7849578	1.07	-7.652836861368361	-0.30611347445473447
31.78476785	1.1	-21.800142498531716	-0.8720056999412686
31.78476785	1.18	-0.4953714084719137	-0.019814856338876547
31.785	1.1	-14.18637343354124	-0.5674549373416496
31.784	1.1	-11.930141658456435	-0.4772056663382574
31.7844	1.29	-10.91417884282043	-0.43656715371281724
31.78476785	1.1	-15.23478833955711	-0.6093915335822844
31.784	1.1	-2.6055142901988315	-0.10422057160795327
41.0280637	1.1	-9.090184338109568	-0.3636073735243827
41.029	1.1	-8.915261611124127	-0.3566104644449651
41.0283424	1.07	-15.23763738627836	-0.6095054954511344
8.25984303	0.82	-10.807230371867396	-0.43228921487469585
8.25981532	0.82	-11.31950353870805	-0.452780141548322
8.25981532	0.85	-8.494550634801698	-0.3397820253920679
8.2598	0.79	-20.723793005967167	-0.8289517202386867
8.25981532	0.82	-8.746087153753038	-0.3498434861501215
8.25980352	0.82	-6.507790156496338	-0.2603116062598535
15.95541913	0.82	-2.384491539752333	-0.09537966159009333
15.95545002	0.79	-9.185041888414785	-0.3674016755365914
15.95522	0.79	-9.95335472002755	-0.398134188801102
15.95545002	0.82	-8.550229654811126	-0.342009186192445
15.9555131	0.82	-3.459547247754331	-0.13838188991017325
15.95545002	0.85	-15.34589572978832	-0.6138358291915328
15.95541913	0.78	-14.599788323829726	-0.5839915329531891
15.95545002	0.82	-13.870767013298538	-0.5548306805319415
8.45747483	0.54	-9.195675917406241	-0.36782703669624967
8.45750018	0.73	-6.770949321623767	-0.27083797286495065
8.45747483	0.54	-7.8059650477205995	-0.31223860190882397
8.45747483	0.74	-29.5286847297567	-1.1811473891902682
8.45746636	0.54	-2.661501552818251	-0.10646006211273004
17.2811521	0.54	-14.443793415587878	-0.5777517366235151
17.28116957	0.73	-0.8978514392575376	-0.03591405757030151
17.28116	0.65	-16.61355481019378	-0.6645421924077511
17.2811521	0.74	-10.56954584272098	-0.42278183370883926
17.28116957	0.54	-4.757271346683816	-0.19029085386735264
17.28109052	0.73	-16.842593958725445	-0.6737037583490179
17.2811521	0.54	-3.798650033218191	-0.15194600132872765
32.1340737	0.54	-7.486936015759497	-0.2994774406303799
32.1340014	0.73	-15.092338760935835	-0.6036935504374334
32.1340737	0.54	-9.392753061198063	-0.3757101224479225
32.1340737	0.74	-7.738741740437929	-0.3095496696175172
7.62635494	0.81	-2.46379837773604	-0.0985519351094416
7.626364	0.75	-2.7241186747732606	-0.10896474699093042
7.62640248	0.81	-13.666837797804622	-0.5466735119121848
7.62634063	0.8	-10.534180318989856	-0.42136721275959427
7.62634063	0.8	-15.236769715128327	-0.609470788605133
7.62632454	0.81	-3.764706383204654	-0.15058825532818618
7.62634063	0.8	-9.701383610689543	-0.3880553444275817
15.9956114	0.74	-8.068149920796234	-0.3227259968318494
15.9956114	0.8	-11.813204001258901	-0.4725281600503561
15.9956114	0.8	-12.494255987711744	-0.49977023950846977
15.9956114	0.8	-8.636500487981712	-0.34546001951926847
15.99560373	0.77	-13.831221516538136	-0.5532488606615255
15.99560373	0.81	-20.791395450711455	-0.8316558180284582
34.21117556	0.81	-2.289549038096157	-0.09158196152384628
34.2113054	0.74	-0.47042013610529304	-0.018816805444211722
34.21082019	0.81	-4.836182556570591	-0.19344730226282367
34.2115022	0.81	-10.019280577742196	-0.4007712231096878
34.2113054	0.8	-11.884889620288105	-0.4753955848115242
34.2113054	0.8	-0.6235038065634317	-0.02494015226253727
34.2113054	0.8	-9.370184064918849	-0.37480736259675396
34.2115022	0.77	-9.406170000804739	-0.3762468000321896
12.55111099	0.7	-21.007303076772967	-0.8402921230709187
12.55111816	0.7	-10.465169287774387	-0.4186067715109755
12.55116369	0.7	-4.249214762191613	-0.16996859048766452
12.55109333	0.59	-6.475006147135907	-0.25900024588543624
12.55111099	0.61	-9.719574687137406	-0.3887829874854963
12.55109333	0.59	-6.4021183437429565	-0.25608473374971824
12.55109333	0.66	-24.067778910643963	-0.9627111564257586
12.55109333	0.59	-5.155829886104718	-0.20623319544418872
24.0882568	0.59	-4.092960441294263	-0.16371841765177053
24.08803827	0.7	-12.3218207523824	-0.49287283009529603
24.08826	0.6	-9.29772013598113	-0.3719088054392452
5.47033694	1.02	-28.450586846755545	-1.1380234738702217
5.470371	1.06	-4.433621350937299	-0.17734485403749198
5.47033089	1.07	-11.530411753724852	-0.4612164701489941
5.47033376	0.96	-0.1736114584107772	-0.0069444583364310876
5.47032469	1.07	-4.987229258586186	-0.19948917034344746
5.47033694	0.96	-15.708099464845343	-0.6283239785938137
5.47033376	1.07	-6.373892452105403	-0.2549556980842161
12.75799391	1.07	-4.940640060415262	-0.1976256024166105
12.758079	1.06	-20.84291952563767	-0.8337167810255067
12.75800092	0.96	-10.435834439871174	-0.41743337759484694
12.75802811	0.96	-1.8453482275230428	-0.07381392910092172
12.75802811	1.02	-19.32392499321155	-0.772956999728462
25.0985083	1.07	-4.2946594957314685	-0.17178637982925873
25.09858	1.06	-7.558080606901612	-0.3023232242760645
25.09852783	0.96	-2.393686093469725	-0.095747443738789
25.09852783	0.96	-8.097641972260583	-0.3239056788904233
25.09852783	0.96	-13.052858695745636	-0.5221143478298255
25.0984395	1.07	-2.5804744306343244	-0.10321897722537297
25.09852783	1.02	-17.317679508442033	-0.6927071803376813
25.0985083	0.96	-0.5051557109466434	-0.020206228437865733
6.56225728	1.23	-5.833150823640368	-0.23332603294561474
6.56224804	1.08	-3.81877311484516	-0.1527509245938064
6.56225728	1.02	-7.07887716896255	-0.283155086758502
6.562295	1.03	-4.511217698176235	-0.18044870792704942
6.56225728	1.02	-9.752849074558625	-0.390113962982345
6.56226483	1.21	-10.898561074263862	-0.43594244297055446
6.56225728	1.02	-12.744633842521473	-0.509785353700859
6.56226483	1.08	-19.364566081246014	-0.7745826432498406
67.844689	1.08	-4.094767235261674	-0.16379068941046698
67.8450771	1.02	-1.1954887482177399	-0.0478195499287096
67.8450771	1.23	-7.80249365664822	-0.31209974626592885
67.844689	1.21	-3.185920936155575	-0.127436837446223
67.8450771	1.37	-7.764496097859777	-0.3105798439143911
2.02482034	0.94	-5.805262848461	-0.23221051393844
2.024848	1.06	-5.269810063663193	-0.2107924025465277
2.02482034	0.94	-4.559919404555853	-0.1823967761822341
9.59993139	0.94	-1.910972337563658	-0.07643889350254632
9.59993246	1.09	-6.7378109612644295	-0.2695124384505772
9.59993139	0.94	-14.740644517695053	-0.5896257807078021
20.67879355	0.94	-5.4338160686970935	-0.21735264274788374
20.67879355	0.94	-13.553180591420254	-0.5421272236568102
20.67879355	1.09	-14.267803444715781	-0.5707121377886313
20.67876365	1.09	-9.560055364029703	-0.3824022145611881
3.29276797	1.01	-1.7308936041224796	-0.06923574416489918
3.29278521	1.01	-21.362653762157784	-0.8545061504863114
3.29276965	1.05	-4.8384383279332335	-0.19353753311732935
3.29276965	1.08	-2.710355120910472	-0.10841420483641889
3.29276965	0.97	-14.412922731228553	-0.5765169092491421
9.69315023	1.01	-0.4497459058478702	-0.01798983623391481
9.69315566	0.97	-4.790614013333432	-0.1916245605333373
9.69315566	0.97	-11.994723138103335	-0.47978892552413344
9.69315566	1.08	-19.92057915523753	-0.7968231662095012
9.69315566	1.05	-7.4389961811319605	-0.29755984724527845
9.69303	1.02	-11.627798520142935	-0.46511194080571744
9.69312737	1.01	-0.31517745213552706	-0.012607098085421082
13.72699	1.06	-9.194687057416537	-0.3677874822966615
13.72707449	1.1	-17.698659781122448	-0.7079463912448979
13.72707449	1.14	-0.9376697681927557	-0.03750679072771023
13.72686	1.1	-0.4121216005671698	-0.016484864022686792
13.72707449	1.2	-3.528423390999452	-0.1411369356399781
13.72707449	1.1	-4.460459188009298	-0.17841836752037193
13.72710334	1.09	-7.372015228558914	-0.2948806091423566
24.3111399	1.1	-1.4127745834256167	-0.056510983337024666
24.3111399	1.14	-18.387817752603407	-0.7355127101041363
24.3110031	1.09	-32.77196552889753	-1.3108786211559014
24.3111399	1.1	-9.369489097892227	-0.3747795639156891
24.31142451	1.06	-11.358085999512001	-0.4543234399804801
44.4301361	1.14	-18.248240993298502	-0.7299296397319401
44.4301361	1.2	-17.47016288382774	-0.6988065153531097
44.4304059	1.09	-6.572971330138193	-0.2629188532055277
9.34149	1.06	-3.999817702951183	-0.15999270811804733
9.34144548	1.14	-12.428905660751715	-0.4971562264300686
9.34144548	1.1	-2.9502621265042928	-0.11801048506017171
9.34144548	1.2	-1.459066123428004	-0.058362644937120164
9.34144548	1.1	-4.2815105992363	-0.17126042396945199
4.97760447	0.96	-16.37646144150859	-0.6550584576603435
4.97760447	0.87	-15.543940407201314	-0.6217576162880526
4.97759711	0.96	-4.9287593337601905	-0.19715037335040764
4.977671	0.93	-25.91991579599633	-1.0367966318398534
4.97761996	0.88	-5.885702269095733	-0.2354280907638293
4.97761996	0.87	-1.9655814052198641	-0.07862325620879457
4.97760699	0.96	-9.297780613638471	-0.3719112245455389
6.98803345	0.87	-8.655599398339557	-0.3462239759335823
6.98825	0.93	-16.90629775836466	-0.6762519103345863
6.988	0.88	-7.982877316250628	-0.3193150926500251
6.98800953	0.96	-6.236941671623244	-0.24947766686492975
6.98778873	0.96	-13.85942215322865	-0.554376886129146
6.98803345	0.93	-0.5621299360205821	-0.022485197440823286
10.55838956	0.93	-13.884478779268079	-0.5553791511707232
10.55840479	0.87	-9.636009869775314	-0.3854403947910126
10.55838956	0.88	-14.090919194317674	-0.563636767772707
10.558	0.88	-2.908955230916825	-0.116358209236673
10.55840479	0.96	-17.01831856186662	-0.6807327424746649
14.8444163	2.05	-4.659130842967924	-0.18636523371871697
14.8444163	1.65	-1.167981592034883	-0.046719263681395326
14.8444163	2.05	-11.67402463238763	-0.46696098529550517
14.8444836	1.42	-5.6550477290169345	-0.2262019091606774
22.8245485	2.05	-9.84216610355223	-0.3936866441420892
22.8245485	2.05	-6.086221440751589	-0.24344885763006358
5.19556758	0.98	-9.325408897929647	-0.37301635591718585
5.19556758	1.0	-16.191388831617772	-0.6476555532647109
5.19559398	0.96	-4.892440457411899	-0.19569761829647597
5.1955	1.01	-7.939981686407663	-0.3175992674563065
5.19556758	1.0	-10.978150836617598	-0.4391260334647039
5.19559398	1.01	-1.1057994388356776	-0.0442319775534271
8.01041305	1.0	-4.58991828170864	-0.1835967312683456
8.01041305	1.0	-19.160371527074943	-0.7664148610829977
8.0103206	1.01	-17.76226416501448	-0.7104905666005792
8.01040007	1.01	-3.602020163252858	-0.14408080653011432
8.0103929	0.96	-5.423829609518888	-0.21695318438075553
8.01041305	1.0	-1.198452613065173	-0.04793810452260692
27.6666273	1.01	-13.446920278506154	-0.5378768111402462
27.6665971	1.0	-2.995575069587155	-0.11982300278348619
27.6665971	0.98	-10.889605857122898	-0.43558423428491594
27.6665971	1.0	-5.567718465167394	-0.22270873860669574
27.6665971	1.0	-6.731006724951208	-0.2692402689980483
27.6669227	1.01	-13.433493024735888	-0.5373397209894355
42.4729078	1.01	-2.6769466475412447	-0.10707786590164979
42.4730575	0.98	-3.534590223276294	-0.14138360893105176
42.4718417	1.01	-2.6726924628648985	-0.10690769851459594
42.4730575	1.0	-6.255303140411715	-0.2502121256164686
42.4729078	0.96	-10.185498362786467	-0.4074199345114587
15.170189	1.19	-9.931671951328799	-0.397266878053152
15.17026179	1.2	-4.8189464116866905	-0.19275785646746763
15.17026921	1.25	-8.340393016606807	-0.3336157206642723
15.17026179	1.2	-15.389116355498697	-0.6155646542199479
15.17026179	1.26	-10.197350698786762	-0.4078940279514705
15.17017322	1.16	-15.756275429946097	-0.6302510171978439
15.17026179	1.21	-8.610193374032551	-0.34440773496130206
26.2348478	1.26	-11.574505936357346	-0.46298023745429384
26.2348478	1.2	-6.204146008833266	-0.24816584035333067
26.2348478	1.2	-12.644124446250554	-0.5057649778500222
39.4571522	1.2	-8.886894988174221	-0.35547579952696884
39.4571522	1.21	-6.584337103931801	-0.263373484157272
39.45988	1.19	-11.931122772509445	-0.4772449109003778
39.4576228	1.16	-4.910950339329894	-0.19643801357319576
39.45718702	1.16	-15.177744055117916	-0.6071097622047167
39.4571522	1.2	-9.590965718979998	-0.3836386287591999
39.4576228	1.25	-5.365909123748113	-0.21463636494992455
39.4571522	1.26	-7.012002506623494	-0.28048010026493975
1.64422461	1.2	-9.598369369921437	-0.3839347747968575
1.64422461	1.2	-6.442709119549365	-0.2577083647819746
1.64422103	1.16	-14.962236465061869	-0.5984894586024748
1.64422461	1.2	-7.978846841553267	-0.31915387366213066
8.968574	1.05	-18.36600793356231	-0.7346403173424925
8.96848108	1.08	-3.5850039027426437	-0.14340015610970575
8.96847034	1.03	-14.856269720402913	-0.5942507888161166
8.96848108	1.02	-2.1110690152402762	-0.08444276060961105
8.96848108	1.05	-2.4052083990923827	-0.09620833596369531
8.96847034	1.05	-4.403841529530148	-0.1761536611812059
8.96848108	1.02	-5.494393971512067	-0.21977575886048267
23.2218189	1.05	-1.4493697541006316	-0.057974790164025264
23.2218115	1.03	-1.7432186906487732	-0.06972874762595092
23.22163264	1.03	-7.192507573775807	-0.28770030295103227
23.2218189	1.02	-6.629573131454521	-0.2651829252581808
23.2218189	1.08	-5.4555511591036385	-0.21822204636414555
23.2218189	1.02	-15.445713777898742	-0.6178285511159497
23.22181264	1.03	-9.551677308627594	-0.3820670923451038
23.2218189	1.02	-3.8639502021153853	-0.15455800808461542
23.2218115	1.05	-9.760570241667086	-0.39042280966668347
21.96392155	0.92	-3.7939973706753563	-0.15175989482701424
21.96399084	0.93	-12.774153675465676	-0.5109661470186271
21.96394	0.93	-18.65447227769022	-0.7461788911076088
21.96399084	0.94	-11.924680479496535	-0.4769872191798614
21.96401646	0.92	-2.0226371012992197	-0.08090548405196879
21.96401646	0.94	-19.02338662295294	-0.7609354649181177
125.602302	0.93	-5.937774182427683	-0.23751096729710733
125.602302	0.94	-8.309834864452862	-0.33239339457811445
125.5963	0.93	-5.413415194301424	-0.21653660777205697
125.602302	0.94	-1.9008374752239183	-0.07603349900895673
125.602323	0.94	-3.3560112742806583	-0.13424045097122633
125.602323	0.92	-6.95215237419551	-0.2780860949678204
125.602302	0.93	-15.081378484001284	-0.6032551393600514
7.42	0.79	-21.64976409310333	-0.8659905637241332
7.41557859	0.72	-2.8241533081144	-0.112966132324576
7.41557859	0.62	-2.459561099997751	-0.09838244399991003
7.41557859	0.62	-4.152905232632407	-0.1661162093052963
7.41538	0.61	-11.19258975921731	-0.4477035903686924
9.38742889	0.62	-0.30046364008610815	-0.012018545603444326
9.387	0.7	-1.8512077691463191	-0.07404831076585276
6.51111985	0.94	-21.219463827432115	-0.8487785530972847
6.511104	0.98	-10.96440722516933	-0.4385762890067732
6.51111985	1.06	-0.5637407532137335	-0.022549630128549342
6.51111985	1.06	-2.470750422566255	-0.09883001690265021
6.511168	1.02	-9.510597288953546	-0.3804238915581419
6.51112086	0.98	-13.58934285261643	-0.5435737141046572
23.85136	1.02	-4.396924151726426	-0.17587696606905706
23.85163032	1.06	-10.513156747172294	-0.4205262698868918
12.7983044	0.92	-19.29643412101447	-0.7718573648405789
12.79838	1.06	-9.06956536129683	-0.3627826144518732
12.79838462	1.05	-7.870347965239674	-0.31481391860958696
12.7983044	1.07	-3.8570826126456046	-0.1542833045058242
27.3216332	1.05	-1.441602302402663	-0.05766409209610652
27.3216332	1.07	-0.41452778395900547	-0.01658111135836022
27.3214242	1.0	-9.035073612945059	-0.36140294451780236
27.3216332	0.92	-16.03795963536143	-0.6415183854144573
85.520888	0.92	-17.46756355886748	-0.6987025423546992
85.517344	1.0	-4.224277834561065	-0.1689711133824426
7.05676864	1.33	-11.439946909980602	-0.4575978763992241
7.056747	1.16	-1.1285360497786658	-0.045141441991146634
7.05673363	1.33	-4.1407682942762385	-0.16563073177104953
7.05675289	1.2	-0.6986676215458105	-0.02794670486183242
7.05675145	1.26	-7.415852323492164	-0.29663409293968657
17.26551258	1.33	-3.9659572792433173	-0.1586382911697327
17.26528261	1.33	-15.738167457508032	-0.6295266983003213
17.2654644	1.2	-3.757588707168107	-0.1503035482867243
17.2654644	1.19	-4.006967032930273	-0.16027868131721093
17.2653659	1.26	-10.14221177446988	-0.4056884709787952
5.92974581	1.01	-9.194437987144676	-0.367777519485787
5.93	1.0	-8.299415676885205	-0.3319766270754082
5.92973644	1.12	-10.513773742013116	-0.42055094968052464
5.92973644	1.08	-11.788823956773165	-0.4715529582709266
5.92972237	1.03	-8.025133067327813	-0.32100532269311255
5.92973644	1.0	-12.617760191021585	-0.5047104076408634
5.929774	1.02	-8.524024165505809	-0.34096096662023234
12.248	1.0	-2.2371823253100334	-0.08948729301240134
12.2476033	1.01	-12.642698659264395	-0.5057079463705758
12.2476121	1.01	-7.837571880220515	-0.3135028752088206
12.24764145	1.0	-9.219827354708784	-0.3687930941883514
12.24764145	1.08	-12.725117247383377	-0.5090046898953351
12.24764145	1.12	-5.659840666595447	-0.2263936266638179
131.458	0.89	-19.280895022638	-0.77123580090552
11.1895709	1.11	-14.010996499233373	-0.560439859969335
11.18961	1.0	-13.374820154195948	-0.534992806167838
11.18961	1.19	-4.030112803119925	-0.161204512124797
11.1895709	1.33	-13.728604976405691	-0.5491441990562277
11.19003927	1.33	-4.683599613658128	-0.18734398454632512
11.18969	1.13	-3.9563027306901533	-0.15825210922760613
17.849	1.0	-11.06431628475061	-0.44257265139002444
17.84863	1.13	-8.524355139269923	-0.34097420557079694
17.84848082	1.0	-5.400925340111439	-0.2160370136044576
17.8485279	1.33	-12.387531985720958	-0.4955012794288383
17.84850835	1.11	-6.5395852859185855	-0.2615834114367434
17.84846244	1.33	-13.59049842136291	-0.5436199368545164
26.136	1.0	-10.660938364320018	-0.4264375345728007
26.136	1.0	-2.742064321465096	-0.10968257285860383
26.13617	1.13	-7.899329027160124	-0.31597316108640494
26.1363511	1.0	-7.801710534900986	-0.3120684213960394
26.1363511	1.19	-6.038855961322102	-0.24155423845288407
26.136337	1.33	-11.225829746280448	-0.44903318985121793
37.0548569	0.91	-7.144593833710207	-0.2857837533484083
37.0551726	0.91	-2.2118439381393644	-0.08847375752557458
37.0548569	0.91	-10.911160506496167	-0.43644642025984665
37.05302	0.92	-20.297794121425834	-0.8119117648570334
57.248	0.91	-18.05616217518496	-0.7222464870073984
57.24717	0.92	-1.9385004367695315	-0.07754001747078126
57.2488518	0.91	-14.91233798842266	-0.5964935195369064
57.2486691	0.91	-10.097498315345579	-0.4038999326138232
57.2488518	0.91	-0.5405238345439843	-0.021620953381759372
57.2486691	0.81	-10.395487347295898	-0.4158194938918359
57.24887069	0.91	-8.304415786014504	-0.3321766314405802
142.545	0.91	-5.344967445126195	-0.21379869780504782
142.54029156	0.91	-0.28656024151625925	-0.011462409660650371
142.544247	0.91	-7.017864245658926	-0.28071456982635706
142.544247	0.81	-6.871707425381704	-0.27486829701526816
142.544247	0.91	-3.441082712804744	-0.13764330851218975
10.05548	0.83	-12.383748553408934	-0.49534994213635736
10.0554258	0.9	-1.8307616185848894	-0.07323046474339558
10.05550267	0.8	-9.658285168806993	-0.3863314067522797
10.05550267	0.9	-5.738814484008234	-0.22955257936032936
10.05545337	0.86	-7.606281543291144	-0.30425126173164574
16.33269854	0.86	-16.824137322493517	-0.6729654928997407
16.33269981	0.9	-20.71108621642763	-0.8284434486571053
16.33269854	0.8	-0.48084612286419015	-0.019233844914567606
16.33269981	0.8	-13.089043473341286	-0.5235617389336514
16.33269854	0.84	-4.300269474278243	-0.1720107789711297
16.33269771	0.9	-22.580155815490563	-0.9032062326196225
6.88729828	0.8	-14.565466474378743	-0.5826186589751498
6.8873113	0.9	-5.032038059663954	-0.20128152238655816
6.88729828	0.84	-3.2523847468457094	-0.13009538987382838
6.88727999	0.8	-20.059168154886322	-0.8023667261954529
6.88729828	0.84	-7.460017342582316	-0.29840069370329264
6.8873113	0.8	-7.91246763253443	-0.3164987053013772
5.7952971	0.54	-9.448460572575122	-0.3779384229030049
5.79529807	0.61	-0.9884943946640314	-0.03953977578656126
5.79531085	0.61	-4.513068452416608	-0.1805227380966643
8.41102236	0.61	-7.702377368331516	-0.30809509473326063
8.41100287	0.58	-0.46744477822582914	-0.018697791129033164
8.41102098	0.61	-12.901749973041943	-0.5160699989216777
8.41100287	0.54	-7.867803186726089	-0.3147121274690436
8.41100287	0.54	-0.20781205791168145	-0.008312482316467258
5.47669094	0.72	-1.61118675500794	-0.0644474702003176
5.47665368	0.73	-12.183064385568969	-0.48732257542275875
5.47665801	0.7	-0.48537483253828273	-0.01941499330153131
5.47665368	0.7	-13.439954962639503	-0.5375981985055801
5.47665368	0.7	-16.80270277040727	-0.6721081108162907
16.9348104	0.72	-6.994461521845358	-0.27977846087381436
24.2101973	0.7	-6.578384366774167	-0.2631353746709667
24.2102171	0.7	-23.371537152664665	-0.9348614861065866
24.21152	0.65	-8.833427976668432	-0.35333711906673726
24.21027984	0.72	-2.0307949258097135	-0.08123179703238854
24.2102171	0.7	-5.429038617442659	-0.21716154469770638
11.0317307	1.1	-5.219197858439161	-0.20876791433756645
11.0317836	1.0	-5.562759504263678	-0.2225103801705471
11.0317307	0.93	-1.3682638753381058	-0.05473055501352423
11.0317307	1.1	-27.99132098691794	-1.1196528394767176
11.03158	1.09	-4.887441928079306	-0.19549767712317223
25.76263521	1.04	-26.29209858389492	-1.0516839433557967
25.7626846	1.04	-2.291601309896759	-0.09166405239587036
25.7626846	1.0	-11.71130597657222	-0.4684522390628888
25.7624524	1.1	-16.657191473548977	-0.6662876589419591
25.7624524	0.93	-7.575490935067676	-0.30301963740270704
25.7624524	1.1	-0.8219858595542262	-0.032879434382169045
25.7624524	1.1	-23.654974477913058	-0.9461989791165223
4.61268045	1.07	-22.420694176845533	-0.8968277670738214
4.6126736	1.11	-19.404437617461635	-0.7761775046984655
4.61265057	1.11	-7.823060171226554	-0.31292240684906214
4.61268458	1.11	-4.871953382047929	-0.19487813528191716
4.6126736	1.09	-1.779972180527935	-0.0711988872211174
4.612661	1.13	-5.6277410915269375	-0.2251096436610775
4.61268045	1.07	-17.211474736922664	-0.6884589894769065
13.12162167	1.11	-16.13639358951851	-0.6454557435807403
13.12158072	1.11	-4.400792900877935	-0.1760317160351174
13.12155	1.13	-6.947566292637735	-0.2779026517055094
13.12162167	1.09	-0.25600899858677073	-0.01024035994347083
6.47539108	0.79	-11.230568775853646	-0.44922275103414583
6.47539108	0.79	-7.604944637764207	-0.3041977855105683
6.47538919	0.78	-3.093958018448553	-0.12375832073794213
6.47540341	0.79	-2.830794265947849	-0.11323177063791397
6.475341	0.73	-5.627754260583154	-0.22511017042332615
6.47538919	0.78	-24.21802091924841	-0.9687208367699364
6.47538919	0.79	-9.12735234839895	-0.36509409393595804
6.47538919	0.78	-8.191598843813233	-0.3276639537525293
16.85808	0.73	-2.9490936127656657	-0.11796374451062663
16.85827722	0.79	-0.6791662954593102	-0.027166651818372408
16.85827722	0.81	-16.7566879917516	-0.670267519670064
49.5004952	0.78	-22.2939738167734	-0.891758952670936
49.5004725	0.79	-23.606644730456807	-0.9442657892182723
49.50081	0.73	-16.825270165313707	-0.6730108066125483
49.5004725	0.79	-10.767326431999894	-0.4306930572799958
49.5004952	0.81	-2.5956134441785412	-0.10382453776714165
34.0607677	0.96	-7.629117526842194	-0.30516470107368776
34.0607631	1.03	-5.865971676899099	-0.23463886707596396
34.0607631	1.03	-5.068225440427374	-0.20272901761709494
34.06074733	0.96	-3.8200358737986515	-0.15280143495194606
34.06054476	0.96	-4.139648353106153	-0.16558593412424613
83.4887405	1.03	-14.449711237248613	-0.5779884494899445
83.48912492	0.96	-10.013103936227873	-0.40052415744911496
83.4875	1.0	-18.1887678135935	-0.72755071254374
83.4886218	1.03	-6.957923152431906	-0.27831692609727626
83.4886218	1.03	-0.8552823254954673	-0.03421129301981869
25.5638576	1.09	-9.253893790717767	-0.37015575162871067
25.5638576	1.09	-0.5882034548127142	-0.02352813819250857
25.5638626	1.01	-19.412529393676117	-0.7765011757470447
57.693	1.1	-11.17914336274842	-0.4471657345099368
57.68983612	1.01	-3.471199636486433	-0.1388479854594573
57.6899118	0.83	-16.514455425043707	-0.6605782170017482
57.6899118	1.14	-8.775020442523763	-0.35100081770095054
57.68696	1.06	-12.076767697530993	-0.48307070790123974
57.6899118	1.09	-3.9374428349337895	-0.15749771339735158
57.68956952	1.01	-9.700985229246184	-0.38803940916984736
77.083	1.1	-2.880517879318794	-0.11522071517275176
77.085964	1.09	-0.6817353741815504	-0.027269414967262016
77.085964	0.83	-5.9163341109238905	-0.23665336443695562
77.085964	1.09	-8.865351064892423	-0.3546140425956969
77.085964	1.14	-14.91116616419638	-0.5964466465678553
77.086191	1.11	-21.50168338145121	-0.8600673352580483
77.08747473	1.01	-12.162119368421452	-0.4864847747368581
13.84984283	1.07	-6.854969050032886	-0.27419876200131543
13.84943	1.09	-19.289627261378342	-0.7715850904551337
13.84984283	1.07	-23.52740829438963	-0.9410963317755853
13.83989	1.07	-3.1761851002169204	-0.1270474040086768
13.84984283	1.03	-9.56110478804722	-0.38244419152188885
13.848	1.0	-2.2578561885851225	-0.0903142475434049
13.849039	1.03	-3.8910275578376368	-0.15564110231350547
13.84911836	1.11	-1.3242949472517132	-0.05297179789006853
13.84984283	1.07	-8.993903590341922	-0.3597561436136769
13.84984567	1.11	-20.062113820207905	-0.8024845528083162
16.23192004	1.07	-9.971085923771355	-0.3988434369508542
16.230685	1.09	-20.795551416208077	-0.8318220566483231
16.23192004	1.07	-4.162300968889992	-0.1664920387555997
16.23191704	1.01	-3.7197966159256457	-0.14879186463702584
16.23192004	1.07	-1.8039557566909414	-0.07215823026763767
16.23192004	1.15	-7.432263854214826	-0.297290554168593
16.2318713	1.03	-15.225547417186698	-0.609021896687468
16.23192004	1.03	-12.379013383505102	-0.4951605353402041
3.28972632	0.94	-13.798863991636019	-0.5519545596654407
3.28972217	1.02	-3.4830181087720744	-0.13932072435088297
3.28972217	1.02	-3.305253102208347	-0.13221012408833388
3.28972632	0.99	-17.68951750503213	-0.7075807002012852
3.28972217	0.99	-15.820742085632258	-0.6328296834252903
7.18644594	0.99	-3.3360086687640216	-0.13344034675056088
7.1864526	1.02	-8.35755316632169	-0.3343021266528676
7.18648297	0.99	-13.128681369357835	-0.5251472547743135
7.1864526	0.99	-15.051301722494756	-0.6020520688997902
8.48653576	1.17	-2.141866340384489	-0.08567465361537956
8.48651582	1.08	-6.399780642538483	-0.2559912257015393
8.48653576	1.06	-6.1546089412236915	-0.24618435764894767
8.48653576	1.06	-0.11761103951910035	-0.004704441580764014
8.48651582	1.19	-5.53449493433783	-0.2213797973735132
55.1866695	1.17	-0.1307154095305978	-0.005228616381223912
55.1866695	1.06	-10.225368783297165	-0.40901475133188664
55.18815	1.14	-3.742760336548161	-0.14971041346192646
55.1866241	1.19	-15.984182042325564	-0.6393672816930226
55.1866695	1.06	-7.562496343095913	-0.30249985372383653
10.32738017	0.81	-3.422338723267761	-0.13689354893071046
10.32738017	0.86	-3.2790308915764244	-0.13116123566305699
10.32732564	1.03	-6.009871176696821	-0.24039484706787284
10.32736351	1.03	-10.419990688994288	-0.4167996275597715
37.8658982	0.86	-0.41027358160137267	-0.016410943264054907
37.86572291	1.03	-11.209502316737506	-0.44838009266950024
37.86578292	1.03	-12.574067917112997	-0.5029627166845199
37.8658982	0.81	-10.044197139014166	-0.40176788556056664
37.8658964	1.03	-7.2739285249263546	-0.29095714099705416
3.61461353	1.28	-8.325559851440818	-0.33302239405763273
3.614609	1.07	-24.413122504235137	-0.9765249001694055
3.61461353	1.28	-5.889676091735788	-0.23558704366943153
3.61461353	1.28	-28.911872579818976	-1.156474903192759
3.61461353	1.1	-18.27541153127605	-0.731016461251042
7.54233911	1.28	-9.548695028042085	-0.3819478011216834
7.54233911	1.23	-11.762674272864086	-0.47050697091456345
7.54238364	0.97	-10.366942223293783	-0.41467768893175133
7.54235832	1.17	-7.398370238351231	-0.29593480953404927
11.9320869	1.28	-1.86617848043138	-0.0746471392172552
11.93191487	0.97	-2.2902512235486543	-0.09161004894194617
11.93207573	0.97	-0.8461886701938499	-0.033847546807753995
11.9320869	1.28	-25.478045160061242	-1.0191218064024496
25.7461	1.2	-3.611529458357816	-0.14446117833431266
25.7457957	1.19	-11.85492030425021	-0.4741968121700084
25.7457529	1.2	-17.215292233842085	-0.6886116893536834
25.7457529	1.2	-3.5115518552641944	-0.14046207421056778
59.9810586	1.19	-4.39682014576973	-0.17587280583078918
59.9810586	1.2	-19.96064420097685	-0.7984257680390741
59.9810586	1.2	-3.022973691103048	-0.12091894764412192
59.9810586	1.2	-6.092906550081691	-0.24371626200326763
10.664829	1.0	-14.627389709952364	-0.5850955883980946
10.66487537	1.02	-6.384991200318246	-0.25539964801272985
17.7835598	1.03	-17.841670098384423	-0.713666803935377
3.28192056	1.06	-4.264260560853991	-0.17057042243415965
3.28192091	1.09	-2.480211917480936	-0.09920847669923744
3.28192091	1.09	-14.296676945974053	-0.5718670778389621
3.28192091	1.09	-2.171332135807518	-0.08685328543230073
3.28191397	1.09	-6.100094346106284	-0.24400377384425137
3.28192056	1.09	-24.89919315911474	-0.9959677263645896
12.51610549	1.09	-16.119765974963858	-0.6447906389985544
12.51609488	1.09	-23.48456252195765	-0.939382500878306
12.51618164	1.09	-13.342291932922908	-0.5336916773169164
12.51610549	1.06	-9.045812210880616	-0.36183248843522464
12.51618164	1.07	-13.784238153738853	-0.5513695261495541
12.51625	1.1	-4.978110404139852	-0.1991244161655941
37.8156219	0.77	-7.975790756995144	-0.31903163027980574
37.8154157	0.79	-3.3811680373650153	-0.13524672149460062
37.8156219	0.76	-22.005460273368975	-0.880218410934759
37.81564361	0.78	-10.329577924575627	-0.4131831169830251
53.5778376	0.76	-4.621019240380035	-0.18484076961520143
53.5783052	0.79	-7.6679528298220125	-0.3067181131928805
53.5778376	0.81	-20.128527879206974	-0.805141115168279
53.5782	0.68	-0.5750065402193582	-0.023000261608774327
26.8476325	0.77	-19.36330837819356	-0.7745323351277424
26.8476325	0.77	-7.056805913288356	-0.2822722365315342
26.8476325	1.17	-0.3352752100983091	-0.013411008403932364
26.84724286	0.94	-15.947200951112315	-0.6378880380444926
26.8475962	1.14	-11.738607483492299	-0.46954429933969194
26.84734	0.97	-11.360813777731172	-0.4544325511092469
26.8476325	0.77	-13.962373218351075	-0.558494928734043
26.8475962	0.94	-19.076663176878874	-0.763066527075155
72.3826983	1.14	-12.337085651039255	-0.4934834260415702
72.381301	0.97	-4.102456157797598	-0.16409824631190392
72.381301	0.77	-1.2134617780022923	-0.04853847112009169
72.381301	1.17	-1.025979899296929	-0.041039195971877156
2.73277006	0.56	-10.029897778790149	-0.40119591115160597
2.732786	0.47	-0.8220670832551017	-0.03288268333020407
2.73276662	0.43	-14.301379221940854	-0.5720551688776342
2.7327679	0.56	-6.188323190825201	-0.24753292763300808
2.73276662	0.43	-13.926843717976043	-0.5570737487190417
14.87153514	0.43	-4.4127386035214196	-0.1765095441408568
14.87149773	0.56	-11.86787602160793	-0.4747150408643172
14.87153514	0.43	-0.1695818174010046	-0.006783272696040184
14.87151592	0.56	-19.781903866346287	-0.7912761546538515
14.87153514	0.5	-16.371772652012908	-0.6548709060805163
14.87155876	0.56	-24.97228978805368	-0.9988915915221472
13.367308	0.8	-3.25323408437548	-0.1301293633750192
13.36805	0.94	-2.3824982517198294	-0.09529993006879318
13.3669309	0.79	-9.737070000352709	-0.3894828000141084
13.3669309	0.8	-4.21279008919139	-0.16851160356765563
13.36702	0.79	-6.779100649918276	-0.27116402599673106
13.3669309	0.8	-6.940711852297644	-0.2776284740919058
13.36744	0.75	-5.766788190276628	-0.23067152761106513
13.3669309	0.94	-2.6943654144414904	-0.10777461657765962
13.3675	0.8	-9.764334607493348	-0.39057338429973393
21.30199109	0.83	-9.63828794559705	-0.385531517823882
21.3018482	0.94	-3.1764812192291534	-0.12705924876916613
21.30199109	0.8	-9.548742881087481	-0.38194971524349924
21.30199109	0.8	-8.366952587816034	-0.3346781035126413
21.30199109	0.79	-1.1071440127300407	-0.044285760509201626
21.302071	0.94	-1.4697701849068454	-0.05879080739627382
21.30181863	0.83	-1.936881215250372	-0.07747524861001488
21.30181863	0.94	-19.16125558575505	-0.7664502234302021
21.30199109	0.79	-6.709728976836364	-0.26838915907345456
39.79223792	0.79	-5.830574331167758	-0.23322297324671032
39.79226225	0.94	-1.113865928963529	-0.04455463715854117
39.79222264	0.94	-29.90797848085193	-1.1963191392340773
39.79223792	0.8	-15.092401154035361	-0.6036960461614145
39.79223792	0.83	-8.367692662051684	-0.3347077064820674
39.792187	0.8	-15.46458947451402	-0.6185835789805608
39.792238	0.94	-6.054147800748543	-0.24216591202994175
39.79220077	0.94	-7.2877704355481345	-0.29151081742192536
39.79223792	0.79	-5.174869874764397	-0.20699479499057588
39.79223792	0.8	-7.7928174685166685	-0.31171269874066676
50.25	0.79	-1.7603312782161764	-0.07041325112864706
51.2069	0.75	-3.3284885777652273	-0.1331395431106091
51.20690303	0.94	-10.007700361351883	-0.4003080144540753
51.20690303	0.94	-8.486049426628519	-0.33944197706514073
4.57950946	0.98	-2.975784742165067	-0.11903138968660269
4.57950946	0.97	-12.144723023273553	-0.4857889209309421
4.57950946	0.98	-20.304282145684716	-0.8121712858273886
4.57950946	0.97	-6.247639400989398	-0.24990557603957592
19.02314741	1.0	-15.585597377576201	-0.6234238951030481
19.023152	0.98	-0.9818474390541196	-0.03927389756216479
19.0231361	1.0	-3.9128054260116527	-0.1565122170404661
19.023152	0.97	-21.882296268590302	-0.8752918507436122
19.023152	0.97	-5.344989517946769	-0.21379958071787075
34.7630543	1.04	-2.5334132172989148	-0.1013365286919566
34.7630543	0.8	-5.701260125214278	-0.2280504050085711
34.76300931	1.04	-22.692915604719765	-0.9077166241887906
34.7629923	1.0	-5.332799089629522	-0.2133119635851809
34.7629923	1.0	-3.421558025174117	-0.1368623210069647
67.9687026	1.0	-13.262399660420161	-0.5304959864168065
67.968656	0.8	-4.344195485337979	-0.17376781941351915
67.9687026	1.0	-23.734542722536023	-0.9493817089014409
67.9687026	0.88	-3.59186220530808	-0.1436744882123232
6.84976206	1.18	-7.093803794539263	-0.28375215178157054
6.84976206	1.18	-12.523916289304559	-0.5009566515721824
6.84978728	1.15	-20.601317698986342	-0.8240527079594537
6.84978728	1.15	-5.438766309237466	-0.21755065236949864
20.0544995	1.15	-17.525027552509144	-0.7010011021003658
20.0545077	1.18	-16.220945692039038	-0.6488378276815615
20.05414	1.2	-3.4023951019616456	-0.13609580407846583
20.0545077	1.18	-18.03263475915843	-0.7213053903663372
20.0545282	1.15	-4.584877972950177	-0.18339511891800708
20.0545077	1.18	-9.754004595093493	-0.39016018380373974
20.0545077	1.12	-13.32058650924893	-0.5328234603699572
30.0899459	1.15	-2.8865786480155444	-0.11546314592062178
30.0904877	1.18	-3.747740210685549	-0.14990960842742196
30.0904877	1.18	-2.2124575705560225	-0.0884983028222409
30.0904877	1.04	-10.498697157352382	-0.4199478862940953
5.53532955	0.9	-5.731011199203009	-0.22924044796812038
5.53532955	0.9	-5.544267790297806	-0.22177071161191225
5.53533152	0.98	-0.9506454446698535	-0.03802581778679414
5.53532955	0.9	-6.822592281134919	-0.27290369124539676
5.53533152	0.95	-27.482714767069478	-1.099308590682779
16.726052	0.93	-8.340727721494314	-0.3336291088597726
16.7261969	0.95	-9.780423048990496	-0.3912169219596198
16.726052	0.98	-11.357778684880863	-0.45431114739523454
16.726052	0.9	-11.509662396343264	-0.4603864958537306
16.72617	0.98	-24.519472730280363	-0.9807789092112146
16.7261969	0.98	-12.410559575174766	-0.49642238300699065
1.89781295	1.01	-14.92930696812287	-0.5971722787249147
1.89783402	0.89	-8.648394890214384	-0.34593579560857535
1.89782882	1.01	-7.235649236497125	-0.289425969459885
1.89783402	1.03	-1.4710175108247072	-0.05884070043298829
3.2828024	1.01	-7.401561907252405	-0.2960624762900962
3.28280266	0.89	-18.089074167426304	-0.7235629666970522
3.28280266	0.89	-19.04514084061525	-0.7618056336246101
3.28280266	0.89	-1.194254874292636	-0.04777019497170544
3.28280266	1.03	-5.7304098173020375	-0.2292163926920815
3.282784	1.03	-6.74563654118966	-0.2698254616475864
3.2828024	1.02	-2.4511981100220788	-0.09804792440088315
5.0281858	1.01	-7.246528532063889	-0.2898611412825555
5.02818614	1.03	-1.2012246483389042	-0.048048985933556165
5.02818614	1.04	-23.30381478060205	-0.932152591224082
5.02818253	1.02	-7.302064848572014	-0.29208259394288055
12.12582991	0.94	-4.3278140806835355	-0.17311256322734142
19.9866157	0.9	-0.1575626942933055	-0.0063025077717322195
19.9866157	0.94	-13.216042192074768	-0.5286416876829907
19.98795	0.98	-3.4131636255092266	-0.13652654502036907
19.9866157	0.94	-10.64534907061856	-0.4258139628247424
19.9865916	0.92	-3.6035090127687353	-0.1441403605107494
4.92031217	0.97	-4.069402016883309	-0.16277608067533236
4.92031217	0.95	-6.431997487723534	-0.25727989950894137
4.92031063	1.08	-3.7257798650091463	-0.14903119460036585
4.92031217	0.95	-8.819350544689476	-0.35277402178757905
14.17222858	1.0	-16.25566460530948	-0.6502265842123792
14.17220432	0.97	-12.740195078540154	-0.5096078031416061
14.17220432	0.95	-6.479572118440851	-0.25918288473763407
14.17222858	1.08	-0.6337837690657002	-0.02535135076262801
14.17232169	1.08	-10.080890491958368	-0.4032356196783347
12.50934966	1.1	-21.34148789271569	-0.8536595157086276
12.5094525	1.07	-5.5344081023065685	-0.22137632409226274
12.50948	1.1	-28.37535716914502	-1.1350142867658009
12.5094525	1.04	-7.221699051201721	-0.28886796204806886
12.50945798	1.1	-9.197266103459585	-0.3678906441383834
12.5094525	0.93	-10.704680747220813	-0.4281872298888325
27.0141783	1.07	-1.678976790472853	-0.06715907161891412
27.0141783	1.04	-22.550671062067686	-0.9020268424827075
27.0141783	0.93	-6.261731734318984	-0.2504692693727594
27.0142622	1.1	-8.1698113187	-0.32679245274800006
27.01559	1.1	-3.520122391202896	-0.14080489564811585
27.01461125	1.1	-11.724481618958043	-0.46897926475832175
16.09231474	0.97	-6.470450419020375	-0.258818016760815
16.09227521	0.75	-7.9212585260908135	-0.3168503410436325
16.09231474	0.97	-15.862312749659512	-0.6344925099863805
16.09227518	0.75	-10.233858228887094	-0.40935432915548375
16.09227051	0.75	-21.182008349664038	-0.8472803339865616
28.9059687	0.97	-3.82379555678642	-0.15295182227145682
28.9060526	0.75	-9.874898829729943	-0.3949959531891977
28.9059687	0.78	-3.6660935663792324	-0.1466437426551693
28.90625629	0.75	-1.8092389157464979	-0.07236955662985992
20.0983676	1.1	-26.014998746265576	-1.040599949850623
20.0984215	1.15	-1.1141665406408403	-0.044566661625633615
20.09875355	1.12	-9.440346569693721	-0.3776138627877489
20.0984215	1.09	-1.1509647225367585	-0.04603858890147034
20.0984215	1.09	-0.8183255210447359	-0.03273302084178944
62.78416835	1.12	-10.679227030163016	-0.42716908120652064
62.7847	1.11	-0.4490421236108615	-0.01796168494443446
62.7849301	1.12	-9.945708824736291	-0.3978283529894517
62.7843981	1.1	-8.940245029724828	-0.3576098011889931
105.599	0.94	-3.98404427218622	-0.15936177088744882
3.930871	0.99	-5.244736745132038	-0.20978946980528154
3.930873	1.11	-2.8730433299519	-0.114921733198076
3.930871	0.99	-11.050852481082389	-0.44203409924329556
3.930871	1.08	-0.5453100075254287	-0.021812400301017148
3.930871	0.99	-7.8234871270563735	-0.31293948508225494
3.93079822	1.16	-13.356566911079609	-0.5342626764431844
7.63008196	0.99	-2.028697669831136	-0.08114790679324545
7.63006848	0.99	-5.630534667696494	-0.22522138670785974
7.63002939	1.16	-6.14357922010542	-0.24574316880421682
7.63006848	0.99	-1.932969801515876	-0.07731879206063505
5.6291146	1.29	-6.481764216836065	-0.2592705686734426
5.62902579	1.27	-5.943074449756912	-0.23772297799027647
5.62902579	1.44	-3.502420139551775	-0.140096805582071
5.62902579	1.27	-0.20359779947596707	-0.008143911979038684
5.62902579	1.14	-1.5641714955883268	-0.06256685982353308
5.62904396	1.2	-10.46333082723841	-0.41853323308953644
13.39152873	1.27	-8.865492682466982	-0.3546197072986793
13.39155154	1.2	-15.033557845286197	-0.6013423138114479
13.39155154	1.29	-11.451407336469885	-0.4580562934587954
13.39152873	1.27	-7.678501137209249	-0.30714004548837
13.39152873	1.44	-14.418268399274154	-0.5767307359709662
13.39144182	1.29	-15.222504865335655	-0.6089001946134261
13.39143819	1.29	-6.029280515898883	-0.2411712206359553
8.2563025	1.27	-12.405792260151665	-0.49623169040606663
8.2562857	1.2	-19.857142273091718	-0.7942856909236687
8.256215	1.38	-5.0810683409067705	-0.20324273363627082
8.25629997	1.2	-16.702913847684982	-0.6681165539073993
8.2562857	1.29	-0.5425723983167479	-0.021702895932669913
8.2563025	1.27	-3.196028563899845	-0.1278411425559938
5.26211833	0.96	-2.649218838267265	-0.10596875353069059
5.26212693	0.79	-7.975474234416192	-0.3190189693766477
5.26211833	1.0	-4.043018664365769	-0.16172074657463076
5.26212693	1.0	-0.6699144155094671	-0.02679657662037868
5.26212693	0.88	-9.243858877137864	-0.3697543550855146
5.26212693	0.79	-4.423918232520906	-0.17695672930083625
12.16281552	0.79	-13.302076943388018	-0.5320830777355208
12.16281552	1.0	-15.082626672738748	-0.6033050669095499
12.16277144	1.0	-2.7349792916404203	-0.10939917166561682
12.90475463	0.68	-14.157907911527996	-0.5663163164611199
12.90475463	0.68	-16.42495441119135	-0.656998176447654
12.90475463	0.68	-18.60051064636629	-0.7440204258546516
12.90467523	0.71	-9.592113661455222	-0.38368454645820893
31.2009333	0.75	-4.430497598932071	-0.17721990395728285
31.20013	0.67	-24.63906591487434	-0.9855626365949737
31.2009333	0.68	-7.7581747232137985	-0.31032698892855193
22.5968256	0.89	-4.269424671852119	-0.17077698687408474
22.5965999	0.97	-10.526156358964515	-0.4210462543585806
22.5965999	0.77	-12.662261420553403	-0.5064904568221361
22.59848	0.99	-17.604128392653372	-0.7041651357061349
22.5965999	0.88	-8.664278872124651	-0.3465711548849861
45.3486381	0.96	-6.4789685347380574	-0.25915874138952233
45.347	0.99	-1.4009403921653618	-0.05603761568661447
45.3485277	0.77	-6.900972048311763	-0.2760388819324705
45.3485277	0.77	-2.860687949461761	-0.11442751797847045
45.3485277	0.88	-10.216284805432748	-0.40865139221730995
45.34846534	0.96	-4.797358463856102	-0.1918943385542441
45.3485277	0.97	-20.20236509355277	-0.8080946037421108
45.3485277	0.77	-17.25676641989365	-0.6902706567957461
10.04378351	1.16	-5.638470880649068	-0.22553883522596274
10.044	1.09	-6.208766715638458	-0.2483506686255383
10.04378351	1.05	-5.974445823111242	-0.23897783292444966
10.04377084	1.09	-6.18085970661633	-0.2472343882646532
10.04325	1.1	-17.800694337104478	-0.7120277734841791
10.04377084	1.09	-1.0410417659231996	-0.04164167063692799
10.04377084	1.09	-18.167000621482295	-0.7266800248592918
10.04377084	1.12	-6.155384959484573	-0.24621539837938294
15.1622735	1.09	-7.993657154773651	-0.319746286190946
15.1622287	1.05	-22.52884350096899	-0.9011537400387596
15.16221349	1.05	-27.370554172163583	-1.0948221668865434
15.1622735	0.99	-13.302709883078673	-0.5321083953231469
15.1622287	1.16	-3.2654979780443165	-0.13061991912177268
56.414742	1.09	-7.196705755444546	-0.28786823021778185
56.4159	1.05	-7.930325803860823	-0.3172130321544329
56.414742	1.09	-4.370279003205871	-0.17481116012823486
56.41468367	1.05	-9.019961494052186	-0.36079845976208746
56.4148314	1.16	-10.233945274810605	-0.4093578109924242
56.414742	1.09	-4.731991176196476	-0.18927964704785905
12.3101351	0.8	-28.243594131501055	-1.1297437652600422
12.3102846	0.77	-11.268575417857718	-0.4507430167143087
12.3102846	0.77	-4.251199232708972	-0.1700479693083589
12.3101351	0.83	-4.886005274575335	-0.1954402109830134
25.1933989	0.83	-6.090493030273493	-0.24361972121093975
25.19368069	0.83	-7.716744701377808	-0.3086697880551123
6.79164656	0.82	-15.218901269703405	-0.6087560507881362
6.79164786	0.85	-7.908760027278409	-0.3163504010911364
6.79164656	1.05	-6.816571630379646	-0.27266286521518585
6.79164786	1.04	-6.667981653303707	-0.2667192661321483
6.79164786	0.95	-11.106670364031572	-0.4442668145612629
6.79163382	1.05	-16.666218161656314	-0.6666487264662526
6.79164786	1.04	-2.467118014324817	-0.09868472057299268
11.8377261	0.85	-16.767073529739136	-0.6706829411895655
11.8376933	0.82	-13.634760244252965	-0.5453904097701185
11.8376933	1.05	-0.6602476140061546	-0.026409904560246184
11.8377261	1.04	-27.68924220685661	-1.1075696882742643
3.17323306	0.63	-11.486064007257234	-0.45944256029028935
13.29706969	0.63	-1.983881622917999	-0.07935526491671996
13.29706969	0.63	-13.95448784468351	-0.5581795137873404
13.29706969	0.63	-2.879806919764277	-0.11519227679057109
13.2970695	0.63	-9.122464989936018	-0.36489859959744075
13.29724	0.64	-6.732795680452032	-0.2693118272180813
3.24417541	0.81	-0.6120394552646651	-0.024481578210586604
3.24416463	0.77	-4.0269387538967605	-0.1610775501558704
3.24416463	0.82	-15.647683609547041	-0.6259073443818817
3.24416463	0.82	-2.170246936389255	-0.08680987745557021
3.24417541	0.86	-16.620863520796938	-0.6648345408318775
3.24416463	0.84	-1.686861790161152	-0.06747447160644608
14.5123099	0.77	-9.036506290068605	-0.3614602516027442
14.51150265	0.86	-0.1348815843925032	-0.005395263375700128
14.5123099	0.82	-3.3606625988522913	-0.13442650395409167
14.5123099	0.84	-16.267092591993723	-0.6506837036797489
14.5123622	0.81	-15.301980583936675	-0.612079223357467
14.5123099	0.82	-2.364376595111202	-0.09457506380444809
21.0871953	1.07	-13.47754467040787	-0.5391017868163148
21.08719422	1.07	-2.3810422660519217	-0.09524169064207687
21.08718888	1.29	-8.601226105883484	-0.3440490442353394
21.087174	1.11	-13.656906835427755	-0.5462762734171102
21.08721	1.29	-15.157586317833484	-0.6063034527133394
21.08719422	1.21	-0.3933974701559344	-0.015735898806237377
21.087168	1.08	-0.8124354215211314	-0.03249741686084526
6.73811219	0.79	-9.903545871614808	-0.3961418348645923
6.73808701	0.79	-1.348031131180674	-0.05392124524722697
6.73808701	0.88	-21.245226450353826	-0.8498090580141531
6.73811219	0.79	-13.465507253404814	-0.5386202901361926
6.73811219	0.86	-2.0450975515887593	-0.08180390206355037
6.738019	0.84	-9.391111958619547	-0.3756444783447819
13.0600399	0.88	-10.999365522343226	-0.439974620893729
13.0600422	0.79	-12.351734951712402	-0.4940693980684961
13.0600422	0.86	-13.129752366344903	-0.5251900946537961
13.0600399	0.79	-19.231294980408865	-0.7692517992163547
13.0601553	0.88	-5.362239450934513	-0.2144895780373805
13.0600422	0.79	-15.220440617866585	-0.6088176247146634
7.41683033	1.14	-0.420545467754863	-0.01682181871019452
7.41680902	1.31	-7.150882221544558	-0.2860352888617823
7.41680902	1.31	-22.501507215858542	-0.9000602886343417
7.41680902	1.33	-25.80629501530833	-1.0322518006123331
7.41680902	1.31	-10.268346864412388	-0.4107338745764955
20.4854403	1.31	-11.328887153021718	-0.4531554861208687
20.4853893	1.14	-11.659993683944526	-0.46639974735778106
20.4854403	1.31	-17.621077909173025	-0.704843116366921
20.4854403	1.03	-3.364629799944668	-0.13458519199778674
5.341788	1.23	-7.101459632089914	-0.28405838528359656
5.34182466	1.12	-23.32265869543898	-0.9329063478175593
10.42307379	1.12	-12.323730248707243	-0.4929492099482897
10.42312041	1.1	-12.2634492516488	-0.49053797006595196
10.42317343	0.91	-6.1540863896116536	-0.24616345558446615
10.42317343	1.12	-2.4589697399431705	-0.09835878959772681
10.42312041	1.07	-11.528756558055637	-0.4611502623222255
9.18252	1.38	-2.070566614207422	-0.08282266456829689
9.18244299	1.1	-9.700567851744296	-0.38802271406977185
9.18247194	1.31	-1.6001008204646203	-0.06400403281858481
9.18243276	1.29	-4.78087806134399	-0.1912351224537596
9.18247194	1.26	-3.4394073939808054	-0.13757629575923222
9.18244299	1.29	-15.059565778154571	-0.6023826311261828
9.18247194	1.31	-9.436498002259755	-0.3774599200903902
14.6134251	1.21	-13.77337762723245	-0.550935105089298
14.61342794	1.29	-1.024596220074326	-0.04098384880297304
14.6134251	1.31	-11.785435733005961	-0.47141742932023845
14.6134781	1.29	-5.578727184485761	-0.22314908737943043
14.6136	1.38	-9.999915913142827	-0.3999966365257131
8.00504749	1.1	-7.165396817217899	-0.28661587268871597
8.00505342	1.15	-6.140236801685873	-0.24560947206743491
8.00502697	1.1	-6.357113085859557	-0.2542845234343823
8.00505342	0.87	-15.67282547075375	-0.62691301883015
8.00505342	1.15	-6.315155481566648	-0.2526062192626659
8.00505342	1.15	-15.38524705479072	-0.6154098821916287
8.00547	1.17	-3.0415389119599254	-0.12166155647839702
8.00504749	1.14	-4.723448912997479	-0.18893795651989917
12.13065293	0.87	-2.1338129145135216	-0.08535251658054087
12.13065293	1.15	-10.214764699819344	-0.4085905879927738
12.13065293	1.13	-1.5302025832906143	-0.061208103331624575
12.13109543	1.1	-11.494942770677833	-0.4597977108271133
12.13123	1.17	-0.10422994217476017	-0.004169197686990407
5.61357653	1.1	-5.891633020807309	-0.23566532083229239
5.61357653	1.14	-14.821251725694472	-0.5928500690277789
5.61357629	0.87	-2.7413814392562887	-0.10965525757025155
5.61358023	1.14	-5.273032071863026	-0.21092128287452105
5.61357629	1.15	-13.702787734335855	-0.5481115093734342
5.6135	1.17	-6.528678654863177	-0.2611471461945271
7.054	0.41	-5.7630612665695224	-0.2305224506627809
7.05427318	0.59	-4.954334140681166	-0.19817336562724663
7.05435071	0.62	-18.727000715841047	-0.7490800286336419
7.05427318	0.41	-10.628454073196465	-0.4251381629278586
7.054259	0.58	-4.1126219501478545	-0.16450487800591418
7.05427318	0.41	-9.079136415804454	-0.3631654566321782
34.9894475	0.41	-7.300188149150023	-0.29200752596600094
34.98953599	0.62	-27.659514794232496	-1.1063805917693
34.987	0.41	-0.2341612447283602	-0.009366449789134408
34.9894475	0.41	-2.5244552354164647	-0.10097820941665858
34.9897847	0.62	-3.8586555003337053	-0.15434622001334822
34.98956	0.58	-4.986689762135823	-0.19946759048543292
34.98870981	0.62	-21.255368932005567	-0.8502147572802227
34.9894475	0.41	-3.2664601396042507	-0.13065840558417002
42.9923284	0.97	-0.8159222665170713	-0.03263689066068286
42.99255302	0.85	-5.741803895975486	-0.22967215583901943
42.99255302	0.97	-14.047514000052264	-0.5619005600020905
42.994	0.85	-14.064206168474119	-0.5625682467389648
42.9923284	0.92	-9.919080415913687	-0.39676321663654746
88.51658	0.85	-8.970708401074884	-0.35882833604299536
88.5112563	0.85	-8.559681397254666	-0.34238725589018665
88.5122014	0.92	-1.6487764731788745	-0.06595105892715498
22.2508247	0.79	-4.077058090112275	-0.16308232360449101
22.2508247	0.74	-5.5618029696049565	-0.22247211878419826
22.2508247	0.74	-16.572513596857736	-0.6629005438743094
135.49797	0.84	-0.5670928926949497	-0.022683715707797987
135.4977745	0.79	-31.328598582996698	-1.253143943319868
135.4978256	0.78	-12.220946617106243	-0.4888378646842497
135.4977745	0.74	-1.3555487737429197	-0.05422195094971679
4.08141149	0.72	-5.703837752695623	-0.22815351010782492
4.08141149	0.7	-0.7349186639310918	-0.029396746557243673
4.08141149	0.7	-15.068875489390631	-0.6027550195756253
4.08141149	0.7	-21.049311811725854	-0.8419724724690342
4.08141797	0.72	-10.457604339470805	-0.4183041735788322
4.08141155	0.7	-9.481178691133811	-0.37924714764535244
4.0814148	0.65	-22.77799935028816	-0.9111199740115263
11.41945387	0.7	-1.5271994041712786	-0.061087976166851146
11.419409	0.65	-1.694375692139512	-0.06777502768558048
11.41945387	0.72	-12.917761861626929	-0.5167104744650771
6.83444647	0.72	-6.72751510880378	-0.2691006043521512
6.83440674	0.7	-13.568544628219097	-0.5427417851287639
6.83438868	0.72	-3.8590409528210374	-0.1543616381128415
6.83437001	0.7	-9.614342522440873	-0.38457370089763493
6.83437001	0.7	-8.812343963156746	-0.35249375852626985
14.42516	0.93	-15.853479425565753	-0.6341391770226301
14.42525565	0.71	-14.837058872075923	-0.5934823548830369
14.42525565	0.71	-3.535131428140133	-0.1414052571256053
14.42525565	0.94	-9.172324480266912	-0.3668929792106765
14.42525565	0.71	-13.273411082209513	-0.5309364432883805
14.4252635	0.9	-25.137647650197508	-1.0055059060079004
26.6757818	0.9	-5.481522572574288	-0.21926090290297154
26.6757054	0.71	-11.335869659739345	-0.4534347863895738
58.0341086	0.71	-22.744220756450574	-0.9097688302580229
58.0341086	0.71	-11.79497738359428	-0.4717990953437712
3.21346	1.22	-7.260897066589154	-0.2904358826635662
3.213658	1.17	-1.8387236500864148	-0.0735489460034566
3.21366863	1.09	-7.663056423568405	-0.3065222569427362
3.21366298	1.03	-0.4255331233777886	-0.017021324935111545
3.21366863	1.09	-4.625259894714956	-0.18501039578859824
3.2136641	1.12	-5.541646009015464	-0.22166584036061857
3.21366893	1.1	-8.995365039622335	-0.3598146015848934
3.21366863	1.15	-6.993865459555089	-0.27975461838220356
3.21366739	1.03	-9.06947047959688	-0.3627788191838752
6.87316523	1.52	-1.3965115465440956	-0.05586046186176383
6.87349	1.42	-0.5554304170167406	-0.022217216680669623
6.87316523	1.52	-16.970765758025863	-0.6788306303210345
6.87316523	1.52	-18.17742560176803	-0.7270970240707212
6.87317139	1.11	-5.351205416665098	-0.21404821666660392
6.8731664	1.11	-8.715657956781993	-0.3486263182712797
6.8731697	1.46	-15.096864388131236	-0.6038745755252495
6.87316523	1.49	-1.5038971205094511	-0.06015588482037804
9.02439889	1.07	-2.3083881704514546	-0.09233552681805819
9.02439889	1.08	-1.6207976995326134	-0.06483190798130453
9.02436414	1.0	-1.6922950183501333	-0.06769180073400534
17.3408735	1.0	-1.6646322099829816	-0.06658528839931926
17.34088462	1.07	-13.764043280160909	-0.5505617312064364
14.38338734	1.05	-2.380472876279655	-0.09521891505118621
14.38345309	1.16	-10.165609033635633	-0.40662436134542534
14.38338734	1.17	-1.05083741245458	-0.04203349649818321
14.38338734	1.05	-3.82495794079513	-0.15299831763180521
14.3832267	1.16	-11.587941670733938	-0.4635176668293575
14.3833988	1.16	-3.9617467666734814	-0.15846987066693927
14.38338734	1.17	-1.3179604774012978	-0.05271841909605191
47.32020475	1.16	-8.947724942237874	-0.357908997689515
47.3183002	1.05	-3.5796530912413074	-0.1431861236496523
47.3183002	1.05	-15.821351337902914	-0.6328540535161166
47.3183002	1.17	-10.243363142769072	-0.40973452571076285
47.32382	1.2	-5.918521239454128	-0.2367408495781651
184.262741	1.16	-13.922825030305145	-0.5569130012122058
184.256405	1.17	-2.9998089587096475	-0.1199923583483859
184.256405	1.05	-3.9822326874221243	-0.15928930749688497
184.256405	1.17	-7.306199716410377	-0.29224798865641505
184.262741	1.08	-6.417860032002233	-0.2567144012800893
184.256405	1.05	-1.9480392353679592	-0.07792156941471837
4.02875481	1.14	-11.548140334733217	-0.4619256133893287
4.02875481	1.14	-25.233309289208336	-1.0093323715683336
4.02877097	1.01	-2.8155403523296365	-0.11262161409318547
4.028742	1.21	-1.391203372284309	-0.05564813489137236
4.02875481	1.07	-11.39686470881118	-0.4558745883524472
4.02875481	1.14	-6.882867147325969	-0.27531468589303876
4.02874831	1.2	-10.457535013537925	-0.418301400541517
6.12473248	1.2	-13.140870214861675	-0.525634808594467
6.12481814	1.07	-13.468863270558927	-0.5387545308223571
6.12481814	1.14	-0.17990650349603554	-0.007196260139841422
6.12480953	1.2	-5.540008865917869	-0.22160035463671476
6.12481814	1.14	-0.8172361510263009	-0.032689446041052034
8.92111139	1.2	-6.055254989787529	-0.24221019959150117
8.92109417	1.2	-5.329742447333885	-0.2131896978933554
8.921049	1.21	-13.623568479654583	-0.5449427391861833
8.9211602	1.14	-3.1494019893155007	-0.12597607957262003
11.24283541	1.14	-22.283282922677948	-0.891331316907118
11.24283541	1.07	-11.202674275461995	-0.4481069710184798
11.24268106	1.2	-10.401101676267558	-0.41604406705070235
11.24283541	1.14	-22.32515544926486	-0.8930062179705943
11.24283541	1.15	-3.122054925598848	-0.12488219702395392
11.24284815	1.01	-9.693996548800211	-0.38775986195200846
7.03144308	1.1	-5.714683148942811	-0.22858732595771245
7.03144308	1.3	-15.874244345439221	-0.6349697738175689
7.03144308	1.3	-7.916776164102446	-0.31667104656409784
7.03144308	1.1	-14.792957467519788	-0.5917182987007915
7.03146295	1.28	-20.414904373319697	-0.8165961749327879
7.031417	1.14	-5.867110824122627	-0.2346844329649051
7.03144308	1.1	-7.794814508401016	-0.3117925803360406
54.2811949	1.15	-8.892188807694072	-0.3556875523077629
54.28091	1.14	-5.7420075133431405	-0.22968030053372562
54.2812031	1.25	-16.74587373157855	-0.6698349492631419
54.2812031	1.1	-1.201907550407443	-0.04807630201629772
13.61159129	1.3	-16.572393549746593	-0.6628957419898638
13.61159129	1.3	-1.403038242553578	-0.05612152970214312
13.61159129	1.25	-11.430677974262053	-0.4572271189704821
13.61165024	1.28	-10.580866947594085	-0.4232346779037634
13.61167162	1.15	-5.5578083954611746	-0.22231233581844698
13.61165024	1.15	-3.6310788569167176	-0.1452431542766687
11.82913	0.93	-5.650842792823614	-0.22603371171294456
11.8288843	0.95	-11.540646120853612	-0.4616258448341445
14.75122	0.93	-6.01780402750679	-0.2407121611002716
14.7512034	0.92	-1.5057417635943315	-0.06022967054377326
14.7512034	0.95	-19.56469134478479	-0.7825876537913916
10.61368712	0.97	-21.507215246609885	-0.8602886098643954
10.61368712	0.95	-16.667581707629726	-0.666703268305189
10.61366	1.02	-14.312272430677249	-0.57249089722709
10.61369479	0.96	-6.385340179031643	-0.2554136071612657
10.61369479	0.96	-11.976677516665376	-0.47906710066661506
29.7272142	0.96	-2.3289304927923693	-0.09315721971169477
29.7272142	0.91	-1.0873182531864858	-0.04349273012745943
29.7272142	0.96	-5.348549425827473	-0.21394197703309892
29.72722	0.95	-15.413877441241342	-0.6165550976496537
29.72722	0.97	-7.074324223648259	-0.2829729689459304
29.7272142	0.96	-4.016202513143674	-0.16064810052574696
29.72728015	0.95	-7.1191534973518	-0.284766139894072
29.72682	1.02	-12.575412298881696	-0.5030164919552679
2.42629998	0.99	-1.4902186520127054	-0.059608746080508215
2.42630678	0.99	-15.278713128218909	-0.6111485251287564
2.42630084	1.05	-14.41457599327525	-0.57658303973101
2.42630084	1.06	-4.48473103890957	-0.1793892415563828
2.4263077	0.99	-1.3899638055015708	-0.05559855222006283
2.42630084	1.03	-1.9583227798579375	-0.0783329111943175
4.62333557	1.06	-16.736951729704703	-0.6694780691881882
4.62333557	1.05	-1.1334452824777117	-0.045337811299108466
4.62333557	1.06	-2.574947744293056	-0.10299790977172224
4.62333557	1.05	-8.934513604825357	-0.3573805441930143
4.62333557	1.06	-4.952685076730378	-0.19810740306921515
4.6233801	0.99	-7.6926166448315705	-0.30770466579326283
4.62332	1.07	-9.862705851703796	-0.39450823406815183
0.66930969	1.05	-4.462844710478243	-0.1785137884191297
0.66930969	1.05	-2.4351858837918954	-0.09740743535167581
0.6693356	1.01	-5.800831257821504	-0.23203325031286018
0.66930969	0.96	-24.568489982486316	-0.9827395992994526
0.66931239	0.96	-3.4409193959241167	-0.13763677583696468
0.66930969	1.07	-5.659948506239037	-0.2263979402495615
0.66930969	1.05	-21.80717274234864	-0.8722869096939456
0.66930998	0.96	-1.3916642520939089	-0.055666570083756355
3000.0	1.0	-2.3648427531329537	-0.09459371012531814
2091.749385	1.07	-5.1128796685948235	-0.20451518674379293
2.46502616	1.08	-10.39584861490098	-0.41583394459603923
2.46502433	1.02	-6.905962535472571	-0.2762385014189028
2.46502616	1.09	-27.011820933728753	-1.0804728373491501
2.465031	1.05	-2.224388481841516	-0.08897553927366063
2.46502616	1.08	-2.985378966631243	-0.11941515866524972
2.46504552	1.14	-1.0485087810448481	-0.041940351241793926
2.46502433	1.14	-4.363626395413856	-0.17454505581655425
68.958447	0.93	-12.658613438872226	-0.5063445375548891
68.958447	0.9	-5.0603495744366125	-0.2024139829774645
68.958608	0.94	-17.01794129865518	-0.6807176519462073
68.958608	0.92	-18.1185931584074	-0.724743726336296
68.958608	0.92	-17.860949890394625	-0.714437995615785
68.95832161	0.93	-9.3075660920712	-0.372302643682848
1.85555754	0.98	-10.032941796018052	-0.4013176718407221
1.85555744	1.0	-0.6181237110422395	-0.02472494844168958
1.85555754	0.9	-4.004469735744031	-0.16017878942976124
1.8555582	1.15	-17.745534463522283	-0.7098213785408913
1.8555588	0.94	-4.010697039851298	-0.1604278815940519
1.8555582	1.15	-7.183239198599255	-0.2873295679439702
1.85555754	0.9	-3.3590779414756464	-0.13436311765902587
1.85555757	1.0	-1.4176065151509556	-0.056704260606038226
1.855558	1.12	-4.454202667852253	-0.1781681067140901
1.85555756	0.9	-16.78356320016289	-0.6713425280065157
17.83368211	1.24	-1.7636123381317867	-0.07054449352527146
17.83367834	1.21	-4.027281332074703	-0.16109125328298812
17.834381	1.17	-17.802167626858214	-0.7120867050743286
17.83368211	1.24	-4.505679190982715	-0.1802271676393086
3.00515254	0.79	-1.6759476124336663	-0.06703790449734666
3.00515691	0.79	-6.141733843120685	-0.2456693537248274
3.0051557	0.83	-5.0515040846137245	-0.202060163384549
3.005156	0.87	-20.46453696515695	-0.818581478606278
3.0051557	0.83	-14.326422069902911	-0.5730568827961164
7.83443074	0.79	-19.16415216968433	-0.7665660867873731
7.83443368	0.82	-1.5628349697651913	-0.06251339879060766
7.83442788	0.83	-24.13429573849862	-0.9653718295399447
7.83443368	0.79	-9.61243419307115	-0.38449736772284604
7.834435	0.87	-6.001044797379504	-0.24004179189518016
7.8344508	0.82	-19.16762368999448	-0.7667049475997791
58.0192007	0.83	-5.45116382313387	-0.2180465529253548
58.02065498	0.79	-7.080925440293673	-0.2832370176117469
58.02035	0.87	-10.663336328285324	-0.42653345313141294
58.0198583	0.79	-11.917271694539677	-0.4766908677815871
31.509728	0.87	-13.96614136458912	-0.5586456545835649
1.72086138	1.05	-5.140564576874184	-0.2056225830749674
1.72086037	1.06	-1.0109186936039274	-0.0404367477441571
1.7208604	1.17	-3.4951484789751817	-0.13980593915900727
1.72086129	1.07	-30.712917387400818	-1.2285166954960327
1.7208612	1.17	-0.8594641439794014	-0.034378565759176055
1.72086132	1.18	-2.1274836897830003	-0.08509934759132001
1.72086128	1.05	-14.681946470703982	-0.5872778588281593
1.72086132	1.08	-4.111392766773957	-0.16445571067095827
66.262	0.82	-1.2830988017037512	-0.05132395206815005
4.69965324	0.97	-34.18702682987207	-1.3674810731948828
4.69965324	0.95	-11.252063299214042	-0.4500825319685617
4.7	0.89	-11.596830455419894	-0.4638732182167958
4.69965324	0.89	-0.18944321615340892	-0.007577728646136357
4.69965282	0.94	-4.282750685034759	-0.17131002740139034
7.17073208	0.89	-8.669598667000042	-0.3467839466800017
7.17073208	0.89	-2.311917851448245	-0.0924767140579298
7.17071038	0.88	-7.848577947501462	-0.31394311790005847
7.17073273	0.94	-8.659981219532323	-0.3463992487812929
7.170732	0.95	-3.2123302900312236	-0.12849321160124894
7.17073208	0.95	-0.6020661620594794	-0.024082646482379177
7.171	0.89	-24.939170053175914	-0.9975668021270366
7.17073208	0.89	-7.60318572956655	-0.304127429182662
4.17634525	0.73	-0.22230932813523774	-0.00889237312540951
4.17634525	0.67	-0.841544657290792	-0.03366178629163168
4.17634276	0.68	-10.931347959350218	-0.43725391837400873
4.17634276	0.59	-6.618585582531722	-0.2647434233012689
4.176	0.67	-6.426294185164639	-0.25705176740658553
8.70797904	0.67	-9.736880599087453	-0.3894752239634981
8.70797904	0.67	-20.378186294776313	-0.8151274517910525
8.70778	0.64	-1.4447301619466817	-0.05778920647786727
8.70798309	0.68	-10.951102131968112	-0.43804408527872446
8.708	0.67	-12.389121788940175	-0.495564871557607
6.31942727	1.02	-12.944589428963486	-0.5177835771585394
6.319439	1.08	-9.24379811933407	-0.3697519247733628
6.31943553	0.95	-3.5759396439400226	-0.14303758575760092
6.31942727	1.0	-0.5559592035728935	-0.02223836814291574
6.319	1.0	-1.4910829099982235	-0.05964331639992894
12.20945351	1.01	-3.268375263321974	-0.13073501053287895
12.2094828	1.0	-3.5748460813832392	-0.14299384325532957
12.20951755	0.95	-0.46506812619505805	-0.01860272504780232
12.20942	1.08	-2.4461124200212274	-0.0978444968008491
12.20945351	1.02	-12.80830928333517	-0.5123323713334068
3.07641006	0.95	-1.7156869363717688	-0.06862747745487076
3.07645208	1.0	-36.85876872037799	-1.4743507488151195
12.33090437	0.9	-18.36897254658887	-0.7347589018635549
12.33108	0.95	-16.460240351433285	-0.6584096140573314
12.33087921	0.87	-9.733227048635516	-0.38932908194542065
12.33087921	0.9	-8.528336793050299	-0.34113347172201197
12.33090437	0.9	-13.890215985810123	-0.5556086394324049
12.33090437	0.84	-2.48237144912163	-0.09929485796486522
15.94251522	0.9	-13.843325082279152	-0.5537330032911661
15.94248453	0.9	-3.904154891493879	-0.15616619565975515
15.94274	0.95	-13.790382055224676	-0.551615282208987
15.94251522	0.84	-7.275717602765462	-0.2910287041106185
15.94252637	0.87	-1.0788174358147022	-0.04315269743258809
15.94251522	0.9	-2.1076263745197816	-0.08430505498079127
15.943	0.9	-1.8238807549431983	-0.07295523019772794
86.67855186	1.04	-2.4787687299123062	-0.09915074919649225
86.67856052	1.07	-5.221527916281075	-0.20886111665124302
86.67856052	0.96	-6.243609331909352	-0.24974437327637408
86.67862165	1.07	-4.426915273427798	-0.1770766109371119
86.67856	0.98	-12.200910328923445	-0.4880364131569378
12.218278	1.04	-12.704408626680468	-0.5081763450672188
12.21828097	1.07	-4.214457093459499	-0.16857828373837996
12.218255	1.08	-11.87883674324836	-0.47515346972993444
12.218278	1.04	-1.1349016910696959	-0.045396067642787835
69.72646639	1.29	-3.527479992726587	-0.14109919970906348
69.72787813	1.29	-15.889752884667907	-0.6355901153867163
69.72646639	1.4	-8.33662398453508	-0.33346495938140325
69.7546	1.39	-7.229445039019851	-0.28917780156079403
69.7266406	1.43	-4.762319464797739	-0.19049277859190955
69.73297	1.31	-8.112830556115389	-0.3245132222446156
675.47	1.39	-17.423621877516204	-0.6969448751006482
1.21377022	0.13	-7.781082580448728	-0.31124330321794913
1.2137672	0.13	-16.149568581313737	-0.6459827432525495
1.21377206	0.14	-10.980547903218515	-0.4392219161287406
1.21377022	0.13	-17.280332843324103	-0.6912133137329641
1.21377022	0.22	-5.409478124997763	-0.21637912499991052
1.21377022	0.13	-14.692456184066689	-0.5876982473626676
0.4532875	0.62	-10.077962746804056	-0.40311850987216225
0.45328509	0.13	-22.620211635535277	-0.9048084654214111
0.45328742	0.13	-9.410742111272224	-0.376429684450889
0.45328799	0.14	-4.439820674489631	-0.17759282697958526
0.45328731	0.14	-12.290364028320884	-0.49161456113283536
0.45328742	0.15	-9.139149851891077	-0.36556599407564305
1.86511236	0.14	-12.67559836960288	-0.5070239347841152
1.86511302	0.14	-9.00382492368128	-0.3601529969472512
1.86511419	0.13	-2.3248153400339446	-0.09299261360135778
1.86511477	0.22	-1.2466383766504714	-0.04986553506601886
704.962626	0.78	-5.280992841767805	-0.2112397136707122
704.962626	0.75	-4.956382250840976	-0.19825529003363904
362.0	0.8	-10.80244425382449	-0.4320977701529796
704.962626	0.75	-7.453114896995671	-0.2981245958798268
7.89144896	1.07	-10.110147233265012	-0.4044058893306005
7.89144847	1.08	-18.276560751280947	-0.7310624300512378
7.89144912	1.15	-9.785740477448963	-0.39142961909795854
7.89144847	1.08	-4.404582114255635	-0.1761832845702254
7.89144847	1.12	-2.7269122256866587	-0.10907648902746635
7.89144809	1.07	-11.391853005953706	-0.45567412023814824
7.89144847	1.11	-11.542800676952881	-0.46171202707811526
7.8914483	1.15	-9.486106173343721	-0.37944424693374884
7.89144884	1.15	-9.913820982149971	-0.3965528392859989
2.68432854	0.86	-5.461268991204948	-0.21845075964819793
2.68432848	1.0	-10.303270262418778	-0.4121308104967511
2.68432854	0.99	-4.551783459811553	-0.18207133839246212
2.68432852	0.99	-9.204269790867423	-0.36817079163469696
2.68432848	1.0	-4.7764085118473885	-0.19105634047389555
2.68432848	1.0	-7.041167413087581	-0.2816466965235032
2.68432847	0.99	-9.061047499508604	-0.36244189998034415
2.68432897	1.03	-16.125365224343255	-0.6450146089737302
3.3118645	0.89	-19.27347943759671	-0.7709391775038684
3.31186426	0.93	-6.173365031025492	-0.24693460124101968
3.31186415	0.93	-3.922231700692923	-0.1568892680277169
3.31186415	1.01	-6.474971597620765	-0.2589988639048306
3.3118628	0.84	-15.395199809988714	-0.6158079923995485
3.3118644	1.01	-16.712183935288046	-0.6684873574115219
3.79701711	0.81	-18.802207722698256	-0.7520883089079302
3.79701794	0.89	-14.410284797420717	-0.5764113918968287
3.79701834	0.93	-2.3887829881315192	-0.09555131952526077
3.79701834	0.84	-2.0104472024531925	-0.08041788809812771
3.79701816	0.93	-8.085921723621455	-0.32343686894485824
3.79701826	0.88	-6.444978950451422	-0.2577991580180569
3.79701826	0.89	-6.39005745166854	-0.25560229806674156
3.21751903	0.98	-10.578935697081286	-0.42315742788325145
3.21751859	0.84	-7.198303763628337	-0.2879321505451335
3.21751859	0.96	-17.563289800582403	-0.7025315920232962
3.21751859	0.93	-10.562036897515219	-0.42248147590060875
3.21751859	0.96	-20.818803590347756	-0.8327521436139103
10.290994	0.96	-14.262436136904633	-0.5704974454761853
10.2909988	1.1	-2.7131388400971437	-0.10852555360388574
10.29099394	1.06	-1.972481556516638	-0.07889926226066553
10.2909941	1.06	-2.210017838493035	-0.08840071353972141
10.29099376	1.02	-13.267709656628549	-0.5307083862651419
10.29099376	1.04	-1.820684160258613	-0.07282736641034453
10.29099376	1.02	-3.3461395207277387	-0.13384558082910955
10.29099376	1.02	-3.4062084830312043	-0.13624833932124816
3.52563256	0.86	-3.6438440048488925	-0.1457537601939557
3.52563258	0.83	-2.8434049605822427	-0.1137361984232897
3.52563254	0.87	-6.4825145316763875	-0.2593005812670555
3.52563254	0.83	-5.8721571147652405	-0.23488628459060962
3.52563256	0.86	-3.9757358824545266	-0.15902943529818106
3.52563247	0.77	-0.2130986032567277	-0.008523944130269108
3.52563254	0.87	-3.9900534023800676	-0.1596021360952027
3.02409255	1.21	-7.087595411712792	-0.2835038164685117
3.02409489	1.24	-1.972542646213726	-0.07890170584854904
3.0240949	1.32	-5.67805094341294	-0.2271220377365176
3.0240922	1.23	-9.418901021870727	-0.3767560408748291
3.02409255	1.21	-16.58671679616842	-0.6634686718467369
35.9682344	1.03	-1.9830484478993262	-0.07932193791597306
35.9682344	1.15	-13.609781293043726	-0.5443912517217491
35.96807699	1.09	-1.8091717658399786	-0.07236687063359915
35.9682692	1.09	-13.760596933859858	-0.5504238773543944
110.978266	1.09	-13.505811200322004	-0.5402324480128802
110.97378	1.15	-9.51450369973514	-0.38058014798940565
110.97378	1.03	-17.447363384979262	-0.6978945353991705
110.978266	1.21	-14.366576182794653	-0.5746630473117861
110.97378	1.08	-0.9192728263312403	-0.036770913053249615
6.80252171	1.1	-16.461105825363113	-0.6584442330145245
6.803	1.07	-9.88042367844975	-0.39521694713799
6.80252171	1.1	-8.976856224366838	-0.3590742489746735
6.80257947	1.11	-5.712567790829545	-0.2285027116331818
8.70337044	1.1	-1.04019712949842	-0.0416078851799368
8.703	1.07	-1.9534748032184428	-0.07813899212873772
8.70312154	1.11	-2.367566930863695	-0.09470267723454781
8.7032	1.21	-7.1782077237747215	-0.28712830895098884
8.70337044	1.1	-12.906809853401548	-0.516272394136062
11.9216214	1.1	-3.551048372782934	-0.14204193491131736
11.9216214	1.1	-14.919028657696611	-0.5967611463078645
11.9216214	1.1	-0.8306790879521131	-0.033227163518084524
11.92163	1.21	-0.5513853649420185	-0.02205541459768074
11.9216035	1.08	-6.964066811050081	-0.2785626724420033
11.9216035	1.11	-11.953485103648346	-0.4781394041459338
52.50113	1.35	-5.1096783252837765	-0.20438713301135106
52.5008645	1.35	-14.573637355354135	-0.5829454942141654
52.5010768	1.49	-1.668097493221552	-0.06672389972886208
52.5010768	1.35	-6.002659586494916	-0.24010638345979665
52.50097	1.35	-1.5833762160026983	-0.06333504864010793
52.5010768	1.35	-24.824779057975945	-0.9929911623190378
52.501129	1.32	-14.076324814429176	-0.563052992577167
5.33408346	1.01	-13.917782568930509	-0.5567113027572204
5.33408384	1.46	-2.7356490022191173	-0.10942596008876469
5.3340838	1.46	-1.9366769083972284	-0.07746707633588913
12.87471142	1.03	-0.5557984637453349	-0.022231938549813396
12.87471142	1.02	-12.523348627480306	-0.5009339450992123
12.8747099	1.2	-9.28451271312117	-0.37138050852484683
12.87471142	1.03	-1.1301461562597983	-0.04520584625039193
8.6001536	1.54	-9.675718058742667	-0.3870287223497067
8.60015393	1.67	-9.472083665765313	-0.3788833466306125
8.6001533	0.96	-19.727124743200868	-0.7890849897280348
8.6001453	1.13	-6.800131146660282	-0.2720052458664113
8.6001533	0.96	-0.242724481234959	-0.009708979249398359
8.6001545	1.54	-11.719016739406056	-0.46876066957624224
8.60015549	1.11	-2.837666275693449	-0.11350665102773796
8.6001533	0.96	-13.602716814064586	-0.5441086725625834
8.6001536	1.54	-13.194467544883107	-0.5277787017953243
8.6001533	1.24	-14.47890984147534	-0.5791563936590136
64.00166972	0.71	-3.161965816258615	-0.1264786326503446
64.0019669	0.71	-1.3104928431361478	-0.05241971372544591
64.001151	0.51	-5.498762656568855	-0.21995050626275423
64.00164407	0.71	-15.817346899731485	-0.6326938759892594
64.001151	0.51	-8.77402474392542	-0.3509609897570168
64.001151	0.71	-10.180296923040823	-0.4072118769216329
16.79716262	0.71	-12.002519143613128	-0.48010076574452515
16.79713874	0.51	-6.399734497242606	-0.2559893798897042
16.79726574	0.71	-13.704299969991553	-0.5481719987996622
16.79713874	0.75	-6.164932090007182	-0.24659728360028726
16.79713874	0.51	-3.488044087754191	-0.13952176351016765
16.79702	0.64	-7.064924922917113	-0.28259699691668455
66.6504521	0.71	-17.871170448996462	-0.7148468179598585
66.65062	0.71	-23.213882420631727	-0.928555296825269
66.6505482	0.61	-1.199612707429303	-0.04798450829717212
66.6505482	0.74	-7.663935951409215	-0.3065574380563686
35.23319	0.54	-1.8731935763822674	-0.0749277430552907
35.23318	0.57	-5.077009177491909	-0.20308036709967636
35.23318	0.48	-1.7388687928092625	-0.06955475171237051
35.23318	0.48	-2.1431196603116667	-0.08572478641246667
35.2330188	0.63	-3.0822058234413787	-0.12328823293765515
178.13886121	0.96	-4.235343801284672	-0.16941375205138687
178.1396	0.88	-4.469014596426375	-0.178760583857055
178.140456	0.86	-5.157073288560984	-0.20628293154243935
178.1410744	0.96	-0.8204494618324008	-0.03281797847329603
178.140456	0.93	-8.219823086282076	-0.3287929234512831
178.140456	0.86	-4.728286467415238	-0.18913145869660952
178.140456	0.86	-26.8971818621417	-1.075887274485668
3.246732	0.84	-8.247308674109055	-0.3298923469643622
3.24673265	1.09	-20.29396817742375	-0.81175872709695
3.24673248	1.03	-6.2054076108415845	-0.24821630443366338
3.24674	1.19	-9.046435409189662	-0.3618574163675865
3.2467293	1.12	-7.619711557511099	-0.304788462300444
3.246722	1.21	-3.774298294884616	-0.15097193179538465
101.1114976	0.55	-12.024063853266254	-0.4809625541306502
101.1114976	0.48	-11.140858039783764	-0.4456343215913505
101.1114976	0.48	-5.8106149478843605	-0.23242459791537443
101.1107014	0.64	-2.610297119696462	-0.10441188478785848
101.1114976	0.48	-0.11401410965976289	-0.0045605643863905155
101.11135511	0.64	-14.077597967164376	-0.5631039186865751
207.24785	0.58	-0.14972024871852607	-0.005988809948741043
207.24871304	0.58	-13.93313147534984	-0.5573252590139937
207.247959	0.62	-12.93872695897679	-0.5175490783590716
207.2482	0.57	-17.788971629163406	-0.7115588651665362
112.306839	0.64	-0.3907037455325095	-0.015628149821300383
112.29897559	0.72	-4.63858262806144	-0.1855433051224576
112.303136	0.72	-6.586009684808531	-0.26344038739234127
177.67412892	0.75	-9.061784967766052	-0.36247139871064205
177.669112	0.8	-3.2744960869606277	-0.13097984347842512
177.6693	0.74	-0.21389370586628753	-0.008555748234651502
177.669112	0.79	-1.411118008877702	-0.05644472035510808
177.668663	0.75	-10.583256970800178	-0.42333027883200713
177.669112	0.79	-3.461046217873089	-0.13844184871492357
3.6001053	0.67	-3.1105986723240293	-0.12442394689296117
3.60011712	0.69	-13.48898525246044	-0.5395594100984176
3.60011712	0.84	-6.453725468814291	-0.2581490187525716
3.60011885	0.84	-14.308736987515058	-0.5723494795006023
3.60010616	0.62	-0.5004036738477962	-0.020016146953911847
3.60010616	0.62	-0.17755248161099235	-0.007102099264439694
4.54586982	0.69	-2.662990978178616	-0.10651963912714464
4.54587844	0.62	-8.411418908762606	-0.33645675635050426
4.54587844	0.62	-11.903952236659437	-0.4761580894663775
4.54586982	0.84	-20.120486184234803	-0.8048194473693921
4.5458841	0.67	-11.42504577453792	-0.45700183098151687
6.189	0.7	-4.586502509237874	-0.183460100369515
6.18937218	0.84	-7.22722586643824	-0.2890890346575296
6.18943952	0.84	-12.10212409112153	-0.4840849636448612
6.189392	0.67	-8.328177362530525	-0.333127094501221
6.189392	0.76	-21.34976163590176	-0.8539904654360705
6.18940639	0.62	-11.937500826943758	-0.47750003307775035
6.18943952	0.69	-8.773337590876533	-0.3509335036350613
6.18940639	0.62	-6.625050937320483	-0.26500203749281936
7.74347614	0.62	-15.472784096417051	-0.6189113638566821
7.743493	0.67	-17.50873286234182	-0.7003493144936728
7.74347801	0.84	-10.146521158796553	-0.4058608463518621
9.740486	0.76	-1.952157586060025	-0.078086303442401
9.74048418	0.62	-12.920447807223631	-0.5168179122889452
9.74048418	0.62	-1.8950442618316925	-0.07580177047326771
2.98415347	0.17	-9.508046346707255	-0.3803218538682902
2.98415736	0.28	-9.248490016958721	-0.36993960067834886
2.98415771	0.15	-15.149550910335028	-0.6059820364134011
2.98415347	0.43	-4.139474518355575	-0.165578980734223
2.98415771	0.28	-6.316975565011261	-0.25267902260045044
2.9841664	0.33	-21.780282042341007	-0.8712112816936403
2.98415347	0.17	-7.448171196813093	-0.2979268478725237
2.98415347	0.17	-17.842963660073007	-0.7137185464029203
4.87122366	0.15	-11.815489512194466	-0.47261958048777863
4.87122714	0.33	-5.840135072060407	-0.23360540288241627
4.87122366	0.28	-4.953105287718825	-0.19812421150875298
4.871229	0.18	-4.017910427960999	-0.16071641711843995
4.87122222	0.17	-0.954668404039843	-0.03818673616159372
4.87122222	0.43	-3.6915107781329395	-0.14766043112531757
4.87122222	0.17	-3.857895345440414	-0.15431581381761658
4.871229	0.21	-4.824228409851364	-0.19296913639405458
8.15275	0.18	-0.9840179045231638	-0.039360716180926555
8.15275885	0.43	-36.35586091271277	-1.454234436508511
8.15272856	0.33	-9.01146001749615	-0.360458400699846
8.15275885	0.28	-6.809188878849132	-0.27236755515396527
1.56541285	0.4	-3.6129131404707358	-0.14451652561882944
1.56541261	0.19	-24.45642082134166	-0.9782568328536664
1.56541285	0.47	-3.631126365363335	-0.1452450546145334
1.56541637	0.19	-1.1552348366681895	-0.04620939346672758
1.56541285	0.47	-12.779407703961283	-0.5111763081584513
1.5654088	0.56	-22.14693373102058	-0.8858773492408233
1.56541261	0.33	-8.247057556756207	-0.3298823022702483
3.03620874	0.33	-15.628424240028842	-0.6251369696011537
3.03621679	0.47	-2.1269431399362797	-0.08507772559745119
3.03621679	0.47	-3.636144083606104	-0.14544576334424417
3.03620572	0.19	-14.491511559575589	-0.5796604623830236
3.03621679	0.4	-13.897281534879028	-0.5558912613951611
3.036179	0.22	-3.709039849848643	-0.14836159399394575
3.0362155	0.19	-8.92767132121592	-0.3571068528486368
3.03621679	0.47	-8.858304682011456	-0.35433218728045823
5.1489289	0.4	-5.662412397516342	-0.22649649590065368
5.14892826	0.19	-15.442634471597746	-0.6177053788639099
5.1489289	0.47	-5.2145137509743495	-0.208580550038974
7.79430204	0.95	-8.819658496197137	-0.3527863398478855
7.794303	1.0	-9.982617504900483	-0.3993047001960193
7.79430132	0.76	-0.4424747494595148	-0.017698989978380594
7.79430204	0.89	-10.879018660896635	-0.43516074643586544
7.79430304	1.0	-17.787563445323084	-0.7115025378129234
7.79430132	0.96	-6.517908031750446	-0.26071632127001787
7.79430132	0.76	-11.306264905202188	-0.4522505962080875
7.79430132	0.76	-0.42319530357529767	-0.01692781214301191
7.79430132	0.94	-23.91217104093505	-0.956486841637402
7.7942995	0.88	-21.760025067992583	-0.8704010027197033
2500.0	1.5	-12.602255307845418	-0.5040902123138167
12.5822799	0.97	-10.544484876544109	-0.4217793950617644
12.5822799	0.97	-9.879081568439094	-0.3951632627375638
33.67276962	0.97	-8.246629958907842	-0.3298651983563137
33.67276962	1.02	-9.868938993670168	-0.39475755974680676
33.67312	0.95	-12.596521910572926	-0.5038608764229171
33.67276962	0.97	-2.9309950109897978	-0.11723980043959191
33.67280658	0.91	-4.243638264665806	-0.16974553058663225
33.67276962	0.97	-5.5934976009834845	-0.22373990403933938
2.455239	0.59	-9.08361769231585	-0.363344707692634
2.45524062	0.56	-0.7767099367729962	-0.031068397470919846
2.45524059	0.6	-3.0790632388998294	-0.12316252955599317
2.45524065	0.6	-12.317126319458945	-0.4926850527783578
2.45524062	0.59	-12.10343200590693	-0.4841372802362772
2.4552339	0.59	-3.667162938377635	-0.1466865175351054
28.45492088	1.35	-6.245575212965851	-0.24982300851863404
28.45490735	1.19	-8.596720723835723	-0.34386882895342896
28.454851	1.19	-9.80414631504787	-0.3921658526019148
28.45489091	1.19	-10.916767150448536	-0.43667068601794146
28.454899	1.18	-19.14800608696489	-0.7659202434785957
28.45492088	1.3	-2.2502809743272376	-0.0900112389730895
28.45492088	1.33	-1.4347449367390046	-0.05738979746956019
28.45489091	1.3	-7.351405487289305	-0.2940562194915722
15.4130812	1.3	-11.204998157826873	-0.4481999263130749
15.4130812	1.19	-10.294960849905145	-0.4117984339962058
15.413121	1.18	-17.744867129267387	-0.7097946851706955
15.41308581	1.35	-16.463584878432552	-0.6585433951373021
7.51450475	1.19	-4.294671032489208	-0.1717868412995683
7.5144704	1.35	-1.787694994228669	-0.07150779976914677
7.5143967	1.19	-5.809056396056621	-0.23236225584226486
7.5144704	1.35	-2.8368389274815127	-0.1134735570992605
7.5144279	1.33	-5.621236667825724	-0.22484946671302897
384.847556	0.89	-0.2788499273055266	-0.011153997092221065
384.843022	0.87	-3.263878955673867	-0.13055515822695468
240.503	0.94	-6.580995184872992	-0.2632398073949197
10.57375703	1.06	-0.7753177697106743	-0.031012710788426975
10.57375339	1.03	-2.7319072193166827	-0.1092762887726673
10.57375703	1.06	-1.4616102109883011	-0.058464408439532045
10.57375145	1.0	-16.095577187773618	-0.6438230875109447
10.57375768	1.0	-14.059220268627644	-0.5623688107451058
10.573769	1.12	-0.8340089535196156	-0.03336035814078463
10.57375703	1.07	-15.021636934005134	-0.6008654773602053
10.5737534	1.03	-9.520709801412297	-0.3808283920564919
523.9	1.03	-9.157014244473842	-0.3662805697789537
4806.833852	1.06	-6.469793062544525	-0.258791722501781
10.692115	1.15	-6.000692313605319	-0.24002769254421277
10.6906004	1.15	-12.342867423576699	-0.49371469694306797
20.74028413	0.96	-1.9517400652945254	-0.07806960261178102
20.74028413	0.96	-11.255073266613298	-0.45020293066453193
20.74028645	1.13	-3.523825422395987	-0.14095301689583947
20.74065772	1.15	-18.00212164969522	-0.7200848659878087
20.74028413	0.96	-18.401688316795678	-0.7360675326718271
20.74028413	1.52	-16.170397468651178	-0.6468158987460472
20.74028645	1.15	-15.52442337216333	-0.6209769348865332
33.60134	0.9	-21.498761983824842	-0.8599504793529937
33.601789	0.82	-3.220190072691251	-0.12880760290765003
33.60122066	0.88	-10.268527550303123	-0.41074110201212494
33.60122066	0.92	-9.657467400770816	-0.38629869603083267
33.60122066	0.88	-2.8278343748914985	-0.11311337499565995
33.60117937	0.85	-23.626407198742754	-0.9450562879497102
33.648	0.9	-9.242262956101849	-0.36969051824407395
33.60122066	0.88	-13.47035692446963	-0.5388142769787853
57.011	0.9	-14.940071081859132	-0.5976028432743653
6.766579	0.82	-6.884195716865851	-0.27536782867463405
6.76652078	0.88	-6.20436342808015	-0.248174537123206
6.76652078	0.88	-12.944381333480822	-0.5177752533392329
6.76641065	0.85	-6.9158269122902745	-0.276633076491611
6.76652928	0.88	-2.098449787265054	-0.08393799149060216
6.76652078	0.88	-0.16314091366453387	-0.006525636546581355
6.76652078	0.92	-9.545855997646884	-0.38183423990587534
220.1303357	1.03	-21.02074733860977	-0.8408298935443907
220.142913	1.03	-2.4397777905538955	-0.09759111162215582
220.1303357	1.03	-19.083759889143945	-0.7633503955657578
220.1303357	1.17	-20.129308255962233	-0.8051723302384893
220.142913	1.1	-7.35965417890332	-0.2943861671561328
220.1303357	1.18	-16.283841442524654	-0.6513536577009862
8.31378454	1.05	-12.627375017153625	-0.505095000686145
8.31378306	1.06	-6.506776757392558	-0.26027107029570234
8.31377304	1.06	-10.267766764655065	-0.4107106705862026
8.31377304	1.05	-26.217639289368513	-1.0487055715747406
84.6879808	1.97	-8.806214594267834	-0.3522485837707134
84.6877524	1.82	-8.027447948329481	-0.32109791793317927
84.68739669	1.82	-3.0811398897667965	-0.12324559559067186
84.69	1.97	-0.8752092979616192	-0.035008371918464766
84.68895	1.86	-29.36532913123797	-1.1746131652495189
207.58308402	1.82	-0.6882505112536048	-0.02753002045014419
207.6035	1.86	-17.515932671189262	-0.7006373068475705
207.5827234	1.97	-19.355821971567874	-0.774232878862715
207.62	1.59	-3.8959730879425285	-0.15583892351770115
207.5829306	1.82	-0.11329915128264967	-0.0045319660513059865
207.5829306	1.35	-8.276825733846533	-0.3310730293538613
207.5827234	1.97	-0.632916708906603	-0.02531666835626412
207.5827234	1.97	-11.874830873318261	-0.4749932349327305
8.98101683	0.84	-2.7537898929354876	-0.1101515957174195
8.98101683	0.87	-0.6305049752064428	-0.025220199008257713
8.98101493	0.79	-7.74083079362795	-0.309633231745118
8.98101396	1.0	-13.789157393095078	-0.5515662957238031
8.98101683	0.84	-6.62029442623276	-0.2648117770493104
8.98101683	0.82	-4.117828767645938	-0.16471315070583753
7.256999	1.16	-2.282618836929985	-0.09130475347719941
9.94066282	1.28	-8.546396643743927	-0.34185586574975707
9.94067535	1.28	-1.9221766221707872	-0.07688706488683149
9.94067247	1.14	-6.119005040323839	-0.24476020161295356
9.94067247	1.14	-3.664836059404116	-0.14659344237616465
9.94066641	1.28	-16.58631785942099	-0.6634527143768396
9.940678	1.21	-13.485806300836916	-0.5394322520334767
9.94067247	1.23	-20.742446359069348	-0.8296978543627739
51.07926307	0.98	-4.4042679815175525	-0.1761707192607021
51.07926307	0.94	-8.062133577092556	-0.32248534308370225
51.07926307	0.94	-17.535606245630873	-0.701424249825235
3.70921385	1.04	-2.530001043236873	-0.10120004172947493
3.7092141	0.97	-1.0848733215592006	-0.04339493286236802
3.70921385	0.94	-6.854375874036791	-0.2741750349614716
3.70921385	0.94	-2.027852822407546	-0.08111411289630184
24.99324319	0.96	-23.426845398290624	-0.937073815931625
24.99320612	1.02	-19.999407388997952	-0.7999762955599181
24.99324193	1.02	-3.725471657153786	-0.14901886628615144
24.99324193	1.02	-5.679779299051546	-0.22719117196206184
24.9930459	1.02	-15.498684177796436	-0.6199473671118575
24.99324193	1.02	-2.980259838631458	-0.11921039354525831
38.47875707	0.97	-20.453463778346592	-0.8181385511338637
38.47875707	0.97	-15.966947250669634	-0.6386778900267853
38.478743	0.98	-0.7773945742421575	-0.031095782969686302
38.47876623	0.95	-23.429092927530853	-0.9371637171012341
38.47875707	0.97	-4.894440219212103	-0.19577760876848413
49.4643	0.96	-12.119488460945934	-0.4847795384378374
303.227	0.96	-8.743630979323429	-0.34974523917293715
5.01423457	1.31	-5.282695509197718	-0.21130782036790874
5.01423473	1.41	-6.844910267235588	-0.2737964106894235
5.01423457	1.49	-11.205502329619856	-0.4482200931847942
5.0142325	1.17	-6.649508942813565	-0.2659803577125426
4.17625619	0.78	-3.3143388932469118	-0.13257355572987647
4.17625419	0.78	-6.684403292422473	-0.26737613169689894
4.17625419	0.87	-2.477547832075488	-0.09910191328301952
4.17625551	0.84	-11.239806308700345	-0.4495922523480138
4.1762599	0.86	-5.063760089034274	-0.202550403561371
14.557339	1.09	-25.461849501107984	-1.0184739800443194
14.55731705	1.06	-15.92258066038371	-0.6369032264153485
14.55731705	1.1	-4.544733944897636	-0.18178935779590544
14.55731705	1.02	-5.293241566488965	-0.21172966265955862
5.66067294	0.94	-2.5954370659311685	-0.10381748263724674
5.66066851	1.02	-22.647739314880628	-0.9059095725952251
5.66067294	0.91	-2.150611497849186	-0.08602445991396744
5.66066943	0.93	-3.9250209708850368	-0.15700083883540147
5.66067294	0.91	-5.515763287979078	-0.22063053151916312
5.66067294	0.91	-20.07464952755042	-0.8029859811020168
3.10550819	0.8	-1.7096599894398317	-0.06838639957759327
3.10550819	0.8	-2.7696113765830885	-0.11078445506332354
3.10550819	0.8	-5.96766444013072	-0.23870657760522881
3.1055091	0.84	-7.823174816130173	-0.3129269926452069
3.10550784	0.88	-11.57980398897195	-0.463192159558878
3.10550819	0.88	-5.8005496035455035	-0.23202198414182015
3.10550746	0.78	-8.623802926246066	-0.34495211704984263
3.10550819	0.86	-9.075783219534719	-0.3630313287813888
14.00640607	1.03	-4.33579000127616	-0.1734316000510464
14.006406	0.95	-7.9183993573094735	-0.31673597429237893
14.00640607	1.04	-0.4354817444482019	-0.017419269777928077
14.00640607	1.04	-2.208969030310327	-0.08835876121241308
11.11990653	0.71	-1.8056142218771252	-0.07222456887508501
11.1199028	0.82	-1.4752084702073929	-0.059008338808295716
13.2217576	0.77	-12.740074360509379	-0.5096029744203752
13.2217576	0.77	-11.844270862938293	-0.4737708345175317
13.2217576	0.85	-8.211159166791324	-0.328446366671653
13.22178	0.81	-0.7921679607800138	-0.03168671843120056
12.49340725	0.89	-13.498163240112898	-0.5399265296045159
12.49343755	0.89	-4.9522625495205705	-0.19809050198082281
12.49341307	0.76	-1.8312893715468586	-0.07325157486187435
12.49341307	0.86	-5.250336761108287	-0.2100134704443315
12.49341307	0.77	-11.246252435843239	-0.44985009743372956
12.493311	0.81	-3.18690579285733	-0.1274762317142932
4.77799593	0.87	-7.122413941828146	-0.2848965576731258
4.778	0.88	-10.5133058404903	-0.420532233619612
4.7779803	0.89	-15.32648893041293	-0.6130595572165172
4.77800403	0.95	-0.8837382722174113	-0.035349530888696454
4.77800048	0.87	-4.7191070366352745	-0.188764281465411
4.77800306	0.86	-6.649124914412109	-0.26596499657648437
4.77800403	0.92	-6.706046369038639	-0.2682418547615456
4.77800403	0.95	-11.652934179222312	-0.46611736716889246
4.77800403	0.87	-12.215255363973625	-0.48861021455894504
9.67395	0.88	-4.697901073296482	-0.18791604293185926
9.67394685	0.87	-12.707155328612235	-0.5082862131444894
9.67395347	0.95	-17.795389415135787	-0.7118155766054315
9.67395347	0.92	-1.8814835225611968	-0.07525934090244787
9.6739283	0.89	-4.613889454359276	-0.18455557817437104
9.67395849	0.86	-2.4982546875289118	-0.09993018750115647
42.8961	0.88	-14.406215824984507	-0.5762486329993803
42.89642324	0.87	-9.897393821775164	-0.3958957528710066
42.89605505	0.87	-5.658531046167681	-0.22634124184670726
42.89645024	0.87	-2.7149824743748	-0.108599298974992
42.89605505	0.92	-19.165263698937263	-0.7666105479574905
42.89645024	0.86	-7.902204852216824	-0.31608819408867295
982.0	0.88	-6.150957981629492	-0.2460383192651797
5219.681854	0.92	-1.4647128406123542	-0.058588513624494166
4.9195838	1.19	-7.7358259779790846	-0.30943303911916337
4.9195838	1.2	-4.573971558642913	-0.1829588623457165
4.919585	1.25	-6.6118906702066	-0.26447562680826403
4.9195838	1.19	-5.758637903735462	-0.23034551614941848
4.919585	1.22	-5.85194286721214	-0.2340777146884856
4.9195838	1.25	-24.519952064723185	-0.9807980825889274
4.91958477	1.25	-4.39783351126282	-0.1759133404505128
4.9195838	1.19	-7.898782332645509	-0.3159512933058204
10.06084307	1.0	-11.395296945068367	-0.4558118778027347
10.06083238	1.0	-9.912698690223175	-0.39650794760892705
10.06079997	1.0	-1.7539765975935657	-0.07015906390374263
10.060791	0.98	-5.453847104514371	-0.21815388418057485
10.06082567	1.01	-6.556465827043116	-0.26225863308172465
56.35399451	0.76	-6.801552284005879	-0.2720620913602352
56.35407916	0.69	-0.2486523209748469	-0.009946092838993876
56.35418576	0.72	-23.17739256464017	-0.9270957025856068
56.35418576	0.65	-13.744545322473696	-0.5497818128989479
56.35418576	0.65	-3.5429008112306004	-0.141716032449224
56.35407916	0.76	-14.884842245030372	-0.5953936898012149
30.229104	1.11	-6.955867379169136	-0.2782346951667654
30.229104	1.11	-3.8508630125985297	-0.1540345205039412
30.22894526	1.16	-7.712939794833083	-0.30851759179332333
30.22910274	1.3	-19.457120155241846	-0.7782848062096739
30.22935	1.23	-16.0726330029996	-0.6429053201199839
30.229104	1.11	-9.413535247465632	-0.3765414098986253
10.04556692	0.99	-0.7146883690292931	-0.028587534761171724
10.04556377	0.99	-15.749075672767944	-0.6299630269107178
10.04556931	1.0	-1.048770679754903	-0.04195082719019612
10.04556931	1.0	-2.163735079353124	-0.08654940317412496
10.045607	0.99	-15.027697565576768	-0.6011079026230707
10.04556899	0.99	-39.25171262063269	-1.5700685048253076
10.04556931	1.0	-9.855425482479665	-0.3942170192991866
10.04556931	0.97	-5.7817575072278595	-0.23127030028911438
10.04556377	0.95	-8.00571144421365	-0.320228457768546
3.2432598	1.08	-13.171876814216263	-0.5268750725686505
3.2432598	1.1	-5.560374888781096	-0.22241499555124386
3.2432598	1.1	-23.49071648082833	-0.9396286592331332
15.35876777	0.87	-0.6574530316013948	-0.026298121264055792
15.3587684	0.9	-4.167456857139746	-0.16669827428558986
15.3587794	0.93	-18.274435292399716	-0.7309774116959886
15.3587684	0.9	-7.533667100999783	-0.3013466840399913
38.6520796	0.87	-8.279410999268455	-0.3311764399707382
38.6520796	0.95	-20.573834087246443	-0.8229533634898577
2.41840684	0.87	-23.77815900069982	-0.9511263600279928
2.41840684	0.95	-1.0929312031887386	-0.04371724812754955
2.41840562	0.95	-4.223800370739067	-0.16895201482956268
2.41840544	0.9	-21.728323764798347	-0.8691329505919339
2.41839004	0.87	-8.755008469287029	-0.35020033877148116
2.41840544	0.9	-13.241523132619966	-0.5296609253047986
2.41840544	0.93	-1.9736367607307141	-0.07894547042922857
17.27629612	0.78	-12.1018278656782	-0.484073114627128
17.27629612	0.78	-16.709525521149047	-0.6683810208459618
17.27629612	0.82	-10.017703188906541	-0.4007081275562617
17.27629612	0.78	-2.408843566251923	-0.09635374265007693
7.20385258	0.63	-11.322563648355247	-0.4529025459342099
7.20385064	0.63	-5.3368051536972025	-0.21347220614788812
7.20385064	0.54	-7.511463668156436	-0.30045854672625744
7.20385586	0.54	-13.526837098321232	-0.5410734839328493
7.028	0.54	-6.223658340168596	-0.24894633360674384
7.204	0.62	-9.749338641957676	-0.38997354567830705
7.20385064	0.54	-9.703834782879294	-0.3881533913151718
7.203794	0.55	-2.846713333733861	-0.11386853334935443
7.2	0.61	-0.4055901546498321	-0.016223606185993285
10.91271752	0.63	-19.550500494515113	-0.7820200197806045
10.913	0.5	-5.843007068652297	-0.23372028274609188
10.91274807	0.54	-14.853779985230958	-0.5941511994092383
10.9129343	0.55	-16.464690018603044	-0.6585876007441217
10.91401005	0.54	-25.287113813426686	-1.0114845525370675
10.91274065	0.54	-4.633678384285924	-0.18534713537143696
2.57653594	0.54	-0.786699021755119	-0.03146796087020476
2.57657102	0.54	-4.4213339144011545	-0.17685335657604617
2.57657102	0.63	-1.6459634580924893	-0.06583853832369957
2.57656969	0.54	-18.20757334824497	-0.7283029339297988
2.57657133	0.63	-8.513322989847529	-0.34053291959390114
2.57656969	0.54	-5.657525881734721	-0.22630103526938886
2.57656969	0.54	-13.395942344381474	-0.535837693775259
18.59621032	0.63	-4.3203321093103195	-0.17281328437241278
18.5960431	0.54	-0.4574722802030719	-0.018298891208122878
18.59626777	0.63	-7.608254188074852	-0.3043301675229941
18.596	0.54	-4.529459111402952	-0.18117836445611807
18.59611518	0.63	-1.587847985138303	-0.06351391940553212
18.59622	0.55	-4.012535885355015	-0.1605014354142006
3.26869515	1.24	-6.6752330043553725	-0.2670093201742149
3.26869515	1.24	-19.69432567248278	-0.7877730268993112
3.26869504	1.11	-10.729960833356058	-0.42919843333424235
4.22538454	0.96	-0.13543989471056522	-0.005417595788422609
4.22538451	1.04	-6.0216620264494125	-0.2408664810579765
4.22538451	1.07	-16.121718207700503	-0.6448687283080201
4.2253846	1.05	-6.221715909902067	-0.2488686363960827
4.22538451	1.07	-1.0834624597246252	-0.04333849838898501
4.22538451	1.04	-6.696855809429417	-0.26787423237717667
4.22538451	1.07	-0.192103546711971	-0.00768414186847884
3.00387658	1.25	-7.187762019856898	-0.28751048079427594
3.0038752	1.1	-14.880754232908965	-0.5952301693163586
3.00387955	1.13	-11.099645450975085	-0.44398581803900344
3.00387658	1.25	-3.753879808478417	-0.15015519233913668
3.00387955	1.25	-20.011623658553972	-0.8004649463421589
3.41303622	0.86	-2.240206460957896	-0.08960825843831584
3.41303622	0.77	-1.7345030288191232	-0.06938012115276493
3.4130351	0.86	-0.4640398794014643	-0.01856159517605857
3.41303635	0.89	-12.136264892881812	-0.4854505957152725
3.41303585	0.94	-5.671256066108761	-0.22685024264435044
3.41303622	0.77	-3.3539424876708255	-0.134157699506833
5.89660978	0.89	-21.41766073051197	-0.8567064292204788
5.89686	0.86	-9.635959143857143	-0.3854383657542857
5.8966109	0.77	-5.242718930934452	-0.20970875723737809
5.8966109	0.77	-3.3297302788488854	-0.1331892111539554
8.30864937	0.76	-4.990390579922545	-0.19961562319690182
8.30864937	0.76	-2.9096323428240694	-0.11638529371296277
8.30870362	0.87	-7.421608385733396	-0.2968643354293359
8.30866735	0.87	-3.5464897191770794	-0.14185958876708318
8.30865307	0.8	-19.9436865293591	-0.7977474611743639
8.30864937	0.86	-3.8930188713492693	-0.15572075485397077
8.30865307	0.87	-15.175340173399618	-0.6070136069359847
3.57320367	1.0	-1.1640248774465725	-0.0465609950978629
3.57320367	1.0	-21.599535419484717	-0.8639814167793887
9.61375356	1.04	-3.132589239396938	-0.12530356957587752
9.61375316	1.04	-20.01872611288553	-0.8007490445154213
9.61375356	1.04	-24.469136895223315	-0.9787654758089326
5.63252845	0.9	-15.660762998567026	-0.6264305199426811
5.63252719	0.86	-4.189883894066688	-0.16759535576266754
5.63252845	0.9	-5.931632818231257	-0.2372653127292503
5.632566	0.8	-16.293504746961027	-0.6517401898784411
5.63253172	0.86	-4.890515526133116	-0.19562062104532466
3.5484625	1.37	-15.001389950025565	-0.6000555980010226
3.54846589	1.23	-3.2926919669497545	-0.1317076786779902
3.54846545	1.32	-3.8458093812111818	-0.15383237524844728
3.54846566	1.37	-5.350623096409146	-0.21402492385636585
3.5484654	1.32	-0.16466228417946638	-0.006586491367178655
3.548469	1.3	-2.876495337143913	-0.11505981348575653
7.8128584	1.15	-13.440836191607362	-0.5376334476642944
7.8125124	1.23	-20.049783638588913	-0.8019913455435566
7.8128584	1.26	-0.7168871971067269	-0.028675487884269074
7.8128584	1.28	-4.737230027248593	-0.18948920108994372
7.81254	1.24	-5.1802568622007685	-0.20721027448803075
7.812512	1.22	-8.297233293272122	-0.33188933173088486
7.81285862	1.18	-0.26320574933546825	-0.010528229973418731
7.8128584	1.26	-6.017362294456969	-0.24069449177827879
9.37664325	1.26	-6.933880440813982	-0.27735521763255927
9.37664325	1.15	-8.206830474682945	-0.3282732189873178
9.37664325	1.26	-6.875085990144676	-0.27500343960578705
9.3761368	1.23	-15.394324012610761	-0.6157729605044304
8.5083244	1.12	-14.40681333736002	-0.5762725334944009
8.508355	0.98	-14.291884177784045	-0.5716753671113618
8.50840351	1.01	-5.58571438589388	-0.2234285754357552
8.50831464	1.01	-10.138281702041368	-0.40553126808165474
8.5083244	1.08	-15.191193428343178	-0.6076477371337271
5.64067757	1.06	-11.7273175857204	-0.469092703428816
5.640662	1.11	-17.115833985673962	-0.6846333594269585
5.64067757	1.06	-9.07171459549501	-0.3628685838198004
5.6406754	1.15	-15.534570220222783	-0.6213828088089113
5.64067697	1.15	-3.260896583774188	-0.13043586335096752
3.62269606	1.06	-5.273342661044698	-0.2109337064417879
3.62269606	1.06	-24.442869360148986	-0.9777147744059594
3.62276006	1.03	-0.12321003420922838	-0.004928401368369135
3.62275506	1.15	-13.08461504600779	-0.5233846018403117
4.2868685	1.1	-12.834595090341235	-0.5133838036136494
4.28686059	1.1	-22.017196452454638	-0.8806878580981855
4.28686431	1.09	-7.935726666788948	-0.31742906667155796
4.28686623	1.11	-1.9197358308563182	-0.07678943323425273
9.54927709	0.4	-7.8726037173907315	-0.31490414869562927
9.54927542	0.33	-27.37041076468237	-1.0948164305872947
9.549273	0.51	-7.311105702788631	-0.29244422811154525
9.54927542	0.39	-1.798258744236007	-0.07193034976944028
9.54927542	0.39	-4.076456312038838	-0.1630582524815535
27.52197994	0.55	-7.635562307068927	-0.3054224922827571
27.52197994	0.53	-10.011204173050091	-0.40044816692200363
27.52196099	0.62	-5.68443175859307	-0.22737727034372282
27.52197994	0.53	-14.781460343595745	-0.5912584137438298
27.521732	0.55	-4.679576535471698	-0.18718306141886792
6.88340359	1.16	-3.651079514458952	-0.14604318057835808
6.88341278	1.16	-1.6894074184304189	-0.06757629673721675
6.88341278	1.19	-13.73778531628834	-0.5495114126515336
6.8834055	1.18	-15.496996250772868	-0.6198798500309147
6.8834055	1.18	-13.305816670934586	-0.5322326668373835
6.8834055	1.19	-11.961177150715127	-0.4784470860286051
6.88341485	1.16	-6.0019174387129315	-0.24007669754851726
3.56809693	1.14	-3.2495548504777547	-0.12998219401911018
3.56809693	1.16	-3.8545742001935968	-0.15418296800774386
3.56808669	1.11	-3.045543165195657	-0.12182172660782628
3.56809693	1.14	-3.5159248159803234	-0.14063699263921295
3.56809693	1.13	-1.5714080661160355	-0.06285632264464142
25.308897	1.03	-10.170886452054889	-0.40683545808219557
25.30893566	1.19	-12.839391529600883	-0.5135756611840353
25.30894683	1.19	-1.6463057201012077	-0.06585222880404831
25.30889748	1.27	-9.98862736392952	-0.39954509455718085
41.74600392	1.08	-9.311672683958342	-0.3724669073583337
41.74600392	1.02	-5.259934099240527	-0.21039736396962108
41.7460184	1.1	-19.195187024304104	-0.7678074809721642
41.74598855	1.1	-6.13970780482687	-0.24558831219307478
41.7460724	1.1	-11.103230441406238	-0.4441292176562495
45.155	1.1	-2.0290523940461997	-0.08116209576184799
45.15530074	1.05	-1.9906651684600776	-0.0796266067384031
45.15530074	1.05	-2.63718924781988	-0.1054875699127952
45.156	1.05	-5.304796007897979	-0.21219184031591914
45.15530956	1.03	-2.264028927371322	-0.09056115709485289
45.15530074	1.05	-5.50897934300482	-0.2203591737201928
45.15530074	1.05	-11.897025828575028	-0.4758810331430011
45.15535633	1.05	-8.579420057902755	-0.3431768023161102
85.31287	1.04	-9.847057172610139	-0.3938822869044056
85.3162004	1.05	-4.373778878506265	-0.17495115514025059
85.3165776	0.93	-0.6975989057072162	-0.027903956228288646
85.3139	0.98	-1.3297530688540344	-0.05319012275416138
85.3165776	1.05	-6.079838720777094	-0.24319354883108374
85.313	1.05	-3.3116165275930003	-0.13246466110372002
85.3162004	1.03	-3.315839132283396	-0.13263356529133585
85.3128662	1.0	-10.031997223790107	-0.40127988895160427
85.3165776	1.05	-13.692626519498555	-0.5477050607799422
85.3165776	1.05	-1.6844084367862415	-0.06737633747144967
130.17746603	1.05	-10.537492221645296	-0.42149968886581185
130.17802962	1.03	-4.656077490456697	-0.1862430996182679
130.17662541	1.03	-7.87028425342483	-0.31481137013699323
130.17746603	1.05	-7.5994872626322	-0.303979490505288
130.18	1.1	-2.242482797371812	-0.08969931189487249
130.17814386	1.03	-15.411391611817717	-0.6164556644727087
130.1831	1.04	-9.259035093365698	-0.37036140373462795
130.183	1.05	-9.902857307181934	-0.39611429228727735
19.55659418	0.86	-3.1592043051588483	-0.12636817220635393
19.55659418	0.88	-2.662321636166765	-0.1064928654466706
19.55659485	1.0	-1.2106989555749017	-0.048427958222996066
19.55662003	0.84	-14.612755677153773	-0.584510227086151
19.55659418	0.88	-5.7389874982647004	-0.22955949993058802
19.55659418	0.86	-1.2987351318824065	-0.05194940527529626
19.55659418	0.91	-27.281122017291494	-1.0912448806916597
19.55663	1.24	-1.9452456886407845	-0.07780982754563139
296.637865	1.0	-11.89012811655276	-0.47560512466211036
296.637865	1.12	-1.5784573721203004	-0.06313829488481201
296.6371	0.94	-23.658413702465396	-0.9463365480986159
296.6375817	0.96	-4.571455884204881	-0.18285823536819526
26.62942	1.0	-8.588872671929007	-0.3435549068771603
26.62946276	1.12	-5.750754288689795	-0.2300301715475918
26.6294395	1.12	-3.6890901433747243	-0.14756360573498897
26.62941953	0.96	-3.8095805332563724	-0.1523832213302549
26.62946276	1.12	-6.100916496977237	-0.24403665987908948
26.62946276	0.95	-6.752276319399772	-0.2700910527759909
26.62946276	1.12	-6.207395169820409	-0.24829580679281638
34.4359387	1.16	-2.9798977318394795	-0.11919590927357918
34.4359387	1.19	-5.9954336864739455	-0.23981734745895783
34.43596883	1.16	-14.622178641016841	-0.5848871456406737
34.43582968	1.16	-7.579298388106927	-0.30317193552427707
34.43587975	0.95	-10.960796857362249	-0.43843187429449
34.43587975	0.95	-1.1273539552620666	-0.04509415821048267
28.86235584	0.9	-16.85577202947399	-0.6742308811789596
28.86231	1.04	-5.942132603384367	-0.2376853041353747
28.86235584	0.99	-0.8165632994140717	-0.03266253197656287
28.86235584	0.99	-10.643538715456705	-0.4257415486182682
28.86237473	1.06	-21.10771517772718	-0.8443086071090872
28.86235584	1.02	-7.756960623077031	-0.3102784249230813
5.65179605	1.1	-23.382805276748556	-0.9353122110699422
5.65178922	1.29	-17.889058301837704	-0.7155623320735082
5.65179605	1.18	-1.8378414041601236	-0.07351365616640494
5.65181706	1.11	-5.290496461626853	-0.21161985846507414
5.65179605	1.1	-11.163954596692543	-0.44655818386770174
19.96371318	1.0	-3.2619769953901256	-0.13047907981560503
19.96371318	0.9	-3.355211506292358	-0.13420846025169433
19.96367208	0.79	-13.532432410888191	-0.5412972964355277
19.96371318	1.0	-4.792090011834062	-0.19168360047336247
19.96371318	1.0	-6.315459808253973	-0.2526183923301589
19.96359	1.0	-2.0342873653722626	-0.0813714946148905
24.854687	1.41	-15.203447197696915	-0.6081378879078766
24.85462415	1.45	-1.370472125781181	-0.05481888503124724
24.85462415	1.62	-6.070314842521708	-0.24281259370086833
24.85466504	1.7	-8.003788159361656	-0.32015152637446626
60.92832271	0.86	-8.355211621899825	-0.334208464875993
60.92832271	0.86	-8.194550787431666	-0.32778203149726665
60.92832271	0.85	-28.123404169201873	-1.1249361667680748
60.9292	0.91	-14.901005073287832	-0.5960402029315133
8.51205	1.19	-18.10387137858289	-0.7241548551433157
8.51203774	1.09	-8.603487722115467	-0.3441395088846187
8.51204786	1.09	-1.552832455454044	-0.062113298218161764
8.51203588	1.17	-6.763232632304957	-0.2705293052921983
24.30784323	0.9	-7.742428760277175	-0.309697150411087
24.30784323	0.91	-3.5161473309747047	-0.14064589323898818
24.30793833	0.9	-10.486925646532049	-0.41947702586128194
24.30788504	0.9	-10.526214108918458	-0.4210485643567383
24.307983	0.94	-9.258713607960527	-0.37034854431842107
7.88	0.62	-11.675510469487444	-0.46702041877949774
7.8774163	0.63	-8.765396195262257	-0.35061584781049027
7.87740709	0.56	-2.302347091531789	-0.09209388366127157
7.87740709	0.56	-16.32994200167588	-0.6531976800670353
7.87742645	0.64	-2.679955319405581	-0.10719821277622325
7.877	0.66	-3.362194775099414	-0.13448779100397656
16.385	0.58	-21.904511147112526	-0.8761804458845011
16.38	0.62	-9.510533973566782	-0.38042135894267126
16.38522911	0.56	-6.103973194210851	-0.24415892776843404
16.38482024	0.64	-2.118304868696091	-0.08473219474784363
16.38481298	0.64	-1.2238530669805368	-0.04895412267922147
16.38489988	0.63	-6.038327049384927	-0.24153308197539708
16.3850021	0.54	-5.677678470260658	-0.22710713881042632
16.38485646	0.56	-2.6943122857486803	-0.10777249142994721
16.385	0.66	-3.8433747724633887	-0.15373499089853554
36.44591	0.58	-4.859789905503734	-0.19439159622014937
36.44530957	0.64	-9.828169802554921	-0.39312679210219686
36.4451982	0.66	-11.452798938975208	-0.45811195755900835
36.4451982	0.56	-0.6304996083655448	-0.02521998433462179
36.4454001	0.64	-0.8553044698482788	-0.03421217879393115
19.67416124	1.1	-12.14647363433305	-0.485858945373322
19.67416124	1.13	-3.095377345178308	-0.12381509380713233
19.67416124	1.13	-9.460860217789547	-0.37843440871158185
19.67416124	1.13	-2.812513566531087	-0.11250054266124349
19.67416124	1.08	-2.868322122601217	-0.11473288490404869
5.211058	1.14	-7.046791298110534	-0.2818716519244214
5.21104261	1.13	-14.600237333885335	-0.5840094933554134
5.21104261	1.13	-11.474900306851474	-0.45899601227405895
5.21104261	1.1	-4.842795593969482	-0.1937118237587793
5.21104261	1.08	-16.462300750641862	-0.6584920300256745
22.20813214	1.35	-5.393569174590655	-0.2157427669836262
22.20809549	1.32	-4.001784005073091	-0.16007136020292365
22.20746759	1.41	-1.6317690046307067	-0.06527076018522827
22.20813214	1.23	-1.2957823067532173	-0.05183129227012869
38.58443238	1.27	-3.0669133774488095	-0.12267653509795239
38.58422849	1.28	-4.775814883357396	-0.19103259533429584
38.58422849	1.28	-6.939187162874902	-0.2775674865149961
38.58422849	1.28	-4.683660578139549	-0.18734642312558197
38.5833679	1.27	-3.206343121854377	-0.12825372487417508
38.58336	1.34	-3.5108588504460574	-0.1404343540178423
38.58437961	1.27	-2.170847600183917	-0.08683390400735667
5.83598311	0.94	-9.624583022247133	-0.38498332088988535
5.83599485	0.94	-8.276102527709593	-0.3310441011083837
5.83598311	0.93	-22.386907009770194	-0.8954762803908078
5.83598311	0.91	-9.034253347242643	-0.36137013388970574
5.8359839	0.94	-5.8881810277669775	-0.2355272411106791
5.835973	0.96	-6.233657779702141	-0.24934631118808565
7.97419807	1.03	-3.5824777974623268	-0.14329911189849306
7.97412529	1.05	-9.661104359338033	-0.38644417437352135
7.97419807	1.05	-7.33486535143355	-0.29339461405734196
7.97419807	1.09	-11.962500149910682	-0.4785000059964273
7.974157	1.03	-14.60576161566518	-0.5842304646266072
7.97420583	1.04	-20.02287952545037	-0.8009151810180148
1.88897906	1.03	-6.698622182419173	-0.26794488729676696
1.888971	1.03	-0.8509137401989711	-0.03403654960795885
18.68405716	0.96	-11.687138218232818	-0.4674855287293127
18.68405716	1.04	-14.45493613897106	-0.5781974455588424
18.68404933	1.14	-3.0314714752218213	-0.12125885900887286
18.68398102	0.96	-13.250000207641886	-0.5300000083056754
18.68404933	1.02	-1.6430550748408073	-0.0657222029936323
18.68412217	0.96	-24.76827901708014	-0.9907311606832057
18.68404933	1.02	-6.169325683760473	-0.24677302735041892
18.68421	1.03	-6.766009405549218	-0.27064037622196874
18.68404933	1.02	-7.8568638091986625	-0.3142745523679465
5.45849832	1.13	-2.262411854440489	-0.09049647417761957
5.45849914	1.17	-15.547178069069954	-0.6218871227627981
5.45849677	1.02	-8.482341603256566	-0.3392936641302627
5.45851	1.13	-5.212642714467961	-0.20850570857871845
5.45849832	1.15	-4.500248961164553	-0.18000995844658213
5.45849832	1.13	-3.48728507653575	-0.13949140306143
13.28536452	1.24	-0.7332563618084527	-0.029330254472338106
13.28534769	1.23	-6.755941498571069	-0.27023765994284277
13.28536452	1.23	-9.394951644522449	-0.37579806578089797
13.28535633	1.12	-2.486664545092842	-0.09946658180371369
13.28535633	1.19	-7.8892857295811405	-0.3155714291832456
19.78297415	1.02	-2.7794343537298354	-0.11117737414919342
19.7830344	0.99	-13.802105549973184	-0.5520842219989274
19.78297415	0.98	-6.503364450343283	-0.2601345780137313
1.98035766	0.98	-1.370478915278631	-0.05481915661114524
1.9803619	1.13	-10.090826330319263	-0.40363305321277054
1.98035766	1.07	-5.302095646467096	-0.21208382585868385
1.98035667	1.0	-10.053071305249416	-0.4021228522099767
1.98035766	0.98	-5.965339626049084	-0.23861358504196337
12.83404	1.13	-6.608701080434517	-0.2643480432173807
12.8345022	0.98	-13.967255365864597	-0.5586902146345839
12.8345022	0.98	-12.47756664117406	-0.4991026656469624
12.8344771	1.0	-8.065872183536754	-0.32263488734147017
35.8657306	0.98	-11.172688349146581	-0.44690753396586325
35.86286	1.13	-8.363468936695835	-0.3345387574678334
35.86619949	1.0	-9.529479342655588	-0.3811791737062235
18.64932728	1.0	-6.406068278191117	-0.2562427311276447
18.64934587	1.0	-5.317631071248119	-0.21270524284992476
18.64929678	1.02	-4.625565862469463	-0.1850226344987785
18.64895	1.06	-11.030725224132027	-0.4412290089652811
18.649	1.02	-14.179178262404267	-0.5671671304961707
18.64929678	0.98	-18.706387223270184	-0.7482554889308074
18.64929678	1.02	-9.284073260118806	-0.37136293040475227
38.5576546	1.03	-7.99295091720947	-0.3197180366883788
38.5575914	1.02	-8.611926084088491	-0.3444770433635397
38.55801645	1.0	-7.930325673758331	-0.3172130269503332
38.55831	1.06	-14.102457333608537	-0.5640982933443415
38.5575914	0.97	-5.941280723373205	-0.23765122893492818
38.558	1.02	-15.980562074586329	-0.6392224829834532
38.5575914	1.02	-9.429589372594696	-0.37718357490378784
38.5575914	0.98	-16.780991246551267	-0.6712396498620506
38.5576546	1.0	-5.274552990700364	-0.21098211962801458
9.75193	1.06	-8.145765323807954	-0.32583061295231813
9.75193182	1.02	-4.512897863266785	-0.1805159145306714
9.75193182	0.97	-14.25896146152784	-0.5703584584611135
39.30941904	0.9	-18.50421768569339	-0.7401687074277357
39.30941057	1.01	-0.9300157239561238	-0.03720062895824495
39.30944096	1.01	-4.084873579047539	-0.16339494316190156
39.30944096	0.93	-1.309666235588332	-0.05238664942353328
39.30941904	0.9	-1.9623849854359	-0.078495399417436
29.88487723	0.77	-7.90384687517778	-0.3161538750071112
29.88485741	0.72	-10.973188800674837	-0.4389275520269935
29.88485741	0.78	-13.36902159821435	-0.534760863928574
29.88487723	0.72	-0.7543354821942885	-0.03017341928777154
29.88485994	0.77	-0.40857649556040865	-0.016343059822416347
29.88571	0.75	-11.78399393252208	-0.4713597573008832
12.92491623	0.76	-7.987398316926331	-0.31949593267705323
12.92489803	0.82	-17.102126951369456	-0.6840850780547783
12.92493305	0.84	-9.063680983199365	-0.3625472393279746
12.92491623	0.83	-1.4331246326466613	-0.05732498530586645
12.92491623	0.87	-8.012764881883578	-0.32051059527534315
12.924907	0.84	-10.878584173396902	-0.4351433669358761
12.92491623	0.76	-14.368041687830507	-0.5747216675132203
28.51120525	0.96	-19.912421653122806	-0.7964968661249122
28.511096	0.68	-7.164486290321861	-0.28657945161287446
28.51117639	0.75	-18.66488704392912	-0.7465954817571648
28.51120525	0.96	-6.54487198072398	-0.2617948792289592
28.51120525	0.78	-7.943132440674596	-0.3177252976269838
28.51117639	0.73	-9.279869366570876	-0.37119477466283507
15.959946	1.09	-20.129633982314825	-0.805185359292593
15.95999283	1.08	-11.976121076325887	-0.47904484305303546
15.95995458	1.08	-5.125617098844661	-0.20502468395378645
15.95995611	1.07	-0.2535526435506684	-0.010142105742026737
15.95994513	1.05	-6.868098584861224	-0.274723943394449
15.95994513	1.07	-1.321808196052545	-0.0528723278421018
15.95995611	1.08	-10.69968180603935	-0.42798727224157407
7.37867551	1.08	-5.840981564302947	-0.23363926257211787
7.37862283	1.07	-5.748669064170237	-0.22994676256680946
7.37867551	1.07	-7.490674526624631	-0.29962698106498525
7.37862283	1.07	-5.032113803602582	-0.20128455214410326
7.378776	1.09	-5.079124313022566	-0.20316497252090265
7.37868381	1.08	-19.677915003798326	-0.7871166001519331
4.9033218	1.17	-10.012242432066012	-0.4004896972826405
4.903349	1.25	-7.485342009481529	-0.29941368037926114
4.90331667	1.11	-2.3798834047433917	-0.09519533618973566
4.90332155	1.2	-6.224143589013696	-0.24896574356054785
4.90331338	1.11	-10.058385730163469	-0.40233542920653875
4.9033218	1.11	-10.368416331847984	-0.41473665327391934
1.8270813	0.92	-3.778547397118993	-0.1511418958847597
1.8270819	0.96	-0.11516825294830435	-0.004606730117932174
1.8270823	0.92	-4.996229603947301	-0.19984918415789202
1.82708839	0.96	-11.402055894097902	-0.4560822357639161
1.8270823	0.91	-14.968438010031246	-0.5987375204012498
1.82708193	0.96	-19.755962046814005	-0.7902384818725602
3.24755522	1.02	-6.973423099859926	-0.27893692399439707
3.2475547	1.01	-4.35848684726058	-0.1743394738904232
3.24755522	1.07	-24.033104452335557	-0.9613241780934223
3.24755522	1.02	-2.1047694708017346	-0.08419077883206938
3.24754699	1.01	-6.275988095065934	-0.25103952380263733
3.24754881	1.09	-0.5007713938235099	-0.020030855752940394
3.24755522	1.02	-8.721885681522568	-0.34887542726090276
3.24754881	1.01	-11.056748033659684	-0.4422699213463874
81.73778	0.89	-2.214214373020358	-0.08856857492081431
81.73764829	0.96	-5.209418543656805	-0.20837674174627221
81.73805605	0.96	-1.8440556356774083	-0.07376222542709633
81.737872	0.96	-9.293512291003104	-0.3717404916401242
81.737872	0.88	-28.438285476847764	-1.1375314190739105
81.73780699	0.88	-14.493170916156869	-0.5797268366462748
81.73780699	0.88	-12.401893672815206	-0.49607574691260825
125.63064	1.05	-10.576769903985815	-0.4230707961594326
125.6291479	1.01	-5.487152883675988	-0.21948611534703955
125.62837909	1.01	-13.817991184068779	-0.5527196473627511
125.62887621	0.99	-19.453429625509006	-0.7781371850203602
125.62887621	0.99	-10.731708148378205	-0.4292683259351282
125.62887621	1.0	-1.440012485722396	-0.057600499428895835
8.0109434	0.51	-16.09019553182838	-0.6436078212731351
8.01078456	0.48	-2.715678486285796	-0.10862713945143185
8.01081478	0.48	-3.5567007513467574	-0.14226803005387031
8.01280975	0.49	-1.9254840637371813	-0.07701936254948726
8.01080765	0.52	-7.96719076504675	-0.31868763060187
8.01	0.52	-9.656634893366654	-0.3862653957346662
8.01081478	0.49	-11.122080375985433	-0.44488321503941736
8.011	0.35	-4.052212969184844	-0.16208851876739377
12.072	0.56	-9.65701558135377	-0.3862806232541508
12.07134205	0.48	-11.240578414584004	-0.4496231365833602
12.07134205	0.52	-3.567326356396524	-0.14269305425586096
12.07	0.52	-8.94086694108717	-0.35763467764348683
12.07172	0.51	-12.054695332656792	-0.4821878133062717
12.07135949	0.49	-6.3919323025207255	-0.255677292100829
12.07135949	0.48	-12.170744373442723	-0.4868297749377089
12.07130385	0.52	-4.802104476468394	-0.19208417905873576
20.99589959	0.49	-0.8394382654761511	-0.033577530619046045
20.9954	0.51	-8.328360290331043	-0.3331344116132417
20.995	0.35	-12.04249307104018	-0.4816997228416072
20.99589959	0.49	-1.2845254849046133	-0.05138101939618453
20.99589959	0.48	-0.866739699071625	-0.034669587962865
20.99597271	0.52	-24.49737524326588	-0.9798950097306351
172.7049784	0.91	-13.354958728412566	-0.5341983491365027
172.6909	0.94	-10.295596945482886	-0.41182387781931545
172.7049784	0.9	-11.409626948782936	-0.45638507795131744
172.7049784	0.9	-2.1660052871265973	-0.0866402114850639
172.7046083	1.04	-7.155351424263697	-0.28621405697054786
172.7046083	0.91	-6.620681672612622	-0.26482726690450487
172.7049784	1.02	-20.057974096944843	-0.8023189638777938
5.08007383	1.14	-15.327917220029711	-0.6131166888011884
5.08006	1.04	-3.23869005210121	-0.12954760208404842
5.08005848	1.02	-15.663449913653075	-0.626537996546123
5.08005848	1.02	-11.997243327360703	-0.4798897330944281
5.0800579	1.14	-9.228120385316094	-0.3691248154126438
13.14497566	0.95	-9.511577002156303	-0.3804630800862521
13.14496741	0.86	-11.442414120495894	-0.4576965648198357
13.14497566	0.95	-15.452433521552942	-0.6180973408621177
13.14496741	0.93	-1.1513990864171653	-0.04605596345668661
13.14497566	0.94	-2.075419786315765	-0.0830167914526306
13.14496443	0.93	-8.266642607925915	-0.3306657043170366
13.899645	0.65	-6.703341630975643	-0.26813366523902576
13.89961966	0.74	-6.391053071584678	-0.2556421228633871
13.89961966	0.65	-23.20925025175915	-0.928370010070366
13.89963233	0.65	-18.79130734337185	-0.7516522937348741
13.89970433	0.75	-7.963856717330069	-0.31855426869320275
21.41635034	1.21	-5.5833932758059515	-0.22333573103223806
21.41664	1.12	-8.95743057753598	-0.35829722310143924
21.41616926	1.08	-1.0272583967884592	-0.04109033587153837
21.41616926	1.16	-10.944258262668095	-0.4377703305067238
21.41624083	1.21	-20.660597544206595	-0.8264239017682639
21.41611518	1.21	-3.9378006676077995	-0.15751202670431197
13.24934059	1.07	-5.201010318465317	-0.2080404127386127
13.24931848	0.97	-15.177630414205538	-0.6071052165682216
13.24931848	1.06	-1.9608852834568196	-0.07843541133827278
13.24934059	1.07	-0.6050440044312199	-0.024201760177248795
13.24934059	1.07	-2.3887181697978748	-0.09554872679191499
13.249212	1.0	-7.8196018514679535	-0.31278407405871816
13.24934059	1.08	-2.460200597239193	-0.09840802388956772
13.24933726	1.06	-18.52621609921342	-0.7410486439685369
13.24933385	1.06	-3.478706911648529	-0.13914827646594116
4.14702026	0.98	-22.20758842977001	-0.8883035371908004
4.1470198	0.93	-7.739965849558878	-0.30959863398235515
4.14702119	0.98	-12.474568588849607	-0.4989827435539843
4.14702026	1.11	-9.580722934031623	-0.38322891736126496
4.14702119	1.01	-4.619060051208982	-0.18476240204835928
4.14702026	0.98	-7.121951249400224	-0.28487804997600896
6.01038429	0.72	-6.921217588016926	-0.27684870352067703
6.0103736	0.7	-11.7105854949453	-0.46842341979781205
6.01038429	0.78	-3.6375541481391482	-0.14550216592556595
6.01038429	0.72	-13.13621571337581	-0.5254486285350324
6.01038404	0.75	-0.38040222828068976	-0.01521608913122759
6.01038334	0.75	-20.374781944202866	-0.8149912777681146
4.45419434	0.81	-11.55451437410746	-0.46218057496429843
4.45419425	0.93	-9.361992703443917	-0.3744797081377567
4.45419434	0.81	-20.97750370605771	-0.8391001482423084
4.45419434	0.93	-6.660237314059682	-0.2664094925623873
42.9495649	0.84	-2.6144836492035832	-0.10457934596814333
42.9495649	0.88	-18.11737215105117	-0.7246948860420469
42.9495649	0.84	-8.374347763728247	-0.3349739105491299
42.95011	0.85	-2.1389348473056082	-0.08555739389222433
42.94957774	0.9	-24.26507559571254	-0.9706030238285016
42.94953671	0.9	-5.663866580886987	-0.2265546632354795
42.949522	0.86	-5.028820116749924	-0.20115280466999697
42.9495649	0.91	-7.141565138055881	-0.28566260552223527
117.040498	0.84	-3.3842594710517417	-0.13537037884206968
117.04256631	0.9	-4.5810903917779635	-0.18324361567111855
117.040498	0.84	-4.626755447154482	-0.18507021788617928
117.033521	0.86	-16.84873465938632	-0.6739493863754528
117.040498	0.91	-9.305434637407483	-0.37221738549629935
117.033521	0.9	-1.5367154472331392	-0.06146861788932557
24.61480613	0.9	-8.560465973470038	-0.34241863893880153
24.61482073	0.84	-8.16665354171761	-0.3266661416687044
24.61480613	0.86	-3.3371853108322904	-0.13348741243329162
24.6147995	0.86	-1.1262236335941664	-0.04504894534376666
24.61482073	0.84	-6.620095936613854	-0.26480383746455416
24.61484301	0.9	-5.972169245068322	-0.23888676980273288
24.61482073	0.84	-15.52317380976464	-0.6209269523905856
27.95	0.65	-3.481873815307283	-0.1392749526122913
27.9653169	0.69	-1.246264240276678	-0.04985056961106712
27.9537959	0.65	-3.764939104260087	-0.1505975641704035
27.9537959	0.65	-6.264114678229657	-0.2505645871291863
27.9537959	0.65	-25.279465629246857	-1.0111786251698742
27.9541337	0.69	-1.623992258685918	-0.06495969034743672
42.1412664	0.65	-1.1012844038741012	-0.04405137615496405
42.1406089	0.71	-2.84533393128528	-0.1138133572514112
42.1412664	0.72	-14.188459832794226	-0.567538393311769
42.126	0.65	-14.986383808291425	-0.599455352331657
42.12447819	0.69	-4.947170297189122	-0.19788681188756488
42.1412664	0.65	-0.20380630582443066	-0.008152252232977227
2.21111699	0.69	-20.311931731000843	-0.8124772692400337
2.21112285	0.65	-6.764818370686793	-0.27059273482747176
2.2111068	0.63	-6.632709756979975	-0.265308390279199
4.61746693	0.65	-10.55622057335322	-0.42224882293412885
4.61749056	0.71	-1.108245989134363	-0.04432983956537452
4.61746693	0.65	-2.2299792619212067	-0.08919917047684826
4.617519	0.63	-8.046849489229562	-0.32187397956918246
4.61757445	0.69	-20.76054573832369	-0.8304218295329475
4.61746693	0.72	-9.087619652745008	-0.36350478610980036
4.61749056	0.69	-4.696474414259143	-0.1878589765703657
4.61746693	0.65	-2.5755219343703257	-0.10302087737481302
10.19851808	0.65	-13.366830886376762	-0.5346732354550705
10.198574	0.63	-14.356203908397736	-0.5742481563359094
10.19852178	0.69	-3.7331195930107257	-0.14932478372042904
10.19851808	0.65	-8.482452508655367	-0.3392981003462147
10.19851808	0.65	-4.546202185416085	-0.1818480874166434
10.19849255	0.69	-10.58418342696246	-0.4233673370784984
8.60009931	0.75	-18.279408323785137	-0.7311763329514055
8.60010411	0.75	-1.1875624383438832	-0.04750249753375533
8.60009931	0.86	-11.675336857359989	-0.46701347429439954
8.60010324	0.86	-4.4173907329626765	-0.17669562931850707
8.60010411	0.75	-1.253834365222908	-0.05015337460891632
8.60010411	0.75	-9.558870041444685	-0.3823548016577874
12.37646897	0.66	-12.905012427994139	-0.5162004971197656
12.3764661	0.51	-11.152193099927965	-0.4460877239971186
12.3764661	0.51	-9.183221878194699	-0.36732887512778795
12.376487	0.59	-7.53292900730221	-0.3013171602920884
12.37646897	0.62	-6.568937949464751	-0.26275751797859004
5.2634076	1.03	-8.084982854012228	-0.3233993141604891
5.26341577	1.09	-7.87018399155519	-0.3148073596622076
5.26341577	1.09	-4.201344526672324	-0.16805378106689298
5.26341577	1.09	-0.6154420140385102	-0.024617680561540407
4.03046954	0.86	-13.443346269067447	-0.5377338507626979
4.0304645	0.79	-11.874806050471088	-0.47499224201884355
4.03046679	0.86	-8.809926195462362	-0.35239704781849446
4.03046804	0.95	-7.7167064388125235	-0.30866825755250094
4.03046931	0.86	-13.551478679858501	-0.5420591471943401
4.03046804	0.92	-4.574367459760316	-0.18297469839041264
4.03046804	0.95	-7.924952173716256	-0.3169980869486502
328.240201	0.93	-11.852453358579835	-0.4740981343431934
328.240201	0.86	-24.3246331868939	-0.9729853274757561
328.2399546	0.95	-4.13872352298034	-0.1655489409192136
328.23996369	0.86	-9.487260505804104	-0.37949042023216417
328.2399546	0.95	-2.2528766761709305	-0.09011506704683722
328.2399546	0.92	-12.967166913130031	-0.5186866765252013
1.90220865	0.93	-0.12177900926126822	-0.004871160370450729
1.90221	0.86	-2.4183636966276634	-0.09673454786510653
1.90220856	0.94	-15.768967065191761	-0.6307586826076704
1.90220856	0.93	-6.999726301779081	-0.27998905207116326
1.90220773	0.92	-7.834651672650345	-0.31338606690601384
1.90220856	1.02	-15.188155379536378	-0.6075262151814551
1.90220865	0.92	-13.009662476783424	-0.5203864990713369
16.21774917	0.89	-17.19689564972463	-0.6878758259889852
16.21775407	0.88	-5.883527639170431	-0.23534110556681725
16.21774917	1.07	-0.4745885326517151	-0.018983541306068604
16.217504	1.0	-11.991179806807354	-0.4796471922722942
16.21775407	0.88	-7.323933287009202	-0.2929573314803681
11.72294988	0.99	-4.809614746711758	-0.19238458986847032
11.72291212	0.99	-5.364110194084548	-0.21456440776338193
11.722936	1.01	-0.24059311613320467	-0.009623724645328187
11.72292176	1.03	-17.391860016126138	-0.6956744006450455
11.72291963	0.99	-6.463548095434577	-0.25854192381738306
3.70598955	1.0	-18.35054083375173	-0.7340216333500692
3.70599166	1.05	-7.93363802043196	-0.3173455208172784
3.70599098	1.05	-4.143835014770846	-0.16575340059083385
29.00790538	0.86	-13.313407929539299	-0.5325363171815719
29.00790538	0.86	-6.376486280630221	-0.25505945122520884
29.0078	0.81	-1.2788320870102905	-0.05115328348041162
17.58751643	0.95	-18.163942127395742	-0.7265576850958297
17.58752333	0.96	-4.173543394367526	-0.16694173577470103
17.58751692	0.95	-10.432752929333057	-0.4173101171733223
17.58752333	0.94	-15.968363046799885	-0.6387345218719954
17.58753942	0.95	-3.903302435642615	-0.1561320974257046
10.501	1.4	-7.152162329257392	-0.28608649317029566
10.5034294	1.37	-7.525554608078974	-0.30102218432315897
10.5007334	1.67	-4.7672182267462615	-0.19068872906985046
21.4054422	1.38	-3.2394442469825613	-0.12957776987930245
21.4054901	1.67	-5.860894114163545	-0.2344357645665418
21.4054901	1.32	-4.942317867719965	-0.19769271470879862
21.4054901	1.29	-11.429936945088519	-0.45719747780354075
21.4054901	1.32	-6.66408020455948	-0.2665632081823792
21.4054901	1.67	-3.6687576834814393	-0.14675030733925756
21.4050484	1.37	-9.523913572193514	-0.38095654288774056
994.439067	1.67	-3.786174244901973	-0.1514469697960789
18.47764449	0.34	-3.7054970773487486	-0.14821988309394996
18.47764449	0.3	-2.3196805691234097	-0.0927872227649364
18.47764449	0.3	-11.185899621610524	-0.447435984864421
18.477659	0.49	-0.6933851169211898	-0.02773540467684759
18.47763641	0.4	-12.552565970768734	-0.5021026388307493
58.3620495	0.97	-3.6122039466579574	-0.1444881578663183
58.36209	0.85	-5.44343915885191	-0.2177375663540764
58.3620495	0.97	-3.241904939378278	-0.12967619757513113
58.3620495	0.96	-8.571024522448749	-0.34284098089794995
58.3620495	0.98	-4.9257423184284	-0.197029692737136
58.36205791	0.94	-11.502803867938876	-0.46011215471755507
5.35016198	0.96	-4.336109433020088	-0.1734443773208035
5.350193	0.85	-21.84179401080674	-0.8736717604322697
5.35016198	0.97	-5.538461201615627	-0.22153844806462508
5.35016198	0.97	-2.70994884952469	-0.1083979539809876
5.35016198	0.97	-2.5279051176705845	-0.10111620470682338
18.009297	0.97	-2.7999403729643086	-0.11199761491857235
18.00932214	0.99	-13.394665523076519	-0.5357866209230607
18.00932345	0.99	-14.960033238964545	-0.5984013295585818
18.00931444	0.97	-18.576664089699563	-0.7430665635879825
18.00932214	0.97	-1.3475609351420204	-0.05390243740568081
18.00931444	0.93	-4.229903268591996	-0.16919613074367984
22.18432708	0.77	-10.897487684116902	-0.4358995073646761
22.184312	0.76	-1.1933319109180602	-0.04773327643672241
22.18432708	0.77	-23.697858248909764	-0.9479143299563906
22.18431103	0.84	-8.31784200656301	-0.3327136802625204
22.18435139	0.84	-16.620634245672246	-0.6648253698268899
3.75083228	1.07	-13.69146136925889	-0.5476584547703557
3.75083293	1.07	-2.7842706401232595	-0.11137082560493039
3.75083228	1.07	-2.464968079395965	-0.0985987231758386
3.75083342	0.99	-0.5428064963065145	-0.02171225985226058
3.75083228	0.95	-18.556861455577724	-0.742274458223109
3.75083293	0.99	-4.909408985418859	-0.19637635941675438
4.2437481	0.93	-0.8136497733345803	-0.032545990933383215
4.24374723	0.93	-0.2549258181507548	-0.010197032726030193
4.243743	1.01	-15.250443870757294	-0.6100177548302917
18.42795886	0.8	-8.801597648460858	-0.3520639059384343
18.42787	0.76	-2.206318933794151	-0.08825275735176603
18.42794957	0.8	-8.522179527904164	-0.34088718111616656
16.54295261	0.9	-3.5656506194310174	-0.1426260247772407
16.54297375	0.9	-3.594617202595497	-0.1437846881038199
11.02347475	0.55	-7.360275413145174	-0.294411016525807
11.0234748	0.55	-13.952183196881457	-0.5580873278752583
11.02346978	0.54	-0.25443124633080116	-0.010177249853232047
11.02347475	0.52	-5.295003206205879	-0.2118001282482352
11.0234748	0.54	-5.626892642234577	-0.2250757056893831
11.02347673	0.54	-18.325525183943004	-0.7330210073577201
34.18896	0.98	-0.7805077631742713	-0.031220310526970853
34.18883069	1.01	-1.5460471287159254	-0.06184188514863702
34.18884323	1.01	-5.9523511811297665	-0.23809404724519068
34.18890521	1.01	-2.346747711961353	-0.09386990847845413
34.18897038	1.01	-1.5117053026971103	-0.06046821210788442
34.18884323	0.89	-11.100709202175498	-0.4440283680870199
34.18890521	1.01	-19.25664731019441	-0.7702658924077764
5.72932402	0.88	-9.245666825669481	-0.36982667302677924
5.72932862	0.88	-5.425286159122625	-0.21701144636490502
5.72	0.86	-5.677205245779857	-0.22708820983119427
5.72932862	0.88	-6.474933095196852	-0.2589973238078741
5.72931758	0.88	-6.70474247211786	-0.2681896988847144
5.72931758	0.88	-4.451816052758102	-0.1780726421103241
5.729319	0.84	-2.7045190066762963	-0.10818076026705185
5.72932862	0.87	-9.752470031089585	-0.3900988012435834
11.60908533	0.88	-16.424561603326993	-0.6569824641330797
11.60914938	0.88	-5.442056756138008	-0.21768227024552034
11.609	0.88	-10.759286035613723	-0.4303714414245489
11.60908533	0.88	-0.6965248609743597	-0.027860994438974388
11.6092567	0.83	-6.908228819022293	-0.2763291527608917
11.60907117	0.88	-4.620777954939999	-0.18483111819759998
4.301662	0.88	-2.2912108946610052	-0.0916484357864402
4.301662	0.88	-0.8121284800935868	-0.03248513920374348
4.30168401	0.93	-1.6441487489727167	-0.06576594995890866
4.30165843	0.88	-9.111674108355963	-0.36446696433423853
4.30165843	0.93	-18.023515326980093	-0.7209406130792038
4.301671	0.84	-2.742203153129416	-0.10968812612517664
4.79859939	0.93	-21.22651666782101	-0.8490606667128404
4.79860846	0.95	-6.796983204880676	-0.27187932819522703
4.79859939	0.93	-6.101829879528442	-0.24407319518113768
4.79860021	0.95	-5.250321063697076	-0.21001284254788302
4.798625	0.93	-1.9911563258562428	-0.07964625303424971
4.79862186	0.95	-0.5267598515297269	-0.021070394061189077
4.79860021	0.95	-30.18065264655433	-1.2072261058621732
17.20523483	0.83	-6.871815024744644	-0.2748726009897858
17.20520128	0.86	-1.1634416452934637	-0.04653766581173855
17.20523483	0.77	-9.144497845376668	-0.3657799138150667
22.18329658	0.83	-7.50988108679718	-0.30039524347188723
22.18339	1.01	-1.0115834275570532	-0.04046333710228213
22.18329658	0.83	-15.146948103514472	-0.6058779241405788
22.18332255	0.89	-13.231269758605295	-0.5292507903442119
22.18329658	0.83	-17.118479678090793	-0.6847391871236317
22.18329658	0.83	-1.6751248164798722	-0.06700499265919489
7.65879146	0.94	-9.312501172494851	-0.37250004689979405
7.65880414	0.86	-0.6268346196352952	-0.02507338478541181
7.658774	0.92	-0.8023828875958874	-0.03209531550383549
7.65880414	0.95	-17.812556110135354	-0.7125022444054142
7.65878097	0.94	-15.656316420149476	-0.6262526568059791
9.37891944	0.74	-3.7750927959692553	-0.1510037118387702
9.379012	0.94	-5.041525601643942	-0.20166102406575767
9.37890187	0.98	-1.950351353984201	-0.07801405415936805
9.37891944	0.74	-2.5177223865980465	-0.10070889546392187
29.91136794	1.01	-11.509260457359908	-0.4603704182943963
29.91147041	0.91	-1.0110381062669644	-0.04044152425067858
29.9115	0.83	-4.415401951453821	-0.17661607805815283
29.91136794	0.99	-6.612844698862578	-0.26451378795450314
25.69578251	0.5	-25.574134704045747	-1.02296538816183
25.69581456	0.83	-3.8693604865716376	-0.1547744194628655
25.69578251	0.5	-13.653804936072813	-0.5461521974429125
25.69578251	0.5	-5.293604813038057	-0.21174419252152227
25.69587165	0.83	-6.353043539732488	-0.2541217415892995
25.69578251	0.78	-1.5344359128009528	-0.061377436512038114
25.69597	0.78	-4.407741884547199	-0.17630967538188796
25.69581456	0.5	-11.751397962713801	-0.47005591850855205
1.61688707	0.9	-8.97980837518751	-0.3591923350075004
1.6168837	0.88	-15.520998811228143	-0.6208399524491257
1.6168837	0.88	-5.240185366713472	-0.2096074146685389
1.61688337	0.96	-3.59351599898227	-0.1437406399592908
1.61688337	0.9	-8.14024099317468	-0.32560963972698725
9.668464	0.78	-6.116913861881242	-0.2446765544752497
9.66857723	0.88	-17.006541102927972	-0.6802616441171189
10.21866016	1.02	-11.617155265125795	-0.46468621060503185
10.21866016	1.02	-5.877511512640136	-0.23510046050560543
10.22	0.97	-7.046297997917515	-0.2818519199167006
10.21866016	1.02	-1.3646069270237493	-0.054584277080949976
10.21871176	1.02	-10.150731573902078	-0.40602926295608316
10.21866016	1.33	-5.107077131130322	-0.20428308524521288
10.21864532	1.02	-7.881403372975834	-0.31525613491903337
10.21877706	1.02	-9.707262080801877	-0.3882904832320751
15.57363551	1.02	-1.192489908011819	-0.04769959632047276
15.57363551	1.02	-8.868246621941221	-0.35472986487764885
15.5737596	1.02	-8.29582414032887	-0.3318329656131548
15.57387465	1.02	-13.022287793914355	-0.5208915117565742
15.57363551	1.33	-23.314078515675195	-0.9325631406270078
15.5738	1.04	-6.67270278561028	-0.26690811142441123
15.573637	1.02	-4.574592446858453	-0.18298369787433813
15.5741568	0.95	-13.667847965202839	-0.5467139186081136
15.57	0.97	-7.008491269449115	-0.2803396507779646
15.574	1.02	-16.031268981403745	-0.6412507592561498
40.10165674	1.02	-13.945484409169554	-0.5578193763667821
40.1014272	1.02	-9.822878388914202	-0.3929151355565681
40.1015561	1.02	-1.4513237961195302	-0.05805295184478121
40.10167463	1.02	-0.8996623176128797	-0.03598649270451519
40.1014272	1.02	-2.446826401185042	-0.09787305604740168
40.1014272	1.02	-10.90411112881999	-0.4361644451527996
4.45815716	1.02	-11.028113608738332	-0.4411245443495333
8.22241964	0.67	-2.3300562838815613	-0.09320225135526246
8.22239031	0.67	-14.508811614072785	-0.5803524645629115
8.22241966	0.58	-16.447814923945604	-0.6579125969578241
8.22241355	0.63	-15.132385333028203	-0.6052954133211281
8.22241355	0.67	-6.043635719874928	-0.2417454287949971
8.22241966	0.58	-1.2707851029458193	-0.05083140411783277
8.22241966	0.67	-12.670786948390337	-0.5068314779356135
40.606895	1.01	-5.852066100519971	-0.23408264402079884
40.606895	0.93	-12.586123764883208	-0.5034449505953283
40.6069821	1.0	-13.023192506678715	-0.5209277002671486
40.60709	0.92	-6.53729039274201	-0.2614916157096804
40.6069821	0.91	-12.332694563418073	-0.4933077825367229
40.6069821	0.91	-3.0796695653313124	-0.1231867826132525
18.49235571	0.86	-0.37363441459044733	-0.014945376583617893
18.49235668	0.93	-18.563413154563516	-0.7425365261825406
18.4923543	0.86	-4.541268728622603	-0.18165074914490412
18.49234792	0.77	-16.823768007719103	-0.6729507203087641
18.49235668	0.77	-9.027997126750176	-0.36111988507000703
6.5100253	1.03	-0.9061362130657855	-0.036245448522631424
6.5100253	1.03	-31.551347752375126	-1.262053910095005
6.51003001	1.03	-14.047319791124524	-0.561892791644981
35.1810304	1.21	-4.270895855989376	-0.17083583423957502
35.1810304	1.21	-0.5552528463050079	-0.022210113852200317
35.18105723	1.28	-19.098225675787525	-0.763929027031501
35.1808248	1.18	-6.538348489183179	-0.2615339395673272
2.75235975	1.0	-10.374672204040381	-0.4149868881616153
2.75235975	0.99	-5.103350970730825	-0.204134038829233
2.75235975	0.99	-14.294417175927101	-0.5717766870370841
2.75235975	0.99	-13.700276038997323	-0.548011041559893
2.75235969	0.96	-23.47026175006525	-0.9388104700026101
2.7523623	0.89	-3.023612232915731	-0.12094448931662925
2.10472218	1.09	-9.904489556324577	-0.3961795822529831
2.1047142	0.9	-9.051453614439907	-0.3620581445775963
2.10472218	0.94	-14.089482438108805	-0.5635792975243522
2.10472197	0.9	-13.11145569062362	-0.5244582276249448
10.94027841	0.97	-2.035940569953777	-0.08143762279815109
10.94027841	0.92	-6.491473666005727	-0.2596589466402291
10.94027841	0.97	-7.771991394338594	-0.31087965577354376
10.94024227	0.96	-1.7737716666813856	-0.07095086666725543
10.94030197	0.96	-2.8435314378319485	-0.11374125751327795
10.94026745	0.96	-15.055453594627004	-0.6022181437850802
10.94026745	0.96	-6.667253279771816	-0.26669013119087265
4.221644	1.07	-6.16264446668713	-0.24650577866748521
4.22162619	1.05	-2.952812713305029	-0.11811250853220116
4.22162619	1.03	-10.256515939400197	-0.4102606375760079
4.22162536	1.05	-6.224564955260485	-0.2489825982104194
16.54967098	0.9	-7.302821962529133	-0.2921128785011653
16.54964563	0.9	-19.64547929185643	-0.7858191716742572
16.549414	0.8	-2.8771609197276162	-0.11508643678910466
16.54964934	0.88	-15.137228159105184	-0.6054891263642074
16.54967098	0.83	-11.500949679422572	-0.46003798717690286
3.52467888	0.9	-5.071372616118949	-0.20285490464475797
3.52467	0.8	-14.965765956821897	-0.5986306382728759
3.52468054	0.83	-11.317191327067274	-0.452687653082691
3.52468054	0.83	-7.380447005902591	-0.2952178802361036
3.52468054	0.83	-8.437181349244444	-0.33748725396977775
11.8691507	1.07	-3.956026892463737	-0.15824107569854948
11.8691507	1.12	-8.822371925615348	-0.3528948770246139
11.8681707	1.04	-19.45805775647646	-0.7783223102590584
11.8693144	1.07	-1.9440150832244467	-0.07776060332897787
11.8693144	1.12	-6.102181777885667	-0.2440872711154267
17.9801235	1.04	-2.4471795820031574	-0.0978871832801263
17.9776157	1.07	-11.836467280170284	-0.4734586912068114
5.85296885	1.04	-9.31612807269834	-0.3726451229079336
5.852981	1.02	-1.1075661406519945	-0.04430264562607978
5.85296257	1.1	-15.733695838169327	-0.629347833526773
5.85296257	1.05	-8.923920568604302	-0.3569568227441721
5.85296257	1.05	-5.434039685707381	-0.21736158742829526
5.85296885	1.05	-6.714448542687822	-0.26857794170751287
81.1694299	1.04	-7.286159720910948	-0.2914463888364379
81.1699	0.98	-7.7382827334127935	-0.30953130933651174
81.1694299	1.04	-8.497004686181786	-0.33988018744727144
81.1701587	0.91	-12.820586564001182	-0.5128234625600473
81.16970221	0.99	-3.7475737581586657	-0.14990295032634662
81.1694299	1.04	-3.006881519783306	-0.12027526079133224
81.1694299	0.97	-4.73940211692145	-0.18957608467685802
2.82019241	1.04	-2.5978458926495454	-0.10391383570598181
2.82021	1.07	-8.501896424287747	-0.3400758569715099
2.8201906	1.08	-8.219994095368605	-0.32879976381474424
2.82019241	1.04	-21.528847279095082	-0.8611538911638033
2.82019241	1.04	-1.9011672353308535	-0.07604668941323414
21.21708973	1.01	-2.2544081254689474	-0.0901763250187579
21.21712312	1.01	-16.418502306319816	-0.6567400922527926
21.21708973	1.08	-7.142425311009803	-0.28569701244039214
21.21716775	1.07	-1.513752287045442	-0.06055009148181768
21.21711	1.09	-20.855997825565854	-0.8342399130226342
13.64618192	0.91	-8.848074544439278	-0.35392298177757114
13.64625	0.91	-10.175902603277663	-0.4070361041311065
13.64618192	0.92	-11.137789106512871	-0.44551156426051486
13.64617478	0.91	-2.2741977317646023	-0.0909679092705841
13.64618192	0.92	-10.472755221969688	-0.41891020887878755
13.64618192	0.92	-9.440362034468574	-0.377614481378743
13.64614318	0.91	-2.051965534150934	-0.08207862136603737
25.30292332	0.87	-5.757090060993989	-0.23028360243975957
25.30291816	0.87	-7.952405247526289	-0.3180962099010516
25.3029092	0.93	-4.1610435712413	-0.166441742849652
25.30292332	0.93	-1.3921885763450665	-0.05568754305380266
12.3860474	0.87	-11.526706098583741	-0.46106824394334966
12.38602	0.93	-12.011477415111854	-0.48045909660447417
21.30020491	1.15	-20.0496126028353	-0.801984504113412
21.30025418	1.15	-1.9064726142632107	-0.07625890457052843
21.30022655	1.21	-12.679125947738841	-0.5071650379095537
21.30020491	1.12	-2.0976292878773126	-0.08390517151509251
21.30022655	1.07	-2.0163403036750744	-0.08065361214700298
13.02363236	1.0	-2.475578794916526	-0.09902315179666105
13.02347295	1.0	-8.354846169743888	-0.33419384678975556
13.02368089	1.0	-10.531017334884032	-0.4212406933953613
13.023636	1.0	-21.367621975392662	-0.8547048790157065
3.70175428	0.88	-1.3777595718887852	-0.05511038287555141
3.7017654	0.81	-10.260182455878798	-0.41040729823515193
3.7017654	0.9	-6.557610495725736	-0.26230441982902947
3.70175428	0.81	-0.45714797671040824	-0.01828591906841633
3.70175428	0.87	-27.231869075593263	-1.0892747630237305
86.4926	0.85	-11.374802345225064	-0.4549920938090026
86.4945	0.9	-9.280278209240226	-0.37121112836960907
86.4943704	0.81	-2.010870913419989	-0.08043483653679957
86.4947807	0.81	-9.580341824492917	-0.3832136729797167
86.4947807	0.88	-11.818089674768505	-0.4727235869907402
15.65563866	0.83	-23.49327595167929	-0.9397310380671716
15.65562652	0.83	-8.64125185692806	-0.3456500742771224
15.6556691	0.83	-2.397912742950561	-0.09591650971802244
15.65562652	0.78	-1.085362940864304	-0.04341451763457216
3.23469931	1.09	-8.504546712895023	-0.3401818685158009
3.23469931	1.05	-7.904711544165066	-0.31618846176660265
3.23469931	1.05	-1.747717424337788	-0.06990869697351153
3.234702	1.11	-30.19724911674904	-1.2078899646699617
3.23469928	1.05	-9.83837500800802	-0.3935350003203208
3.2346994	0.99	-0.29037113587024116	-0.011614845434809647
3.234723	1.21	-8.065934857883112	-0.3226373943153245
3.23469928	0.99	-0.7512426362259553	-0.030049705449038212
3.2346994	1.11	-14.340663478365633	-0.5736265391346254
3.23469931	1.05	-5.383512812409947	-0.21534051249639788
7.131	1.1	-14.41711921857453	-0.5766847687429812
7.1316185	1.11	-5.344858756881754	-0.21379435027527016
7.13294363	1.1	-2.1910966599697024	-0.0876438663987881
7.133	1.0	-8.097256755957607	-0.3238902702383043
7.1329472	1.07	-10.211069567175151	-0.40844278268700607
7.1	1.13	-2.42946374822922	-0.0971785499291688
7.131618	1.12	-11.635603863196163	-0.4654241545278465
7.13294363	1.1	-2.243763437247215	-0.0897505374898886
7.13294363	1.0	-12.88902663944934	-0.5155610655779735
7.1334	1.04	-9.434217199396965	-0.37736868797587864
7.13294363	1.1	-1.7482110925834742	-0.06992844370333896
7.1329472	0.97	-11.364346675296387	-0.4545738670118555
8.91902447	1.1	-4.026303568470245	-0.1610521427388098
8.919	1.0	-2.4302965743423806	-0.09721186297369522
8.91901228	1.07	-8.386074601021713	-0.33544298404086853
8.91902447	1.1	-3.388538335540227	-0.1355415334216091
8.922	1.1	-16.246486137277316	-0.6498594454910926
8.91935	1.12	-6.357902683179027	-0.2543161073271611
8.91902447	1.1	-14.748161402298512	-0.5899264560919405
8.9193459	1.11	-0.16455083722954472	-0.006582033489181789
8.9187	1.04	-5.54427792469537	-0.22177111698781482
8.91902447	1.0	-2.324527426117027	-0.09298109704468108
8.9	1.13	-12.087784027763576	-0.48351136111054305
11.90162	1.12	-2.4271150695056365	-0.09708460278022546
11.8984948	0.97	-18.340993859711457	-0.7336397543884583
11.8981	1.04	-12.980599451069104	-0.5192239780427641
11.9016171	1.11	-8.883238757480463	-0.35532955029921853
11.8984932	1.09	-6.958287549735829	-0.2783315019894332
11.8984932	1.1	-24.36097041164062	-0.9744388164656248
11.899	1.0	-5.6498630334399635	-0.22599452133759854
23.67513153	0.89	-19.62442677959925	-0.7849770711839701
23.67517607	0.88	-2.7996919944498373	-0.1119876797779935
23.67517607	0.88	-16.40812833730873	-0.6563251334923493
23.67523	0.84	-6.54207252579022	-0.2616829010316088
23.67517607	0.84	-27.703110424968028	-1.1081244169987212
5.378868	0.81	-12.716256677493764	-0.5086502670997506
5.37886844	0.76	-8.939295156782341	-0.35757180627129365
5.37886844	0.76	-1.9834796434168043	-0.07933918573667217
5.37886294	0.86	-8.113298772978048	-0.32453195091912196
5.378868	0.86	-7.785091012614298	-0.3114036405045719
5.37886844	0.85	-0.5030564611131745	-0.020122258444526978
5.378901	0.81	-1.7762705105211058	-0.07105082042084424
15.28462	1.09	-5.553240720511693	-0.22212962882046772
15.28469497	1.06	-9.168582469823708	-0.3667432987929483
15.28469497	1.08	-1.1931041958763533	-0.047724167835054135
15.28476211	0.98	-9.657899286943229	-0.38631597147772917
15.28469497	1.06	-11.840427333540788	-0.47361709334163155
21.05358596	0.98	-8.050565664711284	-0.3220226265884514
21.05358596	1.24	-3.4965731608599055	-0.1398629264343962
21.05349939	1.02	-0.7844165506032222	-0.03137666202412889
21.08574434	1.05	-3.417574793838483	-0.13670299175353934
21.05358596	1.01	-1.7488704592074549	-0.0699548183682982
21.05744	1.02	-9.616132401505872	-0.3846452960602349
21.05349939	1.05	-9.209808431848492	-0.36839233727393966
127.905412	1.05	-3.6329072671176124	-0.1453162906847045
127.9075774	1.01	-6.571166783188621	-0.26284667132754486
127.90073	1.02	-5.431762378235113	-0.21727049512940455
127.905412	1.02	-12.187005006674077	-0.4874802002669631
127.90883265	1.05	-2.795641970405588	-0.11182567881622353
127.90980919	1.05	-1.1979795315034172	-0.04791918126013669
127.9075774	0.98	-13.018945154983568	-0.5207578061993428
127.9075774	0.98	-5.71465937949557	-0.2285863751798228
6.2171292	1.24	-2.6871716759286435	-0.10748686703714574
6.2171292	1.01	-22.988043040541754	-0.9195217216216702
6.21720925	1.05	-9.281871734304522	-0.3712748693721809
6.2171292	0.98	-3.6269318233817662	-0.14507727293527065
6.2171292	0.98	-9.490148388378929	-0.37960593553515715
25.85501786	1.04	-3.0841576136356768	-0.12336630454542707
25.85501786	1.04	-12.211360162124157	-0.4884544064849663
25.85493523	1.04	-21.588882236067345	-0.8635552894426938
25.85501786	1.04	-1.2772003273120487	-0.05108801309248195
25.85504599	1.04	-13.683509284075217	-0.5473403713630087
3.38353807	0.92	-14.294562791358103	-0.5717825116543241
3.38353535	0.95	-4.963829993430653	-0.19855319973722613
3.38353341	0.95	-1.4904820791022306	-0.05961928316408922
3.38353807	0.92	-3.0582422669112788	-0.12232969067645115
3.38354024	0.95	-3.5878825385982047	-0.1435153015439282
3.383536	0.87	-13.68132653238285	-0.547253061295314
2.3589524	0.86	-17.598452645707543	-0.7039381058283017
2.35895152	0.92	-7.372849411528954	-0.29491397646115813
2.35895152	0.91	-0.6327025094978314	-0.025308100379913254
2.3589524	0.95	-5.423216562775982	-0.2169286625110393
2.35895152	0.92	-4.901142670065071	-0.19604570680260286
24.31587176	1.09	-2.2142663712799573	-0.08857065485119829
24.31574009	1.1	-19.337805021712537	-0.7735122008685015
24.31573754	1.09	-29.800054823737838	-1.1920021929495135
24.31575992	1.13	-18.14264559199188	-0.7257058236796752
24.31575992	1.09	-16.610208809292256	-0.6644083523716903
0.6381632	0.84	-15.572376669538048	-0.622895066781522
0.6381632	0.81	-4.625570725788948	-0.18502282903155792
0.6381632	0.81	-3.6536227606907805	-0.14614491042763122
39.6769617	0.84	-9.221027625262751	-0.36884110501051004
39.67715	0.99	-16.16758655791317	-0.6467034623165269
39.6766071	0.81	-16.163955022694914	-0.6465582009077966
39.6769617	0.81	-6.433386982495678	-0.25733547929982714
39.6769617	0.81	-17.271676187435506	-0.6908670474974202
39.6769617	0.81	-25.55859555677721	-1.0223438222710883
6.41259716	0.99	-9.66888946899991	-0.3867555787599964
6.41251295	1.04	-16.047910725884453	-0.6419164290353782
6.41251504	1.04	-0.9207470768963277	-0.03682988307585311
6.41246	1.0	-0.9943834856966696	-0.039775339427866784
6.41251504	1.04	-7.104634219452457	-0.2841853687780983
6.41251504	1.0	-10.999698717476885	-0.4399879486990754
6.52121067	0.99	-14.008321885678384	-0.5603328754271354
6.52120576	1.01	-8.492199544126576	-0.33968798176506304
6.52120963	0.99	-3.1532060009726983	-0.12612824003890794
6.52121067	0.99	-0.7898723730674531	-0.031594894922698125
6.52120963	1.01	-8.51445507882867	-0.3405782031531468
6.52121067	1.09	-0.6339864606676958	-0.025359458426707834
59.8791008	0.57	-15.691328028449732	-0.6276531211379893
59.87756	0.64	-11.495718614923852	-0.4598287445969541
59.877824	0.65	-0.8081614591404421	-0.032326458365617684
59.877824	0.6	-7.385543447324052	-0.29542173789296206
59.8780258	0.59	-7.2736929260881995	-0.290947717043528
59.877824	0.6	-7.687288556695858	-0.3074915422678343
59.87792	0.65	-3.3604589719849374	-0.1344183588793975
59.877824	0.6	-7.551937497646231	-0.30207749990584926
6.99692655	1.01	-16.71306573529914	-0.6685226294119656
6.99692655	1.01	-0.4399739875995852	-0.017598959503983408
6.996922	0.94	-11.300376911770584	-0.4520150764708234
6.99692624	0.99	-0.17246503667645868	-0.006898601467058348
6.99692655	1.1	-18.071928977950765	-0.7228771591180306
6.99692544	0.99	-11.64583038021472	-0.46583321520858884
151.86392	1.1	-8.967818747856994	-0.35871274991427976
151.86392	1.01	-1.3640549022377415	-0.054562196089509664
151.863949	0.99	-2.305298433795522	-0.09221193735182087
2.43702276	1.02	-1.1029982727581868	-0.044119930910327475
2.4370333	1.09	-7.818585760895527	-0.3127434304358211
2.437018	1.01	-9.36173136854841	-0.37446925474193643
2.4370333	1.09	-15.111685962264195	-0.6044674384905678
3.72215641	0.88	-1.200356687521566	-0.04801426750086264
3.72215641	0.88	-6.651635699231336	-0.2660654279692534
3.72215641	0.88	-5.449766375254007	-0.21799065501016027
3.7221589	0.9	-3.181326377269685	-0.1272530550907874
15.77980122	1.0	-15.623882971792561	-0.6249553188717024
15.77955	1.02	-7.1407144206406405	-0.28562857682562565
15.77987604	1.0	-11.047581739996001	-0.44190326959984005
15.77979614	1.0	-16.273582020487243	-0.6509432808194897
15.77979614	0.98	-15.29772815305451	-0.6119091261221804
14.03491514	0.73	-8.728789934984427	-0.34915159739937707
14.03491514	0.73	-14.749852610943122	-0.5899941044377249
14.034832	0.79	-4.08562742372538	-0.1634250969490152
14.03490255	0.73	-6.7809606485709155	-0.27123842594283665
10.35584657	0.54	-2.7784764287972465	-0.11113905715188986
10.35584657	0.54	-1.8472347804081444	-0.07388939121632578
10.355742	0.67	-8.79268810069345	-0.351707524027738
10.35584657	0.73	-10.526184998302636	-0.42104739993210544
9.99761851	0.98	-2.540995922321485	-0.10163983689285941
9.99761851	1.06	-3.237521204082255	-0.12950084816329022
9.99760285	1.06	-8.638679139146907	-0.3455471655658763
9.99760285	0.98	-14.358682469507992	-0.5743472987803196
9.99761851	1.06	-5.546380926424834	-0.22185523705699337
90.41260102	0.98	-6.104104661329079	-0.24416418645316318
90.41113426	0.98	-11.074027714949128	-0.44296110859796517
90.4113556	1.06	-15.917453627263255	-0.6366981450905302
90.4117992	0.98	-3.35194059876282	-0.13407762395051281
90.4113556	0.98	-0.7117068031669311	-0.028468272126677244
51.0672495	1.06	-3.5803259920542354	-0.14321303968216942
25.53327	1.02	-14.10347722596576	-0.5641390890386304
51.0674355	0.98	-10.694968984517924	-0.427798759380717
25.53370554	0.98	-4.178420483975397	-0.16713681935901586
51.0672495	1.06	-6.130255031650746	-0.24521020126602985
51.0672495	1.06	-2.7578843533486963	-0.11031537413394786
51.06740189	1.06	-5.625055712217191	-0.22500222848868764
1.68269594	0.54	-2.0059877502392838	-0.08023951000957136
1.68269615	0.49	-4.49465113868492	-0.1797860455473968
1.68269615	0.51	-13.280748926609817	-0.5312299570643927
1.68269296	0.54	-7.552618120244701	-0.30210472480978806
1.68269594	0.49	-1.675020902814139	-0.06700083611256556
3.59576964	1.05	-8.569013559686125	-0.342760542387445
3.59578591	1.04	-8.60651465148048	-0.34426058605921916
3.59576901	1.0	-2.1924449065208984	-0.08769779626083594
3.59576964	1.05	-3.8553076900338383	-0.15421230760135354
3.59577023	1.04	-0.7603040383194087	-0.03041216153277635
3.59576964	1.05	-12.342662061562613	-0.49370648246250454
5.4042722	0.99	-7.625250827466996	-0.30501003309867986
5.404283	1.07	-15.941607048842373	-0.637664281953695
5.4042722	1.04	-12.101712110562637	-0.4840684844225055
5.40427649	1.04	-18.153908600784924	-0.726156344031397
5.40427188	1.04	-9.237047692252611	-0.36948190769010447
5.4042722	1.04	-9.948144599274459	-0.39792578397097833
5.4042722	1.04	-4.757595588313282	-0.19030382353253128
5.40426917	1.04	-6.656366879907036	-0.26625467519628143
1.20846238	1.04	-4.151970760442122	-0.1660788304176849
1.20846238	1.04	-3.2907571366359907	-0.13163028546543962
1.20846503	1.04	-2.3757172402042728	-0.09502868960817092
11.67889977	1.04	-16.66870362174329	-0.6667481448697317
11.67895492	1.04	-4.900282668478748	-0.1960113067391499
11.67894845	0.99	-13.763132639666686	-0.5505253055866675
11.67894236	1.04	-8.726606165336905	-0.34906424661347624
11.67894845	1.04	-6.087571553128252	-0.2435028621251301
11.67894236	1.04	-0.24287935416154166	-0.009715174166461667
5.71489692	0.73	-11.945714350860138	-0.47782857403440554
5.71489072	0.64	-2.128117012096763	-0.08512468048387054
5.71489692	0.79	-8.625067379643117	-0.3450026951857247
5.71489398	0.79	-4.6778303787444795	-0.1871132151497792
5.71489072	0.64	-0.1546979035039896	-0.006187916140159584
5.71488746	0.79	-7.240892675050714	-0.28963570700202856
5.71489072	0.64	-3.4492175607524542	-0.13796870243009818
5.714932	0.65	-0.18597533888215712	-0.007439013555286284
5.71489072	0.7	-18.84270497546667	-0.7537081990186668
12.4418003	0.73	-1.4498424545225355	-0.05799369818090142
12.4416871	0.72	-7.982761109850067	-0.3193104443940027
12.4418003	0.79	-5.79974587576661	-0.2319898350306644
12.44212676	0.79	-22.673282616602666	-0.9069313046641067
18.16406	0.69	-8.098749001834182	-0.3239499600733673
18.16407876	0.64	-2.901886860071378	-0.11607547440285512
18.16407427	0.79	-10.625434798663562	-0.4250173919465425
18.16407876	0.7	-0.862718968973855	-0.0345087587589542
18.16407876	0.7	-11.325419240843985	-0.4530167696337594
122.3863812	0.72	-0.28347193468204124	-0.01133887738728165
122.38742	0.65	-4.667863479279258	-0.1867145391711703
122.3863812	0.64	-8.0916562903366	-0.323666251613464
122.3863812	0.64	-9.52176253364259	-0.3808705013457036
122.3863812	0.64	-20.674740035490846	-0.8269896014196338
122.38664577	0.79	-17.48078032016339	-0.6992312128065357
267.29	0.76	-5.718551332812966	-0.22874205331251865
267.283301	0.64	-9.618897475531758	-0.38475589902127033
267.283301	0.64	-8.442982900208436	-0.3377193160083375
267.283301	0.7	-3.8022097481811072	-0.1520883899272443
267.282521	0.73	-3.6295175677015066	-0.14518070270806027
12.91375431	1.15	-6.14483758383499	-0.2457935033533996
12.91375431	0.93	-16.97008029171118	-0.6788032116684473
12.91375431	0.93	-0.12787075563309397	-0.005114830225323759
12.91385906	1.16	-1.5948780300918095	-0.06379512120367238
12.91375431	0.93	-5.111069823017735	-0.2044427929207094
2.62811375	0.72	-1.8464103378089736	-0.07385641351235894
2.62811375	0.58	-14.865290058525732	-0.5946116023410293
2.6281053	0.64	-2.2223206577234595	-0.08889282630893838
14.2822856	0.64	-0.8236004390042827	-0.03294401756017131
14.28226676	0.64	-12.163797927356956	-0.48655191709427825
14.2822923	0.64	-2.873223529515398	-0.11492894118061592
14.28226676	0.49	-6.981430494911613	-0.2792572197964645
14.28228147	0.64	-1.049710508248288	-0.041988420329931525
14.28226676	0.49	-6.47614171751772	-0.25904566870070883
14.282318	0.57	-15.715120270551095	-0.6286048108220438
9.07098164	1.01	-3.7107160709065568	-0.14842864283626228
9.07097734	0.9	-3.7886289716050445	-0.15154515886420178
9.07098194	0.91	-2.1954771370915545	-0.08781908548366218
9.07097734	1.01	-6.515701057685557	-0.26062804230742226
9.07098317	0.91	-6.476195914248176	-0.2590478365699271
14.58655862	1.18	-10.249769079412758	-0.40999076317651034
14.586675	1.1	-12.582530693579615	-0.5033012277431846
14.58649856	1.01	-2.9999185706831857	-0.11999674282732743
14.58649607	0.99	-10.482986327377816	-0.41931945309511265
14.58649607	1.1	-16.854379298485387	-0.6741751719394155
7.75192492	1.17	-3.6683273146163895	-0.14673309258465558
7.75194088	1.13	-13.892015593495874	-0.555680623739835
7.75192492	1.2	-21.743436035949745	-0.8697374414379898
7.75192492	1.17	-14.773133428042991	-0.5909253371217197
7.751908	1.22	-4.170693254365175	-0.166827730174607
4.16536757	1.13	-4.259578323180486	-0.17038313292721946
4.1653651	1.17	-16.889263809433842	-0.6755705523773538
4.1653651	1.17	-10.501484283396266	-0.42005937133585064
4.1653651	1.04	-3.590089276105929	-0.14360357104423715
4.165471	1.22	-1.6166825409865337	-0.06466730163946136
4.16533644	1.13	-1.0894267425338309	-0.043577069701353235
14.48585199	1.01	-9.320521569061095	-0.3728208627624438
14.48584765	0.97	-12.945858377567266	-0.5178343351026906
14.48585199	0.81	-8.990026556519378	-0.35960106226077515
14.48586384	0.99	-9.627055421025242	-0.3850822168410097
14.48585199	0.81	-4.461051425051098	-0.1784420570020439
14.48585199	0.81	-6.392223615615855	-0.2556889446246342
40.69937624	1.12	-16.866906003078245	-0.6746762401231299
40.6994443	1.01	-24.352301169295416	-0.9740920467718166
40.6992062	1.12	-3.975464891275426	-0.15901859565101703
40.69944	1.24	-19.748475388161307	-0.7899390155264523
7.2385854	0.89	-2.320589521837592	-0.09282358087350367
7.2385854	0.89	-10.64923859635226	-0.4259695438540904
7.2385854	0.91	-12.777930045713752	-0.5111172018285501
7.23858162	0.92	-5.1691255507344716	-0.20676502202937885
7.2385854	0.89	-1.7936951032375417	-0.07174780412950167
9.43414171	0.94	-11.079264823181909	-0.44317059292727634
9.43415263	0.96	-5.595932627123192	-0.2238373050849277
9.4341577	1.07	-14.261999411722279	-0.5704799764688911
9.43415109	0.98	-9.360576732753518	-0.37442306931014074
9.43415035	0.96	-4.139546764039268	-0.1655818705615707
9.4341505	0.98	-10.555469630090766	-0.42221878520363065
9.43415109	0.99	-0.5780181118831839	-0.023120724475327356
161.4743937	0.91	-8.861991473493825	-0.35447965893975303
161.4746786	1.04	-14.420285524006346	-0.5768114209602538
161.47536455	1.04	-6.921619805674351	-0.276864792226974
161.479	1.13	-1.673406788135275	-0.066936271525411
161.4746786	0.96	-3.066996356176231	-0.12267985424704923
17.97979059	1.24	-2.6023068660651014	-0.10409227464260407
17.97979059	0.97	-1.332276011797565	-0.0532910404719026
17.97979816	1.25	-11.705966635208359	-0.46823866540833436
17.9797392	1.2	-2.74735532422043	-0.1098942129688172
17.97979059	1.14	-8.347890230132343	-0.33391560920529373
17.97988	1.18	-8.478433943141628	-0.3391373577256651
30.99660733	0.82	-2.7461415107510208	-0.10984566043004083
30.99664113	0.93	-9.461950034889549	-0.37847800139558196
30.99660733	0.82	-12.030876733893093	-0.48123506935572374
8.503406	1.26	-1.8342212738291792	-0.07336885095316717
8.50340718	1.03	-2.1118047042381196	-0.08447218816952479
8.50340718	1.03	-2.413987915080683	-0.09655951660322731
23.783247	1.01	-14.592867618992711	-0.5837147047597084
23.783247	1.03	-10.58357894240668	-0.4233431576962672
23.78319931	1.0	-12.595395085753896	-0.5038158034301559
23.7832097	1.0	-6.712860839528137	-0.2685144335811255
5.16949729	1.19	-0.5031924700491048	-0.020127698801964192
5.16948094	1.19	-5.532066791498409	-0.22128267165993637
5.16950286	1.19	-9.274135192533892	-0.3709654077013557
5.16950177	1.03	-3.6831758128788215	-0.14732703251515286
5.16949729	0.96	-8.356232091339788	-0.3342492836535915
5.169487	1.19	-3.696205916238092	-0.14784823664952368
23.44964313	1.23	-12.150945775622764	-0.4860378310249106
23.44955	1.13	-19.527503544027898	-0.781100141761116
23.44971004	1.19	-0.8819043400065079	-0.035276173600260315
23.44971004	1.33	-16.02300606090025	-0.6409202424360101
23.44971004	1.19	-5.526666456075968	-0.22106665824303873
23.44970494	1.23	-8.553213688145899	-0.34212854752583594
16.080672	0.74	-10.392422998290439	-0.41569691993161756
16.08066115	0.55	-2.4183467808854258	-0.09673387123541703
16.08065726	0.86	-7.86678448535634	-0.3146713794142536
23.20581	1.3	-2.631297369310149	-0.10525189477240597
23.20579353	1.15	-8.54185570229306	-0.3416742280917224
23.20584623	1.3	-6.760199375394688	-0.2704079750157875
23.20578088	1.15	-14.40886709803936	-0.5763546839215744
23.20579353	1.61	-2.159760551271627	-0.08639042205086508
23.20584623	1.3	-23.366455361665192	-0.9346582144666077
6.07969618	0.92	-11.596870601169758	-0.46387482404679037
6.07972888	0.85	-9.321575903604149	-0.372863036144166
6.079629	0.91	-4.086464919308283	-0.16345859677233132
6.07972888	0.88	-6.581181402003161	-0.26324725608012645
6.07972888	0.85	-4.033259696098269	-0.16133038784393075
10.21420496	0.98	-30.541743762202465	-1.2216697504880987
10.21420496	0.98	-8.549209521939769	-0.3419683808775908
10.21418433	1.04	-5.787886076623662	-0.2315154430649465
10.21420496	0.98	-10.070910727295917	-0.4028364290918367
10.2141717	1.04	-5.117849120666344	-0.20471396482665377
10.21418792	1.15	-5.043176236961939	-0.20172704947847755
10.214019	1.07	-3.122864198327787	-0.12491456793311148
22.24813967	1.01	-10.30013148917723	-0.4120052595670892
22.24818	1.07	-2.4282214121271313	-0.09712885648508525
22.24813967	0.99	-2.99483466539676	-0.1197933866158704
9.48965527	0.96	-13.248392645309828	-0.5299357058123931
9.48961571	1.0	-14.27901104071573	-0.5711604416286292
9.48963348	0.96	-0.7333186320461165	-0.02933274528184466
9.48961571	1.0	-5.628473384598845	-0.2251389353839538
9.48966441	0.96	-26.420889513752407	-1.0568355805500962
9.48961571	1.06	-5.42183328733883	-0.21687333149355323
9.48961571	1.02	-17.739878733061765	-0.7095951493224706
4.41746257	1.4	-2.322443588910528	-0.09289774355642112
4.41745855	1.18	-9.329454202245016	-0.37317816808980064
4.41745855	1.4	-14.99814569330781	-0.5999258277323124
4.417463	1.22	-3.0954560893300918	-0.12381824357320367
16.33889626	1.15	-21.016756818565177	-0.8406702727426071
16.33888067	1.08	-19.052213200089067	-0.7620885280035627
16.338952	1.29	-1.5047855829308785	-0.06019142331723514
16.33889626	1.15	-3.9055458342161753	-0.156221833368647
16.33889626	1.22	-2.6662836293269216	-0.10665134517307687
16.33889626	1.15	-2.151492633187432	-0.08605970532749728
3.1739171	1.49	-1.4134149991867246	-0.05653659996746899
3.1739171	1.32	-4.5330565737482855	-0.18132226294993142
3.17391404	1.34	-5.8930740817143565	-0.23572296326857425
3.17392139	1.29	-12.223536775368432	-0.4889414710147373
3.27582198	1.23	-0.5762555107555855	-0.02305022043022342
3.27582198	1.46	-2.860244495445192	-0.11440977981780769
3.27581872	1.23	-12.53241087375367	-0.5012964349501469
3.27582262	1.13	-1.757687241549847	-0.07030748966199388
3.27581523	1.23	-0.2658022592203245	-0.01063209036881298
15.87360981	0.95	-10.426810449262877	-0.4170724179705151
15.87360981	0.8	-7.2099337788012114	-0.28839735115204845
15.87364565	0.8	-13.960729105005417	-0.5584291642002167
15.8736103	0.95	-2.5380763588076904	-0.10152305435230762
15.87328405	0.95	-0.7959187765263191	-0.031836751061052763
15.87364565	0.93	-12.788767639588848	-0.5115507055835539
16.2254975	0.92	-2.242832058765236	-0.08971328235060945
16.2254649	0.93	-16.760362493809474	-0.670414499752379
16.2254649	0.93	-9.737636696428773	-0.3895054678571509
16.2254649	0.93	-17.14041165618662	-0.6856164662474649
16.2254649	1.03	-4.021860486639162	-0.1608744194655665
16.2254649	0.93	-7.4599226368857146	-0.2983969054754286
29.66629667	0.93	-6.999178456147563	-0.2799671382459025
29.66653	1.12	-1.3077355642910236	-0.052309422571640944
29.66631669	1.07	-0.24465286363933625	-0.00978611454557345
29.6663	1.07	-0.9360394510115213	-0.03744157804046085
29.66631669	0.92	-8.801364437978094	-0.3520545775191238
29.66624383	1.07	-8.341131628086764	-0.33364526512347054
17.4211749	0.97	-8.494539689750985	-0.3397815875900394
17.421125	0.97	-7.101589052300646	-0.2840635620920259
17.4211749	0.97	-9.980918785866338	-0.39923675143465354
17.42115972	1.0	-3.308339451726498	-0.13233357806905993
17.42114966	1.0	-10.284029835085667	-0.4113611934034267
29.90722674	0.81	-4.336396109204807	-0.17345584436819228
29.90722674	0.8	-16.528760866294014	-0.6611504346517606
29.90726556	1.09	-17.68826908602037	-0.7075307634408148
29.90721859	0.88	-19.685122539798737	-0.7874049015919495
29.90722674	0.81	-6.659303900673899	-0.26637215602695596
29.90722674	0.97	-17.61018774331965	-0.704407509732786
2.15490904	1.27	-4.293886784607419	-0.17175547138429675
2.15490904	1.22	-8.244120636110855	-0.3297648254444342
2.15490904	1.25	-9.59391225174221	-0.3837564900696884
2.15490904	1.27	-11.39791647560137	-0.4559166590240548
2.1549189	1.21	-4.695441588533537	-0.1878176635413415
2.15491	1.25	-14.477154129675016	-0.5790861651870006
5.859944	1.25	-16.25235130054075	-0.65009405202163
5.85993596	1.17	-17.249390623189186	-0.6899756249275675
5.859933	1.21	-13.3213452348407	-0.532853809393628
5.8599408	1.17	-4.696487135492827	-0.1878594854197131
5.85993872	1.25	-10.903303074438227	-0.4361321229775291
5.85993872	1.22	-2.7203816127734455	-0.10881526451093781
5.85993872	1.27	-10.55933319563573	-0.42237332782542925
5.85993872	1.27	-1.150575865447774	-0.04602303461791096
5.85993596	1.23	-4.585098009694225	-0.183403920387769
5.8599424	1.17	-5.763600451710614	-0.23054401806842456
8.131	1.27	-5.59222041628399	-0.2236888166513596
8.13122484	1.25	-7.929869018862158	-0.3171947607544863
8.13122484	1.22	-5.910201952455919	-0.23640807809823677
8.131231	1.17	-9.538358829379458	-0.3815343531751783
8.13123	1.25	-12.462526310535205	-0.49850105242140824
8.13121389	1.23	-8.381270347855722	-0.3352508139142289
258.8	1.25	-5.061922110911961	-0.20247688443647846
257.895039	1.25	-9.29262148433705	-0.37170485937348197
3.03214559	1.03	-1.786843868083336	-0.07147375472333345
3.03214559	1.03	-11.799719351828841	-0.47198877407315365
3.03214795	1.08	-15.384462347331818	-0.6153784938932727
3.03214559	1.03	-2.2093099335746067	-0.08837239734298427
21.38522222	0.94	-7.944852199228011	-0.31779408796912045
21.38521506	0.89	-15.983766258415578	-0.6393506503366231
21.38521506	0.81	-25.592502503241334	-1.0237001001296533
21.38521506	0.89	-5.971419924568978	-0.2388567969827591
21.3845	0.92	-12.56498732204648	-0.5025994928818592
21.3851584	0.81	-7.161564838860386	-0.28646259355441545
4.18200253	0.93	-11.063261740470493	-0.4425304696188197
4.1820097	0.91	-8.821608414880702	-0.3528643365952281
4.18200189	0.92	-8.440482491905342	-0.3376192996762137
4.18200189	0.97	-2.4429632512296333	-0.09771853004918533
14.70748976	1.05	-16.152682588692993	-0.6461073035477197
14.70748976	1.08	-7.97687024811306	-0.3190748099245224
14.70748976	1.08	-13.121922551416397	-0.5248769020566558
14.70754468	0.97	-9.625869314676637	-0.3850347725870655
14.70749512	0.97	-6.096496957179693	-0.24385987828718772
14.70748976	1.02	-4.8905759262786805	-0.19562303705114722
0.90037648	1.08	-8.773278737241629	-0.35093114948966514
0.90037592	1.06	-1.961950334747463	-0.07847801338989852
0.90037648	1.05	-6.408126512271629	-0.2563250604908652
0.90037648	1.08	-13.787649282169436	-0.5515059712867775
13.72465129	1.26	-4.349799062211866	-0.17399196248847465
13.72446	1.09	-4.913112057025779	-0.19652448228103114
13.72465129	1.04	-10.27470535685131	-0.4109882142740524
13.72465129	1.26	-4.044063957469937	-0.16176255829879746
13.72465129	1.26	-11.915059881358982	-0.47660239525435927
13.72462702	1.05	-5.198834358761472	-0.20795337435045888
13.72465129	1.12	-20.705762155446664	-0.8282304862178665
13.7248232	1.05	-4.538144756780144	-0.18152579027120577
46.4063358	1.21	-14.419399626603786	-0.5767759850641515
46.4063358	1.15	-6.354274386970886	-0.25417097547883544
46.40647642	1.22	-4.0401096800001595	-0.1616043872000064
46.40626	1.22	-4.445228576655861	-0.17780914306623444
46.4063358	1.21	-10.638733589445728	-0.42554934357782914
46.4063358	1.05	-5.853364313956138	-0.23413457255824555
1.26025909	0.86	-4.485019255028624	-0.17940077020114498
1.26025918	0.87	-5.915432886740355	-0.2366173154696142
1.26025882	1.05	-8.13238655280803	-0.32529546211232124
1.26025878	0.87	-2.46445638943902	-0.0985782555775608
1.26025909	0.93	-10.295772111356818	-0.41183088445427274
5.25448795	0.93	-16.493702302774903	-0.6597480921109962
5.25455999	1.05	-17.44489629937772	-0.6977958519751088
5.25448795	1.04	-8.975912360081585	-0.3590364944032634
5.25449393	0.87	-17.76993445903799	-0.7107973783615197
5.25448795	1.04	-1.6842431892865424	-0.0673697275714617
5.254582	0.86	-9.424749801540138	-0.3769899920616055
5.25448795	1.04	-2.8613243318823076	-0.1144529732752923
24.54350418	1.15	-4.114575595928003	-0.16458302383712015
24.54371315	1.02	-18.129985621614317	-0.7251994248645727
24.54350418	1.01	-9.133110361356753	-0.3653244144542701
24.5434566	1.02	-2.240762253591656	-0.08963049014366624
1.28707774	0.63	-10.594909886102478	-0.42379639544409914
1.2870749	0.56	-3.4650793116655363	-0.13860317246662146
1.28707676	0.53	-1.083321849828513	-0.04333287399314052
1.28707827	0.63	-4.551393155214737	-0.18205572620858948
1.28707676	0.63	-10.56050906787708	-0.4224203627150832
17.671796	0.75	-1.0244141092323928	-0.04097656436929571
17.6717714	0.77	-2.5913756119613116	-0.10365502447845247
17.67168	0.71	-10.764640011120404	-0.4305856004448162
17.81594498	1.04	-7.833142981222982	-0.3133257192489193
17.815815	1.04	-15.518772824070943	-0.6207509129628378
17.81595067	0.97	-14.934574919132206	-0.5973829967652883
17.81595067	0.97	-9.10608484486341	-0.3642433937945364
17.8159689	0.97	-4.454172383516963	-0.1781668953406785
17.81594735	1.04	-8.644393783143041	-0.34577575132572164
17.81595067	1.0	-3.6622694564265803	-0.14649077825706322
17.81595067	1.01	-31.548854054238053	-1.261954162169522
17.81595067	0.97	-12.65038298624303	-0.5060153194497212
17.81563	1.02	-9.491708045258807	-0.3796683218103523
9.27358194	0.68	-11.094163278294014	-0.44376653113176057
9.27358173	0.68	-7.619562206284414	-0.30478248825137655
9.27358194	0.75	-7.179176333432745	-0.2871670533373098
6.02930132	0.77	-2.4373106624191356	-0.09749242649676543
6.02930132	0.77	-5.435435688359429	-0.21741742753437718
6.02930329	0.76	-1.6322970129408148	-0.06529188051763259
6.02929834	0.69	-15.321819687973395	-0.6128727875189358
6.029272	0.62	-1.156340710705937	-0.04625362842823748
21.67697486	0.54	-7.535218046718925	-0.301408721868757
21.67699193	0.79	-12.692635056902828	-0.5077054022761132
21.67682054	0.79	-10.500718203901522	-0.4200287281560609
21.67697486	0.79	-15.022630483600759	-0.6009052193440304
21.6769	0.72	-20.902251280075536	-0.8360900512030215
4.99678284	0.93	-18.481721301738247	-0.7392688520695299
4.99677968	0.93	-12.272728756202028	-0.4909091502480811
4.99678284	0.86	-4.303373423153987	-0.1721349369261595
2.52560111	0.99	-10.426687118827477	-0.41706748475309907
2.52559332	1.09	-1.1523919670406186	-0.046095678681624744
2.52559332	1.09	-6.856225109434329	-0.2742490043773732
2.52559178	0.99	-13.61878711810268	-0.5447514847241073
16.01310205	0.79	-18.644691941426753	-0.7457876776570701
16.01310205	0.79	-3.7689942178786175	-0.1507597687151447
16.01310205	0.79	-5.208021485879317	-0.20832085943517267
16.01310205	0.79	-12.347166937264555	-0.49388667749058224
4.49884	1.06	-0.351235480555296	-0.014049419222211841
4.49876092	1.05	-12.50475760212321	-0.5001903040849284
4.49876092	1.03	-15.079905764071803	-0.6031962305628722
4.49876511	1.04	-1.8897735536064768	-0.07559094214425907
4.49876511	1.05	-3.9413847671348714	-0.15765539068539486
4.49878622	1.04	-17.196987708731832	-0.6878795083492734
4.49876092	1.05	-9.09197679632445	-0.36367907185297804
41.43962808	0.93	-11.760989210528033	-0.47043956842112133
41.43962808	0.91	-10.461018460951692	-0.41844073843806767
41.43954	0.8	-9.075871541415765	-0.3630348616566306
41.43962808	0.93	-9.617226137146037	-0.3846890454858415
8.35390639	0.86	-1.2870713169146808	-0.05148285267658723
8.35390639	0.86	-2.975691336108969	-0.11902765344435876
8.35388645	0.9	-5.930388349969266	-0.23721553399877063
8.35389523	0.86	-19.456791708951553	-0.7782716683580622
4.12554687	1.16	-18.010987194684486	-0.7204394877873794
4.12554687	1.15	-8.971092839352814	-0.35884371357411254
4.12554347	1.02	-21.218264642309276	-0.848730585692371
4.125573	1.06	-2.974954305786799	-0.11899817223147195
4.12554408	1.02	-12.992791071293272	-0.5197116428517309
4.12554347	1.16	-12.887618172792124	-0.5155047269116849
4.125546	1.02	-7.349155252712165	-0.2939662101084866
4.12554687	1.16	-8.679337468257087	-0.34717349873028347
15.72589061	0.83	-3.2673179267660357	-0.13069271707064142
15.7259	0.86	-15.096672718016912	-0.6038669087206765
15.72591537	0.87	-3.7605568755819165	-0.15042227502327665
15.72589064	0.87	-8.534450867417	-0.34137803469668
15.72589061	0.83	-3.8858889650031663	-0.15543555860012664
15.72589061	0.83	-6.766680181833285	-0.27066720727333143
2.81650521	0.87	-0.46768073695844836	-0.018707229478337934
2.81650485	0.94	-3.9598578604439623	-0.1583943144177585
2.81650485	0.94	-5.836703835573773	-0.2334681534229509
2.8165049	0.94	-10.596556650716892	-0.42386226602867566
4.280969	0.93	-9.090540114993479	-0.36362160459973913
4.28095859	0.97	-3.509581219914338	-0.14038324879657352
4.28096128	0.94	-6.213890978672926	-0.24855563914691706
4.2809636	0.94	-5.762239505166425	-0.23048958020665702
4.28095859	0.91	-13.590692404755059	-0.5436276961902023
4.28099197	0.94	-14.172137928857653	-0.5668855171543061
38.37738997	0.97	-5.301925504651551	-0.21207702018606206
38.3774623	1.08	-8.764630489012825	-0.35058521956051303
38.3774623	1.08	-19.42863476102368	-0.7771453904409472
38.3775486	0.97	-9.02841828201067	-0.3611367312804268
38.3774623	0.95	-1.377731692824267	-0.055109267712970686
3.72873109	0.91	-4.950851979943688	-0.19803407919774751
3.72873109	0.91	-17.755695092414015	-0.7102278036965606
3.7287325	0.9	-3.578230592616608	-0.14312922370466433
3.72873215	0.89	-14.828926737962599	-0.593157069518504
3.72873109	0.88	-2.1587000873453888	-0.08634800349381555
3.72873215	0.91	-3.175519446964756	-0.12702077787859023
3.7287338	0.89	-3.562924568377957	-0.14251698273511829
2.24338185	0.6	-12.522507429191117	-0.5009002971676447
2.24338	0.58	-0.5938791315349844	-0.023755165261399376
2.24338057	0.58	-6.319417051889423	-0.2527766820755769
2.3374397	0.76	-15.96555692053102	-0.6386222768212408
2.33743254	0.76	-5.493376095377564	-0.21973504381510256
2.33743801	0.79	-17.981637860919243	-0.7192655144367697
2.33743801	0.78	-25.668370042046067	-1.0267348016818427
2.33743795	0.76	-8.755331100141188	-0.3502132440056475
11.5982103	0.56	-14.95139943672288	-0.5980559774689153
11.59822172	0.51	-0.7792372693215714	-0.031169490772862858
11.59822172	0.51	-14.091512385793733	-0.5636604954317493
11.59822172	0.51	-8.720833547936095	-0.3488333419174438
11.59820497	0.56	-2.6003839618501945	-0.10401535847400778
6.57531678	0.93	-2.029838058041658	-0.08119352232166632
6.57531678	0.93	-4.252271027805009	-0.17009084111220038
6.57532602	1.0	-11.818254736031315	-0.4727301894412526
6.57531678	0.93	-6.853025759892363	-0.2741210303956945
6.575324	1.01	-14.411267986824582	-0.5764507194729833
7.27504084	0.99	-10.85090701235834	-0.43403628049433357
7.27503724	0.99	-3.3089553037783648	-0.13235821215113458
7.27503724	0.99	-9.435865378722095	-0.3774346151488838
7.27504084	0.91	-4.051426655798599	-0.16205706623194396
7.27503724	0.99	-21.141414481419986	-0.8456565792567995
12.39358604	0.81	-8.958199129025115	-0.35832796516100457
12.39356589	0.9	-2.739665309401492	-0.10958661237605968
12.39358604	0.81	-7.346211239642389	-0.29384844958569556
5.39876	1.19	-6.5868783958437485	-0.26347513583374993
5.39875	1.08	-4.029572213944175	-0.16118288855776702
5.39875393	1.08	-10.734175745039837	-0.42936702980159347
5.39875393	1.08	-9.147404037484637	-0.36589616149938553
5.39875259	1.06	-11.985834801124865	-0.4794333920449946
5.39875259	1.06	-2.2315414714864437	-0.08926165885945775
5.39875393	1.04	-0.4046202095349218	-0.01618480838139687
5.39875286	1.06	-9.618350804354574	-0.38473403217418295
9.605027	1.06	-20.89534110118299	-0.8358136440473196
9.604869	1.07	-8.638392965155461	-0.34553571860621846
9.60504	1.08	-30.79011315251946	-1.2316045261007784
9.604979	1.06	-1.9922822951056893	-0.07969129180422757
9.605085	1.08	-5.882687381387381	-0.23530749525549524
9.60503867	1.08	-4.435805981107734	-0.17743223924430937
9.60503867	1.08	-1.169551709684233	-0.04678206838736932
9.60505976	1.06	-2.3548296043579726	-0.0941931841743189
9.6051	1.06	-3.7958701806403545	-0.15183480722561418
9.60506201	1.06	-1.1116492774745261	-0.044465971098981046
580.0	1.08	-3.27760995704645	-0.131104398281858
632.62	1.06	-4.942740226041577	-0.1977096090416631
634.6	1.06	-5.385312898166892	-0.21541251592667568
3455.0	1.06	-16.259554708233352	-0.6503821883293341
3.68981517	0.99	-10.085668210425945	-0.4034267284170378
3.68992629	1.01	-1.582649337500801	-0.06330597350003205
3.68992629	1.08	-6.11285982016663	-0.2445143928066652
26.39435646	0.84	-5.94569420929045	-0.237827768371618
26.39435646	0.8	-1.150056837275156	-0.046002273491006246
26.39434226	0.81	-19.289441872893278	-0.7715776749157311
26.39435646	0.84	-3.398587595737164	-0.13594350382948656
26.39435646	0.84	-3.959231494975395	-0.1583692597990158
12.61190667	0.99	-11.523131837187854	-0.46092527348751416
12.611904	0.96	-5.817493070043884	-0.23269972280175538
12.6119088	0.95	-2.610020325279412	-0.10440081301117647
12.61190434	0.99	-0.3291153769907028	-0.013164615079628112
12.61190667	0.99	-11.804604691608969	-0.47218418766435877
12.61190667	0.92	-7.859536955857485	-0.3143814782342994
2.53918318	1.03	-9.320052697580767	-0.3728021079032307
2.53918318	0.96	-3.442991578835555	-0.1377196631534222
2.53918318	1.03	-7.655393734237717	-0.3062157493695087
6.77030201	0.77	-3.2698758888153767	-0.13079503555261507
6.77027155	0.95	-1.5738217928525868	-0.06295287171410348
6.77030201	0.77	-2.3045151672277124	-0.0921806066891085
6.77030201	0.89	-16.995037589646927	-0.6798015035858771
6.77029913	0.95	-5.88324964560585	-0.235329985824234
1.62552217	0.96	-7.183331033225524	-0.28733324132902094
1.6255222	1.11	-2.6969487886918917	-0.10787795154767567
1.6255222	1.01	-3.320924829953055	-0.1328369931981222
1.6255222	1.01	-10.662674994950763	-0.42650699979803053
1.62552343	0.87	-7.1089020023842115	-0.28435608009536845
1.62552217	0.94	-9.999904407866241	-0.3999961763146497
1.62552226	0.96	-5.1687584399452255	-0.20675033759780903
1.59474546	0.9	-8.937733794256964	-0.35750935177027854
1.59474546	0.9	-3.9835757975113495	-0.15934303190045399
1.59474545	1.02	-4.852928998052646	-0.19411715992210585
1.59474546	0.94	-2.198608657814833	-0.08794434631259332
1.59474469	1.01	-1.2483395023147708	-0.04993358009259083
20.505935	0.7	-0.20039792968787262	-0.008015917187514906
20.50586978	0.74	-7.587273704206766	-0.30349094816827066
20.50586602	0.77	-9.859393753026001	-0.3943757501210401
20.50586978	0.77	-2.8200313995379194	-0.11280125598151677
20.50586978	0.74	-4.483883054318496	-0.17935532217273983
20.50591318	0.77	-2.3090764069993495	-0.09236305627997397
20.50588921	0.77	-12.699496667296994	-0.5079798666918798
3.89593684	0.98	-0.7610043329240737	-0.030440173316962946
3.89593653	0.87	-1.2213347617857404	-0.048853390471429614
3.89593593	0.95	-7.5439490792720445	-0.30175796317088177
22.36656079	0.81	-1.5858713971910807	-0.06343485588764324
22.3663045	0.92	-6.945874527703909	-0.27783498110815635
22.36658	0.88	-6.4553234805875	-0.2582129392235
22.36656079	0.81	-11.059277243384297	-0.4423710897353719
22.36664774	0.92	-10.123824307542037	-0.4049529723016815
13.722364	1.0	-1.2395599606636205	-0.04958239842654482
13.722353	0.91	-5.356691525000271	-0.21426766100001085
13.72237104	0.94	-8.391416265387944	-0.33565665061551775
13.72237127	1.03	-1.3094009848591854	-0.05237603939436742
242.4613	0.81	-1.4558022625056106	-0.058232090500224425
242.4677	1.0	-1.0531038393531218	-0.04212415357412487
242.46712	0.81	-17.240643104134065	-0.6896257241653626
242.46712	0.81	-20.390812762037847	-0.8156325104815139
242.46712	0.87	-15.2242830524405	-0.60897132209762
7.74809424	1.18	-4.047689213298363	-0.16190756853193453
7.74809424	0.97	-1.5063736827737084	-0.06025494731094834
7.74809437	1.15	-5.979725609022673	-0.23918902436090694
7.74809203	0.97	-9.985648678879459	-0.3994259471551784
7.74809437	1.15	-9.591796754146777	-0.3836718701658711
7.74809437	1.15	-18.249073586135683	-0.7299629434454273
7.74809437	1.11	-5.815667589721067	-0.2326267035888427
8.114379	0.53	-4.884914104448596	-0.19539656417794382
8.114368	0.53	-2.643600855124762	-0.10574403420499047
8.11437482	0.56	-6.784209823151173	-0.2713683929260469
8.114379	0.54	-19.081402509850083	-0.7632561003940034
21.81295996	0.93	-6.298659044213909	-0.25194636176855634
21.81295996	0.92	-16.30811447565794	-0.6523245790263177
21.81293494	0.93	-5.987297397220415	-0.23949189588881659
21.81293494	0.9	-3.3669511155221663	-0.13467804462088664
15.37563332	0.72	-12.814895848837336	-0.5125958339534935
15.37564455	0.78	-3.5458020204130025	-0.1418320808165201
15.37563332	0.76	-7.667593340872502	-0.30670373363490006
15.375871	0.73	-5.900223268695299	-0.23600893074781198
6.36583971	0.94	-8.512528650797506	-0.34050114603190024
6.365815	0.97	-5.737864263538174	-0.22951457054152694
6.36584161	0.94	-10.534324085103366	-0.42137296340413466
6.36584161	0.94	-12.997081638746486	-0.5198832655498594
6.36584161	0.94	-10.127573874822092	-0.4051029549928837
3.04033042	0.75	-1.907147912890193	-0.07628591651560772
3.04033042	0.75	-15.17096012477637	-0.6068384049910548
3.04033427	0.8	-2.9702723234422064	-0.11881089293768826
3.04033046	0.75	-11.948668288471671	-0.47794673153886685
3.0403293	0.73	-14.334420012446536	-0.5733768004978614
3.04033042	0.75	-15.99192947811796	-0.6396771791247184
4.19042566	1.02	-12.045456165143584	-0.48181824660574335
4.19042431	1.02	-2.1548472922218456	-0.08619389168887383
4.19042557	1.16	-15.591566661958437	-0.6236626664783375
4.19042557	1.16	-12.379961609125347	-0.4951984643650139
4.19042194	1.02	-5.88702042374118	-0.23548081694964718
3.70987065	0.95	-6.9847489636332645	-0.2793899585453306
3.7098771	0.98	-12.811818670696088	-0.5124727468278435
3.70987078	0.98	-15.411481453000611	-0.6164592581200244
3.70987065	0.95	-4.539780684304603	-0.1815912273721841
3.709884	0.91	-6.347328029704512	-0.25389312118818047
16.3297527	0.99	-6.7950224463615845	-0.2718008978544634
16.32971812	0.98	-13.21075072410141	-0.5284300289640564
16.32976218	0.99	-9.197976478112562	-0.36791905912450246
16.32986	0.96	-5.505529396511376	-0.22022117586045503
16.32976218	0.94	-10.610946320726697	-0.4244378528290679
16.3297527	0.98	-8.325199896996235	-0.3330079958798494
4.88548837	1.35	-13.012326671661159	-0.5204930668664464
4.88548895	1.32	-17.004052336689377	-0.6801620934675751
4.8854892	1.36	-1.9901063178765819	-0.07960425271506327
4.88548862	1.1	-20.612185466163503	-0.8244874186465401
4.8854922	1.41	-18.42007606241424	-0.7368030424965696
4.88548895	1.32	-6.17442496099529	-0.2469769984398116
4.8854886	1.24	-8.207391318574215	-0.3282956527429686
4.8854948	1.28	-12.106405116340909	-0.4842562046536364
4.88548917	1.26	-0.3281003011063581	-0.013124012044254325
4.8854886	1.41	-6.1726123769903465	-0.24690449507961387
80.8723469	0.93	-3.1805973150797917	-0.12722389260319167
80.8720639	0.78	-22.655786848547578	-0.9062314739419032
80.87198379	0.97	-5.280652208903423	-0.21122608835613693
80.8723469	0.97	-16.409576985828572	-0.6563830794331429
80.8720639	0.78	-8.672812586533894	-0.34691250346135577
80.87226268	0.97	-5.636330987588282	-0.2254532395035313
80.8720639	0.98	-2.122636669682042	-0.08490546678728167
10.355459	0.84	-9.89162274186832	-0.3956649096747328
10.35533177	0.89	-6.190412829906273	-0.24761651319625091
10.35530672	0.9	-22.74749111940381	-0.9098996447761525
10.35533177	0.88	-10.106384560656835	-0.4042553824262734
10.35533177	0.89	-3.0956132370098373	-0.12382452948039349
10.52629458	0.82	-8.334418033167982	-0.33337672132671925
10.52629331	0.88	-16.82908709057972	-0.6731634836231888
10.52629443	0.88	-0.14207582987191536	-0.0056830331948766145
10.52629406	0.82	-1.8661678800786783	-0.07464671520314713
10.5262937	0.84	-19.64486148553619	-0.7857944594214477
10.52629458	0.88	-3.486432846784745	-0.13945731387138982
4.58352176	0.97	-0.8264503776624754	-0.033058015106499014
4.58352095	0.97	-4.5628076167345455	-0.18251230466938181
4.58352095	1.05	-15.919054038798716	-0.6367621615519486
3.76181843	0.97	-1.3528120330517412	-0.05411248132206965
3.76185348	0.95	-1.1478936256709926	-0.045915745026839705
3.76182115	0.97	-15.221722177172968	-0.6088688870869187
56.05602601	0.55	-11.83520374858227	-0.4734081499432908
56.0560754	0.55	-3.633548831700719	-0.14534195326802876
56.0560754	0.5	-13.09244775197459	-0.5236979100789836
56.05623	0.53	-0.3552259445765059	-0.014209037783060237
2.23749275	0.84	-15.510247170506117	-0.6204098868202447
2.23748957	0.86	-27.60291152072999	-1.1041164608291996
2.23748957	0.91	-11.2995171786798	-0.451980687147192
2.23749275	0.84	-11.869650308205516	-0.47478601232822065
2.23751556	0.86	-4.631819829629494	-0.18527279318517978
3.16789194	1.03	-2.750936085801736	-0.11003744343206945
3.16789342	1.0	-7.425162150867868	-0.29700648603471475
3.16789342	1.03	-6.074823981931723	-0.2429929592772689
3.16787374	1.0	-8.248485959358238	-0.32993943837432954
3.16789194	0.97	-14.559535183116564	-0.5823814073246626
3.167876	0.99	-7.901607666658853	-0.3160643066663541
16.08518937	0.83	-9.857854853781378	-0.3943141941512551
16.08517657	0.86	-12.559399752470638	-0.5023759900988255
16.08524954	0.83	-0.15605209064887177	-0.006242083625954871
16.085351	0.77	-9.289151137463556	-0.3715660454985422
16.08524954	0.8	-1.1736490718683195	-0.04694596287473278
16.08524954	0.83	-14.043865601018727	-0.561754624040749
4.347326	0.95	-13.697295409672337	-0.5478918163868935
4.34728553	0.94	-0.6159974622396716	-0.024639898489586864
4.34728878	1.01	-11.40594441292204	-0.4562377765168816
4.34729687	1.01	-19.97986702039623	-0.7991946808158492
4.34727172	1.01	-12.884379293674995	-0.5153751717469998
4.34728553	0.81	-3.435091310260995	-0.1374036524104398
4.34728878	1.01	-21.766224560946274	-0.8706489824378509
23.58914398	0.7	-1.231999343135832	-0.04927997372543328
23.58920249	0.8	-15.153626667760303	-0.6061450667104121
23.58914398	0.7	-8.24527650057374	-0.3298110600229496
23.58917143	0.7	-1.9615537368238298	-0.0784621494729532
21.02247699	0.84	-3.1270254770759527	-0.12508101908303812
21.02247699	0.77	-11.9718192208953	-0.47887276883581203
21.02247699	0.76	-1.4072658981831632	-0.05629063592732653
21.02250694	0.83	-31.924515753743425	-1.276980630149737
21.02236	0.82	-18.86870581782869	-0.7547482327131476
21.02250608	0.83	-12.770322993081072	-0.5108129197232428
226.89102598	0.83	-25.867745567555172	-1.034709822702207
226.8897	0.82	-13.599342580557089	-0.5439737032222836
226.89104321	0.83	-15.183131906621064	-0.6073252762648426
226.89047	0.77	-1.394719945458391	-0.055788797818335636
226.8904775	0.83	-6.128397770711895	-0.2451359108284758
226.89047	0.77	-16.031061548493582	-0.6412424619397433
226.89047	0.84	-0.23762147037273934	-0.009504858814909574
7.411141	0.98	-11.160541718816045	-0.44642166875264183
7.411141	1.01	-7.285819856344656	-0.2914327942537862
7.41113995	1.05	-12.055652806103739	-0.4822261122441496
7.411138	0.97	-1.6864447461136953	-0.06745778984454781
7.41114851	1.05	-26.526937612641923	-1.0610775045056768
8.09888906	1.17	-12.847143236753382	-0.5138857294701353
8.09888906	1.08	-10.02758640479517	-0.40110345619180676
8.09888799	1.15	-4.779513557324504	-0.19118054229298015
8.09888562	1.08	-0.572973999713549	-0.02291895998854196
8.09888799	1.09	-19.200143584566618	-0.7680057433826647
10.00654756	1.06	-9.814752402681355	-0.3925900961072542
10.00652995	1.08	-10.848568748436414	-0.4339427499374566
10.00652995	1.08	-0.5333817390073091	-0.021335269560292365
10.00652995	1.08	-10.979254966164095	-0.4391701986465638
10.00653012	1.06	-17.684511785048578	-0.7073804714019432
10.37168453	0.83	-27.662577615236252	-1.10650310460945
10.37168453	0.8	-1.636244858955086	-0.06544979435820344
10.37159978	0.83	-7.459610664778576	-0.29838442659114306
10.37168453	0.83	-2.238861332858749	-0.08955445331434995
10.37168928	0.83	-8.40980447968556	-0.3363921791874224
10.371721	0.79	-8.34199575863142	-0.3336798303452568
10.37168453	0.83	-3.4241502445704732	-0.13696600978281892
10.37168453	0.83	-10.66096513354141	-0.4264386053416564
3.96994893	0.8	-6.31955245431708	-0.2527820981726832
3.96994893	0.83	-12.779336772129195	-0.5111734708851678
3.970006	0.79	-21.9355185432182	-0.8774207417287281
3.96994893	0.83	-7.843023316148117	-0.3137209326459247
4.408468	1.03	-4.47710674747609	-0.1790842698990436
4.40841331	0.97	-3.663676018526158	-0.14654704074104632
4.40840023	0.97	-3.016871797216438	-0.12067487188865751
2.05234995	1.03	-3.5243211134174213	-0.14097284453669687
2.05234988	1.05	-11.452425807603683	-0.45809703230414733
2.0523499	1.14	-6.602426943491895	-0.2640970777396758
2.0523499	1.18	-3.2331882693921337	-0.12932753077568535
2.0523499	1.14	-4.405520558845785	-0.1762208223538314
2.05234988	1.03	-4.444164321385825	-0.177766572855433
5.00731778	0.92	-0.9032813454476288	-0.036131253817905155
5.007312	1.0	-3.4151126664793128	-0.1366045066591725
5.00731778	0.92	-4.967338079733614	-0.19869352318934458
4.70832654	0.95	-9.820869834746349	-0.39283479338985394
4.70832645	0.96	-9.421015583457075	-0.376840623338283
4.70832654	0.94	-3.4222927863226946	-0.1368917114529078
4.70833748	0.96	-2.4120632541769886	-0.09648253016707954
5.3920269	0.92	-9.010606181246624	-0.360424247249865
5.39203498	0.81	-4.493381457025698	-0.1797352582810279
5.3920269	0.81	-15.155563834858429	-0.6062225533943372
5.39202081	0.81	-7.1127694291554535	-0.28451077716621814
5.39202539	0.9	-2.76088766188761	-0.1104355064755044
4.09357325	1.08	-15.139632585840523	-0.6055853034336209
4.09357325	1.08	-9.589137988673373	-0.38356551954693496
4.09357325	1.03	-1.4427186851724128	-0.057708747406896514
4.09357846	1.08	-8.221259310054567	-0.3288503724021827
4.09357846	1.02	-0.18671127878738997	-0.007468451151495599
105.145959	1.02	-10.97500508077659	-0.4390002032310636
105.144749	1.03	-10.557979647866514	-0.42231918591466056
105.144749	1.08	-7.267098996290837	-0.2906839598516335
4.08227507	0.87	-1.278768878502691	-0.05115075514010764
4.08227507	0.87	-21.05810839807643	-0.8423243359230572
3.3149455	0.91	-28.449034306608358	-1.1379613722643342
3.31494634	0.98	-1.2947731914216811	-0.05179092765686725
3.31494634	0.98	-8.288869440001951	-0.33155477760007807
3.3149482	0.91	-12.053830428592928	-0.4821532171437171
3.31494736	0.98	-0.6586160131799315	-0.02634464052719726
39.643231	0.88	-9.468479235722672	-0.3787391694289069
39.6431552	0.84	-5.127205508170615	-0.2050882203268246
39.64317811	0.91	-3.794057929330615	-0.1517623171732246
21.80451088	0.79	-12.187918834549768	-0.48751675338199074
21.80451611	0.81	-9.453797063647468	-0.3781518825458987
21.80451611	0.94	-26.212166677615382	-1.0484866671046154
21.8051576	0.94	-10.608232461406114	-0.42432929845624456
21.80441	0.91	-12.273478748571513	-0.49093914994286053
5.15448405	0.91	-13.493900802873512	-0.5397560321149405
5.15448442	0.89	-1.4285273971841819	-0.05714109588736727
5.154441	0.82	-6.672356674110187	-0.2668942669644075
5.15448142	0.91	-7.209724182922734	-0.2883889673169094
5.74347727	0.98	-5.267523194546935	-0.2107009277818774
5.74347727	0.95	-0.3335367513800354	-0.013341470055201417
5.743491	1.0	-0.5693172935108572	-0.02277269174043429
5.7434698	0.98	-5.262617961972085	-0.21050471847888338
5.74348015	0.98	-6.591689612348794	-0.2636675844939517
5.74347727	0.98	-3.1741847868165576	-0.1269673914726623
3.16635237	1.0	-14.906854929175246	-0.5962741971670099
3.16635371	1.07	-8.178628898328935	-0.3271451559331574
3.16635356	1.0	-14.68285021604466	-0.5873140086417864
3.16635371	1.07	-9.589030860117811	-0.38356123440471246
6.49168281	1.05	-7.971922471270322	-0.3188768988508129
6.49168251	1.0	-4.576466587975056	-0.18305866351900224
6.49168426	1.16	-12.774272215399328	-0.5109708886159732
6.49168998	1.0	-8.763874240829873	-0.35055496963319493
6.49168426	1.16	-7.176564960637048	-0.28706259842548193
6.4916717	1.02	-15.265118942991606	-0.6106047577196643
6.49168426	1.16	-8.159004424402244	-0.32636017697608977
6.49168426	1.0	-4.737072843042357	-0.1894829137216943
2.85188338	1.16	-14.947453419555305	-0.5978981367822123
3.85560355	1.15	-17.000626578473785	-0.6800250631389514
3.85560355	1.03	-3.624404891553173	-0.1449761956621269
9.46781405	0.46	-2.958841531815715	-0.1183536612726286
9.46782147	0.49	-1.5738541964875399	-0.0629541678595016
9.46782762	0.52	-0.943249773827383	-0.037729990953095316
9.46781405	0.46	-6.849665191602181	-0.2739866076640873
9.46782147	0.52	-4.263436000503861	-0.17053744002015445
9.467839	0.51	-17.89410898628225	-0.71576435945129
9.46781405	0.46	-5.434064652411371	-0.21736258609645487
9.46781385	0.52	-7.15612839447393	-0.2862451357789572
0.89304124	0.46	-7.368204160784709	-0.2947281664313883
0.89304124	0.49	-11.11165611783307	-0.4444662447133228
0.89304105	0.52	-4.631713419365168	-0.18526853677460672
0.89304026	0.52	-8.776810499569256	-0.3510724199827703
0.89304097	0.49	-6.616407839185616	-0.26465631356742464
20.83424726	1.0	-25.175495936372986	-1.0070198374549195
20.83426731	0.9	-4.431862906193176	-0.17727451624772705
20.83495	0.88	-3.4084757016845613	-0.13633902806738246
20.83434505	0.9	-6.9155807103102935	-0.27662322841241177
20.83424726	0.9	-20.867079133519134	-0.8346831653407654
6.10485286	0.85	-1.5847959943569496	-0.06339183977427798
6.10485286	0.84	-13.107552987271102	-0.5243021194908442
6.104862	0.89	-4.748749964415909	-0.18994999857663636
6.10485286	0.84	-0.5988426313958788	-0.02395370525583515
6.10484942	0.99	-5.041358316337368	-0.20165433265349472
6.10487147	0.99	-22.386666754358103	-0.8954666701743241
11.51516988	0.85	-5.393436832046546	-0.21573747328186182
11.51516988	0.91	-4.627993125795279	-0.18511972503181118
11.51516739	0.81	-0.9612738300102751	-0.038450953200411
11.51516988	0.91	-1.8608122684469675	-0.0744324907378787
11.51517167	0.91	-0.1392409536031149	-0.005569638144124596
11.51516988	0.91	-16.152928033294117	-0.6461171213317647
3.60147727	0.85	-15.752319797468306	-0.6300927918987322
3.60147201	0.91	-5.902029911934163	-0.2360811964773665
3.60146534	0.81	-12.741752837322284	-0.5096701134928914
3.60147201	0.91	-12.48642760172961	-0.49945710406918437
3.60147201	0.86	-9.47263049439453	-0.3789052197757812
28.59915399	0.51	-4.436299958645928	-0.1774519983458371
28.59915399	0.49	-9.633792203254071	-0.38535168813016285
24.58721963	0.89	-0.9679214494570559	-0.03871685797828224
24.58721573	0.86	-5.559228772520362	-0.2223691509008145
24.58721016	0.89	-24.522154576214493	-0.9808861830485798
24.58716355	0.83	-7.803745784701848	-0.3121498313880739
24.58719	0.9	-8.584649646948135	-0.3433859858779254
24.58721573	0.82	-16.785076558953392	-0.6714030623581357
24.58721573	0.82	-7.713540647218636	-0.30854162588874545
12.532507	1.03	-6.314278569344581	-0.25257114277378323
12.53248465	0.99	-14.582266234473742	-0.5832906493789497
12.53248222	0.99	-7.828680223545454	-0.31314720894181813
12.53248465	0.93	-3.10841467699482	-0.1243365870797928
12.53249776	1.0	-4.909955774574353	-0.19639823098297413
7.34071495	1.05	-19.375240442555935	-0.7750096177022374
7.34071463	1.05	-12.155722061099794	-0.4862288824439918
7.34071497	1.05	-3.206142696778213	-0.12824570787112852
7.34071475	1.27	-1.615722274712844	-0.06462889098851375
3.58410105	0.94	-11.43672166589499	-0.45746886663579955
3.58409537	0.94	-14.140233591560413	-0.5656093436624166
3.58410105	1.02	-10.174641246386145	-0.4069856498554458
3.58410138	0.94	-15.045086639715041	-0.6018034655886016
3.58410122	1.02	-1.2581658741587172	-0.05032663496634869
3.58410122	1.02	-9.878467008022952	-0.3951386803209181
7.03902016	1.09	-11.110890484871392	-0.4444356193948557
7.0390032	1.09	-3.2211669541097323	-0.1288466781643893
7.03902374	1.08	-16.153866156312162	-0.6461546462524865
7.03902374	1.08	-8.195630692246613	-0.32782522768986455
7.03899386	1.09	-2.8787129840600505	-0.11514851936240202
8.36086824	0.79	-0.5968184586277998	-0.023872738345111992
8.360847	0.65	-7.88942123171103	-0.3155768492684412
8.36086357	0.72	-7.603732764329629	-0.30414931057318517
8.36086824	0.76	-11.613776016458678	-0.4645510406583471
8.3608707	0.72	-3.3805102832681	-0.13522041133072402
8.36086403	0.72	-11.554251050093065	-0.4621700420037226
3.17926292	0.95	-4.680980756848331	-0.18723923027393322
3.17926292	0.96	-0.4591842729191047	-0.018367370916764186
3.17926686	0.94	-1.7917024551648495	-0.07166809820659398
3.17926729	0.96	-6.951120976908337	-0.2780448390763335
3.17926292	0.94	-1.9307188633844274	-0.0772287545353771
3.179262	0.97	-1.2999068492511856	-0.05199627397004743
12.06222962	0.9	-6.658845552351568	-0.2663538220940627
12.06222443	0.84	-13.491873958110318	-0.5396749583244127
12.06222443	1.06	-0.20537907739104816	-0.008215163095641926
9.93143556	1.01	-10.595068947182536	-0.4238027578873015
9.93143556	1.04	-0.7158939428732812	-0.02863575771493125
9.93143556	1.01	-2.2307286205943955	-0.08922914482377582
9.93153577	1.0	-1.5221239442686798	-0.06088495777074719
9.93134553	1.0	-6.135019112288059	-0.24540076449152234
9.93146307	1.03	-6.825822417961447	-0.2730328967184579
3.48159251	0.92	-3.6529431128738588	-0.14611772451495436
3.48159251	0.92	-16.366372740840887	-0.6546549096336355
35.61760587	0.74	-4.963088397484133	-0.1985235358993653
35.61760587	0.74	-6.910524500169156	-0.27642098000676624
35.61760587	0.82	-12.473387615010397	-0.4989355046004159
7.40742502	1.0	-3.6574764147540586	-0.14629905659016235
7.40742793	1.07	-16.3443797990785	-0.6537751919631399
7.40758	1.06	-10.288166089726715	-0.4115266435890686
7.40739214	1.02	-1.0808034708405292	-0.04323213883362117
7.40742793	1.0	-2.1647895643486628	-0.08659158257394652
7.40742502	1.02	-13.528550161648463	-0.5411420064659386
7.40742793	1.0	-13.809382384448327	-0.5523752953779331
17.31711739	0.52	-8.767047156937938	-0.3506818862775175
17.31729	0.72	-1.965228202623581	-0.07860912810494323
17.31711739	0.81	-9.02558733833428	-0.3610234935333712
17.31706878	0.81	-0.5608309394875051	-0.022433237579500203
17.31716585	0.52	-19.139907522592775	-0.765596300903711
17.317162	0.81	-7.730916248591632	-0.3092366499436653
17.31716585	0.52	-7.8718080469744836	-0.31487232187897934
8.884923	0.82	-12.108995080081764	-0.48435980320327054
8.88492268	0.82	-24.90912238887656	-0.9963648955550625
8.88492268	0.82	-8.74473792518935	-0.349789517007574
8.8849116	0.91	-8.499819965309193	-0.33999279861236775
8.884924	0.88	-0.16309642366906452	-0.00652385694676258
8.8849116	0.91	-8.51871269758419	-0.34074850790336764
8.8849176	0.77	-15.77493490925598	-0.6309973963702392
8.88492268	0.82	-1.1008900512822595	-0.04403560205129038
9.42887179	1.19	-2.70016631213228	-0.10800665248529119
9.42887179	1.19	-3.5314640195357003	-0.141258560781428
9.42887179	1.0	-8.499770055416036	-0.33999080221664146
9.42889884	1.2	-1.4569843940155969	-0.05827937576062388
9.42887179	1.19	-19.25097748023876	-0.7700390992095504
4.08899022	1.19	-9.420967607380355	-0.3768387042952142
4.08897299	1.12	-12.507359761000677	-0.5002943904400271
4.08898221	1.12	-19.99643338859462	-0.7998573355437849
4.08899022	1.19	-7.228025601317617	-0.2891210240527047
4.08899022	1.15	-4.173337858910094	-0.16693351435640377
17.44486016	0.92	-9.077812773861325	-0.363112510954453
17.44496257	0.92	-8.552119683940598	-0.34208478735762393
17.44424015	0.92	-8.115761256422307	-0.32463045025689224
17.44490636	0.87	-16.565493536734667	-0.6626197414693867
17.44487	0.85	-0.9627421067695717	-0.03850968427078287
17.44490636	0.88	-1.643565633534149	-0.06574262534136596
18.82729	0.93	-8.262852509767558	-0.33051410039070234
18.82761339	0.96	-24.826880938029625	-0.993075237521185
18.82756878	0.96	-8.067567846912365	-0.3227027138764946
18.82747265	0.93	-14.413849212142248	-0.57655396848569
18.82747265	0.93	-3.071358834101087	-0.12285435336404348
5.74772501	0.53	-12.002015132560267	-0.4800806053024107
5.74772124	0.67	-3.6650160598053034	-0.14660064239221213
5.74772501	0.53	-1.0328504242669412	-0.04131401697067765
14.55916	1.0	-19.945750508375436	-0.7978300203350175
14.5596237	0.98	-3.9444969962382537	-0.15777987984953015
14.5596237	0.98	-14.55194068269889	-0.5820776273079556
1.26909037	0.82	-3.4268588720153876	-0.1370743548806155
1.26909276	0.87	-2.691573014927421	-0.10766292059709684
1.269095	0.75	-6.5112309888345	-0.26044923955338
1.26909037	0.73	-9.625484442883868	-0.38501937771535477
1.26909141	0.81	-7.697205052179626	-0.30788820208718504
2.853134	0.81	-0.19290095740369567	-0.007716038296147827
2.85312536	0.87	-5.650010721435183	-0.22600042885740732
2.85313225	0.87	-20.623663050666913	-0.8249465220266765
2.85313364	0.73	-6.384290885832601	-0.25537163543330405
2.853134	0.87	-9.480670145311159	-0.37922680581244633
2.85313364	0.73	-16.593306643413044	-0.6637322657365218
2.853135	0.75	-0.5846626445652521	-0.023386505782610083
2.85313364	0.82	-21.944265257426025	-0.8777706102970411
2.85313364	0.83	-2.09428075046525	-0.08377123001860999
2.85313364	0.73	-3.17185804404719	-0.12687432176188762
1.224862	0.91	-10.302202745232156	-0.4120881098092863
1.22486632	0.9	-12.054880646033514	-0.48219522584134056
1.02267805	1.01	-8.816556733278604	-0.3526622693311442
1.02267882	1.08	-0.27734934347433976	-0.01109397373897359
1.02267882	0.88	-2.4759316490734866	-0.09903726596293946
12.1097104	1.26	-9.698795918952587	-0.3879518367581035
12.1097104	1.26	-8.182789372258785	-0.3273115748903514
12.10968709	1.3	-5.014315580868108	-0.20057262323472433
12.1097104	1.13	-22.84177810051326	-0.9136711240205304
4.75799299	1.3	-16.65084868694772	-0.6660339474779089
4.75793986	1.26	-8.566052473027414	-0.34264209892109654
4.75793986	1.26	-2.5048068361493767	-0.10019227344597507
4.75796103	1.3	-14.26974938449436	-0.5707899753797745
4.75793986	1.16	-11.149483211057895	-0.4459793284423158
4.75793986	1.26	-5.722050904447399	-0.22888203617789596
20.4966197	1.26	-18.674242833129956	-0.7469697133251982
20.4966197	1.26	-1.5980285847165827	-0.06392114338866331
20.4971697	1.3	-12.519916720788608	-0.5007966688315443
20.4966197	1.26	-2.6654648782902934	-0.10661859513161175
20.4972755	1.3	-1.7207485928833326	-0.06882994371533331
20.4966197	1.13	-11.29613353033568	-0.45184534121342723
8.1934719	1.16	-8.9620105667958	-0.35848042267183206
8.1934719	1.26	-1.5782069875756755	-0.06312827950302702
8.1934719	1.13	-6.680312856099496	-0.26721251424397985
8.1934719	1.26	-2.1247703003959106	-0.08499081201583643
8.1934719	1.26	-25.63840861947621	-1.0255363447790484
8.19345065	0.96	-8.182710313338156	-0.3273084125335262
8.1938	1.27	-7.828677173371945	-0.3131470869348778
41.8059544	0.96	-1.4675746862262888	-0.05870298744905156
41.805985	0.96	-6.438948922958705	-0.2575579569183482
41.81287	0.98	-9.798606303075163	-0.39194425212300654
41.805985	0.96	-18.102811659870785	-0.7241124663948314
41.805985	0.96	-3.0114489641257025	-0.1204579585650281
1.5449298	1.2	-18.16692988967527	-0.7266771955870108
1.54492888	1.17	-3.6053874467434164	-0.14421549786973667
1.54492888	1.17	-0.3079237320598112	-0.012316949282392449
1.54492888	1.17	-15.523909104871317	-0.6209563641948527
1.5449287	1.2	-5.553178884415659	-0.22212715537662636
1.54492888	1.2	-4.913020551718853	-0.19652082206875413
1.54492888	1.24	-4.782656842435864	-0.19130627369743458
8.70420525	0.81	-3.5538123523390546	-0.14215249409356218
8.70419416	0.89	-8.630702699947152	-0.3452281079978861
8.704142	1.02	-10.832534164232952	-0.43330136656931806
8.70419734	0.87	-1.9601437540938826	-0.07840575016375531
8.70419416	0.92	-6.622638582588978	-0.26490554330355914
2.46697439	0.92	-12.669822692555242	-0.5067929077022096
2.46697039	0.87	-8.536394856364385	-0.3414557942545754
2.46697439	0.89	-11.47476249145844	-0.4589904996583376
2.46697039	0.81	-8.233410818071711	-0.32933643272286844
2.46697439	0.92	-4.97960372241653	-0.19918414889666122
2.466961	1.02	-0.8402321524008391	-0.033609286096033565
10.12804789	0.95	-17.535349446603995	-0.7014139778641598
10.12804789	0.96	-7.579107317898378	-0.30316429271593515
10.12805158	0.99	-4.031670586727154	-0.16126682346908616
10.12804789	0.96	-1.3085089106161978	-0.05234035642464791
10.12824	1.07	-7.336701166576935	-0.2934680466630774
3.7705521	1.06	-3.829312169771937	-0.15317248679087747
3.77055147	1.07	-1.6364010085636758	-0.06545604034254703
3.7705521	1.07	-26.954322932636728	-1.078172917305469
3.7705521	1.07	-4.272485968702888	-0.17089943874811553
3.77055251	1.07	-16.55763304825247	-0.6623053219300988
3.7705565	1.1	-19.139249874558562	-0.7655699949823425
1.19655253	0.85	-18.090363154469827	-0.7236145261787931
1.19655156	0.88	-0.7345411017298169	-0.029381644069192678
1.196577	0.81	-4.060818424893348	-0.16243273699573393
4.09667624	0.8	-10.213701251256376	-0.4085480500502551
4.09666758	0.88	-3.8035052501474356	-0.15214021000589742
4.09667624	0.85	-1.1306852969467087	-0.04522741187786835
4.09666758	0.88	-16.51028218181922	-0.6604112872727689
4.096729	0.81	-7.908611657574992	-0.31634446630299967
6.50323791	0.88	-8.869613609015591	-0.3547845443606236
6.50323791	0.88	-16.997911156486794	-0.6799164462594718
6.503227	0.81	-3.2917195563411172	-0.1316687822536447
6.50327035	0.85	-16.25904547275733	-0.6503618189102932
7.33683936	0.92	-18.0126054237549	-0.720504216950196
7.33685101	0.96	-6.6284307565376	-0.26513723026150404
7.33683936	0.93	-0.48196336579410126	-0.01927853463176405
27.66547244	1.04	-7.080086328437538	-0.28320345313750156
27.6655226	0.94	-5.150574245751725	-0.206022969830069
27.6652847	0.94	-15.633866061596065	-0.6253546424638426
27.6655226	0.94	-8.36836983265384	-0.33473479330615363
27.6655226	0.94	-6.238161207760301	-0.24952644831041207
6.100295	1.02	-2.8642107831300754	-0.11456843132520302
6.10027804	1.03	-0.3379511960600708	-0.013518047842402832
6.10030088	1.0	-6.122127977153579	-0.2448851190861432
6.10027621	1.03	-2.827595001653722	-0.11310380006614888
6.10029259	1.0	-5.518282416925668	-0.22073129667702673
6.10027621	1.0	-0.5420866144684765	-0.02168346457873906
6.10027804	1.03	-3.236243410654359	-0.12944973642617436
6.10027804	1.03	-0.18923663458638873	-0.0075694653834555495
6.10027804	1.1	-11.801378239892188	-0.4720551295956875
161.5280101	0.96	-7.260782729309509	-0.29043130917238036
161.5280101	0.96	-5.869467095540581	-0.23477868382162326
161.5266	1.0	-12.62325034777054	-0.5049300139108216
161.5278347	1.03	-12.570011103925129	-0.5028004441570052
11.39104675	0.83	-17.160997770810948	-0.6864399108324379
2.84796	0.75	-10.983239403588234	-0.43932957614352935
11.3910025	0.81	-0.21069062538825722	-0.00842762501553029
11.39102358	0.83	-14.112672714478332	-0.5645069085791333
11.3910025	0.82	-4.700632063743415	-0.1880252825497366
7.42608998	1.19	-7.026018187455138	-0.2810407274982055
7.42608123	1.14	-15.880641418496706	-0.6352256567398683
7.42608998	1.07	-12.30398934292403	-0.49215957371696123
7.42608306	1.1	-2.330909310341765	-0.0932363724136706
15.9868932	1.14	-0.38752257049898364	-0.015500902819959346
15.9870174	1.07	-11.11389902309513	-0.44455596092380517
15.9870174	1.07	-17.342308846335126	-0.693692353853405
15.98671996	1.1	-2.945267998727882	-0.11781071994911528
3.57878087	0.95	-2.277285584063287	-0.09109142336253148
3.57878087	0.95	-9.828319877031767	-0.3931327950812707
3.57878058	0.96	-15.976063553618769	-0.6390425421447508
3.57878055	0.96	-26.12888643241272	-1.045155457296509
3.57878055	0.99	-22.91282973718959	-0.9165131894875836
3.5787806	1.08	-6.604974811304333	-0.2641989924521733
3.57878055	1.09	-8.998132743669776	-0.35992530974679104
3.57878272	1.1	-0.3143087842594515	-0.01257235137037806
3.57878055	1.09	-19.742420556747895	-0.7896968222699158
18.92532	0.91	-11.165674377444056	-0.4466269750977622
18.92541476	0.96	-11.344715022612998	-0.45378860090451995
18.92540274	0.82	-4.192668262426915	-0.1677067304970766
18.92540274	0.82	-2.207683223161132	-0.08830732892644529
18.92540274	0.82	-1.0007663867407999	-0.040030655469632
18.92540274	0.94	-9.342645472968002	-0.37370581891872007
18.92537246	0.96	-18.021946656050577	-0.7208778662420231
18.92537246	1.81	-10.380347467153946	-0.4152138986861579
1.47532322	0.96	-1.7994774951973962	-0.07197909980789585
1.47532231	0.82	-13.482491663428537	-0.5392996665371415
1.4753256	0.96	-8.56512532308452	-0.3426050129233808
1.47532322	1.81	-7.485954174751161	-0.29943816699004644
4.15246118	0.96	-0.31473209390315965	-0.012589283756126387
4.15246118	1.81	-1.6657097831969003	-0.06662839132787601
4.15244722	0.82	-15.089346757892992	-0.6035738703157197
4.15244722	0.94	-4.161956171639999	-0.16647824686559998
4.152386	0.91	-1.4009933222359225	-0.0560397328894369
8.7348852	1.04	-10.737752833460807	-0.42951011333843225
8.73485836	1.05	-24.00369480910855	-0.960147792364342
8.73485836	1.05	-11.56233368821751	-0.4624933475287004
8.7348852	1.05	-25.3428421409973	-1.013713685639892
8.73485836	1.03	-13.124895346240775	-0.524995813849631
12.9920769	0.98	-3.1397416464421855	-0.1255896658576874
12.99204853	0.97	-6.1500375101869205	-0.24600150040747681
12.99207337	0.93	-6.109976588449093	-0.2443990635379637
12.99202622	0.98	-1.2015072406368756	-0.048060289625475025
12.99207337	0.93	-14.107859951404478	-0.5643143980561791
12.99207337	0.93	-8.391824501602773	-0.33567298006411095
12.99178	0.91	-4.710226922202824	-0.18840907688811295
12.99207337	1.09	-6.886373277168461	-0.27545493108673846
3.74910006	0.95	-24.120257148178784	-0.9648102859271513
3.74910006	0.95	-10.44818008372024	-0.4179272033488096
3.74910575	0.99	-4.8391878829465504	-0.193567515317862
3.74909245	1.01	-0.5225219226134535	-0.02090087690453814
3.74910006	0.97	-7.2525125356743665	-0.2901005014269747
3.74910575	1.01	-17.727084979736187	-0.7090833991894475
3.74910006	0.95	-12.405061510901758	-0.49620246043607036
11.0895723	1.32	-8.842186547744262	-0.3536874619097705
11.08959512	1.3	-22.388603011663005	-0.8955441204665202
11.08956602	1.5	-9.801846519750406	-0.3920738607900162
11.08942	1.32	-23.419048882301304	-0.9367619552920522
11.08956602	1.3	-1.6497488690931417	-0.06598995476372567
11.0895723	1.32	-6.402649144024495	-0.25610596576097977
11.0895723	1.37	-2.769426555994718	-0.11077706223978873
0.97487027	0.93	-3.368285929987228	-0.13473143719948913
0.97486893	0.92	-10.176216079816822	-0.40704864319267287
0.97486893	0.92	-6.285054214201018	-0.25140216856804076
0.97486893	0.86	-7.903547217712417	-0.3161418887084967
0.97486893	0.92	-7.581411599660759	-0.30325646398643036
4.89718784	0.79	-4.442994374190355	-0.1777197749676142
4.89721006	0.81	-1.7569185235281162	-0.07027674094112465
4.89718784	0.83	-21.211970978776005	-0.8484788391510403
4.89715973	0.81	-6.534968483353538	-0.26139873933414154
4.89721006	0.79	-14.844306056287436	-0.5937722422514975
5.72807244	0.63	-4.5077627988516165	-0.18031051195406467
5.72812599	0.59	-7.323014864956931	-0.29292059459827724
5.728256	0.56	-11.244120531087562	-0.4497648212435025
3.75574267	0.86	-7.835250583453431	-0.3134100233381372
3.75577	0.84	-17.496561933788374	-0.699862477351535
3.75574426	0.88	-15.27240277919518	-0.6108961111678073
3.75574426	0.81	-13.004875836520185	-0.5201950334608074
7.09714223	0.46	-12.817061534852394	-0.5126824613940958
7.09714223	0.41	-9.806263969216067	-0.3922505587686427
7.09712124	0.54	-1.0628098061547895	-0.04251239224619158
7.097028	0.54	-11.193299373945313	-0.44773197495781253
0.355	0.78	-12.893348907878897	-0.5157339563151558
0.35500744	0.81	-20.898128304158373	-0.8359251321663349
0.35500745	0.78	-2.70144444178302	-0.1080577776713208
0.67737469	0.97	-14.894175520444344	-0.5957670208177738
13.21415	0.86	-7.058698445144056	-0.2823479378057623
13.2140732	0.81	-0.30889019292592346	-0.012355607717036938
13.2140732	0.81	-3.3655843401988244	-0.13462337360795298
158.6850022	1.01	-11.543971459000426	-0.46175885836001707
158.68456328	1.01	-13.151766838870689	-0.5260706735548275
158.6850022	0.85	-3.431835476888174	-0.13727341907552695
158.6853308	0.98	-10.475398933291972	-0.4190159573316789
158.68528766	1.01	-13.940894065673817	-0.5576357626269527
158.6853308	0.98	-19.976696046536613	-0.7990678418614645
158.6853308	0.86	-3.3853512628531	-0.135414050514124
158.6924	1.07	-10.10314913925062	-0.40412596557002484
4.29264638	0.84	-3.1176382419328057	-0.12470552967731223
4.29264638	0.84	-18.85866124092987	-0.7543464496371948
4.29264558	0.94	-6.60533478819001	-0.2642133915276004
4.29264638	0.84	-8.436644626709061	-0.33746578506836244
4.29263699	0.85	-8.123129752381102	-0.32492519009524407
4.2928	0.94	-0.3352603423744298	-0.013410413694977193
4.29264638	0.93	-13.77598215858682	-0.5510392863434728
7.05393612	0.84	-0.6532046091396708	-0.026128184365586834
7.05393449	0.85	-5.392466117648536	-0.21569864470594144
7.05395	0.94	-6.820562192060281	-0.27282248768241124
7.05393969	0.94	-9.683856494784107	-0.3873542597913643
7.053943	0.94	-9.800177784913334	-0.3920071113965334
7.05393449	0.94	-2.271367376974231	-0.09085469507896925
7.05393612	0.84	-16.424500529856015	-0.6569800211942406
31.5925809	1.02	-1.9375357071891401	-0.07750142828756561
31.5925809	0.98	-11.496653039691664	-0.45986612158766654
31.59334	1.06	-1.159007959956464	-0.04636031839825856
31.5922646	1.06	-11.589672937539163	-0.46358691750156655
17.15699192	0.98	-8.98892328394426	-0.3595569313577704
17.1570874	1.44	-17.86759254477399	-0.7147037017909597
17.1570874	1.06	-10.142806479716086	-0.40571225918864345
17.15714	1.06	-5.183452560527365	-0.2073381024210946
17.1570874	1.06	-20.68002642414553	-0.8272010569658212
1.97376093	0.77	-6.793369433213025	-0.27173477732852097
1.97376092	0.74	-15.152621688908672	-0.6061048675563468
1.97376078	0.74	-10.601984103343014	-0.42407936413372055
53.5293487	0.77	-6.157545158107833	-0.24630180632431334
53.5293487	0.77	-16.71618615472009	-0.6686474461888037
53.5293487	0.77	-17.510160781079293	-0.7004064312431717
53.5292702	0.72	-9.138294341176358	-0.36553177364705436
53.52960144	0.72	-16.452168536057098	-0.658086741442284
53.5292702	0.79	-16.965901961807365	-0.6786360784722946
53.5293487	0.77	-2.7443817972793467	-0.10977527189117386
0.9283105	0.76	-3.2346781330654895	-0.1293871253226196
0.9282974	0.61	-4.457076854718567	-0.17828307418874267
0.92831004	0.62	-17.63959740586075	-0.7055838962344301
0.9283105	0.76	-9.311334587275937	-0.37245338349103746
8.39846269	1.08	-6.759923085853201	-0.270396923434128
8.39842977	1.1	-1.5041862489221798	-0.06016744995688719
8.39811	1.14	-4.221179488640265	-0.16884717954561063
8.39842977	1.15	-7.086886851974844	-0.28347547407899376
8.63847725	1.04	-13.871530248724678	-0.5548612099489871
8.63847725	1.04	-6.901575997933968	-0.2760630399173587
8.63847725	1.04	-2.8844518084470603	-0.11537807233788241
8.63845	1.1	-0.3222511149072123	-0.012890044596288492
8.63848757	1.1	-5.268974238980313	-0.21075896955921253
8.63847391	1.1	-16.628268540490335	-0.6651307416196134
13.48458665	1.08	-10.600319285036829	-0.42401277140147314
13.485	1.08	-26.794544459552764	-1.0717817783821106
13.48452939	1.24	-19.000779741288486	-0.7600311896515395
13.484542	1.24	-3.085005892413255	-0.1234002356965302
13.48457668	1.1	-15.476828419644576	-0.619073136785783
13.485	1.1	-4.864313196794004	-0.1945725278717602
13.48458665	1.08	-9.474589511106394	-0.3789835804442558
13.48458665	1.08	-9.944411074368327	-0.3977764429747331
13.48458665	1.24	-11.490897193288937	-0.4596358877315575
13.48457668	1.24	-18.400468116703593	-0.7360187246681437
27.40229859	1.24	-3.255150396507387	-0.13020601586029548
27.4022	1.18	-14.021752020007927	-0.5608700808003171
27.40232089	1.24	-6.986579355830431	-0.27946317423321726
27.4029	1.17	-8.337364462450125	-0.333494578498005
27.4023619	1.24	-22.50604803741756	-0.9002419214967025
27.40229859	1.1	-14.183499385588492	-0.5673399754235396
52.09081627	1.24	-4.629299949928156	-0.18517199799712625
52.09081627	1.1	-17.84295380650007	-0.7137181522600028
52.090767	1.24	-6.528182037409948	-0.2611272814963979
52.0902	1.17	-6.940230679700342	-0.2776092271880137
52.09081602	1.18	-12.941433217054222	-0.5176573286821688
52.091	1.08	-9.942406372416164	-0.39769625489664656
52.09081602	1.24	-5.849016458902786	-0.23396065835611143
52.09080482	1.24	-2.1074178566819657	-0.08429671426727862
52.0911	1.18	-16.501472201949895	-0.6600588880779958
81.0637895	1.24	-6.72916865968182	-0.2691667463872728
81.063633	1.24	-9.896599953302971	-0.39586399813211887
81.0634942	1.24	-25.11023103178868	-1.004409241271547
81.0659	1.17	-13.205371106819157	-0.5282148442727663
81.0634942	1.08	-10.754146675017914	-0.4301658670007166
81.06448267	1.24	-3.5157277376122953	-0.1406291095044918
81.0634942	1.08	-9.159697703333872	-0.3663879081333549
81.0632	1.18	-3.9287392775513585	-0.15714957110205435
81.0634942	1.08	-4.186564758049	-0.16746259032196
81.0634942	1.18	-11.908019013783884	-0.47632076055135536
81.0637895	1.1	-2.8570900548089426	-0.11428360219235771
13.73474659	0.85	-10.302254309607989	-0.41209017238431955
13.73474071	0.85	-10.737893650150838	-0.42951574600603354
13.73472215	0.85	-10.144015990509244	-0.4057606396203698
13.73469807	0.73	-5.626313329325155	-0.22505253317300622
13.73469807	0.73	-3.1434002005591783	-0.12573600802236715
13.73469807	0.73	-0.8771699146903117	-0.03508679658761247
13.73474071	0.73	-7.243708240680343	-0.28974832962721375
14.55426	1.14	-9.178376501481285	-0.3671350600592514
14.55403948	1.24	-10.40204385714988	-0.41608175428599525
14.5539759	1.22	-21.814670966579847	-0.8725868386631939
14.55387488	1.24	-8.888463288338995	-0.3555385315335598
14.5539759	1.22	-13.090628869257133	-0.5236251547702853
14.55387488	1.25	-1.9075983568555341	-0.07630393427422137
14.5539759	1.3	-9.994828431053644	-0.39979313724214577
14.5539759	1.22	-7.513896413056298	-0.3005558565222519
11.30119217	1.09	-6.7839272586631845	-0.2713570903465274
11.30119217	1.01	-2.712130495412218	-0.10848521981648873
11.30119217	1.01	-1.2543457244385139	-0.05017382897754056
11.30119217	1.01	-7.257416192285998	-0.2902966476914399
11.30122846	1.03	-1.4941637476726721	-0.059766549906906885
4.24153639	0.98	-2.7629904678824815	-0.11051961871529926
4.24154702	0.99	-16.941237041916235	-0.6776494816766494
4.24153639	0.88	-23.347318974320334	-0.9338927589728134
4.241499	0.93	-13.88445627670018	-0.5553782510680072
11.13125132	1.09	-0.4096714650759366	-0.016386858603037464
11.13125132	0.99	-0.22018735603419176	-0.008807494241367671
11.13125132	0.99	-3.211094128305239	-0.12844376513220956
11.13127	1.05	-3.635607485051625	-0.145424299402065
11.13127159	1.11	-13.500238965294258	-0.5400095586117704
11.13126554	1.11	-1.2930467271100086	-0.051721869084400345
29.6193421	0.9	-28.108804703737253	-1.1243521881494902
29.61944478	0.99	-10.098724237997054	-0.4039489695198822
29.6193421	0.94	-7.4888324591490365	-0.29955329836596145
29.61981	0.96	-9.307875366849059	-0.3723150146739624
29.6193421	0.9	-5.509733448969097	-0.2203893379587639
29.6193421	0.9	-4.414057964742003	-0.17656231858968013
6.40087137	0.94	-3.4809470207899933	-0.13923788083159974
6.40087618	1.27	-2.533302151030888	-0.10133208604123553
6.40087618	1.1	-15.902816549274746	-0.6361126619709898
6.40087618	1.1	-6.9429019339367635	-0.27771607735747056
6.400954	1.06	-3.71827799353791	-0.1487311197415164
27.07237711	0.96	-15.523890249639907	-0.6209556099855963
27.07237711	0.82	-20.139814825859485	-0.8055925930343795
27.07237655	1.07	-10.404118308735645	-0.4161647323494258
27.07259	0.9	-8.739253868135735	-0.3495701547254294
13.71933369	1.16	-9.754241000462649	-0.39016964001850596
13.71938426	1.08	-9.718343542003351	-0.3887337416801341
13.71938763	1.08	-9.058010814167861	-0.3623204325667145
13.71933369	1.16	-2.320104615676271	-0.09280418462705084
133.4605235	0.95	-9.19966334876892	-0.3679865339507568
133.4605235	1.12	-15.923859683545668	-0.6369543873418267
133.4605235	1.12	-6.947925084991172	-0.27791700339964687
133.461	1.03	-19.54100696694033	-0.7816402786776132
133.4605235	1.12	-11.60058169712341	-0.4640232678849364
15.19419956	1.03	-1.220386306388115	-0.048815452255524604
15.19421803	1.12	-6.162787692075488	-0.24651150768301955
15.19471	1.03	-6.506404347486998	-0.2602561738994799
15.19421803	1.12	-6.532638591669114	-0.26130554366676456
3.52249857	1.13	-8.193071778608848	-0.32772287114435394
3.52249857	1.13	-5.890072920261515	-0.2356029168104606
3.52249847	1.18	-5.190525980948759	-0.20762103923795036
3.52249857	1.23	-8.828334219364772	-0.3531333687745909
3.5225047	1.23	-9.250941510050408	-0.37003766040201636
3.52249843	1.18	-33.22213462293985	-1.328885384917594
3.52249843	1.13	-5.4798171836279055	-0.2191926873451162
3.52249913	1.14	-8.529487106451075	-0.341179484258043
3.5224991	1.21	-17.928706557197096	-0.7171482622878839
3.52249857	1.13	-5.062585982654838	-0.20250343930619352
7.05351445	0.59	-9.191621148357934	-0.36766484593431736
7.05352715	0.73	-16.988828722453725	-0.679553148898149
7.05351445	0.76	-15.686537969041911	-0.6274615187616764
7.053439	0.72	-13.519359458139107	-0.5407743783255643
7.05351445	0.59	-7.597865702977432	-0.3039146281190973
7.0542	0.73	-5.599527045006261	-0.22398108180025045
9.52165016	0.59	-13.126321126250344	-0.5250528450500138
9.5231	0.73	-0.5703813149936053	-0.022815252599744214
9.52165016	0.59	-7.8145541467283035	-0.3125821658691321
9.5232	0.73	-10.151232594254358	-0.40604930377017434
9.521783	0.72	-8.730148652262203	-0.3492059460904881
9.522	0.72	-15.638247709929765	-0.6255299083971906
9.52165016	0.59	-9.335476744403511	-0.3734190697761405
9.52164464	0.58	-18.302767071117998	-0.7321106828447199
9.52318	0.73	-5.618432719638322	-0.22473730878553289
3.0721492	0.59	-20.414270128518954	-0.8165708051407582
3.07222	0.73	-7.553732032688697	-0.30214928130754787
3.072	0.6	-7.402145177627757	-0.2960858071051103
3.0721492	0.72	-1.4155141004244316	-0.056620564016977265
3.0721492	0.59	-1.115985085643766	-0.044639403425750644
3.0721492	0.76	-3.1679320701329785	-0.12671728280531913
3.07214661	0.73	-13.751831460544519	-0.5500732584217808
3.0721527	0.73	-18.064937192113216	-0.7225974876845287
3.0723	0.73	-4.606424823239312	-0.18425699292957248
3.07214661	0.58	-8.213318447349703	-0.3285327378939881
4.64534635	0.73	-2.7460954484665283	-0.10984381793866113
4.6453	0.73	-8.828359205005686	-0.3531343682002274
4.6447	0.73	-8.232939956169826	-0.329317598246793
4.64538215	0.58	-7.547312228166202	-0.30189248912664807
4.64539709	0.76	-2.6754292578029215	-0.10701717031211687
4.64489	0.73	-7.079998752735176	-0.2831999501094071
4.64535284	0.59	-2.200120031522194	-0.08800480126088775
4.64539709	0.59	-3.0183414455729003	-0.12073365782291602
4.645	0.6	-4.924518349179391	-0.19698073396717564
4.64551	0.73	-11.614830967498255	-0.46459323869993024
0.98678481	0.73	-23.631798901798174	-0.9452719560719269
0.98678583	0.58	-6.924236492993833	-0.27696945971975334
0.98678706	0.59	-12.826589182610743	-0.5130635673044297
0.98678	0.73	-4.11665091750729	-0.1646660367002916
0.9867679	0.72	-8.01284172294913	-0.3205136689179652
0.98678583	0.73	-5.688451423368766	-0.22753805693475065
14.651	0.73	-31.96866134991597	-1.2787464539966389
14.64558	0.83	-4.245754698359749	-0.16983018793438998
14.13176026	0.85	-10.51711622784569	-0.42068464911382764
14.13176026	0.91	-11.20082526050132	-0.44803301042005284
14.13175309	0.91	-1.9855357797649127	-0.07942143119059651
14.13175309	0.91	-13.78651680616149	-0.5514606722464597
14.13176026	0.91	-5.480271963068694	-0.2192108785227478
11.41928253	0.51	-11.614501498157843	-0.46458005992631374
11.41928253	0.51	-20.362018705918256	-0.8144807482367302
11.41921431	0.69	-8.108886368213577	-0.3243554547285431
11.41928253	0.51	-13.71794302573289	-0.5487177210293156
11.419267	0.63	-9.825159719954641	-0.39300638879818567
40.05881661	0.96	-4.155112653471447	-0.16620450613885787
40.0587473	0.97	-17.981419676329292	-0.7192567870531716
40.0586989	0.94	-9.854925556671404	-0.39419702226685616
40.0587473	0.97	-5.273373033526858	-0.21093492134107433
50.286792	1.08	-12.256649619427058	-0.49026598477708233
50.28578	0.88	-10.270113651934999	-0.41080454607739997
50.28635977	1.08	-4.722790600881312	-0.18891162403525247
50.28641007	1.08	-2.8790044428938413	-0.11516017771575365
50.28635977	1.01	-4.4075815926774355	-0.17630326370709742
14.37457351	0.95	-5.570411228681474	-0.22281644914725895
14.37457572	1.02	-9.827346917015593	-0.39309387668062373
14.37457351	0.95	-5.686831806506272	-0.22747327226025088
14.37457351	0.93	-5.426822823824576	-0.21707291295298306
14.37457351	1.01	-2.1461246574797608	-0.08584498629919043
14.37454747	1.02	-22.370648270564935	-0.8948259308225974
9.65185017	0.95	-13.28764962508744	-0.5315059850034975
9.6519	0.99	-5.875499934531421	-0.23501999738125684
9.65188331	0.95	-9.09761694249173	-0.36390467769966917
9.65185017	0.95	-19.47257092832045	-0.778902837132818
9.65188331	1.02	-11.791942805345345	-0.4716777122138138
9.65185017	1.01	-12.920997088532168	-0.5168398835412867
30.8638931	1.12	-10.093462412893402	-0.40373849651573607
30.8639476	1.08	-10.822851690784534	-0.43291406763138135
30.86392	1.11	-6.270580076466056	-0.25082320305864225
30.86390273	1.15	-0.24418995347723088	-0.009767598139089236
30.8638931	1.12	-3.4827050090346248	-0.139308200361385
30.8638931	1.12	-0.5645660860617773	-0.02258264344247109
8.09219642	0.99	-4.045245882407835	-0.1618098352963134
8.09219642	0.99	-23.243948098743207	-0.9297579239497283
8.09219642	0.92	-6.7768286459542075	-0.27107314583816833
8.09232984	1.01	-8.231410454475654	-0.3292564181790262
0.6313298	0.65	-19.331379535822748	-0.7732551814329099
0.63133235	0.76	-18.944760427220945	-0.7577904170888379
0.63133235	0.53	-0.9738644681019569	-0.03895457872407828
0.63133235	0.76	-12.662782180569776	-0.506511287222791
55.63934	1.05	-2.196783661200081	-0.08787134644800323
55.6391882	1.01	-20.527546987900333	-0.8211018795160133
55.63934	0.99	-15.733507326113092	-0.6293402930445237
55.63934	1.05	-20.076243837649542	-0.8030497535059817
55.6391882	1.05	-14.683143070404165	-0.5873257228161667
55.63928583	1.01	-19.630335322661935	-0.7852134129064774
55.63765	1.01	-3.9492658335230297	-0.15797063334092118
5.95489729	0.69	-3.765410016012882	-0.15061640064051526
5.955	0.68	-24.12255737276844	-0.9649022949107376
5.95489703	0.71	-5.583807742815457	-0.2233523097126183
5.95489993	0.64	-17.52186621272479	-0.7008746485089917
5.955	0.64	-0.5594581179287871	-0.022378324717151482
5.95489729	0.54	-5.423170980266561	-0.21692683921066244
5.95489729	0.54	-1.1759970025138622	-0.04703988010055449
5.95489729	0.54	-12.645216885937403	-0.5058086754374961
5.95487022	0.54	-19.56354299485637	-0.7825417197942548
5.9548932	0.71	-18.08671213337718	-0.7234684853350872
12.03987488	0.64	-6.5060862439183555	-0.26024344975673425
12.039901	0.65	-11.823526822124045	-0.4729410728849618
12.03991407	0.54	-16.23089149225394	-0.6492356596901575
12.03994806	0.71	-27.063894324823423	-1.082555772992937
12.03991407	0.54	-8.603614586173496	-0.3441445834469398
12.03987488	0.71	-2.056491450465602	-0.08225965801862409
12.03991407	0.69	-1.8815625020182782	-0.07526250008073113
20.83757312	0.71	-3.6734109466162166	-0.14693643786464866
20.83776773	0.71	-8.088085743864772	-0.32352342975459086
20.83759102	0.71	-6.359229748898446	-0.2543691899559379
20.83798	0.65	-5.9358945538609325	-0.2374357821544373
20.83762895	0.71	-6.345426368968328	-0.2538170547587331
20.83766355	0.54	-1.576922725601283	-0.06307690902405132
20.83762895	0.64	-7.315850986469419	-0.29263403945877675
4.59725385	1.04	-5.2258109991931505	-0.20903243996772602
4.59724697	0.99	-11.848047920298571	-0.47392191681194284
4.59725385	1.04	-8.412848064310761	-0.33651392257243046
4.59726613	1.04	-16.515975442034314	-0.6606390176813726
4.59725385	1.03	-1.7577811170371265	-0.07031124468148506
4.59731	1.03	-19.50620833968498	-0.7802483335873993
23.58447697	1.0	-4.2170649977937815	-0.16868259991175127
23.58444746	0.99	-0.472510349927104	-0.01890041399708416
23.58447697	1.0	-4.28609135001196	-0.1714436540004784
23.5844275	0.99	-5.684171962262165	-0.22736687849048662
23.58444754	0.99	-18.575547147328503	-0.7430218858931401
23.58461	1.02	-3.528683554083676	-0.14114734216334704
10.11712153	1.43	-8.119867659683365	-0.3247947063873346
10.11715807	1.43	-16.118742508688424	-0.644749700347537
10.1171684	1.43	-5.149743128354824	-0.20598972513419295
19.12947337	1.05	-5.11159094598569	-0.20446363783942761
19.12947337	1.05	-11.410571583673663	-0.45642286334694654
19.12947603	1.08	-1.7317274130652367	-0.06926909652260947
6.1469956	1.19	-3.0564294694631506	-0.12225717877852603
6.1469851	1.15	-11.458491465890548	-0.4583396586356219
6.1469851	1.08	-13.656687393830001	-0.5462674957532001
6.146918	1.16	-20.505084899821263	-0.8202033959928505
6.1469851	1.08	-1.8072127261979483	-0.07228850904791793
8.57507	1.32	-5.088504367455174	-0.20354017469820698
8.57503552	1.34	-20.5611890062847	-0.822447560251388
10.50682565	0.86	-17.29479367246627	-0.6917917468986508
10.50682978	0.78	-14.27194812768249	-0.5708779251072996
10.50682828	0.78	-9.132451285206027	-0.3652980514082411
10.5068257	0.78	-3.7855079290330336	-0.15142031716132134
10.50682565	0.86	-8.417718791358341	-0.33670875165433367
3.99010591	1.0	-20.232480720538174	-0.8092992288215269
3.9901099	1.02	-17.914232064903473	-0.716569282596139
3.99010591	0.99	-16.80790926498715	-0.672316370599486
3.99010825	0.99	-11.51535745056107	-0.4606142980224428
3.99010623	1.0	-15.577344992850593	-0.6230937997140237
3.99010623	1.0	-8.507489052364065	-0.3402995620945626
3.99010623	1.0	-15.606867570253947	-0.6242747028101578
10.03538581	0.94	-11.141938204628604	-0.44567752818514417
10.03538181	1.0	-13.147736203121006	-0.5259094481248403
10.03538976	1.0	-5.069734403940357	-0.20278937615761428
10.03538581	0.94	-2.2729419535557387	-0.09091767814222955
33.1995648	0.83	-6.663580859413004	-0.26654323437652017
33.19958222	0.87	-6.025558936622955	-0.2410223574649182
33.1995648	0.83	-11.89541752953697	-0.47581670118147884
33.1995648	0.83	-3.023663501270434	-0.12094654005081737
33.1995648	0.86	-16.915891701297173	-0.6766356680518869
26.44435456	0.96	-5.770457611030173	-0.2308183044412069
26.44435456	0.97	-16.479456650936704	-0.6591782660374682
26.44435456	0.97	-3.493931099763222	-0.13975724399052888
26.44	0.91	-14.59826730419502	-0.5839306921678008
26.44439337	0.91	-7.165185004798002	-0.2866074001919201
26.44435456	0.97	-26.331470488335572	-1.053258819533423
26.444	0.97	-14.855935348945026	-0.594237413957801
51.535	0.97	-2.5082796155618596	-0.10033118462247438
51.53997972	0.91	-30.601100029692095	-1.2240440011876839
51.53997972	0.92	-11.724226408616667	-0.4689690563446667
51.53998542	0.95	-9.953524191618973	-0.3981409676647589
51.53868261	0.91	-15.712637399396105	-0.6285054959758442
51.53998542	0.97	-12.908476769227807	-0.5163390707691123
51.53998542	0.97	-12.575942159673792	-0.5030376863869517
51.53998542	0.96	-4.319863801876574	-0.17279455207506295
51.54	0.91	-11.550242465154714	-0.46200969860618857
2.382961	0.92	-7.4121084481948785	-0.29648433792779516
2.38295219	0.97	-11.075231123258465	-0.4430092449303386
2.38295159	0.91	-14.493710960222552	-0.5797484384089021
2.38295219	0.95	-19.668027046721015	-0.7867210818688406
2.38294665	0.91	-6.521899146985663	-0.2608759658794265
2.38295219	0.96	-18.929716217228233	-0.7571886486891293
5.90224692	0.97	-3.442758813642516	-0.13771035254570063
5.90224692	0.97	-0.7342091411138267	-0.02936836564455307
5.90224692	0.96	-8.12167668920118	-0.32486706756804723
5.90224692	0.95	-11.340750554289867	-0.4536300221715947
75.732	0.91	-0.9607607992480174	-0.03843043196992069
127.8334997	1.11	-7.1010146919500485	-0.28404058767800194
127.8338098	1.43	-18.139055617803322	-0.7255622247121329
1.92279873	0.84	-5.478112817076708	-0.21912451268306832
1.92279873	0.81	-21.982856009064395	-0.8793142403625759
1.92279873	0.81	-1.5379518935595096	-0.061518075742380385
1.92279971	0.88	-5.270749245731785	-0.21082996982927138
3.22298511	1.01	-1.0036469827677927	-0.04014587931071171
3.22296927	0.9	-0.9435523567450501	-0.037742094269802004
3.22296927	0.9	-6.293937014719931	-0.2517574805887972
3.222961	0.95	-1.4419346515338414	-0.057677386061353655
3.22296927	0.9	-2.986151659216782	-0.11944606636867128
3.22296927	0.87	-19.36146050572477	-0.7744584202289909
4.168078	0.85	-5.235865977383888	-0.20943463909535553
4.16809082	1.1	-4.694187682690739	-0.18776750730762956
4.16809082	1.1	-21.543261068688324	-0.861730442747533
4.16811839	1.0	-9.897394268920086	-0.3958957707568035
4.51436096	1.1	-0.34249630120553864	-0.013699852048221547
4.51436633	1.2	-8.476553411507652	-0.3390621364603061
4.514349	1.07	-7.04754676767174	-0.2819018707068696
4.51436633	1.2	-14.213564812586364	-0.5685425925034546
4.51437465	1.1	-3.085118359564048	-0.12340473438256191
4.51436633	1.2	-19.790282846713882	-0.7916113138685553
4.51436633	1.15	-2.743486679727118	-0.10973946718908473
3.773682	1.12	-9.096739274255153	-0.3638695709702061
3.77360059	0.87	-1.119658212670235	-0.0447863285068094
3.77366451	1.19	-2.6931135726854527	-0.1077245429074181
3.77359871	1.19	-4.126502513580216	-0.16506010054320863
8.181943	1.12	-20.0601069728154	-0.802404278912616
8.1818246	0.87	-9.229078435170583	-0.3691631374068233
8.1818246	0.87	-2.792158345144844	-0.11168633380579376
8.18182189	1.19	-6.0725872551420865	-0.24290349020568347
8.1818246	1.03	-8.532990246844937	-0.3413196098737975
8.18182189	0.87	-18.17762476890995	-0.727104990756398
4.48758768	1.17	-18.82170877809255	-0.752868351123702
4.48758768	0.97	-4.030260791820171	-0.16121043167280685
4.48758907	1.05	-11.433837413421834	-0.45735349653687335
4.48758907	0.89	-9.352494019159048	-0.3740997607663619
4.48758907	0.89	-17.231857169115504	-0.6892742867646201
51.92920654	1.02	-5.967337701658434	-0.23869350806633738
51.92981	0.96	-8.474877979293767	-0.3389951191717507
51.929198	0.98	-13.021144904091658	-0.5208457961636663
51.92916268	0.98	-25.031096405293884	-1.0012438562117554
0.56785714	0.79	-1.142918434357483	-0.04571673737429932
0.56785648	0.82	-11.723449750433868	-0.46893799001735476
0.56785648	0.81	-18.923467347413595	-0.7569386938965438
0.56785704	0.82	-0.9129014393289484	-0.036516057573157935
6.883593	0.95	-11.647171622844782	-0.4658868649137913
6.8833857	0.98	-11.427377993989857	-0.4570951197595943
6.88337562	0.88	-12.315249190318987	-0.4926099676127595
6.88337562	0.98	-10.597717406617873	-0.42390869626471495
6.8833761	0.98	-0.13997107757485655	-0.0055988431029942625
9.77045194	0.54	-14.943898177117854	-0.5977559270847141
9.77	0.56	-1.309987195257017	-0.052399487810280684
9.77058983	0.54	-10.82716565588476	-0.43308662623539046
9.770513	0.66	-8.701212823632853	-0.3480485129453141
20.09020088	0.54	-1.482004519453876	-0.05928018077815504
20.09020088	0.58	-0.7359350365299446	-0.029437401461197787
20.09020088	0.54	-8.382111413459459	-0.33528445653837835
20.09	0.63	-3.113310189105511	-0.12453240756422045
20.08976	0.66	-15.393035479277636	-0.6157214191711055
5.16980995	0.54	-9.060607197035091	-0.3624242878814037
5.16990995	0.54	-0.6595552987424279	-0.026382211949697115
5.16980995	0.54	-10.980967456539547	-0.4392386982615819
5.16980995	0.58	-11.56763799916852	-0.4627055199667408
5.16982	0.66	-4.364762450428909	-0.17459049801715637
5.16980427	0.51	-12.132228692498611	-0.48528914769994447
5.17	0.63	-14.450712391757952	-0.5780284956703181
11.29695137	1.07	-3.1274634766460236	-0.12509853906584095
11.29714	1.12	-9.465144998232178	-0.3786057999292871
11.29689442	1.16	-7.829358175800898	-0.31317432703203596
11.29695137	0.95	-2.385340088266517	-0.09541360353066068
5.62153941	0.85	-14.403726358446495	-0.5761490543378598
5.62153225	1.03	-22.448633968570604	-0.8979453587428242
5.62154483	1.03	-5.186662920879063	-0.2074665168351625
5.62153941	0.85	-4.143041230221092	-0.1657216492088437
5.62154315	0.92	-11.839702919499246	-0.4735881167799698
5.62153941	0.9	-7.198174567441839	-0.2879269826976736
5.621546	1.0	-3.8421811268394985	-0.15368724507357995
7.1396941	0.92	-6.52447120349934	-0.26097884813997363
7.13971043	1.02	-1.313599746769436	-0.05254398987077744
7.13972237	1.02	-11.10024617551257	-0.44400984702050283
7.13969705	1.1	-11.275769589423469	-0.45103078357693877
7.1396941	1.1	-6.650720354689249	-0.26602881418756996
7.1396941	1.1	-15.015810487294859	-0.6006324194917944
7.1396941	1.1	-6.6262657727192895	-0.26505063090877157
18.7546998	0.56	-10.143349236691979	-0.40573396946767915
18.75470238	0.56	-17.713667145851232	-0.7085466858340493
13.32411	0.66	-20.365496825682733	-0.8146198730273093
13.32388301	0.7	-19.7036189243088	-0.788144756972352
13.32389352	0.48	-2.192915053027504	-0.08771660212110016
13.32388301	0.48	-3.682461676460381	-0.14729846705841523
13.32388301	0.48	-21.498579188036718	-0.8599431675214687
11.41909375	1.25	-2.20031253126761	-0.08801250125070441
11.41911886	1.06	-8.215889474629682	-0.3286355789851873
11.41909375	1.25	-3.5003322974168616	-0.14001329189667447
11.41911886	1.25	-7.122426266031117	-0.2848970506412447
11.41909375	1.25	-12.82658964779527	-0.5130635859118108
11.36113254	1.06	-3.316993301607266	-0.13267973206429065
11.361168	1.12	-9.429380175428296	-0.37717520701713186
11.36117633	1.06	-10.86624719163323	-0.4346498876653292
11.36112327	1.03	-13.228472435812192	-0.5291388974324877
16.56062577	0.73	-7.8433421241725	-0.3137336849669
16.56062	0.98	-24.736881105010255	-0.9894752442004102
16.56062577	0.99	-8.329332013216826	-0.33317328052867307
16.56059504	0.73	-0.45480681024106895	-0.01819227240964276
16.56059504	0.73	-20.55074699658292	-0.8220298798633168
15.74956723	1.03	-1.5147782368353033	-0.060591129473412136
15.74957994	1.09	-8.606338542683185	-0.3442535417073274
15.74954	1.09	-17.350502753202	-0.6940201101280801
15.74958583	1.09	-12.70535918056718	-0.5082143672226872
15.74953307	1.03	-20.22007187235634	-0.8088028748942536
15.74957994	0.98	-27.82821669990231	-1.1131286679960923
37.8144514	1.1	-0.49024488631577756	-0.019609795452631102
37.8145252	1.08	-11.90913521779587	-0.4763654087118348
37.8144514	1.1	-15.064382435421486	-0.6025752974168594
37.81266	1.09	-5.648698852874928	-0.2259479541149971
37.8144514	1.22	-0.8220811482624006	-0.032883245930496026
37.81536308	1.08	-7.4411752252172665	-0.2976470090086907
37.8144514	1.1	-4.987324913050372	-0.1994929965220149
8.72585936	1.0	-8.602059234864212	-0.3440823693945685
8.72585478	0.99	-13.423198897950318	-0.5369279559180127
8.72585936	1.0	-0.6695921872904042	-0.026783687491616165
8.72585936	1.06	-6.599142711814193	-0.26396570847256773
12.88296485	1.0	-3.55751262523501	-0.1423005050094004
12.883	1.0	-11.044708254861844	-0.4417883301944738
12.88296485	1.0	-1.5671739826644027	-0.06268695930657611
12.88296485	1.0	-9.341630434011572	-0.3736652173604629
12.88291395	0.99	-11.49240100712861	-0.4596960402851444
4.22451369	1.0	-0.6786667094008516	-0.027146668376034064
4.224488	1.02	-21.05481008321751	-0.8421924033287005
4.22451369	1.06	-12.917323442144724	-0.5166929376857889
27.4345973	0.99	-5.519850860201088	-0.22079403440804352
27.4345883	1.0	-3.1155338653177855	-0.12462135461271143
27.4345883	1.0	-5.600594908915854	-0.22402379635663416
27.4345883	1.06	-15.523944518581612	-0.6209577807432645
44.5518416	1.0	-9.637673867997854	-0.3855069547199142
44.5520266	0.99	-11.738421620815119	-0.46953686483260476
44.5518416	1.0	-22.260935576617026	-0.8904374230646811
124.4198398	0.78	-2.837256250994142	-0.11349025003976568
124.4198398	0.78	-6.81688149421475	-0.27267525976859003
124.4198398	0.78	-4.520013078350902	-0.1808005231340361
124.41949	0.9	-10.561012241880677	-0.42244048967522707
1.21956827	0.77	-1.111279038486695	-0.04445116153946781
1.21956827	0.78	-5.275653473639912	-0.2110261389455965
1.21957022	0.74	-10.90179556768073	-0.4360718227072292
1.21956877	0.74	-18.084320965098282	-0.7233728386039313
1.21956827	0.77	-5.18356683147842	-0.2073426732591368
2.053899	0.99	-4.817828687362692	-0.19271314749450766
2.05388429	1.0	-6.391939610650985	-0.2556775844260394
2.05387982	1.02	-10.982365967290058	-0.4392946386916023
2.61302086	0.53	-14.541453154505028	-0.5816581261802012
2.61302042	0.62	-4.770817897665681	-0.19083271590662726
2.61302042	0.52	-2.51624710397428	-0.1006498841589712
0.9278551	0.7	-14.184185812929908	-0.5673674325171963
0.92785982	0.72	-6.088150051190965	-0.2435260020476386
0.92785971	0.74	-10.412902455306096	-0.41651609821224383
0.92785979	0.74	-13.605805149563187	-0.5442322059825275
0.92785982	0.75	-15.855618012310003	-0.6342247204924002
0.92785928	0.74	-13.194385616136902	-0.5277754246454761
19.80792185	0.94	-1.362947749959803	-0.05451790999839212
19.80792185	0.94	-15.10030383478681	-0.6040121533914724
19.80787763	0.96	-3.1696867657341015	-0.12678747062936407
19.80792185	0.94	-4.605955209002901	-0.18423820836011603
19.80792185	0.94	-11.867810168101654	-0.47471240672406617
19.80787763	0.93	-13.38342619317667	-0.5353370477270668
2.3432387	0.76	-27.09213101151362	-1.0836852404605448
2.3432319	0.83	-9.72532839979459	-0.3890131359917836
2.343248	0.68	-14.644889152491874	-0.585795566099675
6.91134979	1.0	-9.87291169146872	-0.3949164676587488
6.911301	0.97	-2.2382405698256562	-0.08952962279302625
6.91134223	1.04	-1.2252174218275158	-0.04900869687310063
6.91129885	1.0	-0.47102199461087363	-0.018840879784434945
6.91134416	1.22	-25.215903343691288	-1.0086361337476515
394.62508	1.26	-3.0544467694180444	-0.12217787077672178
394.6249514	1.16	-7.559017669387522	-0.3023607067755009
394.6244904	1.16	-17.889547341259224	-0.715581893650369
394.6107	1.23	-1.591341276728321	-0.06365365106913284
394.6244904	1.23	-2.2368227170746566	-0.08947290868298627
394.6244904	1.28	-14.508526642796944	-0.5803410657118778
394.6244904	1.16	-5.805978529970553	-0.23223914119882214
8.30537702	0.96	-9.225781429326005	-0.36903125717304025
8.3053749	0.97	-0.3582454112134391	-0.014329816448537565
8.30559976	0.96	-0.27770276889828127	-0.01110811075593125
8.30540302	0.96	-0.4930560776070879	-0.019722243104283516
8.3053749	0.97	-5.083506806714994	-0.20334027226859977
8.305	0.97	-3.3927372999961447	-0.1357094919998458
8.3053749	0.95	-7.107606190623049	-0.28430424762492196
12.51366754	0.97	-2.141070423991531	-0.08564281695966124
12.51366754	0.95	-2.8240811109771013	-0.11296324443908405
12.51366754	0.97	-5.19724575875429	-0.2078898303501716
12.513	0.92	-8.522341892705168	-0.3408936757082067
17.9133739	0.97	-4.239557033490964	-0.16958228133963857
17.9133739	0.97	-6.09512545278915	-0.243805018111566
25.2152875	0.92	-17.306363530245044	-0.6922545412098018
25.2152875	0.95	-1.8594919393879596	-0.07437967757551839
25.2152875	0.97	-6.540468643463283	-0.26161874573853133
25.2152875	0.97	-3.3313971642188176	-0.1332558865687527
7.19301659	1.04	-3.9100183309711696	-0.1564007332388468
7.19303878	1.06	-4.708237612810481	-0.18832950451241925
7.19294	1.09	-12.754508614626468	-0.5101803445850588
7.19303878	1.06	-3.5935062541694807	-0.14374025016677924
7.19303878	1.06	-23.51820995085754	-0.9407283980343015
8.50698069	0.95	-13.79255149774745	-0.551702059909898
8.50699658	0.95	-7.51524379147078	-0.30060975165883125
8.50691	0.94	-1.1667811059285937	-0.04667124423714375
8.50698069	0.99	-14.829045641053812	-0.5931618256421525
44.9306706	1.2	-4.387896266885746	-0.17551585067542985
44.9309804	1.44	-8.184713676553631	-0.32738854706214526
44.93128	1.18	-7.077999411033614	-0.28311997644134457
44.9306706	1.23	-7.4944490348515025	-0.2997779613940601
44.9309804	1.19	-17.779937875518346	-0.7111975150207338
7.16892463	1.21	-17.460873739523485	-0.6984349495809394
7.16893749	1.27	-6.6481257002282454	-0.2659250280091298
7.16909012	1.27	-11.816923299109288	-0.4726769319643715
7.16892463	1.3	-11.714734508540477	-0.4685893803416191
7.88663247	0.95	-3.386230780210658	-0.13544923120842634
7.8866311	0.95	-25.78925364851767	-1.0315701459407067
7.8866311	0.95	-7.646329599302523	-0.30585318397210093
7.886632	1.08	-10.898236929153246	-0.43592947716612984
7.88663247	0.99	-4.3005602661700655	-0.17202241064680263
7.88663595	0.99	-1.8755623132779506	-0.07502249253111802
8.02768059	1.01	-17.148089575772165	-0.6859235830308866
8.02768059	1.01	-8.545782855413162	-0.34183131421652646
85.35129427	0.88	-4.853885043384853	-0.19415540173539414
85.3514661	0.99	-2.5532226931295687	-0.10212890772518275
85.35129427	0.88	-13.70364726440382	-0.5481458905761528
85.35172	0.94	-2.2222902031180323	-0.08889160812472129
85.3514875	0.97	-4.503461136724722	-0.18013844546898888
76.13602028	0.87	-5.7599234951018925	-0.23039693980407572
76.13602028	0.87	-24.11541905182061	-0.9646167620728244
76.13655826	0.98	-8.475451532039179	-0.33901806128156714
76.13616356	0.98	-1.0374565863346572	-0.04149826345338629
76.13622222	0.98	-18.675888761850995	-0.7470355504740398
76.13622222	0.9	-8.327268606374155	-0.3330907442549662
20.38174802	0.8	-12.016425780355984	-0.48065703121423936
20.38149618	0.8	-14.371000613912749	-0.57484002455651
20.38164	0.8	-15.062667512439504	-0.6025067004975801
20.38177573	0.79	-8.849273940571868	-0.3539709576228747
20.38177573	0.79	-0.32463543133640294	-0.012985417253456118
20.38174802	0.78	-12.05660879748648	-0.4822643518994592
5.10137945	1.0	-3.3112632946135903	-0.1324505317845436
5.10137945	1.0	-4.496361260313738	-0.17985445041254952
3.949633	0.75	-1.891557399918369	-0.07566229599673477
3.94963138	0.85	-10.732332002235136	-0.4292932800894054
3.14866453	0.8	-1.8725191278142652	-0.07490076511257061
3.14866155	0.84	-8.415230024426554	-0.3366092009770622
3.14864615	0.84	-10.024798880393885	-0.40099195521575537
3.14866453	0.8	-0.23527945363003389	-0.009411178145201355
15.59461874	0.99	-21.01764176001075	-0.8407056704004301
15.5945923	1.06	-0.9547219416883099	-0.0381888776675324
15.59460242	1.06	-20.713815352533928	-0.8285526141013572
15.59461874	0.96	-3.5126005465823242	-0.14050402186329297
15.5949	0.99	-6.591847037381668	-0.2636738814952667
15.59466045	1.06	-8.777885939552343	-0.35111543758209374
15.59461874	0.99	-10.957131219172656	-0.4382852487669062
15.59461874	0.99	-6.62685171085753	-0.2650740684343012
5.83376092	1.26	-6.00775563756185	-0.240310225502474
5.83376197	1.27	-5.015755446424279	-0.2006302178569712
5.83376197	1.0	-12.28755937796856	-0.4915023751187424
2.42149592	1.0	-8.454204779930114	-0.3381681911972046
2.42150341	1.0	-8.390655398150471	-0.3356262159260189
2.42150341	1.27	-3.0510881550551705	-0.12204352620220682
2.421496	1.05	-4.856341866960244	-0.19425367467840976
14.163994	0.82	-21.248238994984263	-0.8499295597993706
14.16399294	0.78	-16.7596511861013	-0.6703860474440521
6.20925415	0.78	-17.751364785724927	-0.7100545914289971
6.20934	0.82	-10.554732141415911	-0.4221892856566365
6.20920207	0.91	-8.100933195518609	-0.32403732782074435
6.20925415	0.78	-3.6705690819543593	-0.14682276327817437
6.20920207	0.78	-0.6409761603281035	-0.025639046413124138
6.20917988	0.78	-5.065751973649699	-0.20263007894598797
2.61702837	0.74	-9.372815207415686	-0.3749126082966274
2.61703254	0.75	-13.595523208990226	-0.543820928359609
2.61703254	0.71	-0.1418494905060257	-0.005673979620241028
150.242127	0.81	-7.5065705700605445	-0.3002628228024218
5.03257009	1.0	-11.202530340035715	-0.44810121360142857
5.03251791	1.0	-10.808020680916686	-0.4323208272366674
5.032589	1.02	-10.622986164219368	-0.42491944656877473
5.03251791	1.0	-8.448617480638731	-0.33794469922554926
5.03251791	0.93	-3.1837338092543503	-0.12734935237017403
5.03251791	1.0	-2.1381650706673	-0.085526602826692
5.03257009	1.0	-20.639924619303066	-0.8255969847721226
40.4287755	0.92	-7.070968601450939	-0.2828387440580376
40.4287755	0.92	-6.814658001600364	-0.27258632006401456
40.4287755	0.97	-20.629008837887554	-0.8251603535155022
40.42805	0.99	-7.990886532190617	-0.31963546128762466
40.4286676	0.98	-17.487487175212063	-0.6994994870084825
114.73635	1.1	-7.501568468877981	-0.30006273875511924
114.7363519	0.98	-19.863177469784567	-0.7945270987913827
114.7363519	0.98	-8.562916791620607	-0.3425166716648243
114.7363519	0.98	-19.738983529545855	-0.7895593411818342
573.95023	0.98	-12.840697074669304	-0.5136278829867722
573.95023	0.98	-19.605456298455245	-0.7842182519382098
573.95023	0.98	-0.8256328948674576	-0.03302531579469831
573.96	0.96	-9.651231650445213	-0.38604926601780853
191.239133	1.01	-1.0067968169989672	-0.04027187267995869
573.95023	1.11	-14.054303094415822	-0.5621721237766328
21.3587621	1.01	-4.9729006963468905	-0.19891602785387563
21.35870629	1.02	-17.796567992490534	-0.7118627196996213
21.35913	1.09	-2.833706817008574	-0.11334827268034296
21.3587621	1.06	-14.318983779900794	-0.5727593511960317
21.35897278	1.02	-10.611057592437204	-0.42444230369748814
21.3587621	1.06	-0.5689543416663128	-0.02275817366665251
21.3588236	1.06	-18.580445018608152	-0.7432178007443261
22.0459018	1.06	-0.2378487252099747	-0.009513949008398987
22.04592215	1.05	-5.473965824390653	-0.21895863297562612
22.0459163	1.05	-19.69995670226533	-0.7879982680906131
22.04579	1.0	-7.201816630369933	-0.28807266521479735
22.04602472	1.05	-4.572520427976318	-0.18290081711905273
2.57885507	0.94	-3.949585673945509	-0.15798342695782036
2.57885507	0.94	-2.3986597640105973	-0.0959463905604239
2.57885212	0.95	-4.1237406218941315	-0.16494962487576526
2.57885507	0.94	-3.9931420028942095	-0.15972568011576838
2.57885212	1.0	-17.902774858370414	-0.7161109943348166
20.5533844	1.21	-8.12193708525947	-0.3248774834103788
20.5533844	1.21	-0.5324544015538142	-0.021298176062152566
20.55331441	1.1	-11.616492562617488	-0.4646597025046995
20.5533844	1.21	-18.733547118804523	-0.749341884752181
40.0686713	1.03	-7.4648387912538	-0.298593551650152
40.06841	1.04	-17.447869425288864	-0.6979147770115546
40.0686713	0.92	-3.566302985840567	-0.1426521194336227
40.0686727	1.09	-5.436917028122039	-0.21747668112488158
40.0686727	0.92	-6.741947083674949	-0.269677883346998
40.0686727	0.92	-1.2161884534445417	-0.04864753813778167
27.50655	0.97	-24.21928382343853	-0.9687713529375412
27.5071114	1.07	-8.486069778082603	-0.33944279112330417
27.5073799	0.98	-4.037810686757182	-0.1615124274702873
27.5073799	0.98	-17.200442675735076	-0.688017707029403
27.5073799	1.06	-5.187853477585602	-0.2075141391034241
27.5071114	0.98	-1.9138737174875624	-0.0765549486995025
27.5073799	0.98	-7.395058351755122	-0.2958023340702049
5.14435252	0.84	-9.458782727443236	-0.37835130909772946
5.14438011	0.9	-12.854458988274365	-0.5141783595309746
5.14438011	0.9	-10.628531500900067	-0.42514126003600267
5.14438011	0.81	-9.637296589205032	-0.3854918635682013
5.14438011	0.9	-1.8833900221876867	-0.07533560088750747
5.144392	0.88	-1.9477653496824086	-0.07791061398729635
18.45848	0.82	-1.3083953407429707	-0.05233581362971883
18.45847097	0.86	-0.24984573462255483	-0.009993829384902193
18.45847097	0.86	-9.295909500646234	-0.37183638002584934
18.45848388	0.86	-8.473047569834629	-0.33892190279338513
25.94361383	0.83	-10.868380602788786	-0.43473522411155147
25.9422033	0.72	-18.038634270567297	-0.7215453708226919
25.94218308	0.83	-5.21919626624223	-0.20876785064968922
25.9422033	0.72	-3.038374853489206	-0.12153499413956825
25.9421582	0.83	-4.495306709659958	-0.1798122683863983
33.38541	0.94	-17.93767589260302	-0.7175070357041209
33.3855938	1.02	-0.5311312155902119	-0.02124524862360848
33.3856176	1.0	-2.433340967537213	-0.09733363870148852
33.38567656	1.0	-13.856810956601256	-0.5542724382640503
33.3855938	0.97	-8.732595570814116	-0.3493038228325646
33.3855938	0.97	-12.553460264607299	-0.502138410584292
1425.439707	0.98	-0.6875565880172523	-0.02750226352069009
7.71468975	1.39	-13.742356433463092	-0.5496942573385237
7.71468975	1.39	-18.305814358163644	-0.7322325743265458
7.71467686	1.47	-24.167333656724836	-0.9666933462689934
7.71468975	1.46	-24.60043714718521	-0.9840174858874084
11.80593747	1.47	-8.95213196135735	-0.35808527845429405
11.80609989	1.71	-23.246776031794987	-0.9298710412717995
11.80619472	1.39	-3.7902524850429615	-0.15161009940171846
4.44448017	1.09	-5.1571646475130475	-0.2062865859005219
4.44446	1.11	-16.44329675466149	-0.6577318701864596
4.4444826	1.08	-4.9412337432010585	-0.19764934972804235
3.98953967	0.9	-5.962824147405811	-0.23851296589623242
3.98953967	0.77	-6.768389497900442	-0.27073557991601765
3.98954361	0.92	-8.380272048151696	-0.33521088192606785
3.98954419	0.92	-18.452230385765855	-0.7380892154306342
3.98953967	0.77	-0.9159647210934225	-0.0366385888437369
12.98495573	1.06	-11.715766001771067	-0.4686306400708427
12.98494603	1.12	-0.24715264090237515	-0.009886105636095006
12.98497	1.11	-12.120456707937501	-0.4848182683175001
12.98498151	1.12	-13.511968613935803	-0.5404787445574322
12.98495573	0.84	-9.892625358240048	-0.3957050143296019
12.98495573	0.84	-8.559423957466805	-0.3423769582986722
5.69919514	0.94	-2.244987266437356	-0.08979949065749424
5.699215	1.04	-11.884644178689472	-0.4753857671475789
5.69919514	1.0	-34.4340175484705	-1.37736070193882
18.11473813	1.16	-10.033937992769943	-0.4013575197107977
18.11470018	1.16	-6.194957525239069	-0.24779830100956277
18.11472949	1.21	-1.10360207612953	-0.0441440830451812
18.11472949	1.22	-2.0314378830106548	-0.08125751532042619
18.11473813	1.19	-13.2816283030798	-0.531265132123192
18.11472949	1.22	-9.522303712594258	-0.38089214850377034
18.1145	1.18	-4.537078680070628	-0.18148314720282513
6.24145791	1.03	-16.822408538915486	-0.6728963415566195
6.24146367	1.03	-5.2359958735203715	-0.20943983494081486
6.24146367	0.91	-3.1711925038130158	-0.12684770015252064
6.2414813	1.05	-12.42280556206319	-0.4969122224825276
6.24146367	1.1	-13.338194631627179	-0.5335277852650872
6.24145791	1.05	-3.324729046510837	-0.13298916186043347
20.4222447	1.27	-14.095428882607148	-0.563817155304286
20.42228798	1.18	-2.705556168116366	-0.10822224672465464
20.42225436	1.27	-2.2326714090749227	-0.08930685636299691
20.42228798	1.19	-8.866344186080903	-0.3546537674432361
20.42228798	1.18	-12.147815680829758	-0.48591262723319034
20.42228798	1.17	-7.020948220662857	-0.28083792882651426
20.42200166	1.27	-9.631592213688206	-0.38526368854752824
7.63846023	1.18	-2.1549850950331733	-0.08619940380132693
7.63846023	1.18	-13.37545616515808	-0.5350182466063232
7.63846023	1.18	-4.977181576391336	-0.19908726305565347
7.63861	1.16	-6.934834143746871	-0.27739336574987483
7.63846023	1.17	-10.685248939993977	-0.4274099575997591
7.63846023	1.19	-9.626023733618512	-0.3850409493447405
70.6981724	0.94	-19.699419450006815	-0.7879767780002727
70.6979061	0.99	-10.96275755158943	-0.4385103020635772
70.6979061	0.83	-0.6192317699870233	-0.024769270799480936
70.69771113	1.05	-0.701912027422859	-0.02807648109691436
70.6979061	0.99	-1.419930343934308	-0.056797213757372324
70.6981724	1.05	-11.925130973188033	-0.47700523892752134
3.744439	1.14	-0.3522220851695325	-0.014088883406781301
3.744439	1.17	-16.635383167274448	-0.6654153266909779
3.744351	1.13	-14.441934586551522	-0.5776773834620609
3.74444639	1.09	-8.475329434830087	-0.33901317739320347
52.75875577	1.23	-13.52161257249533	-0.5408645028998132
52.75875577	1.09	-4.982117705337072	-0.19928470821348288
52.75875577	1.23	-4.271891250253583	-0.17087565001014335
52.75878505	1.22	-2.1302188932693773	-0.08520875573077509
52.75877515	1.03	-21.465757324451335	-0.8586302929780534
52.75878505	1.03	-12.185853078433082	-0.4874341231373233
53.44945593	1.11	-12.463947627070906	-0.49855790508283626
53.44945593	1.11	-11.709473785891383	-0.46837895143565533
53.44944498	1.03	-13.896737116889035	-0.5558694846755614
53.44965	0.98	-7.469308637340981	-0.29877234549363924
53.44944498	1.11	-2.862605662163691	-0.11450422648654764
53.44945593	1.11	-11.03154868976356	-0.44126194759054244
13.7521072	0.73	-3.647087456345962	-0.14588349825383848
13.7521072	0.73	-5.712657111500725	-0.22850628446002902
13.75215959	0.74	-4.973350450183288	-0.19893401800733151
13.75206392	0.74	-6.756134373461877	-0.27024537493847506
6.33855761	1.13	-7.018559615148497	-0.2807423846059399
6.338518	1.07	-0.6932364243457525	-0.0277294569738301
9.80321143	1.03	-11.696403225955946	-0.4678561290382378
9.80321143	1.06	-10.12043775751895	-0.404817510300758
9.803224	0.87	-2.1367446999836766	-0.08546978799934707
9.803224	1.06	-12.77211747004454	-0.5108846988017816
9.803224	1.06	-14.951558748464196	-0.5980623499385679
2.80624349	0.59	-13.739084799499862	-0.5495633919799945
2.806242	0.6	-3.1305785809479065	-0.12522314323791625
2.80624349	0.66	-10.229476060844984	-0.4091790424337994
2.80624233	0.55	-18.735750189907513	-0.7494300075963005
144.547396	0.88	-19.150784965162906	-0.7660313986065163
144.547396	0.88	-1.512828113641581	-0.060513124545663245
144.551628	0.88	-15.8815438098967	-0.635261752395868
144.56699357	0.92	-13.013981438107077	-0.5205592575242831
29.5422963	0.88	-21.30547203372456	-0.8522188813489824
29.5422566	0.92	-8.079065233714632	-0.32316260934858526
29.5422963	1.14	-22.749483400573702	-0.9099793360229481
29.5422566	0.88	-14.001999000538765	-0.5600799600215506
29.5422963	0.88	-12.968626045076535	-0.5187450418030614
29.54221239	0.92	-5.483224645977123	-0.21932898583908494
8.0472642	0.94	-7.368538940152952	-0.2947415576061181
8.04727721	0.94	-22.04682906171635	-0.881873162468654
8.0472642	1.03	-3.7685422133128808	-0.15074168853251524
8.0472642	0.94	-2.695316395756623	-0.10781265583026492
8.0472642	0.94	-8.038483438999691	-0.32153933755998765
8.04732	0.99	-10.912050221306464	-0.4364820088522586
8.04730283	1.0	-2.1851434695678402	-0.08740573878271361
5.8706191	0.59	-1.4852648616947395	-0.05941059446778958
5.8706367	0.63	-17.025699099728	-0.68102796398912
5.8706191	0.59	-7.057543370636424	-0.28230173482545695
5.8706191	0.59	-6.936898027710236	-0.27747592110840946
19.17893976	1.0	-15.370108153039702	-0.6148043261215881
19.17891293	0.98	-6.897967411781019	-0.27591869647124073
19.17891293	0.98	-2.3576382332404564	-0.09430552932961826
19.17896177	1.0	-12.939163351980902	-0.5175665340792361
19.17903	0.96	-3.047775185032086	-0.12191100740128345
19.17891293	0.98	-11.464320154269494	-0.4585728061707798
19.27082584	1.03	-21.064256757123562	-0.8425702702849425
19.27082403	1.02	-12.192610717830057	-0.4877044287132023
19.243	1.0	-8.104005259547714	-0.32416021038190856
19.23891	1.02	-4.04786664112353	-0.16191466564494122
19.27082403	1.03	-0.13582899217358269	-0.005433159686943308
19.2259	1.03	-0.7851530695964514	-0.031406122783858056
19.24	1.03	-1.577666719796787	-0.06310666879187149
19.238	1.03	-29.20803956729459	-1.1683215826917837
19.27082403	1.04	-12.347682769336648	-0.49390731077346595
38.90787517	1.03	-0.9640845012274577	-0.03856338004909831
38.94980851	1.03	-15.891228721173011	-0.6356491488469205
38.90787517	1.02	-14.981626985393817	-0.5992650794157527
38.9861	1.03	-11.808830705969116	-0.4723532282387647
38.9853	1.02	-7.713222013163939	-0.3085288805265576
38.988	1.03	-7.747841245099412	-0.3099136498039765
38.969	1.0	-4.0628596091119755	-0.16251438436447901
1.5929716	1.05	-5.32516049886635	-0.21300641995465402
1.59295975	1.03	-7.400402092549836	-0.29601608370199345
1.59295975	1.02	-6.521041698992901	-0.26084166795971603
14.44912	1.12	-6.762764580298852	-0.2705105832119541
6.9913086	0.85	-10.404200231862461	-0.41616800927449843
6.9913086	0.78	-6.784534799675463	-0.2713813919870185
6.99131301	0.74	-18.706619705219143	-0.7482647882087657
6.991307	0.71	-0.8085727483068076	-0.032342909932272304
3.51749473	0.58	-16.653798554521302	-0.666151942180852
3.51749439	0.53	-8.150782710259454	-0.3260313084103782
3.51749439	0.53	-14.853375635802287	-0.5941350254320915
3.51749079	0.64	-4.204362756491264	-0.16817451025965055
3.51749439	0.53	-0.34610018180634516	-0.013844007272253806
3.517482	0.58	-6.333615152333325	-0.253344606093333
40.1099547	0.95	-3.6395073703616347	-0.14558029481446538
40.1097817	0.99	-0.8625747343087489	-0.034502989372349954
40.10999	1.02	-2.77660422244963	-0.1110641688979852
40.10973575	0.99	-6.2922351625024495	-0.25168940650009797
40.10982208	0.99	-7.413844633263096	-0.29655378533052384
10.3507721	0.94	-1.7599822227172217	-0.07039928890868886
10.3506868	0.98	-10.557831505867448	-0.4223132602346979
10.35078415	0.98	-3.232054596502982	-0.12928218386011928
10.35078415	0.93	-6.132120312972538	-0.24528481251890152
10.35113	0.96	-8.65914209748248	-0.3463656838992992
62.9228557	0.94	-1.518540894265295	-0.0607416357706118
62.9228557	0.94	-6.378140808847672	-0.2551256323539069
62.92279994	0.98	-9.43737081969322	-0.3774948327877288
62.9228557	0.94	-4.041750996084933	-0.16167003984339734
62.9228557	0.98	-5.496264823711778	-0.21985059294847112
62.9147	0.96	-16.04774819210282	-0.6419099276841128
62.9224936	0.98	-9.864158865555849	-0.394566354622234
62.9228557	0.93	-2.606826658045601	-0.10427306632182404
62.9224936	0.93	-6.917683176662335	-0.2767073270664934
3.02166863	1.16	-15.624667122337682	-0.6249866848935073
3.02168044	1.1	-2.0713869577490747	-0.08285547830996298
3.02166863	1.06	-2.5501862443083922	-0.1020074497723357
3.02166863	1.06	-21.21047411774711	-0.8484189647098844
5.082709	1.02	-10.199724728577824	-0.40798898914311293
5.08274652	1.01	-19.27210773087321	-0.7708843092349283
5.08274836	0.93	-6.794340382813292	-0.2717736153125317
5.08274652	1.01	-7.801183795939123	-0.31204735183756493
5.0827526	0.93	-4.597188645341645	-0.18388754581366581
5.08274836	0.96	-5.6665321971762825	-0.2266612878870513
41.69808466	1.16	-4.671986937695411	-0.18687947750781642
41.6979976	0.86	-9.721646918803206	-0.38886587675212825
41.69831	1.13	-0.5618742711836124	-0.022474970847344497
41.69797271	1.16	-15.068474609805714	-0.6027389843922285
15.86624787	0.97	-5.770959996930206	-0.23083839987720825
15.86621821	1.08	-10.555568801878769	-0.42222275207515075
15.86621821	1.01	-4.540746047494999	-0.18162984189979997
15.86621821	1.01	-8.665703184831314	-0.34662812739325255
1.34060748	0.92	-11.56770756981038	-0.46270830279241526
1.34059747	1.13	-7.11507307974152	-0.2846029231896608
1.34059678	0.92	-16.087506615171947	-0.6435002646068779
1.34059747	1.13	-3.242014336281496	-0.12968057345125986
1.34059747	1.2	-18.672713782691936	-0.7469085513076774
13.93300143	1.11	-11.400286274060637	-0.45601145096242546
13.93290318	1.15	-10.039667760549374	-0.40158671042197497
13.93290318	1.15	-1.1243843506722668	-0.044975374026890676
6.24658	1.31	-2.2915010435222323	-0.09166004174088929
6.24668005	1.28	-10.337481739035654	-0.4134992695614262
6.24667547	1.22	-4.284527556197364	-0.17138110224789457
2.36436901	1.27	-9.589647383241228	-0.38358589532964915
2.36436901	1.26	-0.17537029547235533	-0.007014811818894213
2.36436901	1.27	-3.835599795218028	-0.15342399180872113
2.36436901	1.26	-8.913973046652677	-0.3565589218661071
2.36436762	1.33	-5.912607017041988	-0.2365042806816795
20.310501	1.22	-0.1528710773869767	-0.006114843095479068
20.31055173	1.14	-22.537571550109305	-0.9015028620043722
20.31056961	1.14	-15.690982402168256	-0.6276392960867303
20.310501	1.29	-7.177658232121644	-0.28710632928486574
20.31035	1.21	-6.624166492962484	-0.26496665971849936
20.310501	1.34	-5.9382655591667195	-0.23753062236666878
2.53475627	0.81	-1.7108572318730377	-0.06843428927492151
2.53475568	0.81	-3.73949821492346	-0.14957992859693842
2.53475627	1.07	-4.9826053958398555	-0.19930421583359423
2.53475627	0.81	-13.495400219219661	-0.5398160087687864
2.53476428	1.03	-19.00941574818554	-0.7603766299274216
10.29667198	0.95	-12.758283470557064	-0.5103313388222825
10.29664732	0.95	-5.606252250030069	-0.22425009000120277
10.29674097	0.95	-11.223032128989354	-0.4489212851595742
10.29678	0.95	-8.55520222538578	-0.34220808901543126
10.29672521	0.86	-18.68596410485681	-0.7474385641942725
10.29672521	0.63	-12.386800295008804	-0.49547201180035216
10.29672521	0.86	-19.069977090486866	-0.7627990836194747
5.93918879	0.86	-10.401139644993474	-0.416045585799739
5.93911982	1.29	-0.3651454922688953	-0.014605819690755813
5.93916	0.95	-14.529023178185154	-0.5811609271274062
5.93919041	1.29	-3.844304801947737	-0.1537721920779095
5.93918879	0.86	-7.4010593914773795	-0.2960423756590952
5.93918879	0.86	-7.903511266088382	-0.3161404506435353
5.93919041	0.95	-8.993205219707264	-0.35972820878829054
4.40966548	1.12	-3.7819380730899477	-0.15127752292359792
4.40966548	1.11	-28.916803048131612	-1.1566721219252645
4.409673	1.15	-3.7061246395872094	-0.1482449855834884
4.40966548	1.12	-5.684794843338118	-0.22739179373352472
4.4096675	1.1	-7.134346763859363	-0.2853738705543745
4.40965631	1.04	-4.638234350980608	-0.18552937403922432
4.40966548	1.12	-11.368949312016413	-0.4547579724806565
4.4096675	1.04	-3.5167517549137264	-0.14067007019654906
4.59489604	1.0	-3.99357951487982	-0.1597431805951928
4.59489604	1.14	-7.846147442315082	-0.3138458976926033
4.59492	1.18	-8.11108274397378	-0.3244433097589512
4.59489816	1.19	-7.697230302937522	-0.3078892121175009
32.2964275	0.85	-8.066856219474557	-0.3226742487789823
32.2968798	0.94	-5.8869041223372855	-0.23547616489349144
32.2968798	0.94	-15.53622655006764	-0.6214490620027057
32.29861	0.85	-4.097321997287051	-0.16389287989148205
32.2964275	0.88	-14.420723643023074	-0.5768289457209229
2.97041437	0.82	-4.851077423720957	-0.19404309694883828
2.97041437	0.82	-6.491328427473898	-0.25965313709895593
2.97041437	0.8	-15.650903668233642	-0.6260361467293457
2.97041437	0.82	-4.2624965753597746	-0.170499863014391
2.970439	0.8	-6.747044748734101	-0.26988178994936407
2.97041801	0.83	-1.1195793151017204	-0.04478317260406882
4.8538404	1.02	-1.1155430238900368	-0.04462172095560147
4.85386933	1.05	-2.723982205779061	-0.10895928823116244
4.85386933	1.05	-5.767152851604388	-0.23068611406417552
4.85386933	1.11	-1.5618203103647816	-0.06247281241459127
4.85386933	1.05	-14.35092075301357	-0.5740368301205429
11.04585439	1.04	-7.099084163746779	-0.2839633665498712
11.04603384	1.15	-10.154683545799324	-0.40618734183197297
11.04594184	1.04	-16.535751944046925	-0.661430077761877
11.04603384	1.02	-14.494996811841458	-0.5797998724736584
11.04603384	1.02	-4.7340517383705345	-0.18936206953482138
11.04564	1.04	-0.5911887873094162	-0.023647551492376646
11.04603384	1.02	-1.2154253170296632	-0.048617012681186525
13.7488263	1.17	-6.725520240660126	-0.26902080962640507
13.7488263	1.29	-9.473613409730525	-0.37894453638922104
13.7488263	1.21	-17.301173423346174	-0.692046936933847
13.7488263	1.21	-12.9737897512607	-0.518951590050428
13.74882953	1.07	-3.1677297643853106	-0.12670919057541244
13.74883059	1.07	-5.732580826032252	-0.22930323304129008
13.748778	1.17	-13.642646371917438	-0.5457058548766975
13.7488263	1.29	-1.8583279190071482	-0.07433311676028594
26.72320599	1.21	-10.32831019011122	-0.4131324076044488
26.72320599	1.21	-3.7566431730031695	-0.1502657269201268
26.723169	1.14	-4.8426086412956515	-0.19370434565182607
26.72320347	1.07	-6.423406599829916	-0.25693626399319663
26.723169	1.07	-4.595483872461038	-0.18381935489844153
26.72320599	1.29	-3.7903995981471494	-0.151615983925886
26.72311	1.07	-21.331261893244683	-0.8532504757297873
26.72428	1.17	-6.2022098804788435	-0.24808839521915374
26.72276304	1.07	-23.51201370017604	-0.9404805480070416
49.3568849	1.29	-24.677854056957045	-0.9871141622782819
49.3567907	1.14	-9.74867638305557	-0.3899470553222228
49.3568	1.07	-3.1873817614730724	-0.1274952704589229
49.3568849	1.29	-1.383380052931807	-0.05533520211727228
49.3567907	1.07	-11.482314007926089	-0.4592925603170436
49.3568849	1.21	-12.996784216167	-0.51987136864668
6.5319247	0.92	-1.0012821537835739	-0.04005128615134296
6.53195343	0.92	-14.092985055278874	-0.5637194022111549
6.53192704	1.0	-1.3107691029511916	-0.05243076411804767
6.53194024	0.92	-1.3983536956294937	-0.05593414782517975
6.53192704	1.0	-16.4610005894272	-0.6584400235770881
6.53194024	0.86	-9.126453363214525	-0.365058134528581
100.82868743	0.92	-0.5656367629896896	-0.022625470519587583
100.82799937	0.92	-14.450652842670568	-0.5780261137068228
100.8274113	0.89	-9.303539744064384	-0.3721415897625754
51.3011844	1.01	-7.753918114883069	-0.3101567245953228
51.300634	1.01	-1.2771609704603717	-0.05108643881841487
51.300634	0.93	-0.37642832872361687	-0.015057133148944675
51.30172621	0.98	-7.763628798045342	-0.31054515192181364
0.93846683	0.88	-8.551688580373552	-0.3420675432149421
0.9384704	0.97	-10.595584926154435	-0.42382339704617744
0.93846683	0.98	-29.97422845182327	-1.1989691380729308
0.93846683	0.98	-12.851761672710245	-0.5140704669084097
0.93846683	0.98	-12.714624310431674	-0.508584972417267
6.93366476	1.21	-3.091334191160125	-0.123653367646405
6.9338	1.07	-4.153533809825145	-0.16614135239300581
6.93366476	1.11	-5.421885779452777	-0.21687543117811106
61.0370117	1.07	-2.4157701398348945	-0.09663080559339578
61.0370117	1.07	-6.950813969550635	-0.2780325587820254
61.0370117	1.14	-10.022350123933835	-0.4008940049573534
61.0373591	1.36	-7.87375995159246	-0.3149503980636984
61.039	1.16	-5.308125336675319	-0.21232501346701277
61.03736217	1.13	-9.960893849291036	-0.39843575397164144
61.0373591	1.13	-15.828188239711103	-0.6331275295884441
61.0370117	1.1	-7.346251867435048	-0.29385007469740193
61.03704005	1.13	-23.057793618079963	-0.9223117447231985
33.8678531	0.68	-18.72869734666416	-0.7491478938665663
33.8677783	0.69	-10.873320874863726	-0.43493283499454904
33.8678531	0.68	-14.190053029156775	-0.5676021211662711
33.8678531	0.77	-8.96687907720097	-0.3586751630880388
52.069002	1.01	-15.557989179122673	-0.622319567164907
52.0688601	0.88	-15.781503224083565	-0.6312601289633426
52.0688601	0.88	-15.613948406547411	-0.6245579362618965
52.0688601	1.01	-16.99514889796885	-0.679805955918754
9.1149903	0.99	-7.766220936771626	-0.3106488374708651
9.11500269	0.98	-3.614884068058889	-0.14459536272235557
9.1149903	1.04	-3.5176538061649296	-0.1407061522465972
9.1149903	1.04	-20.526106430898132	-0.8210442572359253
9.11513	0.98	-10.688219194186422	-0.42752876776745685
3.93246069	0.73	-11.104599833463594	-0.44418399333854375
3.93246069	0.76	-6.26367991725174	-0.2505471966900696
3.9324613	0.76	-0.3179789312363331	-0.012719157249453324
3.93247117	0.73	-6.904514945426868	-0.2761805978170747
3.932449	0.69	-5.058364912580917	-0.20233459650323668
3.9324613	0.76	-8.700665598034224	-0.34802662392136896
0.92103214	0.76	-11.40240040699679	-0.4560960162798716
0.9210305	1.05	-9.845617285091546	-0.39382469140366183
0.92103214	0.76	-7.013117444943362	-0.2805246977977345
0.9210305	1.11	-7.959863293677956	-0.31839453174711824
0.921056	0.96	-12.89653965505914	-0.5158615862023657
0.92103214	1.22	-5.03043152628068	-0.2012172610512272
0.92101673	1.05	-26.57446978469018	-1.0629787913876072
0.92103214	0.76	-9.455817607639322	-0.3782327043055729
4.72673978	0.91	-6.551813012146371	-0.26207252048585483
4.72674	1.09	-17.88553811134772	-0.7154215244539088
4.72674037	0.87	-18.078617190671878	-0.7231446876268751
4.72674002	1.0	-10.30832941170594	-0.4123331764682376
4.72673947	0.91	-10.725369155213853	-0.4290147662085541
4.72674	0.91	-8.5836908840777	-0.34334763536310803
4.72673895	1.0	-9.88064210481004	-0.3952256841924016
3650.0	1.0	-2.470418691854679	-0.09881674767418716
71.45245	1.11	-8.560820367893283	-0.34243281471573134
71.4517775	1.25	-9.72528108909526	-0.3890112435638104
71.4523167	1.06	-3.1430698190997344	-0.12572279276398937
71.4517775	1.09	-9.513229526327708	-0.3805291810531083
71.4523167	1.09	-18.110005855179747	-0.7244002342071899
71.4517775	1.08	-14.747162464606793	-0.5898864985842718
8.03755877	0.76	-14.411407499382163	-0.5764562999752866
8.03753796	0.76	-3.8674775694302213	-0.15469910277720886
8.03755877	0.76	-9.637772247227076	-0.38551088988908305
1.9214374	0.78	-8.52897132897455	-0.341158853158982
1.9214374	0.78	-11.705700561840024	-0.46822802247360096
1.92143749	0.89	-1.9781481709258488	-0.07912592683703396
1.9214304	0.78	-5.861851690938037	-0.2344740676375215
1.9214353	0.89	-5.7394966551622835	-0.22957986620649135
14.20442616	0.91	-6.7401852605655925	-0.2696074104226237
14.20443009	0.74	-6.630444097935304	-0.26521776391741214
14.20437	0.87	-0.31230390634750627	-0.01249215625390025
14.20443864	0.91	-5.683320247427882	-0.22733280989711527
14.20455271	0.91	-11.081897107297142	-0.4432758842918857
14.20443009	0.74	-2.667315042452089	-0.10669260169808356
55.67454	0.73	-8.637932912430175	-0.345517316497207
55.6738309	0.81	-16.893116218990393	-0.6757246487596157
55.6738309	0.85	-16.27881945388404	-0.6511527781553617
55.6738309	0.85	-10.271640083650931	-0.4108656033460373
55.673582	0.81	-10.81433347372323	-0.43257333894892924
55.673582	0.79	-4.868967542835074	-0.19475870171340298
4.88084456	0.82	-4.838703288032008	-0.1935481315212803
4.88083852	0.82	-3.8055111870707634	-0.15222044748283053
4.88084456	0.77	-6.537937700055334	-0.26151750800221335
4.88082858	0.77	-1.7097652417168168	-0.06839060966867268
4.88083852	0.82	-27.035690078113568	-1.0814276031245427
10.56134221	1.03	-7.204854310291837	-0.2881941724116735
10.56156	0.82	-4.38394413493866	-0.1753577653975464
10.56134221	1.03	-21.102675624424734	-0.8441070249769894
10.56134221	1.03	-15.736448662834416	-0.6294579465133766
67.6690554	1.01	-8.041024179203008	-0.32164096716812035
67.668827	1.15	-0.5956971305250446	-0.023827885221001783
67.66919	1.06	-14.297684795574407	-0.5719073918229762
153.3506228	1.01	-0.6286124698919942	-0.025144498795679766
153.348739	0.96	-24.31570949102747	-0.9726283796410988
153.343364	0.96	-7.0691201708795885	-0.28276480683518357
153.343364	0.96	-4.864770480849396	-0.19459081923397584
52.632	0.93	-11.567256523327663	-0.4626902609331065
52.6298417	0.91	-7.196480352869059	-0.28785921411476234
52.6298542	0.93	-11.837084214386543	-0.47348336857546175
52.6298417	0.91	-2.6821240490386935	-0.10728496196154774
14.87712	0.99	-14.272214687461148	-0.570888587498446
14.87799728	1.0	-6.7232842650137234	-0.26893137060054895
2.50805858	0.76	-3.6949812472784433	-0.14779924989113774
2.50805735	0.82	-7.228387339042776	-0.28913549356171103
2.50805735	0.64	-9.441122993773705	-0.3776449197509482
2.50806	0.81	-3.434283378940161	-0.13737133515760644
2.5080575	0.76	-5.790537413763634	-0.23162149655054534
2.50805735	0.64	-7.529248252202937	-0.3011699300881175
2.5080585	0.81	-0.3415152351978139	-0.013660609407912557
2.5080575	0.83	-3.292732033790571	-0.13170928135162283
2.50805735	0.81	-5.3172091661910015	-0.21268836664764007
820.3	0.81	-8.787174619479334	-0.35148698477917334
816.375396	0.81	-1.7023995383568	-0.068095981534272
59.6225257	1.07	-3.534816817943267	-0.14139267271773068
59.6225257	1.07	-15.384081556594147	-0.6153632622637659
59.6225257	0.97	-10.689343275504319	-0.42757373102017276
59.6222627	0.97	-4.078420435294472	-0.16313681741177888
59.6222627	1.07	-5.76245136578457	-0.23049805463138281
17.42393582	0.99	-17.062755816729105	-0.6825102326691642
17.42395198	0.89	-7.189726712141144	-0.28758906848564575
17.42395198	0.99	-6.697845390161001	-0.26791381560644006
17.42392898	0.91	-5.743694424916292	-0.2297477769966517
44.96417488	0.81	-7.092483405080631	-0.28369933620322524
44.96407458	0.82	-18.73173081944729	-0.7492692327778916
44.96417488	0.74	-3.4049732668309236	-0.13619893067323693
44.96417488	0.74	-13.982714266412199	-0.559308570656488
44.96407458	0.76	-3.376807649334117	-0.1350723059733647
44.96417488	0.74	-2.350346849339071	-0.09401387397356285
49.7701438	0.9	-1.138600503614542	-0.04554402014458168
49.7700907	0.99	-1.884472305050161	-0.07537889220200644
49.7701438	0.9	-1.465129749645624	-0.05860518998582496
49.76903547	0.99	-9.209816087238334	-0.3683926434895334
49.76999	0.97	-17.634874059422966	-0.7053949623769187
49.7701438	0.9	-1.53361526651064	-0.0613446106604256
43.31688	0.95	-17.89149371924697	-0.7156597487698788
43.3167737	0.85	-12.663556909078826	-0.5065422763631531
43.3167737	0.85	-9.979400619931207	-0.3991760247972483
43.31650965	0.95	-15.777904275550393	-0.6311161710220157
43.31690377	0.95	-2.2854886713085554	-0.09141954685234222
43.3167737	0.86	-0.9117957044710823	-0.03647182817884329
43.3167427	0.86	-1.657338449104937	-0.06629353796419749
31.0033814	1.13	-3.5690135567277212	-0.14276054226910886
31.0033814	1.13	-8.88714522683187	-0.35548580907327476
31.00288579	1.01	-4.486114964761368	-0.17944459859045472
31.0033814	0.97	-5.0070289816837725	-0.2002811592673509
31.0031	1.04	-0.9239314727152328	-0.03695725890860931
31.0033072	1.01	-3.58307504838358	-0.1433230019353432
31.0033814	1.13	-3.667085439474414	-0.14668341757897657
31.00308636	1.01	-6.1449160380597725	-0.24579664152239092
11.79161234	1.06	-7.613167840649776	-0.30452671362599104
11.79174	1.02	-2.5165188621543524	-0.10066075448617409
11.79162572	0.95	-3.8444319108177827	-0.1537772764327113
11.79162572	0.95	-2.7180131743081413	-0.10872052697232565
26.9644317	0.9	-0.17457545310674577	-0.006983018124269831
26.96446827	0.96	-16.289403897552376	-0.6515761559020951
26.96447	0.95	-4.913096003591204	-0.19652384014364818
26.964501	0.96	-3.4787012988705897	-0.13914805195482358
26.9644317	1.02	-12.416395290422088	-0.49665581161688355
26.9644317	1.02	-0.6325309310097853	-0.025301237240391412
7.76845639	0.93	-20.053588247299068	-0.8021435298919627
7.768552	0.95	-5.208604497760565	-0.20834417991042262
7.7684356	0.96	-1.813332021987212	-0.07253328087948849
7.76846622	0.91	-13.080981437473627	-0.5232392574989451
7.76845639	0.96	-1.7784125864852525	-0.0711365034594101
8.6893073	0.82	-1.8918186965020642	-0.07567274786008257
8.689298	0.76	-1.8503821858576777	-0.0740152874343071
8.6893073	0.82	-1.3099266955051405	-0.052397067820205624
8.68930122	0.85	-2.898868471904075	-0.115954738876163
8.6893073	0.82	-4.911702757768827	-0.1964681103107531
20.99757968	0.85	-7.10421358278521	-0.2841685433114084
20.99747771	0.82	-1.3888350111110208	-0.055553400444440834
20.99720001	0.82	-11.15799284283276	-0.4463197137133104
20.99757968	0.82	-1.1987357459662953	-0.04794942983865181
20.99749865	0.85	-3.578396869206607	-0.14313587476826428
20.99433	0.76	-2.095634338373534	-0.08382537353494136
11.52307274	1.0	-27.658797023495286	-1.1063518809398114
11.5231	1.08	-11.300413589253694	-0.45201654357014776
11.52307584	1.0	-1.324487544855671	-0.05297950179422684
11.52306995	1.05	-10.036081599671085	-0.40144326398684343
11.52306746	1.05	-15.170065938286202	-0.606802637531448
11.52306746	1.0	-0.5488788265983651	-0.021955153063934602
11.52306995	1.07	-16.22585637333703	-0.6490342549334812
98.7180406	0.87	-9.678046464984705	-0.3871218585993882
98.7180406	0.87	-11.858537400819333	-0.47434149603277337
71.52533237	0.75	-1.9164184441748018	-0.07665673776699207
71.52530845	0.79	-15.946866826470632	-0.6378746730588253
71.52539312	0.75	-2.3891350986353554	-0.09556540394541423
71.52530845	0.77	-6.290876617742178	-0.2516350647096871
71.52530845	0.79	-10.72911650468377	-0.4291646601873508
71.52543938	0.75	-1.7081276641291991	-0.06832510656516796
130.3543929	1.09	-6.616694396145174	-0.264667775845807
130.35464842	1.0	-4.765484900969563	-0.19061939603878253
130.3546919	1.0	-0.24128214651823343	-0.009651285860729338
130.3546919	1.09	-5.76250567579786	-0.23050022703191442
130.3543929	1.0	-2.1596912257155725	-0.0863876490286229
130.35496133	1.0	-5.431404610261419	-0.21725618441045677
130.35148	0.98	-9.860643350972097	-0.3944257340388839
88.40655258	1.09	-30.018017078323204	-1.2007206831329282
88.40655258	0.95	-8.056888706890511	-0.32227554827562044
88.40703	1.09	-16.634613733850202	-0.665384549354008
9.10967112	1.09	-15.230657753859154	-0.6092263101543661
9.10967112	0.95	-13.26698638329702	-0.5306794553318808
16.781774	0.71	-10.131554539133155	-0.40526218156532623
16.78176602	0.82	-3.731400135713401	-0.14925600542853604
16.78176602	0.82	-10.207728723965634	-0.40830914895862536
16.78175788	0.78	-18.69041224424842	-0.7476164897699369
16.78176602	0.73	-11.306161521263453	-0.45224646085053816
16.78175811	0.81	-17.884728725507827	-0.7153891490203131
16.78175788	0.81	-17.689800790946155	-0.7075920316378462
16.78176602	0.73	-16.792728957914665	-0.6717091583165866
14.53244172	0.8	-24.33603185275577	-0.9734412741102308
14.53244172	0.89	-16.09010111258639	-0.6436040445034555
14.53244172	0.8	-4.938753097398828	-0.1975501238959531
14.532271	0.8	-19.32111352300741	-0.7728445409202963
14.5324483	0.8	-0.9927828466562159	-0.03971131386624863
5.248681	1.07	-9.060043684309594	-0.3624017473723838
5.24867263	1.1	-7.542972479818675	-0.301718899192747
5.24867263	1.09	-9.089252039482695	-0.3635700815793078
5.24866995	1.08	-3.2448617622655402	-0.12979447049062162
5.90741354	0.81	-12.31186469209641	-0.49247458768385644
5.90741476	0.67	-6.025532874292807	-0.24102131497171228
5.90741476	0.78	-9.532202417133549	-0.38128809668534197
5.90741354	0.67	-4.314357658134764	-0.17257430632539056
5.90741354	0.67	-12.839494336157976	-0.5135797734463191
5.90741395	0.78	-14.501221222744816	-0.5800488489097927
5.907393	0.73	-13.474292079274884	-0.5389716831709953
5.90741389	0.78	-1.880682003941105	-0.0752272801576442
5.90741354	0.67	-9.68773691898833	-0.38750947675953323
9.7678805	0.9	-23.570562437108407	-0.9428224974843363
9.7678805	0.91	-11.377398964377942	-0.4550959585751177
9.767805	0.84	-8.540838151873396	-0.34163352607493586
9.76787254	0.96	-6.502258854010051	-0.26009035416040205
9.76785911	0.96	-6.090656672444922	-0.2436262668977969
9.76785911	0.86	-3.274195122797831	-0.13096780491191326
9.7678805	0.91	-3.249433752616337	-0.12997735010465347
14.80074836	1.41	-1.6478732346344447	-0.06591492938537778
14.80058555	1.48	-9.094403811778857	-0.3637761524711543
14.80012	1.39	-1.200588271526993	-0.04802353086107972
14.80074836	1.41	-10.85890788427623	-0.4343563153710492
14.80074836	1.6	-1.2091575399248575	-0.0483663015969943
14.80074836	1.41	-13.580393675195689	-0.5432157470078276
14.80075082	1.48	-2.2880993296370344	-0.09152397318548137
16.2385	1.0	-14.321779622806153	-0.5728711849122461
16.238465	0.99	-4.60155584969869	-0.1840622339879476
16.23846777	1.03	-6.484764448233182	-0.2593905779293273
16.23846777	1.01	-3.744391719691846	-0.14977566878767384
16.23846777	1.01	-20.442500118290496	-0.8177000047316199
3.1268651	0.68	-2.8995148283369834	-0.11598059313347933
3.12686119	0.71	-19.711111689176168	-0.7884444675670467
3.12686223	0.75	-4.0596380540678085	-0.16238552216271235
3.12686119	0.97	-8.091727514219734	-0.3236691005687894
16.87727414	1.0	-4.571294923180832	-0.1828517969272333
16.87725775	0.98	-2.9748091619462	-0.118992366477848
16.877342	0.91	-9.176981413319892	-0.36707925653279566
12.05707239	0.74	-14.39619530893118	-0.5758478123572472
12.05707239	0.93	-5.804371396932181	-0.23217485587728726
12.05707239	0.88	-8.26997599270828	-0.33079903970833124
12.057086	0.89	-9.68977943635278	-0.3875911774541112
9.97683018	0.93	-5.461761691345237	-0.21847046765380948
9.97685552	0.93	-20.52755989545835	-0.821102395818334
9.97683705	0.82	-5.693465016722311	-0.22773860066889245
9.97683705	0.82	-18.02011954564029	-0.7208047818256117
9.97683705	0.91	-10.084499739017566	-0.40337998956070265
9.97683705	0.82	-12.096825882738747	-0.4838730353095499
9.976834	0.83	-2.2299654699159985	-0.08919861879663994
9.97682072	0.93	-5.630022171365004	-0.22520088685460019
0.919783	0.82	-8.683714679617296	-0.34734858718469186
13.5225106	1.08	-4.188739804500825	-0.167549592180033
13.52252066	0.93	-9.535372497753727	-0.3814148999101491
13.5225106	1.08	-5.949499082735358	-0.23797996330941434
13.52251625	0.93	-16.25704687850944	-0.6502818751403775
13.5225106	0.93	-6.800583162512526	-0.27202332650050104
13.52252364	0.88	-5.673986661963495	-0.2269594664785398
13.52252364	0.93	-25.180685951547858	-1.0072274380619144
13.5225106	1.08	-14.644521386828593	-0.5857808554731437
13.522604	0.93	-11.343083237632634	-0.45372332950530536
134.2527298	1.05	-12.155315438118338	-0.48621261752473355
134.2522154	1.12	-3.5213697379012743	-0.140854789516051
134.2527298	0.91	-2.915970745191871	-0.11663882980767484
99.7468804	0.99	-5.521416958216978	-0.22085667832867914
99.74687668	0.99	-3.884452623699112	-0.15537810494796447
99.747622	0.8	-6.9985116671094145	-0.2799404666843766
99.7468804	0.8	-17.32617007374934	-0.6930468029499736
99.7469	0.89	-1.6259060584816794	-0.06503624233926718
99.747622	0.8	-10.636385557299995	-0.42545542229199984
99.74707382	0.99	-11.627303694933264	-0.4650921477973306
13.227123	0.77	-21.385699149399603	-0.8554279659759841
13.22713379	0.62	-27.129232675588366	-1.0851693070235346
13.22713379	0.62	-0.7770416413878118	-0.031081665655512476
13.22714056	0.82	-8.615722547196828	-0.34462890188787315
198.7106251	0.82	-1.6828215335613907	-0.06731286134245563
198.7112502	0.62	-12.482642151049802	-0.4993056860419921
198.7112502	0.84	-8.366529962157482	-0.3346611984862993
198.7112502	0.62	-3.579849503791342	-0.1431939801516537
3.69298373	0.57	-11.435160707168034	-0.4574064282867214
3.69298373	0.57	-9.854311885907627	-0.3941724754363051
3.69298623	0.57	-2.097687462274971	-0.08390749849099884
3.69298373	0.57	-27.167367305766412	-1.0866946922306564
3.692988	0.63	-1.4889571784857794	-0.059558287139431176
3.69298623	0.7	-7.815685492258835	-0.3126274196903534
5.70940492	0.57	-9.807452825548145	-0.3922981130219258
5.70940397	0.7	-0.3651405967041334	-0.014605623868165336
5.70940492	0.57	-10.621767302379858	-0.42487069209519435
5.70940744	0.7	-15.810247809815333	-0.6324099123926133
34.1731714	0.83	-0.1133868406295348	-0.004535473625181392
34.1732156	0.89	-7.577685081502388	-0.3031074032600955
34.1732156	0.95	-18.659744966488475	-0.746389798659539
34.17319689	0.89	-6.253525694515405	-0.2501410277806162
34.1731714	0.92	-1.419937920725648	-0.05679751682902592
34.17314028	0.89	-14.598998439271803	-0.5839599375708722
1.6829346	0.88	-8.81541542808648	-0.3526166171234592
1.6829346	0.83	-12.223013928037183	-0.48892055712148735
1.68293461	0.95	-20.780415438259503	-0.8312166175303801
1.6829346	0.83	-4.903523542980461	-0.19614094171921845
1.68293776	0.89	-7.63719629438253	-0.3054878517753012
2.58663808	0.91	-2.86057313068928	-0.11442292522757119
2.58663808	0.91	-0.3050871278602273	-0.012203485114409092
2.58663808	0.96	-5.674070679095807	-0.22696282716383226
2.58663808	0.9	-6.949616528028667	-0.27798466112114667
2.58663808	0.9	-1.1726640964375985	-0.04690656385750394
2.58663952	1.05	-15.187765273645955	-0.6075106109458382
2.58664125	1.05	-5.338966250776591	-0.21355865003106364
2.58663808	0.91	-4.436297101159275	-0.17745188404637102
2.5866272	0.94	-7.729369701523927	-0.3091747880609571
789.0	0.94	-14.438427857344792	-0.5775371142937916
16.73652231	0.7	-3.335787261783958	-0.13343149047135833
16.736525	0.67	-1.778289884787468	-0.07113159539149871
16.7364755	0.65	-1.2173856195122035	-0.04869542478048814
9.59070716	0.82	-1.4586789479223028	-0.058347157916892115
9.59068586	0.97	-6.36208023192189	-0.2544832092768756
9.590633	1.01	-7.151265672257673	-0.2860506268903069
9.59070716	0.95	-9.963272165198184	-0.39853088660792735
9.59075189	0.97	-11.246190192172634	-0.44984760768690535
9.59070716	0.88	-6.9464201489232975	-0.2778568059569319
9.59068637	0.97	-6.530255435416737	-0.2612102174166695
7.03932913	1.09	-15.492448282594234	-0.6196979313037694
7.03932553	1.15	-12.732401323674075	-0.509296052946963
7.03932553	1.06	-2.904409567340453	-0.11617638269361813
7.03932913	1.06	-2.1264840237274067	-0.08505936094909627
7.03932553	1.06	-6.641149534864024	-0.26564598139456097
49.6077331	0.7	-2.2182915364006295	-0.08873166145602518
49.6075771	0.88	-3.8638889914606898	-0.1545555596584276
49.6077331	0.83	-9.78223641963303	-0.3912894567853212
4.19449651	0.46	-17.071264046682693	-0.6828505618673077
4.19449687	0.56	-23.98086443626306	-0.9592345774505224
4.19449651	0.46	-0.5207189675216999	-0.020828758700867995
4.19449651	0.46	-6.460205879800325	-0.258408235192013
4.19450074	0.53	-1.60783400723358	-0.0643133602893432
1.97034246	0.95	-0.7725441804649102	-0.030901767218596412
1.9703402	0.95	-5.874822870044263	-0.23499291480177054
1.97034246	0.84	-0.1396130408366596	-0.005584521633466384
1.97034246	0.95	-4.761165913558925	-0.190446636542357
1.97034447	0.77	-11.688548357117487	-0.4675419342846995
5.0582132	0.95	-12.090095393072389	-0.48360381572289557
5.05821503	0.77	-0.7322700552877086	-0.029290802211508343
5.058228	0.68	-19.891785965041176	-0.795671438601647
5.05821991	0.95	-10.594634631693275	-0.423785385267731
105.9564148	0.89	-6.252739596760336	-0.25010958387041343
105.9577	0.84	-3.950897153705685	-0.1580358861482274
105.9567331	0.82	-2.619737572506497	-0.10478950290025989
105.9564148	0.87	-14.400981745621134	-0.5760392698248454
105.9564148	0.89	-9.471343504420247	-0.3788537401768099
105.9564148	0.89	-9.420353337908468	-0.37681413351633875
105.9566815	0.89	-2.3462029137434364	-0.09384811654973746
26.85328322	0.79	-5.673574828123383	-0.22694299312493532
26.85323647	0.79	-7.372376562260727	-0.29489506249042907
26.85330872	0.88	-10.350375392728589	-0.41401501570914356
26.85323647	0.88	-5.574977289886574	-0.22299909159546297
26.85328322	0.79	-4.041709334208247	-0.16166837336832987
26.85328322	0.79	-2.129235220244655	-0.0851694088097862
26.85336	0.8	-12.90401992175381	-0.5161607968701524
26.85338785	0.88	-13.956139578956336	-0.5582455831582535
49.6221509	1.04	-5.540622235241729	-0.22162488940966918
49.6220669	1.1	-3.781743996764395	-0.1512697598705758
49.6221509	1.04	-6.309311112198186	-0.25237244448792745
49.62473	1.12	-9.870675434150412	-0.3948270173660165
8.0880135	0.84	-21.6101375818941	-0.864405503275764
8.08801663	0.88	-5.256255063506236	-0.21025020254024945
8.08801663	0.87	-3.4959815512345362	-0.13983926204938146
8.0880135	0.84	-14.809838244678444	-0.5923935297871378
8.08801581	0.88	-8.62311129182186	-0.34492445167287444
8.0880135	0.87	-4.161580094187016	-0.16646320376748067
8.088034	0.81	-16.83161439397382	-0.6732645757589528
1.54167548	0.97	-18.621065849370414	-0.7448426339748165
1.54167663	0.99	-9.888394026385443	-0.3955357610554177
1.54167663	1.0	-14.761544232709642	-0.5904617693083857
1.54168	0.99	-2.614185548011162	-0.10456742192044649
1.54167663	0.96	-5.535789915803092	-0.2214315966321237
1.54167655	0.94	-9.523018127576323	-0.3809207251030529
1.5416829	0.99	-1.4398497919728361	-0.05759399167891344
11.55102504	1.0	-5.562543940982033	-0.22250175763928134
11.55099376	1.04	-13.839161521318138	-0.5535664608527255
11.55102504	1.05	-2.2291687664337227	-0.08916675065734891
11.55102504	0.92	-6.098265163835857	-0.2439306065534343
11.551282	1.01	-11.264504928217788	-0.4505801971287115
11.55102504	0.92	-8.550682191851509	-0.3420272876740604
4.46975774	1.02	-21.295790665238624	-0.8518316266095449
4.46975464	1.02	-29.58426516230864	-1.1833706064923457
4.46976519	1.0	-15.112131391708505	-0.6044852556683402
4.46975464	1.0	-21.842259366306422	-0.8736903746522569
4.46975774	0.98	-10.815793737769583	-0.43263174951078337
4.46975774	1.02	-8.415087034018319	-0.33660348136073276
15.77378	1.01	-9.528714776877962	-0.3811485910751185
15.77374495	1.33	-2.915395043861281	-0.11661580175445124
15.7738221	1.14	-5.2112468096585705	-0.20844987238634283
15.77382794	1.33	-4.0338655308208144	-0.1613546212328326
15.7738221	1.14	-14.01945391081955	-0.5607781564327821
15.77380147	1.33	-1.1329780321263652	-0.04531912128505461
15.7738221	1.14	-6.675253178123846	-0.26701012712495387
60.0855082	1.06	-0.7329403013059642	-0.029317612052238567
60.0853848	1.15	-9.226570764293715	-0.3690628305717486
60.0855082	1.06	-14.437269852886141	-0.5774907941154457
43.03252	0.9	-8.790217893096568	-0.3516087157238627
43.0342272	0.95	-1.7986856187447966	-0.07194742474979186
43.0342272	0.96	-7.203313238607436	-0.2881325295442974
43.0342272	0.95	-2.9333642687282397	-0.11733457074912959
43.0342272	0.96	-14.206401365412463	-0.5682560546164985
43.0343364	0.91	-4.292781644681796	-0.17171126578727183
116.33178505	0.95	-3.366957062402108	-0.13467828249608432
116.33223	0.9	-5.216844033797073	-0.20867376135188292
116.331901	0.98	-12.118464547430886	-0.48473858189723545
116.331901	0.98	-11.898544080729964	-0.47594176322919857
116.331901	0.88	-2.19915154710972	-0.0879660618843888
116.331901	0.98	-19.493051625654655	-0.7797220650261862
56.4349938	0.98	-4.6124655622561805	-0.18449862249024723
56.4349938	0.98	-0.6572745002027576	-0.026290980008110303
56.43500854	0.97	-3.667775876519416	-0.14671103506077665
56.4349933	0.97	-3.7038037217326707	-0.14815214886930683
56.4349938	0.98	-17.656799933597178	-0.7062719973438871
56.43504953	0.97	-13.823105458097176	-0.552924218323887
105.3033148	0.97	-4.888666065651925	-0.19554664262607702
105.3032347	1.01	-27.859456640015594	-1.1143782656006238
17.76076016	0.62	-5.29497251552049	-0.2117989006208196
17.76080053	0.56	-24.85890034226567	-0.9943560136906269
17.76076524	0.62	-6.816853258721389	-0.27267413034885557
17.76080053	0.56	-12.339236601113065	-0.4935694640445226
17.760669	0.56	-17.91154095297427	-0.7164616381189708
7.96431535	0.83	-2.222405377021618	-0.08889621508086473
7.96431492	0.83	-12.331890402145255	-0.4932756160858102
7.96431535	0.83	-5.188855271648984	-0.20755421086595938
7.96431535	0.83	-3.58241801724532	-0.1432967206898128
7.96431524	0.82	-3.070349864608959	-0.12281399458435836
7.96431535	0.82	-3.2264197612087377	-0.1290567904483495
7.964294	0.75	-4.2888117837780255	-0.17155247135112103
4.60357804	0.81	-6.586502034287142	-0.2634600813714857
4.60358	0.79	-21.550851043872186	-0.8620340417548874
4.60357804	0.75	-1.9977776074506883	-0.07991110429802753
4.6035613	0.79	-3.1922310588471303	-0.1276892423538852
4.60357804	0.75	-10.21033232592262	-0.4084132930369048
9.91724268	0.97	-3.703035265835108	-0.1481214106334043
9.91723428	0.96	-17.28719157760637	-0.6914876631042549
9.91720662	0.97	-11.431260714694485	-0.4572504285877794
9.91724268	0.93	-6.8607820491716875	-0.2744312819668675
9.917215	1.01	-4.4068420566422235	-0.17627368226568893
9.91722275	0.97	-13.76884340225143	-0.5507537360900573
9.91723428	0.96	-2.143132101509472	-0.08572528406037888
9.91723428	1.05	-10.151935423104598	-0.4060774169241839
0.53835431	0.96	-0.8546834684717247	-0.03418733873886899
0.53835431	1.05	-4.359985443410366	-0.17439941773641465
0.53835431	0.96	-2.0321604391865034	-0.08128641756746013
0.53834791	0.97	-0.6806128145700214	-0.02722451258280086
0.53835431	0.86	-9.47327243724183	-0.37893089748967324
82.5342519	0.64	-21.780301933882797	-0.8712120773553119
82.5341188	0.58	-6.377883168992966	-0.25511532675971865
82.5341188	0.69	-0.9008097902630416	-0.036032391610521665
82.53460678	0.69	-6.224800574364915	-0.2489920229745966
82.53186	0.62	-2.9443169090616643	-0.11777267636246658
20.16034462	0.78	-3.192642927125236	-0.12770571708500944
20.1602	0.92	-6.694785621921493	-0.26779142487685975
20.16037858	0.77	-1.6943502826557117	-0.06777401130622847
20.16034462	0.8	-14.690933109999477	-0.5876373243999791
22.08515	0.63	-5.272519249631534	-0.21090076998526136
22.08557563	0.43	-0.29613155159142995	-0.011845262063657198
22.08551599	0.57	-18.686798242280457	-0.7474719296912182
22.08555894	0.57	-12.571918660134385	-0.5028767464053754
22.08557563	0.57	-6.403328175646822	-0.2561331270258729
1.15116651	0.56	-3.9804290006081247	-0.15921716002432498
1.15116651	0.54	-1.7507946494532676	-0.0700317859781307
1.1511671	0.55	-9.555395126558095	-0.3822158050623238
1.15116678	0.56	-3.89409730263434	-0.1557638921053736
1.15116611	0.59	-4.7570821648609085	-0.19028328659443636
28.26737506	0.88	-6.869147109006173	-0.2747658843602469
28.26681	0.78	-10.569000670526513	-0.42276002682106056
28.26731672	0.74	-10.918594298956323	-0.4367437719582529
28.26727385	0.88	-8.264983636474623	-0.33059934545898495
28.26731672	0.74	-4.789871824937813	-0.19159487299751252
28.26758203	0.88	-4.4023508243195275	-0.17609403297278112
28.26731672	0.83	-9.970825423577853	-0.3988330169431141
3.77059058	0.92	-17.134831486218967	-0.6853932594487587
3.77058174	1.05	-22.306140090987682	-0.8922456036395073
3.77059058	0.92	-9.981864949457018	-0.39927459797828074
3.77057431	1.05	-2.880471096520602	-0.1152188438608241
3.77059058	0.92	-17.69770022009981	-0.7079080088039925
3.770567	1.07	-9.625020307588036	-0.38500081230352146
2.70730672	1.01	-16.655122257580302	-0.6662048903032121
2.70730672	1.22	-6.001892814690041	-0.24007571258760166
2.7073064	1.18	-3.4772148672313463	-0.13908859468925386
2.70730672	1.01	-0.7101379071997392	-0.02840551628798957
2.70728053	1.18	-1.1594572941911423	-0.04637829176764569
5.65377733	1.02	-14.827269334377398	-0.593090773375096
5.65378367	1.05	-22.00557176434942	-0.8802228705739767
5.65378163	1.02	-7.257171041052996	-0.2902868416421199
5.65378163	1.05	-6.900870181221034	-0.2760348072488414
5.65377733	1.02	-11.007502049967762	-0.4403000819987105
5.65377733	1.12	-20.635212626955834	-0.8254085050782334
5.653717	1.03	-14.34891481602446	-0.5739565926409784
5.99185702	1.29	-9.716265164191963	-0.3886506065676785
5.99185827	1.17	-16.764020250391454	-0.6705608100156581
5.991849	1.33	-13.063728572338098	-0.5225491428935239
5.9917683	1.15	-20.8419629363452	-0.833678517453808
5.99185702	1.06	-18.234583428213924	-0.729383337128557
5.99187235	1.15	-7.645336611081907	-0.3058134644432763
5.99185702	1.06	-11.153585481384386	-0.4461434192553755
5.99185702	1.06	-12.050611978728627	-0.4820244791491451
1.4015272	0.62	-1.6343411593759658	-0.06537364637503863
1.40152604	0.61	-7.367855666568991	-0.29471422666275965
8.781	0.21	-1.881881989300727	-0.07527527957202908
2.2531154	0.31	-10.267657553229403	-0.41070630212917614
2.25314	0.31	-10.249779335491226	-0.4099911734196491
3.690621	0.31	-8.162614080402648	-0.32650456321610594
3.6906716	0.31	-18.550436746126152	-0.7420174698450461
3.6906745	0.31	-7.0738981622099715	-0.28295592648839885
3.6906777	0.27	-3.6187859148790635	-0.14475143659516254
3.6904	0.31	-0.5383782945103635	-0.021535131780414538
7.450737	0.31	-11.602602509343217	-0.46410410037372873
7.4507245	0.27	-13.163719792281393	-0.5265487916912557
7.4512	0.31	-6.078283016047396	-0.24313132064189585
7.45086	0.31	-17.056019666540784	-0.6822407866616313
12.796	0.27	-4.493931589459823	-0.17975726357839292
24.73723	0.18	-2.368984642091787	-0.09475938568367148
24.73712	0.15	-2.8046765225838057	-0.11218706090335223
24.73694	0.19	-0.3143436436763854	-0.012573745747055417
3.777931	0.18	-0.41622725341398287	-0.016649090136559314
3.77792	0.19	-7.039440267282044	-0.2815776106912818
3.77794	0.18	-0.7228659279831402	-0.02891463711932561
3.7779329	0.18	-22.642703885127535	-0.9057081554051014
1.9495378	0.24	-15.34182816887866	-0.6136731267551464
0.8602325	0.34	-6.701096102057287	-0.2680438440822915
3.694284	0.34	-5.052762025770836	-0.20211048103083343
4.9652229	0.34	-0.9889450801472232	-0.039557803205888926
3.814334	0.5	-2.0620057976529216	-0.08248023190611686
3.81433	0.5	-3.1951091092755486	-0.12780436437102194
3.8142907	0.5	-5.976794797666878	-0.23907179190667513
0.46292964	0.15	-3.02665270731762	-0.1210661082927048
0.46292913	0.15	-4.106139854549101	-0.16424559418196402
2.029088	0.26	-5.046095200393736	-0.20184380801574942
2.029101	0.27	-19.048143317706124	-0.7619257327082449
4.052034	0.59	-4.343421612045801	-0.17373686448183204
4.0520345	0.59	-3.639432503808957	-0.14557730015235829
0.9479981	0.14	-7.638557069108185	-0.30554228276432743
0.948005	0.14	-1.5338999310447676	-0.06135599724179071
4.9899093	0.14	-5.023758971304319	-0.20095035885217274
2.753436	0.14	-12.031812823067822	-0.4812725129227129
2.7299025	0.12	-4.670855972604153	-0.18683423890416614
14.4399	0.43	-10.349451988650166	-0.4139780795460067
5.35882	0.26	-8.185669228615785	-0.3274267691446314
5.358777	0.26	-2.202287593980426	-0.08809150375921704
5.3587635	0.26	-3.6218933799879145	-0.14487573519951658
5.3587657	0.26	-0.8041708502667827	-0.03216683401067131
0.768448	0.4	-11.93554026151993	-0.47742161046079723
0.76837883	0.38	-12.98576448960867	-0.5194305795843468
12.252196	0.38	-26.248439913475565	-1.0499375965390225
12.252131	0.38	-8.811860243281705	-0.3524744097312682
12.252208	0.4	-15.783512591343518	-0.6313405036537407
12.2519	0.4	-4.182267634475085	-0.16729070537900342
0.79206425	0.77	-19.65861366095859	-0.7863445464383436
10001.0	0.03	-18.5191159195946	-0.740764636783784
0.13293503	1.4	-24.73212983687559	-0.9892851934750236
2.8240759	1.75	-12.19053376783602	-0.48762135071344087
2.82406	1.75	-14.159378798836373	-0.5663751519534549
1980.0	0.19	-13.910644347361806	-0.5564257738944722
550.0	0.43	-13.639081901359676	-0.545563276054387
3000.0	0.43	-10.73148875248835	-0.429259550099534
77.48	1.26	-7.432541999389237	-0.2973016799755695
120.951	1.35	-13.538278011288545	-0.5415311204515418
511.21	1.37	-12.991983991432228	-0.5196793596572892
6.96	1.01	-4.868880079543612	-0.19475520318174447
6.958	1.01	-9.972996730970271	-0.39891986923881084
5.118	0.96	-2.5457371643915345	-0.10182948657566138
5.118	0.96	-1.8531834680984818	-0.07412733872393927
5.118	0.96	-7.499824181143913	-0.2999929672457565
4.119027	1.3	-3.7220718352299498	-0.148882873409198
3.5357173	0.9	-4.83811129647436	-0.1935244518589744
3.27623	0.99	-5.958662860272216	-0.23834651441088864
4.84532	1.0	-10.848967139387	-0.43395868557548
3.24253	1.02	-1.186286937183758	-0.047451477487350326
2.823093	0.91	-7.709045312183162	-0.30836181248732647
3.3704181	1.07	-7.8014451451889375	-0.3120578058075575
1.6753728	1.02	-1.5649559035408918	-0.06259823614163568
98.29838	0.94	-13.62675378303531	-0.5450701513214125
2.827972	1.6	-2.328181682614825	-0.093127267304593
1.3373505	0.75	-5.867432219612611	-0.23469728878450444
3.3569866	0.66	-7.441628392993232	-0.2976651357197293
2900.0	0.46	-6.395555205945645	-0.2558222082378258
3160.0	0.46	-6.041976786139844	-0.24167907144559375
8799.0	0.46	-7.070749227973233	-0.2828299691189293
3285.0	0.22	-13.95634495796309	-0.5582537983185236
1788.5	0.51	-5.996929368040354	-0.23987717472161418
4927.5	0.51	-3.082515220697558	-0.12330060882790232
1220.0	0.88	-26.018806872366344	-1.0407522748946538
5480.0	1.0	-16.382227088363994	-0.6552890835345597
3140.0	1.0	-3.453737473517963	-0.1381494989407185
3.101278	1.14	-4.793640117006645	-0.1917456046802658
3.101278	1.28	-2.326455618498257	-0.09305822473993029
3.101386	1.0	-12.589087126220296	-0.5035634850488119
3.101278	1.14	-23.44348564912963	-0.9377394259651852
3.1014	1.22	-10.45172338963529	-0.41806893558541164
4.0161	0.85	-7.257600437408371	-0.29030401749633483
4.0161	0.82	-0.5581852029792358	-0.02232740811916943
4.014484	0.82	-6.327575694939599	-0.253103027797584
4.0144477	0.78	-11.785115390332654	-0.4714046156133062
4.0144479	0.83	-9.814280209061112	-0.39257120836244447
4.0144479	0.81	-3.0943467349904443	-0.12377386939961778
4.0144477	0.85	-8.340464622592119	-0.3336185849036848
1.4324757	0.78	-8.84517266628174	-0.3538069066512696
1.4324752	0.78	-0.20535474908625523	-0.008214189963450209
1.4324758	0.79	-1.7756040708056928	-0.07102416283222772
1.43247506	0.73	-3.615084217709525	-0.144603368708381
1.689857	1.35	-1.704837409542536	-0.06819349638170144
1.689868	1.3	-1.890660075681557	-0.07562640302726228
1.689868	1.26	-13.118509930744578	-0.5247403972297832
1.68986531	1.3	-7.044932361283285	-0.2817972944513314
1.68986531	1.29	-14.029107343793385	-0.5611642937517354
1.689868	1.3	-5.158573038202104	-0.20634292152808417
3.67724	1.31	-18.398245559301287	-0.7359298223720515
1.21191096	1.34	-12.003609928684028	-0.4801443971473611
1.21191096	1.23	-1.8386318014196519	-0.07354527205678607
1.2119189	1.1	-15.388732342215171	-0.6155492936886069
1.211909	1.23	-8.348943226666071	-0.33395772906664284
1.211909	1.17	-2.96819461501194	-0.1187277846004776
2.48553417	1.43	-10.584838017445017	-0.42339352069780073
43500.0	0.76	-21.068278992944837	-0.8427311597177934
282.5254856	1.01	-12.158430351213084	-0.48633721404852337
282.52542	0.97	-14.828059945317046	-0.5931223978126818
282.5254856	1.01	-0.658849495627709	-0.02635397982510836
282.5255	0.94	-2.1325746339493503	-0.08530298535797401
282.5254595	1.05	-2.0331996821844442	-0.08132798728737776
98.2114	1.4	-1.3683827744106671	-0.054735310976426685
0.09070629	1.4	-7.326475351579695	-0.29305901406318785
0.322964	1.4	-3.7866877453722547	-0.15146750981489018
44000.0	1.36	-12.297235481828906	-0.49188941927315627
4.4264	1.23	-7.224534957490561	-0.28898139829962244
4850.0	0.94	-29.08792427301419	-1.1635169709205675
11.1868	0.12	-7.367109113790507	-0.2946843645516203
1.42002504	0.85	-7.462630849632167	-0.29850523398528667
1.42002406	0.8	-1.6730284165801381	-0.06692113666320552
1.4200246	0.8	-15.270454323736232	-0.6108181729494493
1.42002504	0.85	-33.88727923132211	-1.3554911692528844
1.4200242	0.84	-10.705876950416137	-0.4282350780166455
1.420033	0.85	-0.9033252669474776	-0.036133010677899105
1.4200242	0.84	-2.802184916687527	-0.11208739666750107
1.645321	1.16	-4.506022699645238	-0.18024090798580955
1.33711677	0.73	-4.846576434900053	-0.1938630573960021
1.3371182	0.74	-0.9328549638830861	-0.03731419855532345
1.33711647	0.74	-2.3428713860180364	-0.09371485544072146
1.33711656	0.74	-13.217410267827525	-0.528696410713101
1.33711655	0.74	-8.610445565839036	-0.34441782263356147
1.33711405	0.7	-5.082016713663068	-0.2032806685465227
1.33711716	0.74	-5.089891379606301	-0.20359565518425204
2.50789979	1.15	-0.5485309018294692	-0.021941236073178768
2.5078952	1.19	-4.281300468297849	-0.17125201873191398
2.5079204	1.15	-13.517982226609211	-0.5407192890643685
1.8053564	0.9	-8.839170219903316	-0.35356680879613267
1.8053704	0.85	-11.323691652739878	-0.45294766610959514
2.87929997	1.13	-15.995499883007593	-0.6398199953203038
2.8792319	1.13	-6.460829074206314	-0.2584331629682526
2.8793105	0.99	-10.461538328363568	-0.41846153313454276
2.032046	1.41	-0.4168655067928569	-0.016674620271714277
3.71495	1.03	-6.942081794224292	-0.2776832717689717
3.7146428	1.04	-2.4199172140453205	-0.09679668856181282
3.7146458	1.03	-1.500292255063945	-0.0600116902025578
1.540731	0.72	-8.526562175337551	-0.34106248701350206
9.8658	0.17	-15.184338546309078	-0.6073735418523631
10.77	0.18	-15.394256790652381	-0.6157702716260952
1.796	1.1	-15.085149394125974	-0.603405975765039
10.79	1.04	-3.65276604678923	-0.1461106418715692
23.624	1.03	-10.604093483365503	-0.42416373933462015
198.856	1.24	-22.356872611447912	-0.8942749044579165
188.835	1.24	-10.054606533431574	-0.402184261337263
200.452	1.24	-6.597814675528984	-0.2639125870211594
190.375	1.24	-16.166003685873076	-0.646640147434923
193.965	1.24	-1.808153992620409	-0.07232615970481636
165.7719	1.27	-9.473293649004939	-0.3789317459601976
3.660028	1.32	-14.503856689151693	-0.5801542675660677
76.8	1.13	-2.447436386588631	-0.09789745546354524
155.3	1.13	-9.869538056541378	-0.39478152226165514
1.44044527	0.56	-1.6033639877187826	-0.06413455950875131
35.806	1.2	-3.8868302977680265	-0.15547321191072105
4.11296	0.94	-2.786558613250744	-0.11146234453002976
7.972	0.94	-7.98873746520077	-0.3195494986080308
6.443868	0.75	-16.791018188930916	-0.6716407275572367
4.0782387	1.35	-35.66444642486931	-1.4265778569947725
4.066499	0.68	-1.93303834403332	-0.0773215337613328
4.077039	0.68	-0.5083154634115105	-0.020332618536460418
8.3501898	0.74	-4.981239442691642	-0.1992495777076657
8.350381	0.68	-1.2207574001641905	-0.048830296006567624
8.35038	0.68	-12.763226090691557	-0.5105290436276623
8.02773	1.12	-14.081844349234236	-0.5632737739693695
8.0277283	1.16	-4.649167481654287	-0.1859666992661715
4.17278	1.04	-0.3819413585298094	-0.015277654341192378
12.5199	1.02	-22.655658342416608	-0.9062263336966643
18.801	1.02	-17.39433327130451	-0.6957733308521804
18.80693	1.04	-7.622221890120665	-0.3048888756048266
18.7992	1.02	-14.573605198231881	-0.5829442079292753
26.317822	1.04	-3.0206490741039573	-0.12082596296415829
26.321	1.02	-6.802141823240102	-0.27208567292960406
39.5387	1.04	-8.268288019253966	-0.3307315207701586
7.06456	0.94	-6.5158436724895665	-0.2606337468995827
7.06466	0.91	-5.2157202816989185	-0.20862881126795674
8.95348768	0.85	-7.844483306718128	-0.3137793322687251
8.953458	0.84	-12.951957028520361	-0.5180782811408144
9.68676038	0.75	-14.79128705122059	-0.5916514820488236
9.686753	0.78	-1.1640053224199394	-0.04656021289679758
2.10319365	1.46	-2.2122210877774395	-0.08848884351109758
5.748432	0.73	-10.814337591040307	-0.4325735036416123
5.7484338	0.71	-1.3195691382662584	-0.05278276553065034
2.310644	1.01	-2.2783733657921657	-0.09113493463168663
2.3106446	0.98	-11.33130685368584	-0.45325227414743363
3.671463	1.23	-4.007163669312018	-0.16028654677248072
2.4919726	0.51	-19.69794826740883	-0.7879179306963532
4.1782745	0.4	-11.03338587805292	-0.4413354351221168
24.245586	0.48	-0.5409692693263556	-0.021638770773054223
3.444714	0.63	-12.4645638989027	-0.498582555956108
3.444717	0.63	-2.3306995021632764	-0.09322798008653106
6.40031648	0.73	-14.498109452888777	-0.5799243781155511
6.4003	0.75	-1.865324239149895	-0.07461296956599581
5.904144	0.87	-1.373346239519759	-0.05493384958079037
18.6559	0.87	-4.397886229966133	-0.17591544919864532
37.92548	0.89	-2.8374297898512584	-0.11349719159405033
4.65382	0.87	-18.472986796236317	-0.7389194718494527
9.15067	0.87	-17.6389021207493	-0.705556084829972
9.15059	0.86	-2.919748012339717	-0.11678992049358869
19.98	0.86	-16.332073559987123	-0.6532829423994849
3.477978	0.74	-3.778103878911746	-0.15112415515646985
3.12748	0.66	-7.707458035720451	-0.3082983214288181
7.493134	0.68	-3.531670029168607	-0.14126680116674428
10.894841	0.43	-9.662507780786832	-0.3865003112314733
18.80151	0.45	-4.635569857837934	-0.18542279431351738
18.80171	0.45	-13.944432361765982	-0.5577772944706393
18.80152	0.44	-6.228558332055771	-0.24914233328223084
8.157728	0.9	-6.669715237331201	-0.26678860949324806
8.157728	0.9	-15.937448809365122	-0.6374979523746049
8.157728	0.9	-23.826461096916653	-0.9530584438766662
4.2529913	0.9	-4.0394015779833365	-0.16157606311933345
3.31599	0.85	-5.513581704569407	-0.22054326818277628
8.689	0.85	-18.74107443650845	-0.7496429774603379
9.61419	0.88	-1.178775664076389	-0.04715102656305556
2.6998279	0.96	-5.218030939635109	-0.20872123758540437
2.69998	1.46	-10.089345774590285	-0.40357383098361144
2.699835	0.89	-6.268638215304571	-0.25074552861218286
443.0	0.89	-1.1659297071321915	-0.04663718828528766
159.9	1.16	-5.577644805854588	-0.2231057922341835
3.9443736	1.16	-9.342454438698779	-0.37369817754795115
4.5371453	1.44	-18.037783525860487	-0.7215113410344195
6.09640721	0.77	-0.450925277633822	-0.01803701110535288
2.1096935	0.97	-7.902537320523739	-0.31610149282094957
2.1097019	0.97	-8.858417000387979	-0.35433668001551916
4.720219	1.46	-7.172119945638656	-0.2868847978255462
95.174	1.13	-5.237964090003723	-0.20951856360014895
215.79	1.09	-21.306273827133353	-0.8522509530853342
215.5	1.13	-0.8936960521474089	-0.035747842085896354
4.841962	0.91	-3.931467978021278	-0.15725871912085113
4.841968	0.93	-7.767785282270461	-0.3107114112908185
25.8401	1.04	-3.5212663180422843	-0.14085065272169137
25.83839	1.04	-8.667145101877717	-0.3466858040751087
227.6	1.04	-9.386395485590482	-0.3754558194236193
232.0	1.04	-2.705875010024701	-0.10823500040098803
11.07085	0.69	-11.962662010124784	-0.4785064804049914
4.424711	1.33	-1.6512649388086122	-0.06605059755234449
1.21687	0.79	-7.359825664443324	-0.294393026577733
1.4520358	0.59	-1.6306837644077328	-0.06522735057630931
1.0697568	0.8	-3.472092739424827	-0.1388837095769931
2.650237	1.9	-4.541573311458801	-0.18166293245835202
18.840942	1.1	-8.967338395613382	-0.3586935358245353
23.540678	0.77	-7.964394758929855	-0.31857579035719424
0.4702743	0.95	-3.103005909174632	-0.12412023636698528
0.4702694	0.93	-8.073304967667386	-0.3229321987066955
8.112245	0.37	-13.83393223877043	-0.5533572895508172
2.0439274	0.48	-7.773562827641127	-0.3109425131056451
5.0688	0.48	-10.66377667383515	-0.426551066953406
16.537944	1.0	-20.01915217543559	-0.8007660870174236
5.97199	0.45	-13.656944237750126	-0.5462777695100051
15.532482	0.34	-12.743400323290572	-0.5097360129316229
2.527093	0.47	-14.95461624649821	-0.5981846498599284
18.08816	0.47	-19.30008904893527	-0.7720035619574108
10.1803074	0.95	-4.127982085651825	-0.165119283426073
5.857342	1.25	-7.418176378999606	-0.29672705515998427
5.8574204	1.25	-6.43419384900677	-0.25736775396027084
2.056014	1.14	-27.487907227857423	-1.0995162891142969
1.9026144	1.79	-14.162592420328854	-0.5665036968131542
1.902603	1.79	-11.252610776012103	-0.45010443104048414
2.08453882	0.95	-4.484908229952885	-0.1793963291981154
2.0845392	0.95	-5.343774473992616	-0.21375097895970463
5.33175	1.51	-3.2197838340274796	-0.12879135336109918
12.05573473	0.95	-7.272414089223682	-0.2908965635689473
0.9893436	0.45	-4.452360173226238	-0.17809440692904954
0.989343	0.5	-6.700621446554904	-0.26802485786219615
103.0	0.45	-5.607886363860359	-0.22431545455441437
5.87755633	1.1	-8.857600875617237	-0.3543040350246895
502.0	1.0	-11.699769648142789	-0.4679907859257116
500.0	0.99	-5.358339737160228	-0.21433358948640913
40.74976	1.21	-16.63737830916543	-0.6654951323666173
4.8026345	0.18	-1.3828576162190507	-0.055314304648762025
3.0575356	0.69	-5.048673845554517	-0.2019469538221807
0.6691416	0.46	-16.899858180275544	-0.6759943272110218
0.66913924	0.45	-1.398287433530733	-0.05593149734122932
2.2554477	1.15	-19.909381824656997	-0.7963752729862799
16.7369	0.96	-14.959892680622133	-0.5983957072248853
1.7666957	0.49	-13.669309258124889	-0.5467723703249956
3.77015	0.84	-6.4349588526769566	-0.2573983541070783
3.770179	0.84	-6.332254425305424	-0.25329017701221695
3.134279	0.54	-9.05365173207742	-0.3621460692830968
2.50031	0.27	-23.711091057821925	-0.948443642312877
24.283429	0.98	-1.2828820714255662	-0.05131528285702265
24.283377	1.03	-9.777400082963002	-0.39109600331852007
24.283382	0.99	-23.641516916037652	-0.9456606766415061
9.47725	1.13	-9.132890327054943	-0.36531561308219773
13.72641	1.04	-6.173963882033963	-0.24695855528135852
3.49151	0.65	-20.56507928360525	-0.82260317134421
3.491405	0.65	-6.2853624995195965	-0.25141449998078386
7.073088	1.08	-13.937081060154801	-0.5574832424061921
571.3	1.06	-6.840122912911574	-0.27360491651646296
570.1	1.08	-2.118726203816683	-0.08474904815266733
8.30334141	0.78	-5.613976503842987	-0.2245590601537195
22.34170293	1.18	-18.342767223165954	-0.7337106889266382
4.4929	0.58	-16.826033445539963	-0.6730413378215986
9.0497	0.58	-5.305013135214986	-0.21220052540859943
37.46849	0.9	-1.2160589322568387	-0.04864235729027355
37.46852	0.94	-9.846471419599997	-0.3938588567839999
5.3846104	0.95	-1.1152271362514372	-0.04460908545005749
20.705127	0.83	-6.777719846637552	-0.2711087938655021
18.85019	0.61	-14.135689292903418	-0.5654275717161368
7.33770365	1.1	-0.8173376955214349	-0.03269350782085739
6.5577	0.65	-4.816340422477671	-0.19265361689910684
9.961881	0.65	-1.6101341962294964	-0.06440536784917986
20.7095	0.65	-18.842493869351173	-0.7536997547740469
4.98764103	0.68	-7.495345494910044	-0.29981381979640176
1.82902423	0.68	-2.5618086827545397	-0.1024723473101816
8.765528	0.97	-13.988073036370135	-0.5595229214548054
8.02152233	0.87	-8.490128245242094	-0.33960512980968377
0.4378146	0.85	-2.7870368727117683	-0.11148147490847073
0.43781182	0.87	-10.204319182167959	-0.40817276728671836
7.085738	0.94	-7.699519562730613	-0.3079807825092245
10.643985	0.51	-8.340579986139922	-0.3336231994455969
15.1454693	0.39	-2.786001512787224	-0.11144006051148896
0.54937097	0.8	-0.15098217139814923	-0.0060392868559259695
0.549374	0.76	-16.764474768458207	-0.6705789907383283
4.532	0.82	-11.368624060028031	-0.4547449624011213
3.7130765	0.82	-13.71945508989303	-0.5487782035957212
38.8	0.84	-7.937869520716982	-0.3175147808286793
22.808533	0.88	-3.168622263897092	-0.12674489055588367
20.38084	1.23	-12.973122001498632	-0.5189248800599453
9.5739	1.46	-8.767239447790935	-0.3506895779116374
1.2436258	0.84	-4.223911143633109	-0.16895644574532437
1.36414864	0.99	-14.938645334121738	-0.5975458133648696
4.50638	0.49	-15.828310405012017	-0.6331324162004807
45.52234	1.25	-12.16216434422361	-0.48648657376894444
29.02	0.63	-0.26646869086408914	-0.010658747634563566
29.090312	0.63	-3.67312168496825	-0.14692486739873
0.94667944	1.07	-7.389468410418204	-0.29557873641672816
10.2152	0.47	-22.06780773019964	-0.8827123092079856
104.854	0.94	-17.295166416917358	-0.6918066566766943
273.69	0.94	-13.04748195371985	-0.521899278148794
3.09833	1.08	-6.775847924406723	-0.27103391697626894
52.978197	1.32	-3.908371521129549	-0.15633486084518197
52.97818	1.32	-2.778686471854148	-0.11114745887416592
141.834025	1.11	-2.46424212108247	-0.0985696848432988
15.3444	1.18	-3.4929736067553416	-0.13971894427021367
8.872078	1.32	-4.476951396771642	-0.17907805587086567
8.8720982	1.2	-12.015253140359077	-0.48061012561436306
1.4971842	1.13	-12.351871323895299	-0.494074852955812
13.79019	0.83	-2.2431666720045986	-0.08972666688018395
7.768915	0.56	-10.577901332571937	-0.4231160533028775
10.35566	0.85	-17.67551404808317	-0.7070205619233267
10.355489	0.85	-18.878391304972006	-0.7551356521988802
10.355096	0.86	-2.3009714286958687	-0.09203885714783475
10.35509	0.82	-23.509284188392424	-0.940371367535697
21.015327	0.86	-6.4468737268188665	-0.25787494907275466
35.12537	0.82	-9.624054062572617	-0.38496216250290466
35.125686	0.86	-11.671626129379021	-0.46686504517516086
10.50534	0.54	-9.137522653669796	-0.36550090614679187
6.0784247	0.45	-13.273910617041853	-0.5309564246816741
124.72997	0.9	-7.191355613260003	-0.2876542245304001
28.17232	0.44	-0.37503745682876694	-0.015001498273150678
28.1722	0.47	-2.4441090729197	-0.09776436291678801
3.1190633	0.23	-13.801826493633339	-0.5520730597453336
6.38784	0.23	-3.794417412205878	-0.15177669648823514
2.4545467	0.96	-9.479105668217521	-0.37916422672870087
5.7998164	0.21	-2.015345357280678	-0.08061381429122712
16.34136	1.03	-22.86537366328485	-0.914614946531394
9.2292005	0.74	-3.6765119730396987	-0.14706047892158794
95.5	0.74	-3.8169802737750955	-0.1526792109510038
7.851928	0.34	-3.7911189772765073	-0.1516447590910603
10.26075	1.72	-12.02548826251717	-0.4810195305006868
3.8240801	1.23	-1.217581297878556	-0.04870325191514224
34.525528	0.77	-7.204284294591311	-0.28817137178365243
34.556	0.87	-18.681336352555096	-0.7472534541022039
34.5073	0.87	-4.533981462804394	-0.18135925851217574
17.203	0.87	-17.714865366162968	-0.7085946146465187
17.16073	0.77	-12.341948297541549	-0.493677931901662
260.79	1.11	-3.227415705784915	-0.12909662823139662
6.90683	1.53	-3.183919986340568	-0.12735679945362272
2.1225735	1.08	-7.100553661480529	-0.28402214645922114
15.337597	0.74	-20.343037115094624	-0.813721484603785
1.1947268	1.03	-1.7193943076437304	-0.06877577230574922
10.695264	0.82	-0.455997495651289	-0.01823989982605156
11.9101	0.82	-0.8498447559581639	-0.033993790238326556
8.001968	1.3	-9.324547855057798	-0.3729819142023119
3.09268676	0.9	-6.766799484154433	-0.2706719793661773
3.5315902	1.34	-9.413095742647904	-0.3765238297059162
0.3524728	0.99	-4.5847305406427825	-0.1833892216257113
2.326318	0.23	-14.913034175380005	-0.5965213670152002
2.99432	1.32	-8.641910183759205	-0.3456764073503682
5.436098	0.18	-4.1143159882285305	-0.16457263952914122
4.31361	0.75	-7.281561000548887	-0.2912624400219555
1.2730991	0.79	-8.232583463735782	-0.3293033385494313
8.465651	0.79	-3.879944906734971	-0.15519779626939886
3.0766896	0.16	-10.425345411952675	-0.417013816478107
3.0766891	0.17	-8.938189330961933	-0.35752757323847734
0.7826942	0.65	-8.032742877698361	-0.32130971510793443
8.275479	1.12	-3.2195071995040734	-0.12878028798016294
5.842641	1.16	-7.45033424947745	-0.298013369979098
4.3474032	1.13	-1.6324332492449507	-0.06529732996979803
1.3060011	0.64	-3.819917807212482	-0.15279671228849928
7.397225	0.43	-24.32737295348715	-0.973094918139486
15.669494	0.66	-20.115733306519374	-0.8046293322607749
69.33684	1.03	-8.335561321664628	-0.3334224528665851
3.73659	1.05	-3.2321609992344014	-0.12928643996937605
16.553	1.05	-2.412709600411364	-0.09650838401645456
10.655669	1.86	-7.767629685895546	-0.3107051874358219
3.738252	1.12	-7.05486289439046	-0.28219451577561844
4.93777	1.04	-19.62677393432015	-0.785070957372806
7.18585	1.01	-14.026196872992315	-0.5610478749196927
23.2856	0.85	-2.0803957171320273	-0.08321582868528109
49.2519	0.85	-11.659346604552674	-0.46637386418210697
7.994037	1.05	-14.031507731975154	-0.5612603092790062
18.38818	1.41	-7.195364966794608	-0.2878145986717843
3.39775	1.33	-2.8771720224338786	-0.11508688089735515
4.5207265	1.22	-0.7536608672133797	-0.030146434688535187
5.45664	1.15	-6.6687819691505075	-0.2667512787660203
61.6277	0.93	-5.472947262178973	-0.21891789048715893
13.475815	0.55	-8.281436132811194	-0.3312574453124478
4.880974	1.16	-9.888493132549025	-0.395539725301961
3.6977155	0.39	-4.617102041685969	-0.18468408166743877
3.6977104	0.39	-2.2170953471997565	-0.08868381388799026
3.36008	0.4	-25.655894194031866	-1.0262357677612746
3.3601538	0.39	-25.21240096117989	-1.0084960384471955
11.379568	0.4	-5.53212932698415	-0.22128517307936602
2.499387	1.07	-14.707566105947212	-0.5883026442378885
3.994	0.16	-13.19081299774413	-0.5276325199097652
4.8084983	1.06	-15.701135215329618	-0.6280454086131847
1.96229325	1.12	-3.021126694379498	-0.12084506777517992
4.039709	0.98	-0.4120749656432417	-0.016482998625729668
3.5514058	1.14	-3.298256337693574	-0.13193025350774296
39.361826	0.83	-7.909526535738678	-0.31638106142954714
2.3505614	0.94	-4.072088045363962	-0.1628835218145585
3.601501	1.03	-5.29863430980251	-0.2119453723921004
3.9014971	1.12	-3.846175206243557	-0.1538470082497423
1.926907	0.66	-1.3650821961163082	-0.05460328784465233
2.59261842	0.39	-7.371571249453226	-0.29486284997812906
0.8831331	0.86	-7.233901276848073	-0.2893560510739229
0.777038	0.88	-11.0558226546756	-0.442232906187024
3.6525145	1.04	-5.4475318843445	-0.21790127537378
4.6657965	1.33	-7.269399029630632	-0.2907759611852253
18.09547	1.45	-14.089168100125924	-0.5635667240050369
4.417965	0.78	-4.767178986253706	-0.19068715945014825
3.9365578	0.64	-8.582668793503796	-0.34330675174015185
3.936551	0.63	-17.21770426432196	-0.6887081705728784
3.438753	0.64	-7.037379337879898	-0.28149517351519593
4.6747373	0.52	-7.345797155098873	-0.29383188620395495
3.2443141	1.24	-0.7379714868986669	-0.029518859475946676
4.5445697	0.28	-1.0758127095093502	-0.04303250838037401
4.33454	1.14	-2.0580216853499502	-0.08232086741399801
3.4936264	1.09	-7.726667331811475	-0.309066693272459
1.348335	0.88	-14.95329832302016	-0.5981319329208065
5.414654	0.88	-1.284543239598651	-0.05138172958394604
14.70886	0.88	-4.978051575705448	-0.19912206302821794
3.307441	0.41	-4.922591510942683	-0.19690366043770735
13.1757294	0.48	-2.8715569107522034	-0.11486227643008814
3.1774835	1.18	-9.181991069530435	-0.3672796427812174
4.040301	1.1	-4.772726737430667	-0.1909090694972267
4.040295	1.1	-20.31222172513995	-0.812488869005598
9.573083	1.1	-1.5851276378801036	-0.06340510551520415
3.8016122	1.31	-15.539026366267596	-0.6215610546507039
4.0664428	0.91	-4.966642338108713	-0.1986656935243485
4.9019804	0.21	-1.7027816639507025	-0.0681112665580281
3.5819134	0.63	-13.62663896666473	-0.5450655586665892
5.19672	0.85	-10.872962638309382	-0.43491850553237527
16.06819	0.85	-2.06435849742518	-0.0825743398970072
16.067541	0.83	-14.862289139105288	-0.5944915655642116
16.067531	0.85	-10.222975041579916	-0.40891900166319667
9.151201	0.9	-12.146261887286164	-0.48585047549144655
0.490052	0.78	-3.1711831976667626	-0.1268473279066705
0.490047	0.78	-20.32211102711883	-0.8128844410847532
4.8494	0.78	-7.466841113767034	-0.29867364455068135
12.46103	0.78	-0.41859650654080666	-0.016743860261632267
12.4610213	0.78	-1.248351117078899	-0.04993404468315596
2.9223	1.54	-5.569233790400227	-0.22276935161600908
16.336334	0.33	-6.286090336705908	-0.25144361346823635
5.5382498	0.63	-4.92957449918298	-0.1971829799673192
4.378081	1.36	-1.3067825894237375	-0.0522713035769495
30.08364	1.19	-23.545277191780468	-0.9418110876712187
17.9636	0.96	-5.7129383884887375	-0.2285175355395495
1.8498567	1.05	-4.3438802753386785	-0.17375521101354716
2.8807198	1.06	-4.050365839179522	-0.16201463356718088
2.42614	0.89	-10.041301752029085	-0.40165207008116344
1.858703	0.95	-3.61545023388741	-0.1446180093554964
16.364988	0.95	-6.757543481034622	-0.2703017392413849
16.364909	0.95	-33.62228643513795	-1.3448914574055182
225.11781	1.19	-6.319090836659813	-0.2527636334663925
3990.0	1.19	-14.170108531630559	-0.5668043412652224
31.034	1.34	-10.031718083256422	-0.40126872333025687
482.8191	0.89	-3.9316016451163462	-0.15726406580465385
3.9812091	1.12	-2.6646663416488874	-0.1065866536659555
22.09341	1.41	-12.81492270393204	-0.5125969081572816
4.28088	1.24	-11.171575843157964	-0.4468630337263186
6.866196	1.28	-26.562281590065208	-1.0624912636026083
10.3311562	1.14	-9.748518550134863	-0.3899407420053945
10.3311565	1.14	-9.007470230795633	-0.36029880923182533
1.52275959	0.34	-12.128795180068245	-0.4851518072027298
1.5227591	0.34	-15.962196182880529	-0.6384878473152211
21.491984	1.0	-6.486644185188231	-0.25946576740752925
0.548177	0.74	-3.008497221666142	-0.12033988886664569
0.5481579	0.88	-5.470590414856321	-0.21882361659425287
61.3	0.74	-13.538593790508127	-0.5415437516203251
23.445	0.8	-17.461013460923173	-0.6984405384369269
4.240122	1.0	-11.39979127402947	-0.4559916509611788
6.753581	1.1	-13.64740456962743	-0.5458961827850972
1.26523248	0.37	-15.407702179496994	-0.6163080871798797
1.630757	0.39	-10.798678329331334	-0.4319471331732534
4.291452	0.74	-10.47782889334904	-0.4191131557339616
4.0966692	1.39	-1.6436121922161555	-0.06574448768864623
2.930289	0.54	-16.558688795204468	-0.6623475518081787
6.3875892	0.53	-20.570263231171772	-0.8228105292468709
5.858858	1.48	-20.51592217283298	-0.8206368869133192
5.858857	1.48	-7.7285889648610215	-0.30914355859444087
4.07853	0.5	-7.201544702007909	-0.28806178808031635
3.792622	0.59	-17.937391014060168	-0.7174956405624068
3.792622	0.61	-0.1263243885572456	-0.005052975542289824
1.2391481	0.16	-11.249194041007883	-0.4499677616403153
1.2391491	0.16	-9.112496005345474	-0.3644998402138189
1.548351	0.85	-7.636699644401966	-0.30546798577607864
1.548352	0.63	-7.849980814348808	-0.31399923257395235
50.089	0.63	-4.245511901166175	-0.16982047604664702
75.12375	0.89	-4.458155650813627	-0.17832622603254508
14.574071	1.35	-6.375923569273055	-0.2550369427709222
0.446578	0.79	-12.709729048937625	-0.508389161957505
0.446573	0.81	-0.3103437139024097	-0.01241374855609639
0.44656895	0.76	-4.774093749474358	-0.1909637499789743
10.778831	0.81	-3.6024797997620492	-0.14409919199048196
10.77892	0.81	-1.9486597102528125	-0.0779463884101125
10.778849	0.76	-9.891679064846253	-0.3956671625938501
25.62	0.79	-17.113248954511846	-0.6845299581804739
25.71255	0.76	-0.9102094160528695	-0.036408376642114784
25.7124	0.81	-7.1786499765392	-0.287145999061568
77.03	0.81	-0.36086237641505275	-0.01443449505660211
77.9	0.76	-2.515599584126482	-0.10062398336505929
2.002849	0.67	-11.97606383987504	-0.47904255359500164
2.2035373	0.56	-2.7620885615866313	-0.11048354246346526
1.6511442	1.0	-11.846414897122512	-0.47385659588490053
47.73022	0.91	-20.36655895682626	-0.8146623582730504
2.94815527	0.6	-3.647754711555387	-0.14591018846221548
10.441989	0.27	-2.173325772849577	-0.08693303091398308
1.4344555	0.38	-17.576657922223134	-0.7030663168889254
12.779107	1.23	-0.7360606303599011	-0.029442425214396044
4.164753	0.34	-4.323700274028752	-0.1729480109611501
4.023687	1.31	-8.008535077175507	-0.3203414030870203
5.7987	1.55	-7.90533670062197	-0.3162134680248788
2.576184	0.51	-3.869899400446105	-0.1547959760178442
5.8267311	1.29	-7.34379812884862	-0.2937519251539448
1.3888725	0.25	-6.481042650567348	-0.2592417060226939
2.392679	1.31	-16.588573800694405	-0.6635429520277762
6.402513	1.31	-8.576520734429298	-0.3430608293771719
0.23818244	0.35	-5.142144125259075	-0.205685765010363
1.79058695	0.46	-10.729127026045184	-0.42916508104180734
5.0037775	1.54	-14.827990168122072	-0.593119606724883
5.0037904	1.54	-8.597720261357455	-0.3439088104542982
1.5275657	0.53	-6.891367823330342	-0.2756547129332137
2.598902	0.51	-9.987811866864691	-0.39951247467458767
7.1027268	0.51	-5.481350149183774	-0.21925400596735095
5.056973	1.32	-20.013802530151175	-0.800552101206047
3.945152	0.92	-5.08398844166955	-0.20335953766678203
3.633575	0.54	-7.707876790099894	-0.30831507160399574
1.9771642	0.42	-3.987031816716118	-0.15948127266864473
1.977143	0.42	-7.172742562917726	-0.28690970251670905
11.2366	1.18	-13.053344028614294	-0.5221337611445718
11.236697	1.18	-1.9726182990765677	-0.0789047319630627
11.2366063	1.18	-3.0660349749450115	-0.12264139899780047
9.97702	0.41	-13.204995879290403	-0.5281998351716161
16.051137	0.41	-3.70517757791849	-0.1482071031167396
37.42396	0.41	-3.684813621130597	-0.14739254484522388
37.42475	0.41	-17.188038508125477	-0.6875215403250191
27.80978	0.41	-6.878059519526084	-0.27512238078104334
9.531361	0.73	-5.464631158166662	-0.21858524632666648
51.69906	0.73	-3.2565302295341976	-0.1302612091813679
4.884765	0.96	-9.2978095468712	-0.371912381874848
3.4716826	0.44	-12.604614827710495	-0.5041845931084198
5.6057	0.92	-3.7390367748673112	-0.14956147099469244
8.24661	0.54	-14.633530391336729	-0.5853412156534692
15.665323	0.54	-6.593820189748446	-0.26375280758993785
15.66534	0.54	-14.521679502981964	-0.5808671801192786
4.633611	1.4	-1.321122864395439	-0.05284491457581756
8.0240015	0.4	-3.649298169702095	-0.1459719267880838
2.7970365	0.91	-17.080233474220975	-0.6832093389688391
1.392975	0.71	-10.125030197912707	-0.4050012079165083
1.392978	0.71	-5.699816080396959	-0.22799264321587834
3.81673	0.68	-8.350550416610561	-0.33402201666442244
8.59545	0.68	-10.955554206277931	-0.43822216825111726
8.3248762	1.12	-13.991705224871902	-0.5596682089948761
8.324917	1.12	-12.26663764736913	-0.4906655058947652
8.324876	1.12	-13.118373568333812	-0.5247349427333525
0.76552414	0.93	-1.567829262348916	-0.06271317049395664
14.362565	0.76	-5.186540516697935	-0.2074616206679174
2.5735943	0.81	-9.220682529133708	-0.3688273011653483
10.62656	1.28	-18.97568751034768	-0.7590275004139072
10.62656	1.28	-18.85808353348332	-0.7543233413393329
10.626562	1.28	-0.9766215520880521	-0.039064862083522084
10.8772	0.56	-21.380312545143855	-0.8552125018057543
83.9997	0.56	-14.735178846765773	-0.5894071538706309
3.7395671	0.97	-6.905677984738568	-0.2762271193895427
3.739494	0.97	-6.391925818398489	-0.25567703273593956
4.5849129	1.07	-14.001925502262088	-0.5600770200904835
3.183792	0.95	-12.176269755959455	-0.4870507902383782
11.098644	0.82	-5.664566270223596	-0.22658265080894385
4.3263	0.88	-5.23571569438014	-0.2094286277752056
4.32419	0.79	-9.041428606117394	-0.3616571442446958
10.1605	0.88	-2.3612458604029953	-0.09444983441611982
10.15643	0.79	-7.497202496743412	-0.2998880998697365
10.156272	0.82	-19.25964732956809	-0.7703858931827235
3.6849729	1.2	-9.534282042979068	-0.38137128171916274
3.6849729	1.2	-14.05592326265763	-0.5622369305063052
1.8237305	0.73	-2.622707416121368	-0.10490829664485472
1700.0	0.73	-13.022823897727783	-0.5209129559091114
1.51088432	0.09	-5.673832586245574	-0.22695330344982295
1.51087081	0.08	-13.306849264129307	-0.5322739705651722
2.4218233	0.08	-25.490350409432512	-1.0196140163773004
2.421937	0.09	-18.16238751605009	-0.7264955006420035
4.049219	0.09	-8.965062447589563	-0.35860249790358256
4.04961	0.08	-2.2532426564507517	-0.09012970625803007
4.04978035	0.09	-5.34304665734797	-0.21372186629391882
6.09956479	0.09	-1.3874267586172029	-0.055497070344688114
9.20669	0.08	-2.424678201081639	-0.09698712804326556
9.20754	0.09	-11.986718368104437	-0.4794687347241775
12.3535557	0.09	-12.057617520836216	-0.4823047008334486
18.772866	0.09	-4.126781721590588	-0.16507126886362353
18.767	0.09	-27.055550853247514	-1.0822220341299005
193.2	1.04	-7.3240200786494	-0.292960803145976
26.468	1.87	-2.826155418456297	-0.11304621673825188
4.90634	0.1	-4.563967630205364	-0.18255870520821457
11.416	0.1	-1.4056520070357894	-0.05622608028143158
3.03007	1.04	-24.901389478203544	-0.9960555791281418
3.03006973	0.88	-2.113559921107387	-0.08454239684429549
3.03007008	0.88	-2.028677834529822	-0.08114711338119289
3.030065	0.88	-11.887351271186649	-0.475494050847466
2.47061338	0.97	-12.77794689241889	-0.5111178756967556
2.47061317	0.99	-4.5773193533544685	-0.18309277413417874
2.47061339	0.99	-9.356163400421371	-0.37424653601685487
2.47061892	0.99	-12.560381912873925	-0.502415276514957
2.47063	1.08	-23.424566386119533	-0.9369826554447813
2.47063	1.06	-8.014690769340163	-0.3205876307736065
2.470621	0.98	-2.81632599506186	-0.1126530398024744
2.47061344	0.98	-12.562041537524088	-0.5024816615009635
2.47061437	1.05	-14.026872760468258	-0.5610749104187304
2.47061339	0.94	-11.660416372085013	-0.46641665488340056
2.47061339	0.94	-8.529518855229474	-0.341180754209179
2.47061317	0.98	-3.6582849887555136	-0.14633139955022054
2.47061339	0.99	-6.9328912355704375	-0.2773156494228175
1.306187	0.92	-24.50345706839751	-0.9801382827359004
1.3061864	0.93	-5.126097467076441	-0.20504389868305764
1.30619	0.92	-12.072264543637734	-0.4828905817455094
1.30618608	0.93	-8.858143920374133	-0.3543257568149653
1.30618639	0.92	-20.74102682643461	-0.8296410730573844
1.3061858	0.93	-9.969873850300736	-0.39879495401202947
3.55395	1.08	-7.414124524102454	-0.29656498096409817
3.553945	1.18	-3.539942449815374	-0.14159769799261498
3.553945	1.4	-6.360944292653224	-0.25443777170612897
3.5539266	1.39	-9.162786830017522	-0.3665114732007009
3.5539268	1.34	-31.619006200094073	-1.264760248003763
3.553945	1.4	-13.046274886464635	-0.5218509954585854
3.55392889	1.39	-8.10402130764353	-0.3241608523057412
1.48224718	0.89	-4.498011786334108	-0.17992047145336432
1.48224687	0.89	-2.9003451623110936	-0.11601380649244375
1.4822446	0.89	-17.306729667948982	-0.6922691867179593
1.48224686	0.9	-10.547449252815294	-0.42189797011261176
1916.25	0.7	-2.3947510075201506	-0.09579004030080603
1170.0	0.5	-4.755207311681058	-0.19020829246724233
24.1315	1.09	-11.09488918292945	-0.443795567317178
8.24892	1.17	-20.607596193087296	-0.8243038477234919
8.24958	1.1	-22.454042790180115	-0.8981617116072046
8.2438	1.09	-10.2855629040067	-0.411422516160268
12.4058	1.17	-10.206974084246788	-0.4082789633698715
60.0	1.1	-2.7714909581286107	-0.11085963832514444
40.2	1.17	-15.8528479432862	-0.634113917731448
4.927	1.0	-5.4452400323733325	-0.21780960129493332
4.93	1.0	-7.891919751398376	-0.3156767900559351
2.5199464	1.26	-12.487777600935779	-0.49951110403743115
2.51994701	1.3	-9.751828894655336	-0.39007315578621343
2.5199448	1.3	-5.46363386512157	-0.2185453546048628
3.09272932	0.75	-0.9652314492924313	-0.03860925797169725
3.0927616	0.75	-6.3089068970755005	-0.25235627588302
3.0927636	0.7	-8.337982459747183	-0.3335192983898873
3.0927616	0.75	-12.037655680640924	-0.48150622722563696
2.849375	1.57	-5.213315384659363	-0.20853261538637452
2.84938224	1.57	-10.294326486050279	-0.41177305944201115
2.8493819	1.44	-13.194578695429922	-0.5277831478171968
3.585707	1.34	-10.558170060683821	-0.4223268024273529
3.58572	1.41	-9.646091481857852	-0.3858436592743141
3.585722	1.34	-12.105308205946578	-0.48421232823786314
3.5857072	1.34	-3.4708931574452393	-0.13883572629780958
0.925542	1.22	-8.235741543217717	-0.3294296617287087
0.925542	1.22	-4.77066046742795	-0.190826418697118
7.8728848	0.89	-5.018080422585519	-0.20072321690342076
7.87289166	0.89	-5.058378872468023	-0.20233515489872095
9.28971	0.93	-2.265028908174805	-0.09060115632699221
9.289715	1.19	-22.610322189273184	-0.9044128875709274
9.2897099	0.93	-3.93541535154345	-0.15741661406173799
5.72149	0.69	-5.842421868795379	-0.23369687475181514
5.721488	0.69	-5.6259954138526895	-0.2250398165541076
5.72148926	0.69	-14.018156882444115	-0.5607262752977646
3.722479	0.77	-14.64272823348829	-0.5857091293395316
3.722465	0.77	-10.535626222233896	-0.42142504888935584
3.72247919	0.77	-12.134169376362356	-0.48536677505449427
3.72247	1.42	-3.0028933863443115	-0.12011573545377247
4.5421687	1.32	-22.526525821108198	-0.9010610328443279
4.54216695	1.32	-6.436328203470923	-0.2574531281388369
1.5487752	1.29	-7.096935177871346	-0.2838774071148539
1.5487743	1.29	-3.9019824228807143	-0.15607929691522857
1.54877501	1.29	-8.348000211857501	-0.33392000847430003
10.02165	1.29	-20.294505729194167	-0.8117802291677667
10.02165	1.13	-0.6828524247900746	-0.027314096991602983
10.0205927	1.29	-14.938581736872736	-0.5975432694749094
10.020607	1.1	-24.0286916520977	-0.961147666083908
4.0460407	1.32	-1.938389335243282	-0.07753557340973127
4.0460654	1.32	-11.216829964815881	-0.44867319859263527
2.49979	1.02	-4.474090128635595	-0.1789636051454238
2.4998039	1.02	-13.198373261337464	-0.5279349304534986
2.4998045	1.02	-2.522826065842183	-0.10091304263368732
2.4998048	1.0	-5.046690374677249	-0.20186761498708997
1.0914222	1.38	-10.955699867641489	-0.43822799470565954
1.09142245	1.2	-7.741006955082522	-0.30964027820330087
1.0914203	1.43	-9.500705778393451	-0.380028231135738
1.09	1.17	-14.916439037448038	-0.5966575614979215
1.0914209	1.38	-9.610482741273884	-0.3844193096509554
1.09141964	1.35	-11.994128000480634	-0.4797651200192254
1.091423	1.35	-16.793142686714443	-0.6717257074685777
3.6112706	1.39	-18.619938727054528	-0.7447975490821811
3.6112686	1.39	-8.988980351779823	-0.3595592140711929
1.2749255	1.35	-10.123363687719742	-0.4049345475087897
1.274925	1.35	-3.901370937298608	-0.15605483749194432
1.27492504	1.36	-33.05149081560212	-1.322059632624085
1.27492477	1.35	-7.763287075098403	-0.3105314830039361
2.97764359	1.17	-8.197264728751806	-0.32789058915007224
3.37264959	1.07	-26.888796123341503	-1.07555184493366
3.37265	1.07	-3.997951451016709	-0.15991805804066836
3.3726492	1.07	-7.185334146108488	-0.2874133658443395
3.28878703	1.12	-15.491212060185195	-0.6196484824074078
3.2887884	1.01	-14.015327548786654	-0.5606131019514662
3.2887885	1.12	-5.7647408448305875	-0.2305896337932235
3.2888	1.12	-3.7394452956092255	-0.14957781182436902
4.17806203	0.95	-5.961722026959514	-0.23846888107838055
4.178062	1.05	-6.02922883102735	-0.241169153241094
4.17806513	1.08	-9.285158505216462	-0.3714063402086585
4.3530101	0.72	-8.659862016200487	-0.3463944806480195
4.353011	1.22	-5.451862963679492	-0.21807451854717969
5.322023	1.06	-5.535647525490458	-0.22142590101961834
5.322012	1.06	-8.957838473580285	-0.3583135389432114
7.1335164	0.79	-9.805503950601615	-0.3922201580240646
7.133521	0.8	-2.444742018850545	-0.0977896807540218
7.1335215	0.8	-12.014911221684208	-0.48059644886736835
7.1335135	0.8	-17.809596411932286	-0.7123838564772915
7.133513	0.8	-17.350479861732808	-0.6940191944693124
1.011534	0.78	-3.2315945007162012	-0.12926378002864805
1816.6	0.79	-1.4031000148322157	-0.05612400059328863
2.1764238	1.16	-4.88760919299514	-0.19550436771980562
2.176423	1.16	-12.585378996774114	-0.5034151598709646
1.4013794	0.98	-7.398193647018756	-0.29592774588075027
1.4013788	0.98	-10.516259475792465	-0.4206503790316986
1.4013795	0.98	-5.095351334615545	-0.2038140533846218
1.40137864	0.98	-11.075423312385468	-0.44301693249541874
5.2153545	1.41	-0.23663495179528277	-0.00946539807181131
5.2153571	1.41	-11.830657537666102	-0.4732263015066441
3.634433	1.22	-2.375116810462346	-0.09500467241849384
3.6344412	1.22	-0.1680921381841684	-0.006723685527366736
5.9242672	0.92	-1.583676815311707	-0.06334707261246827
5.924262	0.92	-1.5380603791004825	-0.0615224151640193
2.24376639	1.21	-17.546576244776503	-0.7018630497910602
2.24376628	1.21	-22.775642124236377	-0.9110256849694551
2.24375	1.62	-10.017726271737839	-0.4007090508695136
3.3106628	1.25	-3.215696444869594	-0.12862785779478375
3.31066699	1.25	-9.729462971993437	-0.3891785188797375
2.052868	1.33	-0.7689956210033333	-0.030759824840133333
1.7690381	0.76	-12.078314759782401	-0.4831325903912961
4.60273	1.04	-17.372959365401226	-0.694918374616049
8.803809	0.95	-3.4469380790801125	-0.1378775231632045
34.516	1.0	-1.6736349105503316	-0.06694539642201326
34.527	0.97	-12.093660292458617	-0.4837464116983447
34.524	0.95	-1.286915385067391	-0.05147661540269564
3.75209748	1.3	-7.6314842937604395	-0.30525937175041756
3.7520998	1.18	-7.706434010226198	-0.30825736040904794
3.75209956	1.18	-27.875120608213933	-1.1150048243285573
3.7520987	1.18	-2.5990175965194764	-0.10396070386077906
3.7521	1.18	-14.858657104722527	-0.5943462841889011
5.6442072	1.39	-12.04410629087756	-0.4817642516351024
5.644207	1.39	-5.141554575952428	-0.20566218303809713
4.5334682	1.08	-8.564946627159502	-0.34259786508638007
4.533471	1.08	-1.3558841133190953	-0.05423536453276381
4.5334775	1.08	-2.4510628065185593	-0.09804251226074237
3.3326099	1.34	-5.982465563622802	-0.23929862254491208
3.8361672	0.84	-8.201705199048064	-0.32806820796192254
3.83616488	0.84	-8.041660732319036	-0.32166642929276146
3.952	1.03	-8.650441425607578	-0.34601765702430315
3.951605	1.26	-14.437422493854966	-0.5774968997541986
3.9516205	1.26	-0.3940662665062332	-0.01576265066024933
3.6563308	1.38	-26.106634435757304	-1.0442653774302921
3.840401	1.41	-9.003361577514108	-0.3601344631005643
3.8404213	1.41	-1.0084792094152135	-0.040339168376608545
3.8404008	1.41	-14.670441825680193	-0.5868176730272078
3.1186068	0.98	-7.730617896869892	-0.30922471587479566
3.1186037	1.02	-8.487105313651385	-0.33948421254605543
3.1186009	1.02	-16.912690576977646	-0.6765076230791058
3.1186068	1.02	-6.535482123979267	-0.26141928495917066
3.76849254	0.87	-8.550838111659202	-0.3420335244663681
3.7684952	0.87	-7.750562331284531	-0.31002249325138126
5.4060425	1.39	-13.386122888230792	-0.5354449155292317
5.4060425	1.39	-14.031017840902233	-0.5612407136360894
9.6246647	0.95	-8.064421724432119	-0.32257686897728477
1.6096884	0.97	-13.648037893716396	-0.5459215157486559
1.7771255	0.95	-2.218307051459909	-0.08873228205839637
3.4655064	1.25	-7.1211046165344785	-0.2848441846613791
5.4435423	1.19	-2.963515677695996	-0.11854062710783984
5.4435397	1.19	-12.069995688212636	-0.4827998275285054
5.44354	1.19	-4.851392820443114	-0.19405571281772457
2.02195933	1.59	-12.006839875968796	-0.48027359503875183
2.0219596	1.59	-11.11434547690967	-0.44457381907638677
2.0219596	1.59	-8.817377802201474	-0.352695112088059
4.153658	1.08	-6.205865687336771	-0.24823462749347083
3.73543	2.28	-7.92463668532397	-0.3169854674129588
3.73543	2.28	-1.9892893052028229	-0.07957157220811292
3.73	1.35	-13.069107349820689	-0.5227642939928275
3.735438	1.31	-6.184760633627964	-0.24739042534511857
3.735438	1.31	-17.573823363801974	-0.702952934552079
3.7354845	1.29	-23.219507832090283	-0.9287803132836113
3.7354845	1.31	-6.586077117302075	-0.263443084692083
2.34478022	0.93	-4.73075978784888	-0.1892303915139552
2.34477786	0.93	-13.750712886716851	-0.550028515468674
3.8186244	1.17	-1.6623832439631179	-0.06649532975852472
5.4774317	1.49	-11.229341472003322	-0.4491736588801329
5.477433	1.49	-7.66762262731155	-0.306704905092462
1.3866529	1.09	-5.763391641258834	-0.23053566565035336
1.38665318	1.05	-2.057436920920618	-0.08229747683682473
4.2337005	1.24	-2.2763579501272746	-0.09105431800509099
4.2337	1.3	-6.185795944923936	-0.24743183779695746
3.0652907	1.21	-1.8970066076206742	-0.07588026430482697
3.899052	1.34	-13.730549215844734	-0.5492219686337894
3.07172019	0.88	-7.889431906214093	-0.31557727624856374
3.3448412	1.93	-12.601251039234288	-0.5040500415693715
0.94145181	1.27	-7.7048629492851175	-0.3081945179714047
0.94145	1.46	-1.2632852940454544	-0.050531411761818176
0.9414523	1.25	-13.618198697602867	-0.5447279479041147
0.9414529	1.24	-6.695359558374114	-0.2678143823349646
0.94145181	1.26	-6.689652893347772	-0.2675861157339109
0.94145223	1.29	-2.177368238842488	-0.08709472955369953
2.1558	1.22	-11.150686671286548	-0.44602746685146194
3.409264	1.3	-7.999690253815153	-0.31998761015260613
4.5195064	1.04	-10.583120002855626	-0.4233248001142251
4.51949982	1.04	-4.814189914289839	-0.19256759657159359
5.1817	1.23	-10.027098847688158	-0.4010839539075263
9.38755	1.12	-4.754271413047476	-0.19017085652189905
5.026799	1.22	-8.079328746729605	-0.3231731498691842
5.0267952	1.22	-5.562398411128197	-0.22249593644512788
5.147878	1.54	-15.38613497393903	-0.6154453989575612
2.724033	2.03	-15.72955342492187	-0.6291821369968748
0.78883852	0.96	-10.498730296768958	-0.41994921187075834
0.78884	0.97	-7.185416571841249	-0.28741666287365
0.7888396	0.96	-2.7430238987506455	-0.10972095595002582
0.788839	0.9	-0.46525646926376746	-0.018610258770550697
0.79	0.97	-20.315948976167107	-0.8126379590466843
0.788839	0.97	-0.732214288143299	-0.02928857152573196
5.367753	1.35	-3.2979439680866713	-0.13191775872346687
2.8786676	1.09	-14.08763062278862	-0.5635052249115448
6.2463345	1.06	-10.522697365981305	-0.4209078946392522
2.15222231	0.89	-6.62541098762303	-0.2650164395049212
2.15222144	0.8	-0.39421680330203285	-0.015768672132081316
2.152226	0.79	-6.143925401748497	-0.24575701606993988
2.152175	0.9	-15.370558674773514	-0.6148223469909406
2.15222163	0.87	-7.502025852966261	-0.30008103411865045
4.89964477	1.2	-2.290483848415059	-0.09161935393660237
4.8996461	1.2	-16.201587721402703	-0.6480635088561081
4.8996284	1.2	-9.762144374147535	-0.3904857749659014
4.322513	0.89	-9.681743526197863	-0.3872697410479145
4.3225126	1.08	-7.156665638598974	-0.286266625543959
3.53272912	1.1	-18.40995713923844	-0.7363982855695376
3.53273064	1.25	-7.556157676116023	-0.30224630704464095
3.5327313	1.11	-2.089427878998202	-0.08357711515992808
3.5326897	1.46	-10.223726003332644	-0.40894904013330574
2.9444256	0.78	-6.687676132463327	-0.2675070452985331
2.3412217	1.15	-6.11187077419912	-0.2444748309679648
2.34121	1.43	-1.2545286027031666	-0.050181144108126664
2.34121242	1.18	-0.8353968867628734	-0.03341587547051494
3.76483342	1.0	-6.174496696475655	-0.24697986785902623
3.7648304	0.67	-1.0039353095779016	-0.04015741238311606
3.7648327	1.0	-16.259380618339563	-0.6503752247335826
3.764825	1.0	-10.888964342929134	-0.43555857371716533
3.764825	1.0	-11.730850146182352	-0.4692340058472941
2.7565963	1.12	-6.302969017026802	-0.2521187606810721
2.7565972	1.09	-2.076950521373512	-0.08307802085494048
2.7566004	1.11	-3.974614186284996	-0.15898456745139986
2.7566	1.12	-8.86673890635485	-0.35466955625419405
2.75659747	1.12	-5.145693202205332	-0.20582772808821329
2.7566	0.86	-9.070457607870862	-0.36281830431483447
3.40883	1.02	-12.511330715049777	-0.500453228601991
3.40884	1.01	-10.71511047725517	-0.4286044190902068
3.4088353	1.02	-9.180271292636341	-0.36721085170545364
3.40883495	0.99	-6.085266624099348	-0.24341066496397393
3.40883	1.02	-7.2518605719035545	-0.2900744228761422
3.9227138	0.77	-5.629769850942977	-0.22519079403771908
3.9227124	0.82	-22.25944945342049	-0.8903779781368196
3.92271183	0.82	-1.9422598059933878	-0.0776903922397355
1.8468351	1.26	-3.1766097732562377	-0.12706439093024952
1.846835	1.26	-4.54329294623518	-0.1817317178494072
1.8468373	1.24	-18.843807926331845	-0.7537523170532738
1.8468351	1.24	-2.4656410482227993	-0.09862564192891198
1.84683	1.62	-0.20542285190840492	-0.008216914076336197
1.8468373	1.26	-10.488984182891572	-0.4195593673156629
1.846834	1.24	-9.115007928793363	-0.3646003171517345
3.405886	1.17	-2.28583913422175	-0.09143356536887
2.718659	1.1	-5.008740231245017	-0.2003496092498007
1.21986983	1.85	-2.586670235682678	-0.10346680942730713
1.21987	1.5	-2.048554618296881	-0.08194218473187524
4.3176782	1.01	-11.102211532316268	-0.4440884612926507
3.161575	1.07	-9.493486238638251	-0.3797394495455301
3.16157	1.05	-0.6588433385547792	-0.026353733542191168
3.16158	1.05	-14.684085055460184	-0.5873634022184073
3.1615699	1.07	-15.512326818617272	-0.6204930727446909
1.53736596	1.08	-10.450690454918265	-0.4180276181967306
1.53736541	1.04	-8.762843011658848	-0.35051372046635393
1.5373653	1.04	-7.942275464960792	-0.3176910185984317
3.5774807	1.06	-4.909366065826694	-0.19637464263306775
6.871815	1.2	-6.262044971728608	-0.25048179886914435
6.87188	1.23	-11.065765814099233	-0.44263063256396934
4.05528043	0.93	-13.748300812350617	-0.5499320324940247
4.0552947	0.93	-3.157673237367958	-0.12630692949471833
1.33823204	0.97	-9.418165492726189	-0.3767266197090476
1.3382315	0.86	-2.0079285336562473	-0.0803171413462499
1.33823162	0.97	-11.486544002171847	-0.4594617600868739
1.3382299	0.93	-3.808073513963361	-0.15232294055853443
1.3382315	0.91	-10.172664442330618	-0.4069065776932247
1.3382315	0.94	-15.271752821168619	-0.6108701128467448
3.05240154	0.99	-15.430277783780372	-0.6172111113512149
3.052401	0.93	-0.7580259925754729	-0.030321039703018915
3.052404	0.93	-7.259445017045032	-0.2903778006818013
421.0	0.93	-4.0565757989919735	-0.16226303195967895
4.9816872	0.88	-25.44501495683715	-1.017800598273486
4.9816819	0.95	-1.6756130796977098	-0.0670245231879084
4.9816819	0.95	-4.8480827244410465	-0.19392330897764187
4.9816816	0.88	-1.2414769543696893	-0.049659078174787576
4.9816872	0.88	-1.274682226749444	-0.05098728906997776
0.81347398	0.69	-11.77283268996268	-0.4709133075985072
0.81347414	0.58	-5.03961258660489	-0.2015845034641956
0.81347398	0.65	-9.913454240531339	-0.39653816962125354
0.81347437	0.72	-10.612665448860149	-0.424506617954406
0.81347409	0.65	-5.601201548281308	-0.22404806193125232
0.813475	0.58	-18.034662476496365	-0.7213864990598546
0.8134749	0.58	-0.24443608540059325	-0.00977744341602373
2.4238039	0.95	-8.662558698944686	-0.34650234795778745
2.4238107	0.95	-1.2163678225937082	-0.04865471290374833
3.12607728	0.91	-13.589446089825199	-0.543577843593008
3.1260777	0.91	-24.23037050606173	-0.9692148202424692
3.126089	0.85	-11.091019409679008	-0.4436407763871603
1.4303707	0.83	-13.397950393282377	-0.535918015731295
4.159221	1.0	-11.692941921032553	-0.4677176768413021
4.1591287	1.04	-9.136819006927817	-0.36547276027711273
4.1591409	1.03	-3.885888480149571	-0.15543553920598283
4.1591492	1.04	-13.12194325104159	-0.5248777300416636
4.1591399	1.08	-12.284998545766745	-0.4913999418306698
4.1591289	1.04	-19.01470813523978	-0.7605883254095912
4.15915035	1.08	-4.516082561290548	-0.18064330245162194
4.16071	1.11	-2.3392942435841766	-0.09357176974336706
572.0	1.03	-3.173944520249117	-0.1269577808099647
580.7	1.11	-9.125323675726772	-0.3650129470290709
588.8	1.04	-7.96124589153865	-0.318449835661546
9.03164	1.0	-11.880556100021925	-0.47522224400087704
9.030501	1.06	-3.7271860453108148	-0.14908744181243258
9.03052118	1.04	-17.408335606482744	-0.6963334242593098
9.03079	0.98	-10.213550805870613	-0.4085420322348245
9.03055	1.04	-16.247460600519645	-0.6498984240207858
9.095	1.11	-21.59022176242253	-0.8636088704969013
0.7895933	1.04	-10.192585151138111	-0.40770340604552446
0.789518	1.0	-17.353970521932048	-0.694158820877282
0.789592	1.04	-8.593978420126609	-0.34375913680506437
0.789597	1.04	-7.00598880318071	-0.2802395521272284
0.79	1.01	-5.020038612316827	-0.2008015444926731
0.78961	1.06	-11.005525557199377	-0.4402210222879751
2.14363	0.88	-15.67542471396672	-0.6270169885586688
2.143634	1.19	-5.199931375671595	-0.20799725502686378
2.143634	1.19	-4.8157969459638545	-0.19263187783855418
2.14363679	1.19	-6.53976552656222	-0.2615906210624888
2.14363	0.88	-9.413683980984388	-0.37654735923937555
2.7817387	0.94	-1.5702528226589352	-0.06281011290635741
2.78174	0.92	-2.338977596496274	-0.09355910385985096
2.7817366	0.94	-7.554195104706157	-0.3021678041882463
1.62842953	1.02	-5.863207170800693	-0.23452828683202773
1.6284229	1.0	-5.673024092642204	-0.22692096370568815
1.62842997	0.97	-8.091796825310807	-0.3236718730124323
1.62843142	1.0	-30.301904792458338	-1.2120761916983336
1.62843033	0.97	-7.987438811124438	-0.3194975524449775
1.6284296	0.97	-3.9665855527997382	-0.15866342211198953
1.6284279	0.96	-8.993182061065088	-0.35972728244260355
1.6284246	1.0	-6.051438662836528	-0.24205754651346112
1.62843	0.96	-15.556356362548406	-0.6222542545019363
1.9551	0.89	-13.180038839244748	-0.5272015535697899
1.9550938	0.89	-1.4732986823337988	-0.05893194729335195
1.9550928	0.89	-6.195588392758252	-0.24782353571033006
1.9550931	0.89	-4.15517158543409	-0.1662068634173636
1.955096	0.89	-17.430233681527856	-0.6972093472611143
1.74978119	0.87	-2.7162759102123357	-0.10865103640849343
1.7497835	0.87	-9.291002399419021	-0.37164009597676084
1.74978117	0.87	-8.627013943706936	-0.34508055774827745
1.7497798	0.87	-6.489475941141267	-0.25957903764565066
3.3098436	0.84	-4.635302517158829	-0.18541210068635317
2840.0	0.84	-8.60303899569055	-0.344121559827622
3.6936411	1.21	-13.579792502423121	-0.5431917000969249
3.69364	1.08	-8.595322030609749	-0.34381288122438997
4.4656291	1.16	-1.7720560946137407	-0.07088224378454963
4.4656299	1.01	-21.338219578856176	-0.8535287831542471
4.465633	1.01	-4.840582500517776	-0.19362330002071104
4.46563013	1.01	-6.081988571091607	-0.2432795428436643
4.617101	1.02	-5.635464189289601	-0.22541856757158404
4.6170654	1.02	-10.751401448734558	-0.43005605794938234
2.83891856	0.89	-0.5813247242138219	-0.023252988968552876
2.838918	0.95	-7.9056173412894335	-0.31622469365157735
2.838918	0.95	-3.255019900110736	-0.13020079600442944
5.0172131	1.12	-9.039173669903624	-0.361566946796145
7.919585	0.72	-18.903123251930776	-0.756124930077231
3.36101	0.55	-14.523328300646114	-0.5809331320258445
3.361006	0.88	-13.634463537537227	-0.5453785415014891
3.36100239	0.88	-0.650163255408076	-0.02600653021632304
3.36100208	0.84	-8.425820827757914	-0.33703283311031657
3.36	0.93	-7.65427551468566	-0.3061710205874264
4.3050061	1.08	-26.53619282677499	-1.0614477130709996
4.305	1.19	-10.01361478092586	-0.4005445912370344
4.3050011	1.08	-13.698127319283188	-0.5479250927713275
4.305004	1.23	-2.3887492769999312	-0.09554997107999726
3.8558986	1.82	-8.230831827593482	-0.3292332731037393
3.85589659	1.22	-1.1276235529227372	-0.04510494211690949
4.41193868	1.25	-15.505872109934176	-0.6202348843973671
4.411953	1.25	-3.8901684155031666	-0.15560673662012667
4.411953	1.25	-12.800438724464465	-0.5120175489785787
4.41195	1.11	-7.724736529461028	-0.3089894611784411
4.4119379	1.11	-2.5732556981135515	-0.10293022792454207
4.41193858	1.28	-13.568590914845988	-0.5427436365938395
4.41194	1.28	-9.924762738434435	-0.3969905095373774
4.4119395	1.25	-1.9580313240658447	-0.07832125296263379
4.37809	1.1	-9.440498130563473	-0.3776199252225389
4.378083	1.28	-3.637766325808935	-0.1455106530323574
4.37809	1.32	-13.148469216778379	-0.5259387686711352
4.37808205	1.32	-21.98541028718231	-0.8794164114872924
1.57329027	1.0	-14.969520502902405	-0.5987808201160962
1.5732918	1.0	-4.912772427008661	-0.19651089708034644
1.57329025	1.0	-18.861534084410746	-0.7544613633764299
2.3114243	0.93	-1.3998088310942447	-0.05599235324376979
2.3114243	0.93	-4.892327348016907	-0.19569309392067627
2.3114205	0.93	-13.170175118984451	-0.526807004759378
4.086052	1.3	-11.704231910368591	-0.46816927641474365
4.08605198	1.3	-2.917529100508944	-0.11670116402035775
4.086052	1.3	-7.278314997058599	-0.29113259988234397
4.086052	1.3	-0.21697550994864356	-0.008679020397945743
4.6144166	0.87	-3.7514185945054326	-0.1500567437802173
4.61	0.83	-2.815902859267318	-0.11263611437069272
4.61442	0.87	-23.973138231699103	-0.9589255292679641
4.61442	0.91	-2.495179535553447	-0.09980718142213789
4.61441644	0.87	-4.164840746620726	-0.16659362986482903
5.0843	1.49	-4.475372721776018	-0.1790149088710407
5.084298	1.24	-5.2012489327788565	-0.20804995731115428
5.0843144	1.24	-23.298018344475903	-0.9319207337790362
3.86813888	0.83	-6.161844960981861	-0.24647379843927444
3.86814	0.98	-0.5033090059495003	-0.020132360237980013
3.868139	0.83	-3.0885066795432383	-0.12354026718172953
4.9546416	1.32	-5.124816928763013	-0.20499267715052052
4.954658	1.28	-19.357166436692854	-0.7742866574677142
4.9546416	1.28	-20.592337931779486	-0.8236935172711795
3.7130203	1.11	-8.935669574630172	-0.35742678298520686
3.7130169	1.11	-1.7471781692640143	-0.06988712677056057
3.7130203	1.11	-11.911012014767902	-0.4764404805907161
2.90367	0.76	-4.0980293772830985	-0.16392117509132395
2.9036747	1.56	-12.6982139007169	-0.5079285560286759
2.9036747	1.56	-0.7013777907983636	-0.028055111631934544
2.9036693	0.76	-6.811812389335903	-0.2724724955734361
2.90368321	1.56	-3.343830416820614	-0.13375321667282455
2.216742	1.39	-6.092923032324883	-0.24371692129299533
2.21674331	1.39	-12.453713638500817	-0.4981485455400327
2.2167421	1.39	-9.52525423946322	-0.3810101695785288
2.2167394	2.78	-8.19558116785462	-0.3278232467141848
4.0872856	1.16	-26.833649451596923	-1.073345978063877
4.0873001	1.34	-15.362620636741031	-0.6145048254696412
4.08722	1.34	-11.581138969064908	-0.4632455587625963
4.0872977	2.52	-17.453701579116466	-0.6981480631646586
4.08722	1.34	-5.211136909124975	-0.208445476364999
2.1377516	1.48	-16.764259085826662	-0.6705703634330665
2.1377445	1.19	-12.324433495729155	-0.4929773398291662
2.13775	0.98	-5.34258727070991	-0.21370349082839638
2.13775	1.48	-5.2896258728102215	-0.21158503491240888
2.48450535	1.14	-7.238580203945835	-0.2895432081578334
2.484193	1.14	-9.802297581624247	-0.3920919032649699
2.4841987	1.14	-4.176254243664913	-0.16705016974659653
2.4841905	1.18	-3.1094821703455082	-0.12437928681382034
2.4841976	1.14	-7.702202400521049	-0.308088096020842
1.8098806	1.46	-4.27809681640777	-0.17112387265631082
1.80988158	1.47	-9.508501318474863	-0.3803400527389945
1.80988198	1.46	-8.081381599810042	-0.3232552639924017
1.80988043	1.46	-10.021253544771502	-0.4008501417908601
1.3600309	1.0	-0.9114744442920801	-0.03645897777168321
1.36002922	1.0	-12.478893646725007	-0.4991557458690003
2.17517632	1.33	-0.7496386885400643	-0.029985547541602573
2.175185	1.33	-19.01211833444649	-0.7604847333778597
2.17518	1.87	-14.580283587546727	-0.5832113435018691
3.66239163	1.52	-4.500608066111472	-0.18002432264445886
3.6623907	1.43	-7.1721272627115304	-0.2868850905084612
3.6623925	1.52	-9.05215844927746	-0.3620863379710984
8.158715	1.03	-1.2862309898169553	-0.05144923959267821
3.06785234	0.58	-4.092057172541787	-0.16368228690167147
3.0678504	0.57	-9.775602236681868	-0.39102408946727474
2.71648416	1.08	-23.36885500501436	-0.9347542002005744
2.70579	1.48	-13.27685404897423	-0.5310741619589692
4.971252	1.11	-6.027703600493443	-0.24110814401973774
4.9712917	1.11	-15.883734887122333	-0.6353493954848933
4.971252	1.11	-4.356281241638221	-0.17425124966552882
8.523499	0.84	-8.925079422971713	-0.3570031769188685
8.5234962	0.85	-2.6247392809254046	-0.10498957123701619
8.52349648	0.85	-0.9388860589832502	-0.037555442359330005
8.5234865	0.84	-24.288208641345108	-0.9715283456538043
1.4468849	0.85	-0.7101152920238347	-0.02840461168095339
4.954	1.45	-3.0094255273487165	-0.12037702109394867
4.954	1.45	-3.0258092928026135	-0.12103237171210454
3.3564182	0.92	-3.99348174549511	-0.1597392698198044
3.35641798	0.92	-1.622983077984813	-0.06491932311939251
3.916243	1.55	-2.282468628974536	-0.09129874515898145
2.798581	0.84	-2.0576780900327893	-0.08230712360131158
2.798579	0.84	-23.57284628887444	-0.9429138515549776
2.79857894	0.84	-14.305059190529255	-0.5722023676211702
2.1746742	1.19	-1.0968504232542677	-0.04387401693017071
2.7325358	1.33	-0.984967017983402	-0.03939868071933608
2.73253774	1.33	-7.432553760130263	-0.2973021504052105
2.7325321	1.33	-3.614768337920616	-0.14459073351682464
3.9501907	1.45	-12.542498635598793	-0.5016999454239517
2.00839	1.24	-8.337004643987855	-0.3334801857595142
2.184673	1.11	-20.587051560573602	-0.8234820624229441
2.184673	1.11	-3.223530088241982	-0.12894120352967928
2.18466642	1.11	-3.613568917865452	-0.14454275671461808
2.1846688	1.11	-15.787113826211552	-0.6314845530484621
3.42525674	1.06	-6.906854618266668	-0.2762741847306667
3.4252602	1.06	-8.937932422262406	-0.3575172968904963
3.4252602	1.06	-9.186137610477529	-0.3674455044191011
2.07276	1.18	-1.2409653209699545	-0.04963861283879818
2.9626415	0.69	-2.6729870286046356	-0.10691948114418542
2.96264191	0.69	-0.20037777585846783	-0.008015111034338714
2.96264	0.69	-7.109035810803255	-0.2843614324321302
2.96264036	0.81	-25.195163272654288	-1.0078065309061714
5.7525875	1.48	-3.7965471972688345	-0.1518618878907534
5.7525835	1.21	-6.674667805225025	-0.266986712209001
5.75251	1.48	-4.798093012273892	-0.19192372049095568
5.75251	1.48	-0.890071600904945	-0.0356028640361978
5.75251	1.21	-1.2293721845940395	-0.04917488738376158
1.7522239	0.73	-11.6512563748072	-0.466050254992288
17.8719	0.29	-8.111624445783225	-0.324464977831329
217.21	0.29	-3.8930776791402675	-0.1557231071656107
67.27	0.25	-0.6985906657107304	-0.027943626628429214
15.564	0.17	-12.765675524160867	-0.5106270209664348
0.5734745	0.41	-4.964964013243195	-0.1985985605297278
6.00127	0.69	-9.546479469479982	-0.3818591787791993
3.9415128	1.04	-1.2413476051981	-0.049653904207924
3.941516	0.88	-13.868333888308198	-0.5547333555323279
3.94150685	1.03	-9.886236295643835	-0.3954494518257534
3.941501	1.02	-0.10228334948927709	-0.004091333979571084
3.94150685	1.03	-6.744932792792685	-0.2697973117117074
3.941534	1.0	-9.009451866570851	-0.36037807466283406
3.94153	0.88	-3.958557445129028	-0.15834229780516113
2.61586178	0.97	-1.3809288188270694	-0.055237152753082774
2.61585922	0.97	-2.5104664878133027	-0.10041865951253211
2.615864	0.92	-8.624093113572268	-0.34496372454289076
120.8	0.98	-17.166444857099535	-0.6866577942839814
3.19153247	1.41	-13.305428733933594	-0.5322171493573438
3.1915239	1.21	-22.47400065861258	-0.8989600263445032
3.191525	1.41	-8.050739864222137	-0.3220295945688855
3.191561	0.58	-19.292756442586676	-0.771710257703467
3.19153285	1.21	-1.3046422202439147	-0.05218568880975659
4.1250828	1.28	-0.6486716768695429	-0.025946867074781714
4.12508	1.1	-3.722927388193747	-0.14891709552774987
4.12506679	1.32	-0.9953071037568613	-0.03981228415027445
4.187757	0.88	-0.32662654340602437	-0.013065061736240976
4.187732	1.0	-6.287528505319787	-0.25150114021279146
4.187757	0.91	-3.5662174171563827	-0.14264869668625532
4.18776	0.88	-8.945237847702758	-0.35780951390811033
3.7649916	1.47	-7.1717721797814695	-0.2868708871912588
2.864142	1.41	-18.024128372475005	-0.7209651348990002
1.9689	0.13	-3.782178687065801	-0.15128714748263206
3.05989	0.14	-10.224327884836594	-0.40897311539346376
0.75215	0.13	-4.277892198392066	-0.17111568793568263
3.06008	0.13	-3.7981514303463344	-0.15192605721385338
4.6568	0.13	-3.7229887522738045	-0.14891955009095217
4.65627	0.13	-16.782913924968163	-0.6713165569987265
380.8	1.5	-17.766775237250393	-0.7106710094900157
1790000.0	5.5	-8.75044718047536	-0.35001788721901445
605.2	1.7	-2.6049727126795954	-0.10419890850718382
6000.0	1.95	-5.517607856184046	-0.22070431424736187
8617.50952	1.79	-2.952477856081021	-0.11809911424324085
7665.0	1.76	-1.8950961831345126	-0.07580384732538051
1192.77951	1.79	-11.688422058163123	-0.46753688232652496
1200.0	1.75	-7.899218717294038	-0.3159687486917615
417.9	1.7	-8.552463561861645	-0.3420985424744658
2650.0	0.81	-11.022672428174797	-0.4409068971269919
2502.0	0.83	-4.4952399399003315	-0.17980959759601325
2690.0	0.78	-0.25927902841085443	-0.010371161136434177
2671.0	0.82	-16.717440678065234	-0.6686976271226094
16510.0	0.75	-12.308712618560431	-0.49234850474241726
905.0	1.18	-9.023950189902518	-0.3609580075961007
902.9	1.4	-11.739443057014027	-0.4695777222805611
414.88	1.78	-2.7941613681237545	-0.11176645472495018
415.2	1.47	-5.3198855669969305	-0.21279542267987722
964.6	1.47	-2.115422784084466	-0.08461691136337864
428.5	1.23	-8.777330824863373	-0.35109323299453493
536.0	1.05	-4.329838573117725	-0.173193542924709
510.72	1.05	-4.8643092983870195	-0.1945723719354808
1208.0	1.8	-9.862342761236494	-0.3944937104494598
1247.9	1.8	-8.143465141299224	-0.32573860565196894
1253.68	1.33	-9.890394362743525	-0.395615774509741
1261.94	1.47	-3.9957032229375864	-0.15982812891750345
414.8	1.61	-9.394156415094637	-0.3757662566037855
417.0	1.61	-4.270787060690294	-0.17083148242761176
530.21	2.7	-4.061544386438114	-0.16246177545752458
529.93	2.61	-18.54205029065131	-0.7416820116260524
530.32	3.04	-0.780444206286583	-0.03121776825146332
3186.0	3.04	-10.387612220969192	-0.41550448883876767
3180.6	2.61	-0.8347295721968511	-0.03338918288787404
278.59	1.01	-10.660364799193067	-0.4264145919677227
277.02	2.17	-0.2389588236752792	-0.009558352947011168
187.01	1.3	-4.510833205515098	-0.18043332822060393
1630.0	3.09	-3.097120917419426	-0.12388483669677705
1569.81	2.72	-7.70539789353378	-0.3082159157413512
6.2679	1.09	-5.0852789382502985	-0.20341115753001193
6.26791	1.1	-11.567690718912925	-0.462707628756517
6.2678293	1.02	-10.245771350486557	-0.4098308540194623
124.64	1.07	-16.020879555720448	-0.640835182228818
39.8438	0.95	-13.582631704677762	-0.5433052681871106
39.8458	0.89	-8.330442939998091	-0.3332177175999237
102.557	0.91	-0.7900173536598664	-0.03160069414639465
102.54	0.89	-18.10289912336489	-0.7241159649345955
282.2	0.95	-19.214695501922094	-0.7685878200768838
12.949	0.95	-11.93004571157175	-0.47720182846287
3.3124568	1.32	-4.6061580836554885	-0.18424632334621954
3.3124534	1.4	-1.2478377390736495	-0.04991350956294598
3.312463	1.35	-8.298574917440341	-0.3319429966976136
3.3128	1.2	-1.5393048233189144	-0.06157219293275658
162.87	0.78	-2.0288752534209706	-0.08115501013683883
20.0	0.78	-3.592253020727478	-0.14369012082909913
49.41	0.78	-13.077431543430441	-0.5230972617372176
305.5	2.3	-15.846185644344871	-0.6338474257737948
4.617122	1.29	-9.564947525043205	-0.38259790100172825
4.617033	1.3	-17.547323683043874	-0.701892947321755
4.617111	1.31	-4.5143920430966045	-0.18057568172386418
4.617136	1.15	-2.770728309667972	-0.11082913238671888
240.9402	1.31	-6.259512019972583	-0.2503804807989033
241.223	1.29	-9.132502692288437	-0.3653001076915375
241.258	1.3	-0.838411887739046	-0.03353647550956184
241.33	1.15	-3.0431615492379236	-0.12172646196951695
1282.41	1.29	-3.139280032370136	-0.12557120129480545
1281.507	1.31	-13.626774315809197	-0.5450709726323679
1278.1	1.15	-6.576019697878192	-0.2630407879151277
1276.46	1.3	-7.012786123124972	-0.28051144492499885
385.2	1.48	-12.527834535598563	-0.5011133814239426
136.97	1.74	-8.19124498679793	-0.3276497994719172
