trial primary/dMass cbp/dOrbPeriod cbp/dMass cbp/dEnvelopeMass 
rand_0000 0.971392 -27.557462 -0.902668 -0.007161 
rand_0001 0.430000 -28.362173 -4.280435 -0.490356 
rand_0002 0.990000 -25.981140 -2.035653 -0.065010 
rand_0003 0.780000 -27.705677 -2.528464 -0.114047 
rand_0004 1.225745 -17.034146 -1.318639 -0.019983 
rand_0005 1.041304 -10.494211 -1.694895 -0.039631 
rand_0006 1.169760 -43.824490 -2.899193 -0.167828 
rand_0007 0.812633 -29.400063 -2.606648 -0.125903 
rand_0008 0.970000 -28.908179 -3.804144 -0.353274 
rand_0009 0.460000 -45.939390 -3.804639 -0.348645 
rand_0010 1.017430 -20.553745 -1.656798 -0.037103 
rand_0011 1.080000 -55.826198 -4.218939 -0.469273 
rand_0012 0.870000 -24.686368 -4.048481 -0.414079 
rand_0013 1.155092 -40.066786 -2.112294 -0.071752 
rand_0014 0.870000 -42.739695 -3.303867 -0.239598 
rand_0015 0.810000 -31.461713 -8.411737 -2.978923 
rand_0016 0.140041 -37.269190 -1.799584 -0.045676 
rand_0017 0.728775 -28.638502 -0.720609 -0.003883 
rand_0018 1.135996 -17.588717 -0.712037 -0.003827 
rand_0019 0.339062 -49.315452 -2.376769 -0.098819 
rand_0020 1.129290 -38.339216 -3.107440 -0.198800 
rand_0021 1.300000 -53.942065 -3.080022 -0.198173 
rand_0022 0.940000 -26.046396 -7.083988 -1.847745 
rand_0023 0.810000 -33.328023 -4.715109 -0.619792 
rand_0024 1.200000 -53.967607 -3.103843 -0.204563 
rand_0025 1.296998 -28.695295 -2.111723 -0.070305 
rand_0026 1.319432 -37.533361 -2.203933 -0.080128 
rand_0027 1.320293 -12.133748 -1.553020 -0.030986 
rand_0028 0.867448 -32.276351 -1.116507 -0.012779 
rand_0029 0.886107 -35.182655 -2.121527 -0.072373 
rand_0030 1.039245 -40.391669 -2.292158 -0.089297 
rand_0031 0.625534 -49.574206 -2.671668 -0.137304 
rand_0032 1.097372 -36.654736 -0.990049 -0.009193 
rand_0033 1.310000 -19.043667 -6.600820 -1.533706 
rand_0034 0.583516 -49.478134 -0.310951 -0.000408 
rand_0035 0.739293 -42.257714 -1.438459 -0.024631 
rand_0036 1.050000 -57.571177 -2.506545 -0.114872 
rand_0037 1.390650 -33.042575 -2.807066 -0.152245 
rand_0038 0.654554 -25.362953 -1.389292 -0.023027 
rand_0039 0.510000 -15.549500 -1.768649 -0.044629 
rand_0040 1.116455 -26.578529 -1.980349 -0.059411 
rand_0041 1.020000 -17.460392 -5.656864 -1.037841 
rand_0042 1.080000 -17.892846 -4.847344 -0.679714 
rand_0043 1.080000 -22.390586 -5.099177 -0.765609 
rand_0044 0.970000 -51.737274 -1.256750 -0.017342 
rand_0045 0.966287 -18.885682 -2.834762 -0.157532 
rand_0046 0.796243 -14.220097 -2.917625 -0.170181 
rand_0047 0.780000 -11.074982 -2.504963 -0.114356 
rand_0048 0.423759 -30.088473 -3.083908 -0.200471 
rand_0049 0.970000 -20.544542 -1.338209 -0.020684 
rand_0050 0.840000 -41.640361 -3.386388 -0.254971 
rand_0051 0.980000 -54.930213 -3.113684 -0.203282 
rand_0052 0.850000 -10.235923 -3.439674 -0.267431 
rand_0053 0.900000 -53.488712 -7.674317 -2.345348 
rand_0054 0.340000 -16.383707 -1.406563 -0.023345 
rand_0055 0.518899 -24.396127 -1.908009 -0.054588 
rand_0056 1.000000 -46.357940 -3.229243 -0.225017 
rand_0057 0.700000 -12.155158 -7.499528 -2.215532 
rand_0058 1.190000 -40.421878 -4.838143 -0.669238 
rand_0059 0.620000 -11.706953 -2.666091 -0.133412 
rand_0060 1.061940 -46.246866 -0.950689 -0.008371 
rand_0061 0.320000 -50.347457 -1.960101 -0.058384 
rand_0062 0.940000 -45.539277 -3.865564 -0.359087 
rand_0063 0.990000 -38.244517 -7.875170 -2.470110 
rand_0064 0.178779 -27.319497 -1.741702 -0.042931 
rand_0065 1.175732 -29.256183 -0.526038 -0.001691 
rand_0066 0.470583 -41.711910 -3.757526 -0.337596 
rand_0067 1.218220 -44.832125 -2.907414 -0.168281 
rand_0068 0.830000 -30.137209 -5.572538 -0.977894 
rand_0069 0.970000 -22.960666 -3.114170 -0.202971 
rand_0070 1.010000 -50.017596 -1.120017 -0.012937 
rand_0071 0.920000 -13.834756 -3.953535 -0.384952 
rand_0072 1.249211 -38.833878 -2.466093 -0.108306 
rand_0073 0.780314 -25.037377 -2.562612 -0.121273 
rand_0074 0.850000 -15.720344 -2.107883 -0.070145 
rand_0075 0.950000 -33.356939 -5.895041 -1.129831 
rand_0076 1.260000 -56.302176 -4.786750 -0.654568 
rand_0077 1.230000 -27.241211 -2.720223 -0.142099 
rand_0078 0.980000 -33.298119 -2.757885 -0.146232 
rand_0079 0.700000 -39.123100 -2.974097 -0.179911 
rand_0080 0.303543 -14.222772 -0.575245 -0.002125 
rand_0081 1.090000 -15.146186 -5.280674 -0.850453 
rand_0082 1.180000 -33.304083 -2.495349 -0.109780 
rand_0083 0.943732 -11.476971 -2.200229 -0.079392 
rand_0084 1.060000 -27.853927 -3.665186 -0.315192 
rand_0085 1.030000 -28.040569 -0.437726 -0.001027 
rand_0086 0.732344 -49.944101 -1.121628 -0.012951 
rand_0087 0.540000 -27.266220 -1.488495 -0.028023 
rand_0088 0.813609 -25.180959 -1.255411 -0.017547 
rand_0089 1.320000 -19.864263 -5.580788 -0.968549 
rand_0090 0.630000 -13.911786 -6.513368 -1.495753 
rand_0091 0.760000 -47.332051 -3.591199 -0.297390 
rand_0092 0.900000 -45.036548 -5.107157 -0.776403 
rand_0093 0.942354 -40.139999 -2.662452 -0.133833 
rand_0094 0.970571 -13.783836 -1.537158 -0.030099 
rand_0095 0.914178 -49.632572 -1.593629 -0.033166 
rand_0096 0.210557 -38.948661 -1.420352 -0.024565 
rand_0097 0.957762 -27.400824 -0.276952 -0.000292 
rand_0098 0.355060 -15.436261 -1.405722 -0.023556 
rand_0099 1.030000 -14.887437 -2.749251 -0.145341 
rand_0100 0.810000 -37.401968 -5.946059 -1.154829 
rand_0101 1.150000 -47.040783 -4.993190 -0.723517 
rand_0102 1.393056 -22.356761 -1.898005 -0.053841 
rand_0103 0.760000 -47.285753 -2.001028 -0.061044 
rand_0104 0.810000 -15.437257 -4.059431 -0.412790 
rand_0105 0.885076 -32.946624 -1.972027 -0.059785 
rand_0106 0.570000 -53.961309 -1.966722 -0.059122 
rand_0107 1.315324 -25.649101 -1.483363 -0.027420 
rand_0108 0.913295 -29.456372 -1.626677 -0.035521 
rand_0109 0.720000 -56.317123 -2.294373 -0.089694 
rand_0110 1.038471 -24.875295 -0.644139 -0.002840 
rand_0111 0.990000 -51.244227 -7.036986 -1.824291 
rand_0112 1.073110 -14.867524 -1.549821 -0.031026 
rand_0113 0.800000 -16.161376 -1.160897 -0.014074 
rand_0114 1.050000 -11.118667 -4.670742 -0.609667 
rand_0115 0.259116 -19.757069 -1.974296 -0.060251 
rand_0116 0.970000 -23.369088 -1.397218 -0.023353 
rand_0117 0.850000 -10.059430 -4.465673 -0.534398 
rand_0118 0.970000 -48.522609 -9.739891 -4.458717 
rand_0119 0.940000 -32.233443 -4.588090 -0.576711 
rand_0120 0.840000 -27.196329 -3.418576 -0.262878 
rand_0121 1.140000 -44.695452 -2.996766 -0.182341 
rand_0122 0.480000 -59.764716 -6.823143 -1.698932 
rand_0123 0.600081 -49.251932 -4.104488 -0.425033 
rand_0124 0.890000 -24.231595 -2.591124 -0.121279 
rand_0125 0.951045 -16.782709 -1.329186 -0.020501 
rand_0126 1.230000 -45.410988 -5.165289 -0.791365 
rand_0127 0.840000 -40.416413 -5.541328 -0.967451 
rand_0128 1.089254 -47.591783 -0.851730 -0.006140 
rand_0129 1.050000 -21.651369 -3.631050 -0.314651 
rand_0130 0.257613 -36.842814 -1.488181 -0.027770 
rand_0131 0.790000 -53.952334 -2.781417 -0.151343 
rand_0132 1.057988 -40.314579 -1.049395 -0.010636 
rand_0133 0.870000 -52.839266 -6.704553 -1.622904 
rand_0134 1.260455 -49.943532 -3.518163 -0.282425 
rand_0135 0.814101 -33.080464 -3.334838 -0.247009 
rand_0136 0.822618 -44.978409 -1.217846 -0.016035 
rand_0137 1.180000 -11.800851 -2.322865 -0.092246 
rand_0138 1.070000 -39.940120 -2.386239 -0.100205 
rand_0139 0.940000 -35.081320 -7.813492 -2.464271 
rand_0140 0.950000 -45.141506 -3.880095 -0.364109 
rand_0141 0.982661 -22.426388 -1.900206 -0.052814 
rand_0142 0.942217 -14.041037 -1.980509 -0.060315 
rand_0143 0.686664 -26.461034 -2.563519 -0.121334 
rand_0144 0.910000 -37.408416 -2.984771 -0.182772 
rand_0145 0.250000 -19.209976 -1.135596 -0.013502 
rand_0146 1.394515 -22.183246 -1.271707 -0.018361 
rand_0147 1.149778 -13.822165 -2.116854 -0.072789 
rand_0148 1.130000 -42.638887 -4.395425 -0.510580 
rand_0149 0.920000 -23.652581 -1.461994 -0.026478 
rand_0150 0.990000 -55.841769 -3.824525 -0.355455 
rand_0151 0.875099 -19.417896 -1.961703 -0.058114 
rand_0152 0.229290 -48.024519 -1.892064 -0.053537 
rand_0153 0.750000 -53.797867 -2.889212 -0.165814 
rand_0154 1.041796 -14.602498 -1.973492 -0.060070 
rand_0155 1.258260 -48.762533 -0.666616 -0.003141 
rand_0156 0.690000 -44.286290 -3.930866 -0.383033 
rand_0157 1.070000 -42.845282 -4.577106 -0.577288 
rand_0158 0.630000 -44.431058 -3.384642 -0.251377 
rand_0159 0.940000 -22.515259 -7.124242 -1.910939 
rand_0160 0.850000 -33.886496 -2.204714 -0.080466 
rand_0161 1.171045 -48.229368 -2.312332 -0.091866 
rand_0162 1.210000 -15.978546 -2.168645 -0.076858 
rand_0163 0.824539 -18.744981 -1.619656 -0.034716 
rand_0164 0.102123 -32.472831 -2.162915 -0.078124 
rand_0165 0.612131 -49.160727 -1.117935 -0.012614 
rand_0166 1.040000 -49.353328 -4.735879 -0.629882 
rand_0167 0.560000 -56.222755 -7.084063 -1.851816 
rand_0168 0.660000 -48.142599 -2.550409 -0.118591 
rand_0169 0.807157 -11.040151 -3.020563 -0.187641 
rand_0170 1.060000 -18.781836 -3.704937 -0.328000 
rand_0171 0.783252 -48.051006 -2.107181 -0.070169 
rand_0172 1.020000 -42.241969 -9.858435 -4.505617 
rand_0173 0.657309 -15.362648 -3.189634 -0.215361 
rand_0174 0.953931 -31.418223 -3.476851 -0.274862 
rand_0175 0.940000 -31.762956 -1.373419 -0.022448 
rand_0176 0.570000 -29.232598 -2.807694 -0.152876 
rand_0177 1.100000 -54.805255 -3.736297 -0.333967 
rand_0178 0.898270 -22.110288 -1.985120 -0.060146 
rand_0179 0.650000 -26.784666 -5.838073 -1.085972 
rand_0180 0.747532 -12.957266 -3.476331 -0.273200 
rand_0181 1.060000 -54.242444 -4.544218 -0.560578 
rand_0182 0.420000 -29.209775 -4.929422 -0.700402 
rand_0183 0.910000 -55.312938 -1.804017 -0.046855 
rand_0184 0.900000 -25.216157 -2.784259 -0.150537 
rand_0185 0.980000 -52.002370 -6.595232 -1.540221 
rand_0186 0.215302 -39.133544 -4.337120 -0.497603 
rand_0187 1.150000 -26.620483 -3.722251 -0.332780 
rand_0188 0.820000 -39.208127 -4.614501 -0.580723 
rand_0189 0.859461 -40.624285 -2.713467 -0.139222 
rand_0190 0.943284 -29.796624 -2.008371 -0.062742 
rand_0191 0.888406 -45.859191 -3.295865 -0.237373 
rand_0192 1.050000 -19.626890 -3.583190 -0.299724 
rand_0193 0.180000 -42.739257 -3.840450 -0.357089 
rand_0194 1.080000 -58.382672 -5.415986 -0.919431 
rand_0195 0.570000 -57.865689 -3.454966 -0.270671 
rand_0196 1.200000 -29.685418 -2.186811 -0.079416 
rand_0197 0.518033 -28.853031 -1.989035 -0.060470 
rand_0198 1.167748 -14.492905 -2.454338 -0.106836 
rand_0199 1.060000 -36.594256 -4.391512 -0.508868 
rand_0200 0.595712 -16.855305 -1.482596 -0.027592 
rand_0201 0.679084 -13.799388 -3.253822 -0.223733 
rand_0202 0.874913 -10.423508 -1.073359 -0.011528 
rand_0203 0.520968 -19.476950 -2.320968 -0.093113 
rand_0204 0.848416 -21.094834 -2.427678 -0.106377 
rand_0205 0.580000 -26.562738 -7.142910 -1.921830 
rand_0206 0.630000 -32.834942 -4.097981 -0.428311 
rand_0207 1.130000 -14.095568 -2.835209 -0.158666 
rand_0208 1.150419 -33.224758 -0.428656 -0.000956 
rand_0209 0.800000 -48.886165 -2.708054 -0.139921 
rand_0210 0.880000 -17.220431 -2.952565 -0.180869 
rand_0211 1.380000 -26.065341 -1.976411 -0.059434 
rand_0212 0.850000 -11.115927 -7.073976 -1.861327 
rand_0213 0.231016 -29.967480 -2.611570 -0.126450 
rand_0214 0.918883 -19.916671 -3.210297 -0.220636 
rand_0215 1.323876 -27.634070 -1.896847 -0.053288 
rand_0216 0.930000 -38.521626 -0.665654 -0.003135 
rand_0217 0.970000 -27.222827 -4.453866 -0.536637 
rand_0218 1.010000 -18.604190 -7.550928 -2.200406 
rand_0219 1.220385 -16.284900 -1.395922 -0.023413 
rand_0220 1.197381 -14.989435 -2.314642 -0.091302 
rand_0221 1.050000 -45.414681 -3.041331 -0.190900 
rand_0222 0.884217 -42.101857 -4.104852 -0.421614 
rand_0223 1.195446 -12.085760 -2.390068 -0.100101 
rand_0224 1.060000 -52.072657 -8.274723 -2.848307 
rand_0225 0.180000 -56.325160 -1.980522 -0.060662 
rand_0226 1.178542 -39.015210 -2.766835 -0.148393 
rand_0227 0.423202 -18.510883 -2.223057 -0.080666 
rand_0228 0.238209 -12.098595 -0.840502 -0.005865 
rand_0229 1.090000 -50.429437 -6.176202 -1.274832 
rand_0230 1.070000 -16.961418 -3.839107 -0.358579 
rand_0231 0.730000 -22.703403 -0.720367 -0.003958 
rand_0232 1.100000 -40.141191 -4.208657 -0.454839 
rand_0233 0.974270 -39.542926 -4.996775 -0.732757 
rand_0234 0.880000 -49.858061 -5.236055 -0.827196 
rand_0235 0.630778 -10.330018 -2.113588 -0.071128 
rand_0236 0.932493 -34.013064 -3.994933 -0.398319 
rand_0237 1.040595 -24.438885 -2.118329 -0.072078 
rand_0238 0.426411 -47.212511 -2.774357 -0.151041 
rand_0239 0.780000 -53.768420 -2.092262 -0.070115 
rand_0240 0.636187 -22.949057 -0.899711 -0.007144 
rand_0241 0.644714 -43.576975 -0.426315 -0.000950 
rand_0242 0.880000 -43.818310 -3.725297 -0.330449 
rand_0243 0.909274 -18.421252 -1.605351 -0.033457 
rand_0244 1.350000 -24.654481 -1.812946 -0.047556 
rand_0245 1.117819 -37.632229 -1.205953 -0.015432 
rand_0246 0.790000 -15.455878 -2.389799 -0.100115 
rand_0247 0.940000 -39.465811 -1.489653 -0.027863 
rand_0248 1.204228 -38.403573 -1.332648 -0.020928 
rand_0249 1.112412 -20.419659 -2.730015 -0.144316 
rand_0250 0.594188 -18.068513 -2.383339 -0.098737 
rand_0251 0.810000 -38.898778 -3.947900 -0.388304 
rand_0252 0.801899 -38.595900 -1.534614 -0.030301 
rand_0253 0.990000 -15.754108 -4.402804 -0.523216 
rand_0254 0.692548 -25.367348 -0.303561 -0.000377 
rand_0255 0.740000 -48.818970 -0.971698 -0.008844 
rand_0256 0.940000 -49.772952 -4.130127 -0.435664 
rand_0257 1.363940 -17.835702 -2.158762 -0.075994 
rand_0258 0.860000 -42.573343 -6.821841 -1.676761 
rand_0259 0.230000 -11.141931 -4.967531 -0.734058 
rand_0260 0.800000 -26.749206 -6.452257 -1.437151 
rand_0261 0.935563 -38.235975 -1.847098 -0.050561 
rand_0262 0.440000 -29.652165 -4.349359 -0.501156 
rand_0263 1.010000 -46.383272 -2.132283 -0.073320 
rand_0264 0.424302 -31.889049 -1.113144 -0.012655 
rand_0265 0.245579 -12.319225 -0.869930 -0.006538 
rand_0266 0.870000 -52.913191 -1.028512 -0.010053 
rand_0267 0.935252 -15.936850 -2.198527 -0.079610 
rand_0268 0.591802 -45.800301 -1.005903 -0.009775 
rand_0269 1.128677 -47.817927 -1.431190 -0.024992 
rand_0270 1.307817 -45.156329 -0.332351 -0.000484 
rand_0271 0.790000 -12.641591 -3.738440 -0.336290 
rand_0272 1.135097 -49.091971 -2.200615 -0.079762 
rand_0273 0.947924 -18.692782 -0.443184 -0.001058 
rand_0274 0.960000 -41.246088 -3.073532 -0.198209 
rand_0275 1.310000 -53.436278 -1.703051 -0.039951 
rand_0276 1.225115 -19.424372 -0.189023 -0.000104 
rand_0277 0.760000 -14.623099 -3.552348 -0.291167 
rand_0278 0.810000 -21.206404 -6.907226 -1.760047 
rand_0279 0.560000 -31.847944 -4.122045 -0.427266 
rand_0280 1.228595 -34.956134 -3.017888 -0.187456 
rand_0281 0.748553 -18.264080 -3.292105 -0.234821 
rand_0282 1.010000 -33.290396 -2.664120 -0.131329 
rand_0283 0.729686 -22.048099 -2.324257 -0.091907 
rand_0284 0.516373 -36.350364 -1.035268 -0.010444 
rand_0285 0.460000 -48.868472 -1.461202 -0.026317 
rand_0286 1.319369 -34.962844 -0.372885 -0.000653 
rand_0287 0.140000 -33.293114 -7.381621 -2.102001 
rand_0288 0.540000 -25.561642 -7.870145 -2.503833 
rand_0289 0.860000 -30.815798 -4.503936 -0.538787 
rand_0290 0.855634 -30.697323 -0.883019 -0.006829 
rand_0291 0.990000 -34.350583 -1.274337 -0.018253 
rand_0292 1.284307 -16.952805 -1.559594 -0.031089 
rand_0293 1.053079 -22.465316 -2.127827 -0.073196 
rand_0294 0.940000 -20.986677 -2.551016 -0.115595 
rand_0295 0.682239 -19.873503 -0.426344 -0.000950 
rand_0296 1.010000 -19.344655 -1.182624 -0.014933 
rand_0297 1.237446 -31.669075 -2.918797 -0.170355 
rand_0298 0.631736 -10.552578 -1.879127 -0.051132 
rand_0299 1.131067 -44.585619 -1.736537 -0.041756 
rand_0300 0.490000 -56.412051 -5.550051 -0.967183 
rand_0301 0.548198 -19.651566 -1.210833 -0.015687 
rand_0302 1.090000 -47.184070 -2.207025 -0.080028 
rand_0303 0.676413 -15.170063 -1.982711 -0.059408 
rand_0304 0.580000 -18.493518 -3.792034 -0.348322 
rand_0305 0.700000 -47.004638 -0.643540 -0.002870 
rand_0306 1.030000 -53.714441 -1.634578 -0.035940 
rand_0307 0.432997 -12.656470 -1.660427 -0.037511 
rand_0308 0.570000 -26.429541 -4.766761 -0.638101 
rand_0309 0.890000 -17.617929 -2.510639 -0.114195 
rand_0310 0.121494 -18.383601 -2.184021 -0.077888 
rand_0311 1.160000 -19.695720 -3.307065 -0.241202 
rand_0312 0.654011 -38.842708 -2.418134 -0.104010 
rand_0313 0.913331 -19.722508 -1.203820 -0.015688 
rand_0314 0.450000 -54.574590 -0.640172 -0.002836 
rand_0315 1.020000 -20.640622 -2.005206 -0.061880 
rand_0316 0.880000 -36.162201 -5.518696 -0.948238 
rand_0317 0.860000 -57.436229 -1.275493 -0.018330 
rand_0318 0.850000 -31.184660 -5.634602 -0.995715 
rand_0319 1.030000 -59.369481 -3.937340 -0.382321 
rand_0320 0.850831 -19.080870 -1.592412 -0.033707 
rand_0321 1.073769 -14.502573 -2.156389 -0.075263 
rand_0322 0.744793 -26.477785 -1.750502 -0.042985 
rand_0323 0.430000 -49.864170 -5.905217 -1.145880 
rand_0324 0.930000 -36.376317 -6.461543 -1.489250 
rand_0325 0.482168 -24.880863 -1.584904 -0.032611 
rand_0326 1.000000 -59.319218 -9.469345 -4.083282 
rand_0327 0.750000 -54.523459 -0.832266 -0.005752 
rand_0328 0.850000 -28.667662 -3.333014 -0.242592 
rand_0329 1.087926 -21.725024 -2.977555 -0.179835 
rand_0330 0.775502 -36.482925 -1.403623 -0.023482 
rand_0331 1.010000 -41.681995 -4.807829 -0.656901 
rand_0332 1.270000 -23.538541 -3.958186 -0.388498 
rand_0333 1.070000 -42.182718 -2.439511 -0.105966 
rand_0334 0.863666 -46.406062 -1.835137 -0.049224 
rand_0335 0.403271 -24.482065 -2.051028 -0.065313 
rand_0336 0.307412 -42.037827 -2.358670 -0.095412 
rand_0337 1.130000 -49.605703 -2.220636 -0.082847 
rand_0338 1.198726 -32.988996 -2.247600 -0.083956 
rand_0339 1.050000 -47.105715 -5.152449 -0.797797 
rand_0340 0.280000 -28.297783 -0.478755 -0.001293 
rand_0341 0.840000 -29.404935 -3.621547 -0.309966 
rand_0342 1.142999 -37.966693 -2.886569 -0.164208 
rand_0343 1.220000 -28.328816 -5.969175 -1.183720 
rand_0344 0.876702 -47.819767 -2.303825 -0.090662 
rand_0345 0.493902 -38.932607 -1.625595 -0.035315 
rand_0346 1.228822 -10.096531 -2.361502 -0.096463 
rand_0347 1.304370 -43.345574 -3.136211 -0.203737 
rand_0348 0.379207 -13.951986 -2.193379 -0.078150 
rand_0349 1.200000 -18.261206 -6.771562 -1.652938 
rand_0350 0.890000 -20.661891 -5.323323 -0.853265 
rand_0351 0.735737 -49.251017 -2.424482 -0.103810 
rand_0352 1.000000 -37.111226 -1.251326 -0.017381 
rand_0353 0.550000 -19.963505 -5.966354 -1.200454 
rand_0354 1.133349 -13.553033 -0.436498 -0.001026 
rand_0355 0.890000 -55.844197 -2.339611 -0.093663 
rand_0356 0.953949 -46.433692 -3.314885 -0.243499 
rand_0357 0.790000 -59.523785 -1.449564 -0.025848 
rand_0358 0.770000 -56.117697 -3.162188 -0.212765 
rand_0359 1.120000 -47.545280 -0.759389 -0.004547 
rand_0360 0.950000 -15.270107 -3.561303 -0.290789 
rand_0361 1.160000 -58.888532 -6.040384 -1.241311 
rand_0362 1.130956 -43.414758 -3.011206 -0.187089 
rand_0363 1.266796 -28.504306 -2.157890 -0.075383 
rand_0364 1.040000 -40.344776 -5.186228 -0.798604 
rand_0365 0.417238 -38.694625 -0.985881 -0.009106 
rand_0366 0.671328 -31.016632 -4.761341 -0.645266 
rand_0367 0.840000 -14.658850 -2.448948 -0.104697 
rand_0368 1.030000 -12.499689 -3.149498 -0.207603 
rand_0369 0.880000 -49.455815 -4.759048 -0.637057 
rand_0370 1.150000 -10.384262 -0.355580 -0.000578 
rand_0371 1.160000 -23.551653 -4.160180 -0.445757 
rand_0372 1.320000 -52.885487 -4.851952 -0.666413 
rand_0373 0.780000 -35.815928 -2.575466 -0.119480 
rand_0374 1.240000 -52.523564 -2.222078 -0.081378 
rand_0375 0.829828 -21.141856 -3.141818 -0.204929 
rand_0376 0.960000 -39.146207 -2.929779 -0.171486 
rand_0377 0.780800 -17.093578 -3.153351 -0.210481 
rand_0378 1.010000 -20.847187 -0.715321 -0.003912 
rand_0379 0.808633 -40.917596 -2.781323 -0.149774 
rand_0380 0.860000 -39.532361 -5.386655 -0.878639 
rand_0381 1.021240 -22.182156 -1.979445 -0.060248 
rand_0382 1.327191 -23.999155 -1.234242 -0.016775 
rand_0383 0.628033 -37.572935 -3.578382 -0.298909 
rand_0384 0.529162 -26.254613 -3.248461 -0.230993 
rand_0385 0.980000 -25.544314 -1.252761 -0.017460 
rand_0386 1.204003 -27.737050 -1.276364 -0.018306 
rand_0387 1.010000 -12.957031 -1.811778 -0.047662 
rand_0388 1.020000 -46.224841 -6.292024 -1.339907 
rand_0389 1.080000 -20.107811 -5.718627 -1.050193 
rand_0390 0.988666 -46.457344 -2.720244 -0.141171 
rand_0391 0.660000 -29.812127 -5.443600 -0.923119 
rand_0392 0.383025 -16.248032 -1.662991 -0.037697 
rand_0393 1.059925 -34.060180 -2.014682 -0.062433 
rand_0394 1.090000 -16.628648 -2.733688 -0.143315 
rand_0395 1.020000 -43.781265 -4.532665 -0.556256 
rand_0396 1.388147 -41.466326 -3.175727 -0.214337 
rand_0397 0.990000 -40.641872 -4.494044 -0.548213 
rand_0398 0.583744 -14.674943 -0.740636 -0.004129 
rand_0399 0.261734 -38.199662 -3.167924 -0.215575 
rand_0400 1.120000 -39.770102 -1.292525 -0.019219 
rand_0401 0.991961 -10.824006 -3.026841 -0.191648 
rand_0402 0.660000 -23.179900 -5.439693 -0.909334 
rand_0403 1.125291 -15.898615 -0.240737 -0.000201 
rand_0404 0.702701 -23.442474 -3.697174 -0.325305 
rand_0405 1.226825 -28.493292 -1.829119 -0.049031 
rand_0406 1.030000 -10.797299 -1.539860 -0.030522 
rand_0407 0.950000 -36.931553 -6.387665 -1.379835 
rand_0408 1.257032 -33.435034 -0.596484 -0.002342 
rand_0409 0.659257 -32.311076 -2.165656 -0.076238 
rand_0410 1.130000 -23.134576 -2.012929 -0.062236 
rand_0411 0.930000 -29.436535 -5.679426 -1.012740 
rand_0412 1.220000 -17.082834 -2.730347 -0.141292 
rand_0413 0.120000 -15.603542 -7.289114 -2.015987 
rand_0414 0.894550 -32.575622 -0.262255 -0.000258 
rand_0415 0.710679 -29.555255 -1.019147 -0.010275 
rand_0416 1.044666 -37.486080 -1.080172 -0.011566 
rand_0417 0.560000 -55.228608 -5.224312 -0.835374 
rand_0418 0.870858 -25.203719 -3.321292 -0.239234 
rand_0419 0.910000 -47.769444 -5.695844 -1.031132 
rand_0420 0.542057 -26.906156 -3.196736 -0.218239 
rand_0421 0.550000 -17.180663 -1.423955 -0.024988 
rand_0422 1.061484 -20.616050 -0.994054 -0.009273 
rand_0423 1.001856 -26.187226 -3.268125 -0.233395 
rand_0424 0.293096 -30.338555 -1.754979 -0.042861 
rand_0425 0.763725 -25.230147 -2.623728 -0.126829 
rand_0426 1.084104 -45.573566 -2.579996 -0.120782 
rand_0427 0.875171 -29.958585 -0.555391 -0.001907 
rand_0428 1.286469 -21.255565 -1.962081 -0.058435 
rand_0429 1.050000 -10.782388 -4.283649 -0.487284 
rand_0430 1.100000 -11.399429 -5.262890 -0.836072 
rand_0431 0.970690 -44.905008 -0.335910 -0.000501 
rand_0432 1.107766 -33.327808 -3.634535 -0.311933 
rand_0433 1.230000 -54.348253 -5.651880 -1.014348 
rand_0434 0.860000 -14.318075 -1.711815 -0.039821 
rand_0435 0.640000 -17.509898 -4.551366 -0.569147 
rand_0436 1.080000 -22.548961 -1.227935 -0.016573 
rand_0437 0.596828 -12.181180 -3.567755 -0.292452 
rand_0438 0.480000 -59.762898 -4.256265 -0.462524 
rand_0439 0.650000 -53.230294 -4.429639 -0.524994 
rand_0440 1.179081 -11.252015 -1.829307 -0.048333 
rand_0441 0.577320 -32.822904 -4.255836 -0.471220 
rand_0442 0.700631 -35.070708 -1.928234 -0.055514 
rand_0443 1.184527 -14.328032 -1.678286 -0.038060 
rand_0444 0.323086 -13.332618 -1.720226 -0.040835 
rand_0445 1.100000 -51.918499 -5.556895 -0.971875 
rand_0446 0.984113 -13.838420 -3.652653 -0.313460 
rand_0447 0.970000 -50.310630 -0.659110 -0.003070 
rand_0448 0.950000 -48.535551 -1.947921 -0.058075 
rand_0449 0.990000 -38.561273 -6.974082 -1.809014 
rand_0450 0.840000 -58.065702 -3.800492 -0.345037 
rand_0451 1.090000 -40.956920 -2.580994 -0.123846 
rand_0452 0.773664 -14.091161 -2.067988 -0.068170 
rand_0453 0.560000 -30.189938 -2.615288 -0.128484 
rand_0454 0.810000 -35.199178 -5.935062 -1.174766 
rand_0455 0.990000 -32.594628 -1.660606 -0.037733 
rand_0456 0.952611 -49.639725 -1.140545 -0.013479 
rand_0457 0.968344 -39.566870 -2.963646 -0.177351 
rand_0458 1.191849 -23.564378 -1.028439 -0.010294 
rand_0459 0.560000 -49.244351 -8.009416 -2.567324 
rand_0460 1.210000 -17.628961 -8.775485 -3.294757 
rand_0461 1.225676 -26.495561 -0.753800 -0.004403 
rand_0462 1.077611 -20.305471 -1.891132 -0.052973 
rand_0463 0.210037 -34.636420 -1.255534 -0.017610 
rand_0464 0.940000 -11.211502 -0.841436 -0.005919 
rand_0465 1.349068 -17.225833 -1.379637 -0.022585 
rand_0466 1.042576 -47.866254 -3.939405 -0.382238 
rand_0467 0.780000 -42.553767 -5.598716 -0.991498 
rand_0468 0.761226 -31.159183 -3.737734 -0.331300 
rand_0469 0.435083 -21.133827 -2.814393 -0.157044 
rand_0470 0.990000 -21.919422 -4.795717 -0.649093 
rand_0471 1.150000 -10.795389 -6.291211 -1.344660 
rand_0472 0.644082 -30.201237 -1.296158 -0.019049 
rand_0473 0.920000 -44.304592 -9.873749 -4.619146 
rand_0474 1.260883 -23.697640 -0.694331 -0.003548 
rand_0475 1.000000 -25.995619 -4.691348 -0.617562 
rand_0476 1.340000 -11.048709 -6.470477 -1.463956 
rand_0477 0.580000 -17.240619 -0.792553 -0.005000 
rand_0478 0.930000 -27.264728 -2.784305 -0.148964 
rand_0479 0.930000 -47.172033 -6.199606 -1.298187 
rand_0480 0.370000 -39.454560 -5.674132 -1.031536 
rand_0481 0.860000 -42.471547 -2.886647 -0.168640 
rand_0482 0.894983 -34.409044 -3.179243 -0.217325 
rand_0483 1.341475 -34.144536 -0.551281 -0.001940 
rand_0484 1.270000 -51.762696 -6.680898 -1.585663 
rand_0485 0.990000 -12.674904 -4.583218 -0.569826 
rand_0486 1.000000 -54.890686 -1.960724 -0.058882 
rand_0487 0.890000 -56.828337 -2.783893 -0.150012 
rand_0488 0.213473 -49.114053 -2.066141 -0.067651 
rand_0489 1.010000 -10.794642 -0.807729 -0.005237 
rand_0490 0.690000 -56.142755 -4.663316 -0.602267 
rand_0491 1.040000 -34.169565 -3.314350 -0.243434 
rand_0492 0.996073 -13.828234 -1.983506 -0.060479 
rand_0493 1.332838 -42.640926 -2.021171 -0.063718 
rand_0494 0.850000 -58.158749 -6.631454 -1.567366 
rand_0495 1.064543 -32.467104 -1.976503 -0.059712 
rand_0496 1.004289 -21.832805 -1.859676 -0.050278 
rand_0497 0.870000 -41.549714 -2.748028 -0.143990 
rand_0498 0.820000 -46.213545 -2.928674 -0.170028 
rand_0499 0.850000 -25.434939 -4.348046 -0.505301 
rand_0500 0.778055 -11.773206 -1.137452 -0.013485 
rand_0501 0.830000 -22.841403 -3.966664 -0.398611 
rand_0502 1.073785 -45.262011 -1.860302 -0.049803 
rand_0503 1.000000 -56.841372 -6.821246 -1.692365 
rand_0504 0.631841 -21.884626 -1.579569 -0.032581 
rand_0505 0.890000 -26.514730 -1.922364 -0.054827 
rand_0506 1.001453 -46.199894 -3.178543 -0.215144 
rand_0507 1.060000 -40.706335 -5.173871 -0.805136 
rand_0508 1.389376 -48.899445 -1.986959 -0.061381 
rand_0509 1.180000 -27.157761 -3.964082 -0.391427 
rand_0510 0.930000 -17.589363 -4.113157 -0.428665 
rand_0511 0.860000 -30.365054 -2.566823 -0.119186 
rand_0512 0.230000 -23.757350 -2.182471 -0.076302 
rand_0513 0.947061 -46.676328 -2.717661 -0.140882 
rand_0514 0.850000 -29.918398 -5.000495 -0.731388 
rand_0515 0.734869 -28.773838 -1.185512 -0.015120 
rand_0516 1.000000 -45.872163 -6.130953 -1.237684 
rand_0517 0.649243 -19.477053 -0.178921 -0.000090 
rand_0518 1.090000 -47.918730 -1.593728 -0.033414 
rand_0519 1.240000 -51.432526 -2.811265 -0.151658 
rand_0520 1.190000 -56.079837 -3.666752 -0.320543 
rand_0521 0.327477 -40.976296 -1.900572 -0.053168 
rand_0522 0.796880 -16.746786 -2.327699 -0.093316 
rand_0523 1.120000 -32.771679 -3.065466 -0.196260 
rand_0524 0.760000 -45.697658 -2.705546 -0.137626 
rand_0525 1.060000 -29.876414 -1.532077 -0.029116 
rand_0526 0.699950 -47.716230 -3.438448 -0.267704 
rand_0527 1.144476 -49.451078 -3.270755 -0.230427 
rand_0528 1.237843 -38.382630 -1.490921 -0.027509 
rand_0529 1.060000 -26.306844 -7.824655 -2.471704 
rand_0530 0.930000 -19.093733 -3.100533 -0.201349 
rand_0531 0.890000 -51.599224 -0.636348 -0.002818 
rand_0532 1.000000 -21.063443 -6.142837 -1.264373 
rand_0533 1.358211 -36.718252 -2.544782 -0.116677 
rand_0534 1.000000 -44.718086 -4.695290 -0.615292 
rand_0535 0.791632 -45.166898 -3.335763 -0.246967 
rand_0536 0.992784 -24.767575 -3.275923 -0.232772 
rand_0537 1.130000 -56.156715 -3.004264 -0.184615 
rand_0538 1.280000 -50.122320 -1.402262 -0.023764 
rand_0539 0.422317 -27.031697 -2.607863 -0.126296 
rand_0540 0.859795 -46.128366 -3.036878 -0.191740 
rand_0541 0.290919 -15.629255 -2.243504 -0.083103 
rand_0542 0.960000 -48.694384 -2.880538 -0.164936 
rand_0543 1.090000 -26.213722 -0.700671 -0.003636 
rand_0544 0.810000 -42.116759 -0.646778 -0.002924 
rand_0545 1.134470 -46.229159 -3.493650 -0.279873 
rand_0546 0.742688 -38.351597 -0.683764 -0.003357 
rand_0547 1.100000 -48.087928 -1.864456 -0.051448 
rand_0548 0.270000 -36.372741 -3.368179 -0.252184 
rand_0549 0.256057 -19.475334 -1.509349 -0.028415 
rand_0550 1.046204 -27.234751 -2.657424 -0.131527 
rand_0551 0.948834 -32.470435 -2.068520 -0.067247 
rand_0552 0.756244 -41.234456 -3.895220 -0.370778 
rand_0553 1.293351 -17.631468 -1.676590 -0.038135 
rand_0554 1.180000 -53.993488 -4.217036 -0.458177 
rand_0555 0.653882 -17.295528 -0.931691 -0.007922 
rand_0556 1.060000 -50.824963 -4.107297 -0.425323 
rand_0557 1.150000 -58.586690 -2.225169 -0.081865 
rand_0558 0.564836 -35.545873 -1.760615 -0.043619 
rand_0559 0.823854 -20.922145 -2.704974 -0.137813 
rand_0560 1.140000 -47.759289 -4.368856 -0.511849 
rand_0561 0.840000 -39.607782 -8.869693 -3.440949 
rand_0562 1.338025 -32.877985 -0.722368 -0.003899 
rand_0563 0.856877 -37.866492 -1.662275 -0.037117 
rand_0564 0.793406 -18.860906 -2.996156 -0.182608 
rand_0565 0.760413 -35.364540 -4.801684 -0.653668 
rand_0566 1.040000 -35.363687 -3.476870 -0.275996 
rand_0567 0.820000 -37.023686 -3.738026 -0.338893 
rand_0568 1.314404 -15.604035 -1.757457 -0.043681 
rand_0569 1.170000 -43.315513 -0.255226 -0.000235 
rand_0570 0.800000 -11.420125 -6.172187 -1.294992 
rand_0571 0.250000 -18.074679 -1.902705 -0.053876 
rand_0572 1.036068 -23.783456 -2.048849 -0.064789 
rand_0573 0.757015 -22.006301 -0.740440 -0.004197 
rand_0574 0.900000 -24.846830 -3.739961 -0.331201 
rand_0575 0.890000 -19.015017 -5.856142 -1.121101 
rand_0576 0.860000 -19.470465 -2.867640 -0.165187 
rand_0577 0.970000 -57.086031 -3.172649 -0.215433 
rand_0578 0.390000 -48.241235 -8.382071 -2.958489 
rand_0579 0.550000 -57.099601 -3.085775 -0.197313 
rand_0580 1.040000 -26.712229 -3.769428 -0.344393 
rand_0581 0.887674 -43.373553 -0.845462 -0.006038 
rand_0582 1.020000 -45.822352 -1.243130 -0.017314 
rand_0583 0.264811 -24.321423 -3.082407 -0.198461 
rand_0584 0.639922 -31.293551 -0.732094 -0.004131 
rand_0585 0.951735 -12.155040 -0.843268 -0.005965 
rand_0586 0.997869 -34.895443 -1.590217 -0.032895 
rand_0587 0.413644 -46.039247 -1.382772 -0.022753 
rand_0588 0.512068 -12.913462 -3.374225 -0.252067 
rand_0589 1.208304 -42.504838 -0.728476 -0.004016 
rand_0590 1.100000 -41.943254 -5.134099 -0.780707 
rand_0591 0.853824 -17.632579 -2.154763 -0.075275 
rand_0592 1.200000 -15.284194 -4.071307 -0.414481 
rand_0593 0.700000 -29.884835 -11.016592 -6.076765 
rand_0594 0.880000 -52.379432 -2.768064 -0.149347 
rand_0595 0.960000 -10.057147 -2.897222 -0.167090 
rand_0596 0.810000 -42.105296 -5.613342 -0.999601 
rand_0597 0.858299 -34.487965 -2.754315 -0.150016 
rand_0598 0.969271 -11.666764 -3.191714 -0.220117 
rand_0599 0.980000 -40.004935 -8.777242 -3.380379 
rand_0600 0.860000 -27.974599 -3.357495 -0.248867 
rand_0601 0.730000 -17.367866 -7.013945 -1.817655 
rand_0602 0.921847 -34.400152 -2.621195 -0.128857 
rand_0603 1.250975 -36.202933 -3.389203 -0.256708 
rand_0604 0.920000 -50.624772 -3.182560 -0.214326 
rand_0605 0.426315 -17.236697 -2.678142 -0.133916 
rand_0606 0.680000 -56.660891 -1.750356 -0.043327 
rand_0607 1.342726 -37.839994 -4.589305 -0.585079 
rand_0608 0.620000 -58.502388 -3.223926 -0.222952 
rand_0609 0.730000 -50.340144 -1.342518 -0.020789 
rand_0610 0.672560 -14.639227 -3.382413 -0.252199 
rand_0611 1.250000 -29.083920 -2.869452 -0.163711 
rand_0612 1.070000 -25.622605 -0.154854 -0.000062 
rand_0613 0.499033 -25.889179 -2.473134 -0.109792 
rand_0614 1.000000 -17.665222 -5.873845 -1.114659 
rand_0615 1.080000 -22.942474 -2.584989 -0.125116 
rand_0616 1.040000 -44.046998 -2.474927 -0.107833 
rand_0617 0.950000 -42.593119 -3.360049 -0.253919 
rand_0618 1.280000 -10.735457 -3.629246 -0.307627 
rand_0619 0.790000 -33.156907 -3.334212 -0.248790 
rand_0620 0.880000 -50.194415 -3.600857 -0.300616 
rand_0621 1.180000 -38.964461 -1.297750 -0.019188 
rand_0622 0.960326 -20.118639 -0.213288 -0.000143 
rand_0623 0.907596 -27.466901 -2.139145 -0.074127 
rand_0624 0.780000 -50.869507 -3.297996 -0.233135 
rand_0625 0.760000 -21.843508 -7.516111 -2.201736 
rand_0626 0.360607 -36.356417 -2.398463 -0.101098 
rand_0627 1.000000 -14.264792 -3.280316 -0.231262 
rand_0628 1.030000 -57.886567 -1.864988 -0.051050 
rand_0629 0.967708 -14.841424 -3.244229 -0.226483 
rand_0630 0.639576 -35.120191 -2.873729 -0.161511 
rand_0631 0.654719 -40.896014 -4.278475 -0.477772 
rand_0632 0.800000 -16.005896 -2.857664 -0.161607 
rand_0633 1.353467 -16.376363 -4.367817 -0.512292 
rand_0634 1.130000 -16.040434 -6.120291 -1.240716 
rand_0635 0.833770 -35.708739 -1.487612 -0.027231 
rand_0636 0.982267 -16.099355 -1.738897 -0.042149 
rand_0637 0.980000 -14.329767 -5.486362 -0.922539 
rand_0638 1.090000 -58.013974 -0.660206 -0.003081 
rand_0639 0.390000 -20.035595 -2.684749 -0.134660 
rand_0640 1.030000 -22.506950 -6.078106 -1.252768 
rand_0641 1.091373 -30.979634 -2.135405 -0.073095 
rand_0642 0.750000 -13.900266 -2.743849 -0.145170 
rand_0643 0.918344 -38.453653 -2.221490 -0.082815 
rand_0644 0.399134 -43.541341 -1.660016 -0.036927 
rand_0645 0.470000 -45.379077 -5.276265 -0.853987 
rand_0646 1.100000 -29.656555 -7.443831 -2.113557 
rand_0647 1.060000 -13.873803 -3.914453 -0.376327 
rand_0648 0.774166 -41.962047 -2.627554 -0.127584 
rand_0649 0.884725 -23.111790 -2.564948 -0.120369 
rand_0650 1.275438 -44.934376 -1.881547 -0.051531 
rand_0651 1.200000 -44.874221 -6.103893 -1.244587 
rand_0652 0.820000 -35.963839 -3.790026 -0.348664 
rand_0653 1.067794 -46.489908 -4.090538 -0.425645 
rand_0654 1.307863 -36.069450 -0.555848 -0.001929 
rand_0655 0.721661 -30.467940 -2.020470 -0.062695 
rand_0656 0.642633 -21.372484 -2.982758 -0.183413 
rand_0657 0.672847 -19.302245 -1.616950 -0.034384 
rand_0658 1.180000 -56.410225 -6.108942 -1.266882 
rand_0659 0.443196 -42.602089 -4.058924 -0.407976 
rand_0660 0.940000 -20.281501 -1.156040 -0.014048 
rand_0661 0.610616 -43.373369 -2.060030 -0.067110 
rand_0662 0.840000 -55.338330 -2.229888 -0.083346 
rand_0663 0.970000 -23.439637 -1.687029 -0.038813 
rand_0664 1.068243 -34.150243 -1.441806 -0.025298 
rand_0665 1.275161 -36.026812 -3.196674 -0.216535 
rand_0666 0.920000 -48.127440 -3.764653 -0.337138 
rand_0667 0.930000 -48.861848 -4.727930 -0.628964 
rand_0668 1.160000 -54.701218 -4.302920 -0.487930 
rand_0669 1.020000 -52.494930 -2.862996 -0.161589 
rand_0670 1.139050 -28.968264 -1.373431 -0.022319 
rand_0671 1.310375 -29.208415 -2.190167 -0.079092 
rand_0672 1.388153 -16.853200 -3.427593 -0.266426 
rand_0673 1.138318 -49.325368 -2.471967 -0.109593 
rand_0674 1.105211 -41.419954 -1.960214 -0.059124 
rand_0675 0.770000 -46.470530 -0.534863 -0.001762 
rand_0676 0.960000 -36.774560 -1.629390 -0.035979 
rand_0677 1.000000 -10.464436 -4.546059 -0.566324 
rand_0678 0.838436 -23.384744 -2.719772 -0.140704 
rand_0679 0.230000 -52.570432 -5.591336 -0.975863 
rand_0680 0.960000 -31.828423 -2.851347 -0.160195 
rand_0681 0.466189 -36.555700 -1.898483 -0.052686 
rand_0682 0.900000 -11.649657 -5.192765 -0.800559 
rand_0683 1.044654 -43.984623 -2.855007 -0.160814 
rand_0684 0.772501 -18.330377 -2.738499 -0.144585 
rand_0685 0.713899 -28.460956 -1.549118 -0.030771 
rand_0686 0.160000 -54.898518 -1.820138 -0.047213 
rand_0687 1.085437 -27.905824 -2.837662 -0.157204 
rand_0688 0.820000 -21.041477 -1.400925 -0.023466 
rand_0689 0.671927 -41.812287 -1.362068 -0.021833 
rand_0690 0.800000 -18.054893 -6.155396 -1.288311 
rand_0691 0.950000 -47.619869 -3.686612 -0.322515 
rand_0692 1.040000 -32.798018 -2.138109 -0.074221 
rand_0693 1.300000 -22.807671 -5.027689 -0.740397 
rand_0694 0.940000 -35.954688 -2.788440 -0.151404 
rand_0695 0.290000 -29.514720 -5.412430 -0.902272 
rand_0696 1.261127 -17.623024 -2.480496 -0.108829 
rand_0697 0.719617 -29.006468 -0.459767 -0.001143 
rand_0698 1.307228 -21.136489 -1.914295 -0.054693 
rand_0699 0.451991 -23.762867 -2.124364 -0.072097 
rand_0700 0.730000 -41.056078 -4.948128 -0.715033 
rand_0701 0.461282 -16.843838 -2.265643 -0.086442 
rand_0702 1.167097 -11.161750 -2.298811 -0.088945 
rand_0703 1.193680 -40.729782 -1.452606 -0.025689 
rand_0704 0.830000 -24.327584 -4.589405 -0.585747 
rand_0705 0.710000 -31.853712 -5.115314 -0.768723 
rand_0706 1.331920 -32.427054 -3.900451 -0.372486 
rand_0707 0.950000 -39.641933 -5.303716 -0.849511 
rand_0708 0.930000 -14.927657 -1.959992 -0.059124 
rand_0709 1.325997 -48.816857 -3.464509 -0.272719 
rand_0710 1.130000 -50.450096 -3.700764 -0.319740 
rand_0711 0.770000 -47.153899 -4.887840 -0.691311 
rand_0712 1.297964 -20.802002 -1.436984 -0.025471 
rand_0713 1.114859 -16.942317 -0.182911 -0.000096 
rand_0714 1.110000 -57.271944 -1.337374 -0.020968 
rand_0715 1.290000 -15.200334 -5.541425 -0.965960 
rand_0716 0.880000 -20.364963 -4.602739 -0.582267 
rand_0717 1.170602 -48.170667 -1.407317 -0.023871 
rand_0718 0.630154 -40.453641 -0.517482 -0.001607 
rand_0719 0.575403 -26.392050 -2.662328 -0.133614 
rand_0720 1.040000 -47.593765 -3.789010 -0.342144 
rand_0721 0.460000 -49.160754 -4.465401 -0.544227 
rand_0722 0.699639 -48.281900 -0.938914 -0.008036 
rand_0723 0.906331 -46.501201 -2.819473 -0.153746 
rand_0724 0.840000 -16.366040 -6.171350 -1.294375 
rand_0725 1.152814 -41.505825 -0.359064 -0.000599 
rand_0726 1.040000 -22.317665 -2.925405 -0.167771 
rand_0727 0.680000 -18.401053 -2.039217 -0.065237 
rand_0728 0.543200 -10.569911 -1.731725 -0.041762 
rand_0729 0.930000 -35.863911 -5.703459 -1.043923 
rand_0730 1.060000 -51.715056 -3.676765 -0.314837 
rand_0731 0.687180 -37.758774 -3.992255 -0.403349 
rand_0732 0.777446 -31.756410 -2.580814 -0.122428 
rand_0733 1.050000 -44.750331 -3.072638 -0.198808 
rand_0734 0.188165 -25.844168 -1.388426 -0.023174 
rand_0735 0.672250 -11.402213 -2.517091 -0.115112 
rand_0736 0.920000 -45.050581 -5.358561 -0.887179 
rand_0737 1.200000 -40.807689 -3.076949 -0.194510 
rand_0738 0.900256 -17.098382 -0.854783 -0.006214 
rand_0739 1.240000 -12.233128 -0.651970 -0.002950 
rand_0740 1.030000 -40.903849 -3.029628 -0.188873 
rand_0741 0.426199 -49.020397 -3.469397 -0.272287 
rand_0742 1.240000 -37.098730 -0.755416 -0.004396 
rand_0743 0.990000 -23.371900 -1.980164 -0.060214 
rand_0744 1.390000 -46.662329 -2.463749 -0.108217 
rand_0745 1.333601 -21.619362 -4.108796 -0.437284 
rand_0746 1.245470 -31.033282 -1.597290 -0.033613 
rand_0747 1.223117 -30.228102 -2.422466 -0.103073 
rand_0748 0.810000 -48.786188 -2.845864 -0.157499 
rand_0749 1.377119 -46.776836 -2.395456 -0.100125 
rand_0750 1.033042 -49.751605 -2.614648 -0.128014 
rand_0751 0.970000 -11.065223 -1.725702 -0.041908 
rand_0752 0.715234 -34.742512 -3.568434 -0.292101 
rand_0753 1.000000 -23.652321 -4.251619 -0.470148 
rand_0754 1.215693 -16.245395 -3.244678 -0.224481 
rand_0755 1.201656 -14.901098 -1.238678 -0.016759 
rand_0756 1.049078 -30.544933 -2.618038 -0.127417 
rand_0757 0.970000 -13.897221 -4.222151 -0.463610 
rand_0758 1.100000 -50.923011 -1.450621 -0.026068 
rand_0759 1.010000 -33.679568 -3.215301 -0.225371 
rand_0760 0.240000 -11.563153 -5.797881 -1.088252 
rand_0761 0.990000 -33.407494 -2.020285 -0.063349 
rand_0762 1.330000 -59.700521 -5.485967 -0.949474 
rand_0763 1.280000 -43.101261 -4.573524 -0.570661 
rand_0764 0.770000 -45.273401 -2.890043 -0.168892 
rand_0765 0.460000 -10.677935 -2.322969 -0.092772 
rand_0766 0.250680 -21.122744 -0.362750 -0.000603 
rand_0767 0.891509 -32.297027 -1.990453 -0.061156 
rand_0768 1.030000 -47.845921 -4.958288 -0.727773 
rand_0769 0.504451 -25.681603 -2.616808 -0.127259 
rand_0770 1.167601 -40.037897 -1.312899 -0.019969 
rand_0771 1.000000 -27.822746 -5.684042 -1.026259 
rand_0772 0.580000 -12.000562 -9.257412 -3.829173 
rand_0773 1.090000 -12.586819 -5.424952 -0.920865 
rand_0774 1.100000 -14.383590 -1.940155 -0.056290 
rand_0775 0.900000 -41.317013 -4.701416 -0.611352 
rand_0776 1.160000 -35.673867 -2.118928 -0.071769 
rand_0777 1.390822 -49.577197 -1.238582 -0.017114 
rand_0778 0.410000 -23.475143 -1.807847 -0.046402 
rand_0779 0.880000 -31.558938 -1.416915 -0.024184 
rand_0780 0.633565 -31.930939 -2.639800 -0.129826 
rand_0781 1.278146 -20.975162 -1.942693 -0.056363 
rand_0782 0.920000 -29.283603 -3.978640 -0.394012 
rand_0783 0.540000 -19.290454 -5.984296 -1.179639 
rand_0784 1.120000 -11.999081 -6.525209 -1.507433 
rand_0785 0.813660 -33.064107 -1.886625 -0.051818 
rand_0786 1.050000 -50.808610 -1.596682 -0.033574 
rand_0787 1.010747 -17.949164 -2.684702 -0.135534 
rand_0788 0.850000 -26.151512 -5.249475 -0.851960 
rand_0789 0.513990 -32.588201 -3.222190 -0.225038 
rand_0790 1.070000 -29.851612 -0.411963 -0.000871 
rand_0791 0.980000 -24.703958 -1.102406 -0.012406 
rand_0792 1.195777 -17.332858 -3.865885 -0.366690 
rand_0793 0.710000 -30.271277 -1.060349 -0.011022 
rand_0794 1.022445 -29.352086 -4.246416 -0.470796 
rand_0795 0.860000 -17.499391 -4.256126 -0.475496 
rand_0796 0.970000 -58.700009 -2.525606 -0.115163 
rand_0797 0.870000 -33.203773 -6.722624 -1.635594 
rand_0798 1.110000 -40.159693 -5.503621 -0.936965 
rand_0799 1.162438 -21.141394 -2.547883 -0.115720 
rand_0800 0.780000 -13.389476 -1.435308 -0.025110 
rand_0801 1.100000 -49.191128 -2.015257 -0.062334 
rand_0802 1.030000 -33.408076 -1.891490 -0.052326 
rand_0803 1.221982 -39.604651 -3.306285 -0.240314 
rand_0804 1.235454 -38.511152 -2.328668 -0.093378 
rand_0805 1.060000 -27.271310 -2.621680 -0.125697 
rand_0806 1.127926 -28.755230 -1.888156 -0.051824 
rand_0807 0.680000 -49.313898 -1.877596 -0.051864 
rand_0808 0.960000 -14.577033 -5.000181 -0.736758 
rand_0809 0.774133 -41.500773 -0.312638 -0.000418 
rand_0810 0.430000 -18.517839 -4.033899 -0.407556 
rand_0811 1.150000 -57.977171 -4.533122 -0.554485 
rand_0812 0.136368 -41.205652 -4.006402 -0.400804 
rand_0813 0.740000 -46.569146 -8.328709 -2.916174 
rand_0814 1.090000 -35.270817 -7.094157 -1.848963 
rand_0815 1.040000 -42.772672 -2.871805 -0.163259 
rand_0816 1.090000 -41.089065 -1.455113 -0.026349 
rand_0817 1.050000 -31.954887 -2.566840 -0.120725 
rand_0818 0.549252 -41.834443 -1.726491 -0.041296 
rand_0819 0.908654 -19.084034 -2.563476 -0.120982 
rand_0820 0.940000 -57.003601 -2.910314 -0.168790 
rand_0821 0.736468 -13.563276 -1.637379 -0.035558 
rand_0822 0.553334 -14.145088 -3.910563 -0.381677 
rand_0823 1.110000 -19.626722 -4.475662 -0.548382 
rand_0824 0.944216 -15.955236 -2.324059 -0.092103 
rand_0825 0.970000 -11.830573 -1.078985 -0.011746 
rand_0826 0.990000 -28.753678 -4.510393 -0.563716 
rand_0827 0.920000 -14.822154 -5.569085 -0.983267 
rand_0828 0.279215 -46.290587 -2.101019 -0.070392 
rand_0829 0.920000 -39.506000 -2.358301 -0.095675 
rand_0830 1.100000 -53.586679 -5.539029 -0.970444 
rand_0831 1.385286 -35.513198 -0.743903 -0.004260 
rand_0832 0.483562 -23.089947 -2.582289 -0.122474 
rand_0833 0.871972 -43.201311 -1.811510 -0.047254 
rand_0834 0.230000 -32.820177 -1.720679 -0.041113 
rand_0835 1.107831 -30.444013 -0.272404 -0.000283 
rand_0836 1.156763 -17.393409 -4.277881 -0.485591 
rand_0837 1.179992 -24.933151 -3.847852 -0.361515 
rand_0838 0.820000 -56.544193 -4.545390 -0.570574 
rand_0839 1.038562 -13.520081 -2.639001 -0.132598 
rand_0840 0.780000 -42.126222 -4.367077 -0.502611 
rand_0841 1.100000 -59.264448 -3.483852 -0.270607 
rand_0842 0.830000 -28.904253 -5.273071 -0.841253 
rand_0843 1.245435 -19.705239 -2.301178 -0.090699 
rand_0844 1.080000 -48.566631 -5.919052 -1.149664 
rand_0845 0.430000 -40.096628 -4.463525 -0.532410 
rand_0846 0.620000 -59.828209 -6.120880 -1.248499 
rand_0847 0.520000 -27.293406 -3.358331 -0.252404 
rand_0848 1.278745 -47.391246 -1.238962 -0.016750 
rand_0849 1.313574 -31.186592 -1.694853 -0.038948 
rand_0850 0.990000 -16.410081 -0.944864 -0.008126 
rand_0851 1.110000 -49.796311 -4.537384 -0.567219 
rand_0852 0.180000 -28.212677 -0.986390 -0.009114 
rand_0853 0.330000 -14.228894 -3.527287 -0.288393 
rand_0854 0.370547 -30.856765 -0.792342 -0.005006 
rand_0855 1.050000 -42.819331 -4.683498 -0.619746 
rand_0856 0.683502 -27.483889 -1.558527 -0.031738 
rand_0857 0.396675 -47.346652 -1.653626 -0.036891 
rand_0858 0.960000 -38.032440 -5.667938 -1.023008 
rand_0859 0.830000 -47.769777 -3.079548 -0.197601 
rand_0860 1.227057 -26.673406 -0.668529 -0.003133 
rand_0861 1.100000 -49.742995 -5.456127 -0.930006 
rand_0862 1.301019 -41.067795 -1.964584 -0.058272 
rand_0863 0.570720 -38.774692 -0.968418 -0.008672 
rand_0864 0.900000 -19.554011 -8.939971 -3.519386 
rand_0865 1.140000 -25.850573 -3.324878 -0.242220 
rand_0866 0.614244 -22.163264 -2.668315 -0.131339 
rand_0867 0.860009 -27.222467 -3.495375 -0.274972 
rand_0868 0.964315 -28.917864 -2.072444 -0.067972 
rand_0869 0.892910 -26.595968 -2.549315 -0.117786 
rand_0870 1.060000 -34.893611 -5.593671 -0.974450 
rand_0871 0.616551 -42.278837 -0.464777 -0.001191 
rand_0872 0.310701 -34.528730 -3.293931 -0.233842 
rand_0873 0.635995 -31.587865 -0.427433 -0.000961 
rand_0874 1.010000 -24.748862 -2.083536 -0.069265 
rand_0875 0.720000 -12.597225 -4.139527 -0.442516 
rand_0876 0.420000 -35.249447 -2.291782 -0.087919 
rand_0877 1.040000 -53.630529 -4.371994 -0.504384 
rand_0878 0.870000 -58.811522 -1.183652 -0.015028 
rand_0879 1.035261 -47.462919 -3.226775 -0.223829 
rand_0880 0.600493 -45.800769 -1.152756 -0.014055 
rand_0881 1.350589 -23.126721 -1.506880 -0.029177 
rand_0882 1.308481 -37.255848 -1.334529 -0.020744 
rand_0883 0.588170 -25.223197 -0.720957 -0.003960 
rand_0884 0.937732 -48.459021 -3.325457 -0.245212 
rand_0885 0.510766 -46.868245 -3.899415 -0.376351 
rand_0886 1.010000 -19.267425 -1.229731 -0.016637 
rand_0887 0.616699 -17.747590 -4.011854 -0.405796 
rand_0888 0.170000 -54.248592 -0.651019 -0.003023 
rand_0889 0.646104 -19.198234 -2.689514 -0.137184 
rand_0890 0.880000 -50.023460 -3.475352 -0.274539 
rand_0891 0.860000 -20.337343 -5.594182 -0.987736 
rand_0892 0.890000 -13.067157 -7.646758 -2.283183 
rand_0893 0.790000 -55.284986 -6.615253 -1.559163 
rand_0894 0.880000 -28.608248 -4.044454 -0.414812 
rand_0895 0.750000 -53.010350 -3.288634 -0.237473 
rand_0896 1.090236 -18.850586 -2.644861 -0.132539 
rand_0897 0.168232 -27.420243 -2.073177 -0.067188 
rand_0898 0.920924 -42.581979 -2.365630 -0.096906 
rand_0899 0.790000 -10.806466 -4.354510 -0.493356 
rand_0900 1.381537 -28.003595 -2.123420 -0.073045 
rand_0901 1.070000 -42.798458 -2.809105 -0.152587 
rand_0902 0.743609 -17.740679 -2.418742 -0.102133 
rand_0903 0.880000 -53.785381 -0.913911 -0.007407 
rand_0904 1.014830 -25.237148 -0.837276 -0.005900 
rand_0905 0.800000 -33.943573 -4.324716 -0.494071 
rand_0906 0.740043 -28.941619 -3.450982 -0.266173 
rand_0907 0.840000 -20.109235 -4.033469 -0.414919 
rand_0908 0.750000 -13.340579 -2.256617 -0.085651 
rand_0909 0.548500 -23.292258 -0.579967 -0.002163 
rand_0910 0.187099 -44.977334 -1.595325 -0.033465 
rand_0911 0.939884 -45.212553 -2.738939 -0.143620 
rand_0912 1.369123 -14.255872 -1.030041 -0.010340 
rand_0913 1.060000 -44.430084 -3.281072 -0.233723 
rand_0914 0.999576 -18.488153 -1.160856 -0.014038 
rand_0915 0.747064 -40.874955 -1.486781 -0.027699 
rand_0916 0.960000 -55.992128 -3.482509 -0.273748 
rand_0917 0.850000 -41.882830 -3.003820 -0.182967 
rand_0918 1.151449 -23.258735 -2.900398 -0.168460 
rand_0919 1.187126 -28.721309 -1.551486 -0.031291 
rand_0920 1.070000 -34.846637 -3.722110 -0.333007 
rand_0921 0.580000 -41.042050 -2.404442 -0.100081 
rand_0922 0.980000 -42.877520 -3.069329 -0.198992 
rand_0923 0.505644 -10.151925 -1.508762 -0.028102 
rand_0924 1.090000 -37.601799 -6.764162 -1.640292 
rand_0925 0.680000 -39.597586 -4.691183 -0.607123 
rand_0926 1.156697 -36.815453 -3.108226 -0.201902 
rand_0927 1.240000 -17.634445 -1.804625 -0.045793 
rand_0928 0.939070 -13.154985 -1.710438 -0.040112 
rand_0929 1.390000 -32.756537 -5.952674 -1.189925 
rand_0930 1.020000 -37.947198 -3.113241 -0.202641 
rand_0931 0.660000 -30.489566 -2.000521 -0.062325 
rand_0932 0.828373 -35.212489 -2.931689 -0.173246 
rand_0933 1.170000 -50.032986 -5.558319 -0.964052 
rand_0934 0.770000 -17.751402 -5.954300 -1.142509 
rand_0935 0.815568 -48.825835 -3.477165 -0.274023 
rand_0936 1.060000 -23.801892 -5.345311 -0.870962 
rand_0937 0.700000 -13.302656 -3.938546 -0.384207 
rand_0938 0.776084 -31.693059 -2.136526 -0.073561 
rand_0939 0.552635 -14.696247 -0.425818 -0.000939 
rand_0940 0.660000 -48.025236 -2.417336 -0.104238 
rand_0941 1.020000 -47.793042 -6.492040 -1.475746 
rand_0942 0.990000 -18.085578 -3.694132 -0.326790 
rand_0943 1.080000 -53.965375 -7.358905 -2.077033 
rand_0944 0.860000 -56.296089 -3.139689 -0.208459 
rand_0945 0.801155 -30.698238 -2.229270 -0.083104 
rand_0946 1.310000 -55.701103 -2.885786 -0.162019 
rand_0947 1.281275 -15.245044 -3.673787 -0.311273 
rand_0948 0.488338 -38.010564 -0.770677 -0.004619 
rand_0949 0.950000 -46.846039 -1.298731 -0.019430 
rand_0950 0.910000 -29.767043 -2.676127 -0.134199 
rand_0951 1.030000 -49.647870 -1.335818 -0.020752 
rand_0952 1.240000 -17.615055 -5.697828 -1.048341 
rand_0953 1.329984 -47.838996 -2.415877 -0.101611 
rand_0954 1.250000 -27.435053 -7.677224 -2.346745 
rand_0955 0.186484 -24.918620 -2.304385 -0.090253 
rand_0956 0.880000 -40.413938 -5.824610 -1.112796 
rand_0957 0.891180 -14.130284 -0.104063 -0.000021 
rand_0958 0.804188 -13.431207 -1.599554 -0.033817 
rand_0959 1.000000 -23.827947 -2.242257 -0.083489 
rand_0960 1.040000 -24.977113 -4.622902 -0.594518 
rand_0961 0.880000 -45.154680 -2.373543 -0.097448 
rand_0962 0.694003 -21.309303 -2.892467 -0.167115 
rand_0963 0.739825 -42.651104 -1.866625 -0.051199 
rand_0964 0.930000 -50.811065 -3.715536 -0.327879 
rand_0965 0.823785 -16.283965 -2.697444 -0.139283 
rand_0966 0.570000 -36.724590 -3.324967 -0.241966 
rand_0967 0.969988 -42.902917 -2.389205 -0.100256 
rand_0968 1.032108 -17.644538 -1.467912 -0.026269 
rand_0969 0.295329 -35.035513 -2.036232 -0.064236 
rand_0970 0.950000 -22.865852 -0.554593 -0.001970 
rand_0971 1.017102 -17.177837 -1.543315 -0.030133 
rand_0972 0.540679 -28.157999 -2.360549 -0.095816 
rand_0973 0.344014 -37.440731 -3.396393 -0.261533 
rand_0974 1.020000 -55.449155 -1.987531 -0.060442 
rand_0975 0.700881 -44.311126 -3.633193 -0.304409 
rand_0976 0.750000 -24.816061 -3.006128 -0.185414 
rand_0977 0.740000 -17.981768 -2.449610 -0.107347 
rand_0978 1.060000 -51.726502 -5.614346 -1.002307 
rand_0979 0.820000 -47.487546 -4.549010 -0.573283 
rand_0980 1.050000 -52.401804 -7.524360 -2.194443 
rand_0981 0.950000 -33.001420 -0.531368 -0.001700 
rand_0982 0.264764 -43.204302 -1.066151 -0.011597 
rand_0983 0.780000 -19.374566 -1.359197 -0.021556 
rand_0984 0.448316 -20.496720 -3.391722 -0.258233 
rand_0985 0.970000 -55.972684 -6.301328 -1.354655 
rand_0986 0.583721 -19.707742 -0.170356 -0.000079 
rand_0987 0.840000 -10.784829 -2.607224 -0.127147 
rand_0988 1.090000 -36.287618 -4.349486 -0.498307 
rand_0989 0.966565 -39.760656 -1.166690 -0.014398 
rand_0990 0.940000 -43.136292 -7.077082 -1.853548 
rand_0991 1.000000 -42.885442 -2.352667 -0.093475 
rand_0992 1.080000 -31.422992 -7.009100 -1.809228 
rand_0993 0.294121 -49.606509 -3.223707 -0.224912 
rand_0994 0.930000 -52.061228 -7.389428 -2.063541 
rand_0995 0.806505 -13.666776 -0.790052 -0.005044 
rand_0996 1.165913 -18.142569 -1.861296 -0.050899 
rand_0997 0.840000 -13.697052 -6.724389 -1.660644 
rand_0998 1.140000 -19.850583 -4.586371 -0.573645 
rand_0999 0.640000 -53.178164 -1.715624 -0.040707 
rand_1000 1.096200 -29.044283 -3.554251 -0.289907 
rand_1001 1.213943 -44.851691 -3.152835 -0.212424 
rand_1002 0.816240 -21.782865 -2.004538 -0.061901 
rand_1003 0.810000 -39.336985 -2.466850 -0.107804 
rand_1004 0.780000 -49.735091 -7.844531 -2.469589 
rand_1005 0.700000 -52.403043 -0.397204 -0.000788 
rand_1006 1.040000 -16.736914 -6.124382 -1.261788 
rand_1007 1.188240 -37.483010 -1.390662 -0.022870 
rand_1008 1.105246 -48.402962 -2.477630 -0.109391 
rand_1009 1.030000 -13.110279 -3.397556 -0.261425 
rand_1010 1.029541 -30.312924 -1.551664 -0.031775 
rand_1011 1.018633 -26.382083 -0.576389 -0.002131 
rand_1012 0.280000 -29.209184 -6.171896 -1.298603 
rand_1013 1.160000 -16.088674 -2.056338 -0.066883 
rand_1014 0.940000 -40.368637 -5.302354 -0.849068 
rand_1015 0.759529 -33.589920 -0.605372 -0.002452 
rand_1016 0.976452 -47.748509 -1.657723 -0.037247 
rand_1017 0.580000 -15.571688 -7.640944 -2.315208 
rand_1018 0.210436 -20.320949 -2.537075 -0.116365 
rand_1019 0.930000 -38.763735 -5.382162 -0.887426 
rand_1020 1.060000 -22.080048 -2.261404 -0.086047 
rand_1021 0.222933 -15.628008 -1.864690 -0.050307 
rand_1022 0.119261 -11.926522 -2.406216 -0.101854 
rand_1023 1.261965 -18.901273 -1.986712 -0.060326 
rand_1024 0.393723 -16.350053 -2.020407 -0.063396 
rand_1025 0.830000 -48.110621 -6.631578 -1.582350 
rand_1026 0.660000 -34.917724 -1.801766 -0.045858 
rand_1027 0.830000 -27.817540 -3.677985 -0.316342 
rand_1028 1.070000 -29.385557 -0.865966 -0.006361 
rand_1029 0.780000 -34.921288 -4.387403 -0.505662 
rand_1030 0.700000 -45.519434 -6.212900 -1.293726 
rand_1031 0.550000 -33.533967 -1.896413 -0.052699 
rand_1032 0.950000 -16.575820 -5.268559 -0.845400 
rand_1033 0.980000 -38.445808 -3.381766 -0.256376 
rand_1034 0.952289 -43.082029 -3.465494 -0.272853 
rand_1035 0.620000 -41.146014 -2.380033 -0.100013 
rand_1036 1.320000 -37.759159 -1.541378 -0.030356 
rand_1037 1.106760 -47.504934 -0.299895 -0.000365 
rand_1038 1.145849 -13.696654 -2.415202 -0.103342 
rand_1039 0.763893 -26.554796 -1.480308 -0.027162 
rand_1040 0.674356 -39.815427 -2.428261 -0.103389 
rand_1041 0.991519 -19.956659 -2.733940 -0.144362 
rand_1042 0.329734 -45.072275 -1.138451 -0.013401 
rand_1043 0.446941 -49.604303 -0.703037 -0.003691 
rand_1044 1.102156 -28.588447 -1.094431 -0.011893 
rand_1045 0.480934 -39.324851 -2.188640 -0.078785 
rand_1046 0.660000 -18.891202 -4.070940 -0.419237 
rand_1047 1.107783 -29.397356 -3.480506 -0.278439 
rand_1048 1.040000 -44.687954 -5.273666 -0.833127 
rand_1049 0.960000 -39.579476 -4.096217 -0.432800 
rand_1050 0.540000 -18.712529 -1.529184 -0.029715 
rand_1051 0.790000 -21.108667 -5.304047 -0.856067 
rand_1052 0.394708 -40.399415 -1.764236 -0.043519 
rand_1053 0.887029 -25.424158 -3.020092 -0.185579 
rand_1054 0.882841 -49.420367 -3.167447 -0.212890 
rand_1055 0.839974 -49.690844 -3.061237 -0.194837 
rand_1056 0.802844 -11.264284 -1.929287 -0.056364 
rand_1057 0.920000 -43.965218 -1.054612 -0.010924 
rand_1058 0.659801 -20.898332 -2.832089 -0.157905 
rand_1059 0.710000 -19.163442 -4.153102 -0.446506 
rand_1060 1.141030 -46.400862 -1.245495 -0.017108 
rand_1061 1.200007 -25.454876 -1.718336 -0.041441 
rand_1062 1.200000 -10.546608 -6.091500 -1.241982 
rand_1063 1.030000 -16.542617 -3.506466 -0.284237 
rand_1064 1.120000 -41.530003 -4.579885 -0.577348 
rand_1065 0.691844 -32.852460 -2.796090 -0.154098 
rand_1066 1.201663 -32.103735 -3.021081 -0.189545 
rand_1067 1.340100 -18.946354 -4.536969 -0.556875 
rand_1068 0.303010 -31.981203 -4.209402 -0.462870 
rand_1069 1.163448 -46.242654 -2.700574 -0.140606 
rand_1070 0.818122 -20.710103 -1.357432 -0.021374 
rand_1071 1.100000 -20.599397 -6.204897 -1.315588 
rand_1072 0.630000 -27.551164 -5.253956 -0.838221 
rand_1073 0.788537 -22.724322 -2.332938 -0.093267 
rand_1074 0.870000 -24.790635 -6.852716 -1.724479 
rand_1075 0.970000 -35.410283 -0.272764 -0.000283 
rand_1076 1.100000 -28.156365 -4.823747 -0.668201 
rand_1077 1.210000 -59.137550 -2.353588 -0.095668 
rand_1078 0.970000 -30.638035 -3.226452 -0.221483 
rand_1079 0.663531 -31.302775 -0.886448 -0.006882 
rand_1080 1.126451 -45.067752 -2.438522 -0.104785 
rand_1081 0.790000 -38.359624 -3.701856 -0.323419 
rand_1082 1.280000 -27.518792 -2.177427 -0.078541 
rand_1083 0.860000 -45.658307 -3.178922 -0.211801 
rand_1084 0.901260 -13.013065 -3.251349 -0.227188 
rand_1085 1.160000 -44.469688 -3.644869 -0.306837 
rand_1086 0.600000 -26.418095 -3.779586 -0.349451 
rand_1087 0.570000 -29.099092 -5.329910 -0.859812 
rand_1088 1.000000 -21.815579 -1.886389 -0.053019 
rand_1089 1.000000 -37.167496 -5.110879 -0.785372 
rand_1090 1.130764 -17.940944 -1.814892 -0.047177 
rand_1091 1.100000 -43.061877 -2.334005 -0.093517 
rand_1092 0.497056 -26.806885 -1.260303 -0.017539 
rand_1093 0.903824 -26.353098 -4.963550 -0.704676 
rand_1094 1.100000 -35.554471 -2.405208 -0.101392 
rand_1095 1.090000 -17.198954 -2.549900 -0.119107 
rand_1096 0.623710 -47.438956 -3.173794 -0.215171 
rand_1097 0.211004 -46.718936 -2.478041 -0.110891 
rand_1098 0.973144 -36.291465 -0.679082 -0.003310 
rand_1099 0.476788 -39.029808 -3.098408 -0.201393 
rand_1100 0.880000 -58.864628 -0.247952 -0.000224 
rand_1101 0.676871 -40.534872 -2.174610 -0.077046 
rand_1102 1.150000 -50.981740 -3.367751 -0.248855 
rand_1103 1.107187 -19.141735 -1.411373 -0.023982 
rand_1104 0.974481 -19.518279 -0.537611 -0.001765 
rand_1105 0.940000 -40.996688 -8.123551 -2.710941 
rand_1106 1.146989 -39.827445 -1.632792 -0.035769 
rand_1107 0.945345 -29.317260 -2.434212 -0.104819 
rand_1108 1.020000 -30.074557 -2.541449 -0.119615 
rand_1109 1.040000 -40.517953 -1.999893 -0.062070 
rand_1110 0.686675 -12.431978 -1.607366 -0.034164 
rand_1111 0.550000 -20.494884 -4.293020 -0.485336 
rand_1112 1.148392 -48.263237 -1.014847 -0.009845 
rand_1113 0.813986 -16.969598 -1.927444 -0.055162 
rand_1114 0.780000 -14.614487 -3.683475 -0.320444 
rand_1115 0.840000 -26.743950 -3.571811 -0.294090 
rand_1116 1.050000 -58.478070 -2.422387 -0.103224 
rand_1117 0.340000 -25.366347 -3.619628 -0.308228 
rand_1118 1.142668 -31.165905 -2.770633 -0.146934 
rand_1119 1.030000 -37.850052 -2.109846 -0.070774 
rand_1120 1.345742 -37.938721 -1.920188 -0.054847 
rand_1121 1.252633 -40.662913 -2.099411 -0.072282 
rand_1122 0.760000 -47.467076 -3.692356 -0.324293 
rand_1123 1.058379 -24.603438 -2.383390 -0.098890 
rand_1124 1.290000 -28.639044 -4.112661 -0.430463 
rand_1125 0.740000 -16.339996 -4.664628 -0.613600 
rand_1126 1.120000 -40.849717 -3.256348 -0.227885 
rand_1127 0.850000 -31.461463 -7.099359 -1.905829 
rand_1128 0.365869 -18.131578 -2.323311 -0.091145 
rand_1129 1.360000 -34.322520 -6.978905 -1.829643 
rand_1130 0.916836 -33.021980 -2.608804 -0.125596 
rand_1131 0.770000 -50.789831 -1.948496 -0.057672 
rand_1132 0.930000 -52.569793 -2.829696 -0.157017 
rand_1133 0.450000 -30.471179 -5.089864 -0.770012 
rand_1134 0.470000 -40.582579 -8.002427 -2.623563 
rand_1135 0.236868 -47.065400 -1.175111 -0.014777 
rand_1136 0.683471 -18.651286 -0.668118 -0.003150 
rand_1137 0.970000 -58.359068 -5.162747 -0.805559 
rand_1138 1.190000 -32.317287 -2.884561 -0.166801 
rand_1139 1.010000 -40.798957 -4.765784 -0.634719 
rand_1140 0.625942 -17.713157 -1.805999 -0.047151 
rand_1141 1.100000 -28.143764 -0.789448 -0.004991 
rand_1142 0.930122 -48.155495 -1.538576 -0.030141 
rand_1143 0.796657 -15.441146 -0.942743 -0.007983 
rand_1144 0.867056 -44.245206 -2.235305 -0.082942 
rand_1145 0.671617 -13.873586 -3.092981 -0.202375 
rand_1146 1.164309 -29.466543 -1.614366 -0.034147 
rand_1147 1.242526 -26.281839 -3.537072 -0.294928 
rand_1148 0.870000 -16.046797 -3.254552 -0.225336 
rand_1149 1.006706 -30.992400 -2.867678 -0.160790 
rand_1150 0.814616 -45.098479 -2.293757 -0.089463 
rand_1151 0.880000 -15.883928 -1.178331 -0.014898 
rand_1152 1.116464 -27.316693 -1.875581 -0.052479 
rand_1153 0.990000 -20.649917 -2.726431 -0.142115 
rand_1154 0.770000 -24.338325 -1.772651 -0.044365 
rand_1155 0.716852 -42.567689 -1.325320 -0.020339 
rand_1156 1.157030 -43.972477 -4.267479 -0.485445 
rand_1157 0.590000 -56.241124 -3.518960 -0.284995 
rand_1158 0.920000 -50.607289 -1.264290 -0.017978 
rand_1159 0.510000 -59.012403 -9.774819 -4.492862 
rand_1160 0.355599 -47.209258 -1.080522 -0.011595 
rand_1161 1.380266 -34.855563 -2.583493 -0.123751 
rand_1162 0.950000 -23.019793 -3.056006 -0.191312 
rand_1163 0.225117 -40.404378 -2.214056 -0.081114 
rand_1164 1.380380 -22.514000 -1.404946 -0.023540 
rand_1165 0.687772 -10.946594 -1.597159 -0.033237 
rand_1166 1.060000 -19.356390 -6.073307 -1.239523 
rand_1167 0.530000 -56.176290 -7.084854 -1.854948 
rand_1168 1.090000 -24.395481 -4.242707 -0.463471 
rand_1169 1.009229 -19.680796 -2.879702 -0.166070 
rand_1170 1.040000 -56.181843 -1.262728 -0.017416 
rand_1171 0.382724 -40.381566 -3.745453 -0.334344 
rand_1172 0.995461 -41.514323 -3.154956 -0.208921 
rand_1173 1.190000 -16.947335 -1.895068 -0.053840 
rand_1174 0.680000 -19.636654 -2.095043 -0.069079 
rand_1175 0.930000 -33.698401 -4.188198 -0.449052 
rand_1176 0.990000 -58.134861 -5.728179 -1.044564 
rand_1177 1.140000 -17.388256 -6.860861 -1.721284 
rand_1178 0.990000 -30.190653 -0.541275 -0.001812 
rand_1179 0.800000 -32.991745 -1.039989 -0.010393 
rand_1180 0.870000 -26.674194 -5.693029 -1.037044 
rand_1181 0.161260 -21.509196 -0.706779 -0.003723 
rand_1182 0.960000 -48.927215 -5.321484 -0.854383 
rand_1183 0.619509 -38.196276 -1.155368 -0.013983 
rand_1184 0.401341 -46.634761 -3.166552 -0.213326 
rand_1185 0.920000 -15.796841 -4.151371 -0.445436 
rand_1186 0.900000 -44.768199 -2.677672 -0.135264 
rand_1187 0.680000 -40.822195 -3.011345 -0.185161 
rand_1188 1.240000 -43.204345 -1.163390 -0.014380 
rand_1189 0.743232 -23.249606 -4.211080 -0.463569 
rand_1190 0.750000 -41.682611 -0.273041 -0.000282 
rand_1191 0.480000 -35.675394 -0.762504 -0.004525 
rand_1192 0.544813 -29.734432 -2.441866 -0.105048 
rand_1193 1.299335 -49.789617 -3.582794 -0.298374 
rand_1194 0.896063 -16.396538 -2.174141 -0.078272 
rand_1195 0.956476 -38.749086 -1.522383 -0.029481 
rand_1196 0.358227 -18.573131 -0.774634 -0.004804 
rand_1197 1.040000 -19.690387 -3.673082 -0.317828 
rand_1198 0.595890 -37.207135 -1.621879 -0.034849 
rand_1199 0.333152 -32.305027 -0.448975 -0.001089 
rand_1200 0.100000 -28.242012 -7.309093 -2.022753 
rand_1201 1.050000 -50.212847 -3.194113 -0.218228 
rand_1202 0.370173 -36.417863 -2.181102 -0.078880 
rand_1203 0.950000 -57.784321 -3.528823 -0.293180 
rand_1204 1.050034 -19.787247 -0.842221 -0.005943 
rand_1205 0.850000 -36.645953 -5.074495 -0.769509 
rand_1206 0.740000 -55.016279 -2.044774 -0.064968 
rand_1207 1.180000 -47.587549 -9.249247 -3.834922 
rand_1208 1.359995 -48.390201 -2.450271 -0.104889 
rand_1209 0.920000 -19.957069 -6.535283 -1.512915 
rand_1210 1.070000 -21.317886 -1.517638 -0.029258 
rand_1211 0.153344 -27.727743 -1.384563 -0.022819 
rand_1212 1.231288 -15.853871 -1.799483 -0.046807 
rand_1213 0.800000 -25.924253 -1.315853 -0.020181 
rand_1214 0.620000 -58.773122 -3.394022 -0.254704 
rand_1215 1.210000 -45.833655 -1.948852 -0.057075 
rand_1216 1.100000 -33.674472 -1.935044 -0.056141 
rand_1217 1.210000 -54.357909 -6.031777 -1.202163 
rand_1218 0.730000 -37.338342 -3.044397 -0.190100 
rand_1219 1.100000 -21.652936 -2.238504 -0.083114 
rand_1220 1.240000 -19.805672 -2.037314 -0.065203 
rand_1221 1.340653 -42.910685 -1.599323 -0.033513 
rand_1222 1.030000 -45.963389 -5.716848 -1.043674 
rand_1223 1.030000 -22.941926 -4.064421 -0.418349 
rand_1224 1.374678 -46.288141 -3.517618 -0.279764 
rand_1225 1.010000 -49.257051 -4.640948 -0.599712 
rand_1226 0.945197 -21.212132 -1.604259 -0.034345 
rand_1227 1.014178 -15.824698 -0.144896 -0.000052 
rand_1228 0.926799 -44.332209 -3.176878 -0.213367 
rand_1229 0.942238 -19.544487 -1.809586 -0.047115 
rand_1230 0.830000 -16.721871 -2.675558 -0.130700 
rand_1231 1.050000 -39.282107 -4.023457 -0.404984 
rand_1232 0.810000 -52.453604 -5.274282 -0.848075 
rand_1233 1.050000 -59.418771 -6.563186 -1.509149 
rand_1234 0.870000 -57.283075 -0.959773 -0.008448 
rand_1235 0.940000 -42.373263 -5.275492 -0.864360 
rand_1236 0.380000 -38.832363 -1.004518 -0.009573 
rand_1237 1.195323 -24.299467 -1.642420 -0.036220 
rand_1238 1.140000 -11.421046 -5.070132 -0.772883 
rand_1239 0.820000 -26.341609 -3.337838 -0.242638 
rand_1240 1.070000 -35.067931 -3.819319 -0.355483 
rand_1241 0.816336 -13.963458 -1.481685 -0.027374 
rand_1242 0.960000 -25.930655 -3.454692 -0.269976 
rand_1243 1.040000 -29.012454 -5.027127 -0.734255 
rand_1244 1.030000 -24.824019 -5.241690 -0.829422 
rand_1245 1.176647 -24.748240 -3.245486 -0.224482 
rand_1246 0.524449 -34.488611 -2.128370 -0.071409 
rand_1247 0.423282 -45.779815 -3.279905 -0.234680 
rand_1248 0.900000 -23.149121 -2.584961 -0.121962 
rand_1249 1.170000 -49.308961 -4.360704 -0.503856 
rand_1250 1.250000 -43.886531 -2.191617 -0.078260 
rand_1251 1.050000 -55.988304 -5.681740 -1.038088 
rand_1252 1.120000 -35.455377 -4.114271 -0.430464 
rand_1253 0.663584 -17.080479 -1.537593 -0.030448 
rand_1254 0.850000 -42.603621 -3.209969 -0.222478 
rand_1255 0.930000 -48.550396 -3.288228 -0.233249 
rand_1256 0.480000 -46.889392 -6.328031 -1.385779 
rand_1257 1.100000 -45.082431 -3.634351 -0.307429 
rand_1258 0.890000 -17.142926 -4.948100 -0.717607 
rand_1259 0.100930 -48.103072 -3.156764 -0.215465 
rand_1260 1.020371 -16.679327 -1.786105 -0.045381 
rand_1261 0.820000 -24.159810 -5.699962 -1.037199 
rand_1262 0.845749 -39.926298 -1.580771 -0.032425 
rand_1263 0.850000 -27.861998 -5.803395 -1.088181 
rand_1264 0.520000 -17.588063 -4.425872 -0.527047 
rand_1265 1.250000 -15.732551 -0.667596 -0.003204 
rand_1266 1.100000 -21.645734 -6.271063 -1.325362 
rand_1267 0.640000 -48.614557 -5.301507 -0.857715 
rand_1268 0.350000 -47.754172 -2.547921 -0.115412 
rand_1269 0.540000 -25.092669 -5.473506 -0.934057 
rand_1270 1.257152 -25.558691 -2.837061 -0.156138 
rand_1271 0.860000 -35.320432 -3.319413 -0.240888 
rand_1272 1.000000 -36.739628 -0.611802 -0.002518 
rand_1273 0.154174 -47.757044 -2.690772 -0.135122 
rand_1274 1.056315 -44.008906 -1.738020 -0.041721 
rand_1275 1.167442 -29.290951 -2.561655 -0.119990 
rand_1276 0.889861 -13.668900 -3.997993 -0.400956 
rand_1277 0.980000 -19.537605 -6.247223 -1.352503 
rand_1278 0.770000 -16.920588 -5.590885 -0.982530 
rand_1279 0.735544 -32.801018 -3.300026 -0.236696 
rand_1280 1.206321 -22.299837 -0.938400 -0.007997 
rand_1281 0.670000 -31.396672 -6.634484 -1.574449 
rand_1282 1.040000 -56.671856 -3.738363 -0.330745 
rand_1283 1.080000 -33.325965 -3.207685 -0.221716 
rand_1284 1.000000 -27.204015 -2.733694 -0.144040 
rand_1285 0.800000 -28.102600 -0.537494 -0.001789 
rand_1286 1.315915 -34.770702 -1.857640 -0.050479 
rand_1287 1.090000 -16.000124 -3.949487 -0.391820 
rand_1288 0.920000 -58.320130 -4.556079 -0.560243 
rand_1289 0.164049 -27.566686 -0.541016 -0.001773 
rand_1290 0.180000 -58.948707 -2.759111 -0.145488 
rand_1291 0.790000 -14.866277 -2.790116 -0.149348 
rand_1292 1.082286 -41.500004 -3.081526 -0.195174 
rand_1293 0.777484 -35.143389 -2.923460 -0.166644 
rand_1294 1.060000 -53.979906 -6.144867 -1.260754 
rand_1295 0.550000 -44.216282 -4.992469 -0.718673 
rand_1296 1.250000 -56.544538 -7.105469 -1.880074 
rand_1297 0.990000 -22.064425 -3.822431 -0.350761 
rand_1298 0.405035 -30.380837 -2.572886 -0.124242 
rand_1299 1.010000 -28.965027 -2.256518 -0.084877 
rand_1300 1.106123 -14.955094 -1.350557 -0.021311 
rand_1301 0.659793 -48.660588 -0.577529 -0.002140 
rand_1302 1.130000 -58.992674 -5.979824 -1.186155 
rand_1303 1.360000 -14.987165 -3.400684 -0.257482 
rand_1304 0.940000 -17.052884 -1.351370 -0.021234 
rand_1305 0.880000 -34.988643 -4.536249 -0.568466 
rand_1306 0.853783 -47.239583 -2.923862 -0.174699 
rand_1307 1.020000 -26.938663 -3.953534 -0.377891 
rand_1308 0.900000 -36.184989 -1.062613 -0.011090 
rand_1309 0.978525 -40.859957 -1.604633 -0.034225 
rand_1310 1.178830 -40.820457 -2.985878 -0.180813 
rand_1311 0.860000 -25.434388 -1.980476 -0.060515 
rand_1312 1.073361 -22.408076 -1.231224 -0.016654 
rand_1313 0.710000 -54.761597 -3.889750 -0.363791 
rand_1314 1.040000 -33.032953 -5.099936 -0.771653 
rand_1315 0.770000 -53.134634 -1.445114 -0.025932 
rand_1316 0.790000 -30.322964 -3.098171 -0.198259 
rand_1317 0.770000 -17.594288 -6.461341 -1.444287 
rand_1318 0.760000 -14.141612 -2.984346 -0.181580 
rand_1319 1.020000 -16.098976 -3.397286 -0.260043 
rand_1320 0.900652 -29.523419 -2.554884 -0.119701 
rand_1321 0.890000 -17.200344 -1.810261 -0.048143 
rand_1322 1.258772 -12.317502 -2.381330 -0.098580 
rand_1323 0.820000 -36.032893 -3.319577 -0.242718 
rand_1324 1.069191 -22.662596 -1.942131 -0.057632 
rand_1325 0.476864 -35.607907 -2.428880 -0.104647 
rand_1326 1.030000 -38.407177 -2.376612 -0.098896 
rand_1327 1.150000 -18.459797 -3.172341 -0.215214 
rand_1328 0.860000 -52.467029 -7.430245 -2.125635 
rand_1329 0.900000 -27.994746 -2.143871 -0.074277 
rand_1330 0.199211 -10.360646 -3.125795 -0.204805 
rand_1331 1.200000 -38.461632 -4.420904 -0.521119 
rand_1332 1.240000 -49.018517 -2.933527 -0.174168 
rand_1333 0.737051 -31.101178 -1.807744 -0.046394 
rand_1334 0.224144 -39.167167 -1.671749 -0.037651 
rand_1335 0.450000 -10.777653 -2.088491 -0.068249 
rand_1336 0.890000 -44.303815 -6.939281 -1.775773 
rand_1337 0.490000 -29.513380 -1.795530 -0.046077 
rand_1338 0.961823 -10.626680 -0.806776 -0.005237 
rand_1339 1.010000 -54.343903 -3.324558 -0.240851 
rand_1340 1.170000 -26.162839 -2.660139 -0.133176 
rand_1341 0.615530 -32.310237 -1.504238 -0.028608 
rand_1342 0.860000 -46.181476 -5.696010 -1.046544 
rand_1343 0.812458 -21.334231 -1.220187 -0.016691 
rand_1344 1.000000 -59.183525 -9.353779 -4.028635 
rand_1345 1.030000 -57.587674 -6.875728 -1.768926 
rand_1346 0.321452 -28.768638 -1.496752 -0.028468 
rand_1347 1.334267 -40.024349 -1.256966 -0.017639 
rand_1348 0.940000 -38.247238 -7.798028 -2.442260 
rand_1349 1.117666 -17.775317 -1.937598 -0.056630 
rand_1350 0.810000 -57.351119 -3.712140 -0.319131 
rand_1351 1.110000 -22.975638 -2.609243 -0.127554 
rand_1352 1.298396 -47.821626 -2.290072 -0.088752 
rand_1353 1.060000 -22.381928 -2.622049 -0.127908 
rand_1354 0.665387 -22.655289 -2.157237 -0.077492 
rand_1355 1.180745 -29.432057 -1.267074 -0.017733 
rand_1356 0.890000 -56.295079 -5.246094 -0.838481 
rand_1357 1.240000 -55.775714 -4.046321 -0.415696 
rand_1358 0.520000 -48.516545 -3.665510 -0.323110 
rand_1359 1.090280 -22.129715 -3.058521 -0.193778 
rand_1360 1.169091 -30.221775 -2.102788 -0.069137 
rand_1361 0.550000 -41.293786 -2.965936 -0.178270 
rand_1362 0.146525 -28.036830 -2.587312 -0.121836 
rand_1363 0.500000 -21.112624 -5.937893 -1.150429 
rand_1364 0.340000 -59.481398 -2.444814 -0.105805 
rand_1365 0.652552 -29.450010 -2.425628 -0.103160 
rand_1366 1.292622 -48.620514 -0.129384 -0.000038 
rand_1367 0.188379 -13.884695 -4.172898 -0.457441 
rand_1368 0.880000 -26.117012 -3.609637 -0.300226 
rand_1369 1.313988 -21.216473 -1.308222 -0.019578 
rand_1370 1.311189 -23.514458 -0.479319 -0.001310 
rand_1371 0.820000 -53.459174 -3.566428 -0.286616 
rand_1372 1.070000 -49.913514 -3.053030 -0.191691 
rand_1373 0.820000 -47.927226 -0.830047 -0.005753 
rand_1374 0.800000 -43.868654 -4.199566 -0.453389 
rand_1375 0.498153 -28.794992 -2.735690 -0.143653 
rand_1376 0.734521 -26.471494 -1.222090 -0.015973 
rand_1377 1.042878 -45.958313 -1.958578 -0.057684 
rand_1378 0.860000 -14.133671 -2.051021 -0.066029 
rand_1379 0.990000 -45.042774 -2.506128 -0.111402 
rand_1380 0.670000 -24.333787 -1.220626 -0.016355 
rand_1381 0.780000 -29.101429 -9.402655 -3.984077 
rand_1382 0.990000 -17.170576 -4.323355 -0.495851 
rand_1383 0.889304 -29.959685 -2.350724 -0.095579 
rand_1384 1.156381 -20.794117 -1.734459 -0.041517 
rand_1385 0.914711 -41.407511 -0.176378 -0.000087 
rand_1386 0.692904 -36.934346 -2.554365 -0.118891 
rand_1387 0.732537 -16.400606 -1.602955 -0.034137 
rand_1388 1.350092 -10.783623 -4.710814 -0.634904 
rand_1389 1.360000 -43.381383 -2.660582 -0.132241 
rand_1390 0.701089 -48.711469 -3.860768 -0.369326 
rand_1391 0.549324 -48.330451 -2.247092 -0.083857 
rand_1392 0.910000 -29.224763 -4.942885 -0.712696 
rand_1393 0.768371 -25.328432 -1.304782 -0.019371 
rand_1394 0.997593 -12.671746 -3.054489 -0.197316 
rand_1395 0.800000 -49.662303 -5.030545 -0.742929 
rand_1396 1.344348 -18.260126 -2.558636 -0.119098 
rand_1397 1.000000 -53.810326 -5.179983 -0.794185 
rand_1398 0.753980 -40.760388 -2.890405 -0.166961 
rand_1399 0.820000 -51.747844 -7.671282 -2.324030 
rand_1400 0.940000 -47.903488 -5.402725 -0.898260 
rand_1401 0.950000 -42.528342 -1.697854 -0.038880 
rand_1402 0.499374 -13.810129 -1.203830 -0.015557 
rand_1403 0.868051 -10.000240 -1.470445 -0.027300 
rand_1404 1.120000 -22.126817 -9.842675 -4.560709 
rand_1405 1.000000 -50.768383 -3.094746 -0.201114 
rand_1406 0.890000 -43.654772 -5.324597 -0.863386 
rand_1407 0.648787 -38.398621 -2.135225 -0.073119 
rand_1408 1.245080 -17.516932 -2.795276 -0.150428 
rand_1409 0.963808 -43.365645 -1.203948 -0.015803 
rand_1410 0.910000 -32.889969 -4.979220 -0.732365 
rand_1411 0.750000 -28.036020 -2.939779 -0.173529 
rand_1412 0.639211 -45.683777 -3.397187 -0.254027 
rand_1413 0.617697 -21.641710 -1.937694 -0.055661 
rand_1414 0.850000 -44.361797 -4.385211 -0.517617 
rand_1415 0.940000 -46.324490 -3.931473 -0.374203 
rand_1416 0.514663 -18.484875 -2.281153 -0.087334 
rand_1417 1.055528 -23.351222 -0.668510 -0.003213 
rand_1418 0.748358 -38.047043 -2.105219 -0.070264 
rand_1419 0.940000 -59.983556 -3.468021 -0.271464 
rand_1420 0.699760 -40.293506 -2.940944 -0.176328 
rand_1421 1.032650 -11.051938 -2.386537 -0.098786 
rand_1422 1.130000 -49.872292 -6.919688 -1.779750 
rand_1423 0.930000 -29.738223 -0.881053 -0.006762 
rand_1424 0.930000 -19.251353 -1.280827 -0.018454 
rand_1425 0.780000 -59.434727 -6.867067 -1.689882 
rand_1426 0.488715 -20.909579 -4.516747 -0.563497 
rand_1427 0.810000 -27.088340 -3.614644 -0.307121 
rand_1428 0.930000 -49.673031 -3.573207 -0.297516 
rand_1429 0.960000 -27.834793 -3.166620 -0.216411 
rand_1430 0.489930 -44.533094 -1.582424 -0.032818 
rand_1431 0.962067 -17.757628 -3.964442 -0.385726 
rand_1432 0.860000 -32.094327 -3.035260 -0.189772 
rand_1433 1.143437 -26.280900 -1.978240 -0.059897 
rand_1434 0.800000 -43.021576 -6.157428 -1.257544 
rand_1435 0.563086 -15.498742 -0.330293 -0.000477 
rand_1436 0.850000 -43.341882 -3.673457 -0.315363 
rand_1437 0.688393 -34.776508 -1.677939 -0.038134 
rand_1438 0.580000 -56.312216 -6.636054 -1.566265 
rand_1439 0.975707 -39.574794 -1.843865 -0.049166 
rand_1440 0.980000 -26.160094 -2.374712 -0.099379 
rand_1441 0.453519 -46.072572 -1.398296 -0.023276 
rand_1442 1.060000 -55.000208 -5.011561 -0.736293 
rand_1443 1.160980 -26.885730 -0.669001 -0.003206 
rand_1444 1.280000 -43.602474 -6.932454 -1.785991 
rand_1445 1.130000 -55.096711 -1.833128 -0.048031 
rand_1446 1.126585 -49.966233 -3.100899 -0.199844 
rand_1447 0.559636 -48.210659 -2.815311 -0.156408 
rand_1448 0.579255 -49.309407 -4.662920 -0.604217 
rand_1449 0.745497 -34.413510 -1.837215 -0.048599 
rand_1450 0.885783 -39.715378 -1.970513 -0.060047 
rand_1451 1.071692 -14.059601 -2.769938 -0.146876 
rand_1452 1.317737 -49.150601 -1.966462 -0.058400 
rand_1453 1.329873 -31.015028 -0.844050 -0.006017 
rand_1454 1.360000 -44.501312 -4.469259 -0.540384 
rand_1455 1.390047 -17.622633 -2.618121 -0.129081 
rand_1456 0.710000 -34.576801 -5.236581 -0.811072 
rand_1457 0.652992 -36.112113 -2.669346 -0.135895 
rand_1458 1.280367 -49.559968 -4.607851 -0.586434 
rand_1459 0.753723 -14.731180 -1.407430 -0.023978 
rand_1460 1.040000 -54.958982 -4.106123 -0.424237 
rand_1461 1.371165 -36.221655 -2.151171 -0.074106 
rand_1462 0.982404 -23.187117 -1.234080 -0.016552 
rand_1463 0.890000 -57.559008 -5.183138 -0.808236 
rand_1464 0.980000 -16.101056 -2.254050 -0.084847 
rand_1465 0.972766 -22.481604 -3.164361 -0.207930 
rand_1466 0.520000 -54.946968 -3.569470 -0.297629 
rand_1467 0.928652 -29.799218 -0.999981 -0.009444 
rand_1468 0.980000 -36.022251 -4.059686 -0.411903 
rand_1469 0.210000 -32.773581 -2.579082 -0.120622 
rand_1470 1.010000 -11.515269 -1.507211 -0.029081 
rand_1471 0.729992 -11.984452 -3.163511 -0.209153 
rand_1472 0.380641 -40.534386 -2.759090 -0.146226 
rand_1473 1.105392 -11.059251 -1.925861 -0.055734 
rand_1474 0.490825 -10.355201 -2.462576 -0.108508 
rand_1475 1.279881 -40.667512 -3.845799 -0.364607 
rand_1476 1.020000 -18.958985 -2.376493 -0.097957 
rand_1477 1.100000 -54.771257 -2.809108 -0.152027 
rand_1478 0.670000 -11.906726 -2.141680 -0.074091 
rand_1479 1.080000 -23.971702 -1.082411 -0.011768 
rand_1480 0.980000 -40.219284 -4.411478 -0.521050 
rand_1481 1.020771 -13.283229 -0.822749 -0.005687 
rand_1482 0.910000 -19.357034 -2.833876 -0.157638 
rand_1483 0.867755 -17.728797 -0.706666 -0.003698 
rand_1484 1.070000 -44.618114 -0.706850 -0.003763 
rand_1485 0.981627 -43.983692 -2.266530 -0.085905 
rand_1486 0.770000 -36.894287 -3.660912 -0.312967 
rand_1487 0.700000 -16.571189 -4.602309 -0.583243 
rand_1488 1.069762 -12.300685 -2.493777 -0.112272 
rand_1489 1.114721 -21.390442 -0.104455 -0.000021 
rand_1490 1.060000 -17.172430 -3.617938 -0.305131 
rand_1491 0.999579 -32.957187 -1.783679 -0.045436 
rand_1492 1.060000 -37.221694 -3.539908 -0.285764 
rand_1493 0.830000 -59.230478 -3.054152 -0.191383 
rand_1494 0.658646 -49.748264 -1.832684 -0.047884 
rand_1495 1.260000 -56.928093 -4.586261 -0.573028 
rand_1496 1.069610 -34.808815 -2.766834 -0.146122 
rand_1497 0.740000 -21.935901 -3.368035 -0.252419 
rand_1498 1.110000 -19.228116 -1.452288 -0.026089 
rand_1499 0.850000 -27.301612 -5.677221 -1.020238 
rand_1500 0.900000 -11.866119 -3.923716 -0.387949 
rand_1501 0.930095 -39.791609 -2.435802 -0.105327 
rand_1502 0.914847 -28.146778 -1.053520 -0.010592 
rand_1503 1.243437 -39.607124 -3.645208 -0.315928 
rand_1504 0.867605 -19.004316 -3.370299 -0.251291 
rand_1505 0.469444 -29.363913 -1.902367 -0.053554 
rand_1506 1.224285 -34.785301 -1.584810 -0.032459 
rand_1507 1.210152 -11.079312 -2.321084 -0.092068 
rand_1508 1.090000 -58.329512 -4.388886 -0.517790 
rand_1509 1.120000 -43.550866 -2.829628 -0.158897 
rand_1510 1.150000 -23.245005 -2.013997 -0.062824 
rand_1511 1.030000 -37.760695 -5.246858 -0.821676 
rand_1512 0.961499 -18.418862 -1.541070 -0.030621 
rand_1513 1.213263 -12.425850 -3.395125 -0.257697 
rand_1514 1.137726 -17.088379 -0.578984 -0.002151 
rand_1515 1.270000 -45.128838 -2.587974 -0.122162 
rand_1516 0.640000 -31.547810 -1.656832 -0.037055 
rand_1517 1.109738 -48.220202 -1.888965 -0.053062 
rand_1518 1.110000 -25.596947 -1.199671 -0.015462 
rand_1519 0.699303 -29.987651 -3.279994 -0.235219 
rand_1520 1.063956 -41.844396 -3.773804 -0.342956 
rand_1521 1.317646 -36.545120 -2.901678 -0.168821 
rand_1522 0.770000 -30.753417 -1.586739 -0.032467 
rand_1523 0.625332 -35.908901 -2.949205 -0.174258 
rand_1524 1.354052 -34.143498 -3.046308 -0.190634 
rand_1525 0.960000 -20.147858 -4.598950 -0.590915 
rand_1526 0.890000 -49.509036 -3.169517 -0.214134 
rand_1527 0.590000 -37.974279 -1.341763 -0.021209 
rand_1528 1.107138 -19.704351 -1.019853 -0.010070 
rand_1529 0.960000 -40.170074 -2.459269 -0.108012 
rand_1530 0.845081 -23.539811 -2.186683 -0.077356 
rand_1531 1.340000 -40.087324 -3.439661 -0.265575 
rand_1532 0.770000 -12.082388 -3.199026 -0.220478 
rand_1533 1.283311 -18.934813 -1.778846 -0.044904 
rand_1534 1.092841 -16.603102 -3.851799 -0.352872 
rand_1535 0.810000 -56.768884 -4.202146 -0.456687 
rand_1536 0.910000 -13.144848 -6.905130 -1.732041 
rand_1537 0.990000 -11.709725 -3.887249 -0.373732 
rand_1538 1.120000 -57.797736 -6.444983 -1.423919 
rand_1539 1.240000 -22.701254 -1.670255 -0.037328 
rand_1540 0.510000 -46.556221 -1.637571 -0.035894 
rand_1541 0.910000 -30.257191 -1.827014 -0.047614 
rand_1542 0.480000 -46.082928 -4.657169 -0.613550 
rand_1543 1.363021 -36.348498 -3.527164 -0.287652 
rand_1544 1.262265 -23.821036 -1.471190 -0.026941 
rand_1545 1.055712 -32.337258 -0.592822 -0.002319 
rand_1546 0.910000 -37.567650 -5.841600 -1.108806 
rand_1547 1.080000 -57.931182 -1.809681 -0.047007 
rand_1548 0.840000 -33.930558 -4.873530 -0.673781 
rand_1549 1.080000 -42.196225 -3.425600 -0.257631 
rand_1550 0.820000 -46.865123 -2.378708 -0.098316 
rand_1551 0.899370 -39.196797 -3.069588 -0.197364 
rand_1552 1.080000 -33.459431 -4.809714 -0.655798 
rand_1553 0.741235 -42.954558 -2.132096 -0.073384 
rand_1554 0.724725 -33.904772 -0.408436 -0.000851 
rand_1555 0.980000 -37.504032 -1.400514 -0.023644 
rand_1556 0.940000 -20.162624 -1.766984 -0.044625 
rand_1557 0.300000 -42.391712 -3.971070 -0.392677 
rand_1558 0.247085 -35.378770 -1.341093 -0.021107 
rand_1559 0.690000 -52.967733 -3.504274 -0.278462 
rand_1560 0.860000 -44.422894 -2.333308 -0.094197 
rand_1561 0.940000 -41.211459 -5.204299 -0.825571 
rand_1562 0.920000 -17.891801 -2.007479 -0.061232 
rand_1563 0.950000 -44.277568 -7.923761 -2.484129 
rand_1564 0.578663 -15.262509 -3.259416 -0.230063 
rand_1565 0.444208 -36.464137 -2.007952 -0.062393 
rand_1566 1.116541 -21.524222 -4.400874 -0.512317 
rand_1567 0.500000 -12.028570 -3.367629 -0.252339 
rand_1568 0.904129 -44.573880 -1.271401 -0.017896 
rand_1569 0.438885 -39.686580 -2.277477 -0.087096 
rand_1570 0.460000 -10.937708 -6.463811 -1.476298 
rand_1571 0.750000 -38.053101 -1.916599 -0.054424 
rand_1572 0.837426 -48.809906 -1.604904 -0.033975 
rand_1573 0.490000 -19.573119 -1.080162 -0.011582 
rand_1574 0.900000 -19.219098 -3.304149 -0.242637 
rand_1575 1.019666 -26.724974 -0.909414 -0.007469 
rand_1576 0.933302 -21.371603 -1.763230 -0.043820 
rand_1577 1.060000 -53.381585 -7.261420 -1.991568 
rand_1578 0.435531 -34.044928 -3.060594 -0.195329 
rand_1579 0.910000 -28.313857 -4.340021 -0.501629 
rand_1580 1.120000 -35.277008 -1.889138 -0.052621 
rand_1581 1.081512 -29.092752 -4.301215 -0.495951 
rand_1582 1.030000 -20.052674 -4.023945 -0.405706 
rand_1583 1.136920 -28.348074 -1.570957 -0.032208 
rand_1584 0.718714 -10.755655 -1.980593 -0.059752 
rand_1585 0.710000 -30.608800 -4.297208 -0.487200 
rand_1586 0.710000 -17.733040 -3.886681 -0.371157 
rand_1587 1.000000 -48.487659 -0.872290 -0.006489 
rand_1588 1.100000 -43.912162 -2.674769 -0.133616 
rand_1589 0.890000 -24.926898 -4.774424 -0.652365 
rand_1590 0.775531 -13.494490 -2.003076 -0.062965 
rand_1591 0.660000 -47.926741 -7.235770 -1.970610 
rand_1592 1.100000 -58.461281 -3.826933 -0.351450 
rand_1593 0.770590 -46.673281 -3.589120 -0.302921 
rand_1594 0.835440 -42.940660 -3.351803 -0.249384 
rand_1595 0.970000 -13.961336 -5.803740 -1.097830 
rand_1596 0.940000 -30.179371 -2.019669 -0.064258 
rand_1597 0.900000 -45.201796 -1.924599 -0.055646 
rand_1598 0.840000 -50.635633 -3.923918 -0.380729 
rand_1599 0.913734 -12.419549 -2.477441 -0.111034 
rand_1600 1.340000 -11.032116 -3.712346 -0.323275 
rand_1601 0.810000 -48.756254 -0.635279 -0.002797 
rand_1602 1.020000 -14.742649 -7.556623 -2.229290 
rand_1603 0.990000 -24.667176 -8.156208 -2.737385 
rand_1604 0.650000 -41.089367 -3.175554 -0.217525 
rand_1605 1.020000 -30.551936 -2.356718 -0.095750 
rand_1606 0.830000 -18.024083 -2.413404 -0.100914 
rand_1607 1.010000 -53.159053 -5.933104 -1.162219 
rand_1608 0.122358 -11.193463 -1.111605 -0.012583 
rand_1609 0.780862 -29.042108 -3.584564 -0.293242 
rand_1610 0.738538 -39.900499 -0.947803 -0.008218 
rand_1611 0.735315 -12.207777 -3.419391 -0.263647 
rand_1612 1.080000 -14.112089 -5.224521 -0.832617 
rand_1613 0.187832 -44.817222 -0.878205 -0.006648 
rand_1614 0.504643 -35.615405 -2.247865 -0.084150 
rand_1615 0.980000 -18.179156 -6.983207 -1.764496 
rand_1616 0.513782 -15.587024 -3.729397 -0.333979 
rand_1617 0.537076 -32.427211 -3.588332 -0.299007 
rand_1618 0.400000 -47.832285 -6.348229 -1.399297 
rand_1619 1.240000 -34.279111 -6.610830 -1.566542 
rand_1620 0.110000 -52.593825 -3.151302 -0.210784 
rand_1621 0.899238 -18.585385 -1.340217 -0.020899 
rand_1622 1.010000 -57.807747 -5.818330 -1.073071 
rand_1623 1.010000 -14.079514 -4.883740 -0.693243 
rand_1624 0.540000 -10.827016 -2.407771 -0.103776 
rand_1625 1.356289 -28.263054 -2.291364 -0.088522 
rand_1626 0.613500 -10.075577 -2.230058 -0.080904 
rand_1627 0.800000 -59.279070 -4.474513 -0.535909 
rand_1628 0.664917 -46.082845 -3.742988 -0.339156 
rand_1629 0.720000 -29.301891 -3.540340 -0.287071 
rand_1630 1.110000 -39.601586 -1.518429 -0.029691 
rand_1631 0.530000 -27.942533 -2.595760 -0.126253 
rand_1632 1.285627 -47.222623 -0.357957 -0.000585 
rand_1633 0.886219 -11.385212 -2.223306 -0.083170 
rand_1634 0.924441 -26.178040 -2.274303 -0.087633 
rand_1635 0.423069 -37.937085 -1.824031 -0.048298 
rand_1636 0.760000 -30.491524 -0.792903 -0.005071 
rand_1637 1.170000 -48.673875 -2.711195 -0.140713 
rand_1638 0.520000 -42.794092 -0.849203 -0.006089 
rand_1639 0.675455 -39.344563 -1.809529 -0.046436 
rand_1640 1.020000 -27.723688 -3.074226 -0.191465 
rand_1641 1.150000 -32.946134 -1.150478 -0.014160 
rand_1642 0.920000 -15.197901 -2.198292 -0.080153 
rand_1643 0.706112 -21.560737 -2.712012 -0.140045 
rand_1644 0.900000 -25.565674 -3.527389 -0.287197 
rand_1645 0.940000 -23.065110 -4.764514 -0.654440 
rand_1646 0.181533 -10.482601 -2.037511 -0.064541 
rand_1647 1.100000 -39.027889 -5.618153 -1.005163 
rand_1648 0.561639 -39.819053 -4.230459 -0.461902 
rand_1649 1.171994 -38.028225 -2.789338 -0.150008 
rand_1650 1.307488 -33.635619 -1.395276 -0.023191 
rand_1651 1.090000 -46.708000 -4.268991 -0.477704 
rand_1652 0.893126 -32.161228 -2.109806 -0.072755 
rand_1653 0.639238 -26.937548 -2.884585 -0.165271 
rand_1654 0.870000 -46.844927 -1.665336 -0.037995 
rand_1655 0.434369 -47.817121 -2.169484 -0.076572 
rand_1656 0.840000 -51.321242 -5.905562 -1.134562 
rand_1657 0.593248 -10.280624 -2.104445 -0.070294 
rand_1658 0.800000 -12.712116 -1.798355 -0.046092 
rand_1659 1.020000 -49.563208 -2.401189 -0.100605 
rand_1660 1.030000 -31.878059 -5.517050 -0.957757 
rand_1661 0.410000 -22.856150 -4.940607 -0.717118 
rand_1662 0.640000 -38.913620 -5.346544 -0.890758 
rand_1663 0.440000 -39.563038 -1.568530 -0.031570 
rand_1664 0.820826 -15.474155 -1.254258 -0.017359 
rand_1665 0.980000 -22.045311 -4.617254 -0.583867 
rand_1666 1.080000 -14.859026 -6.464442 -1.468172 
rand_1667 0.520000 -52.843903 -6.393882 -1.410048 
rand_1668 0.800000 -11.493049 -0.336900 -0.000498 
rand_1669 0.470000 -42.887442 -5.017374 -0.727054 
rand_1670 0.920000 -20.550036 -0.992530 -0.009266 
rand_1671 1.063306 -17.851582 -1.805072 -0.046271 
rand_1672 0.610000 -43.946332 -8.271524 -2.818484 
rand_1673 0.410000 -33.229600 -2.725706 -0.143149 
rand_1674 0.940000 -49.257352 -1.838371 -0.048954 
rand_1675 0.806247 -11.449745 -0.684000 -0.003459 
rand_1676 0.380000 -12.084916 -4.882865 -0.679438 
rand_1677 0.990000 -27.012243 -4.367042 -0.500593 
rand_1678 1.130000 -41.484137 -4.683362 -0.605780 
rand_1679 1.267436 -38.224886 -2.635077 -0.131774 
rand_1680 0.890000 -21.289220 -4.564614 -0.567495 
rand_1681 1.246292 -37.796638 -3.484113 -0.281372 
rand_1682 1.187987 -38.109603 -1.316358 -0.020005 
rand_1683 0.770000 -50.133097 -1.850314 -0.051078 
rand_1684 1.177376 -34.278090 -0.761689 -0.004480 
rand_1685 1.054692 -13.554610 -1.685892 -0.038693 
rand_1686 1.186704 -17.225395 -3.245772 -0.227851 
rand_1687 0.140000 -45.135857 -6.842524 -1.692114 
rand_1688 1.235268 -43.621139 -3.366441 -0.250714 
rand_1689 1.322079 -17.340755 -2.547528 -0.117837 
rand_1690 1.371482 -43.209695 -1.504453 -0.028517 
rand_1691 0.747781 -27.279962 -1.101588 -0.012091 
rand_1692 0.652754 -43.181194 -2.322468 -0.090947 
rand_1693 1.135650 -29.647475 -2.262550 -0.085200 
rand_1694 0.920000 -11.072727 -2.157378 -0.075863 
rand_1695 1.080000 -39.791498 -3.177270 -0.212411 
rand_1696 0.526466 -43.794605 -1.813709 -0.047205 
rand_1697 0.990000 -43.285922 -1.292820 -0.018825 
rand_1698 0.950000 -17.062895 -5.722211 -1.056966 
rand_1699 0.480000 -46.389347 -2.777327 -0.147861 
rand_1700 0.930000 -42.689561 -2.136042 -0.074455 
rand_1701 1.385378 -38.492836 -2.669882 -0.133657 
rand_1702 0.676235 -14.031804 -2.570827 -0.120987 
rand_1703 0.740000 -43.677696 -3.822944 -0.351338 
rand_1704 1.020171 -16.801178 -3.545362 -0.283702 
rand_1705 1.332637 -25.762518 -3.028320 -0.185209 
rand_1706 0.620000 -14.064036 -0.570424 -0.002075 
rand_1707 0.810924 -10.499426 -2.143107 -0.073555 
rand_1708 0.550000 -56.551373 -3.619713 -0.304981 
rand_1709 1.060000 -23.500348 -2.616225 -0.126151 
rand_1710 0.840000 -39.073670 -3.966168 -0.392827 
rand_1711 1.190000 -52.669588 -2.479763 -0.109204 
rand_1712 1.364857 -44.091594 -0.736077 -0.004123 
rand_1713 0.419899 -47.384373 -2.180639 -0.077104 
rand_1714 0.960000 -18.116391 -2.910019 -0.170564 
rand_1715 0.684819 -40.524333 -1.658858 -0.036918 
rand_1716 1.031977 -16.623659 -2.952628 -0.175633 
rand_1717 0.730000 -24.697484 -1.708310 -0.039636 
rand_1718 0.399978 -41.220866 -3.089284 -0.202155 
rand_1719 1.050000 -32.297332 -4.982732 -0.728923 
rand_1720 0.693860 -25.506944 -1.965843 -0.058012 
rand_1721 0.960000 -26.309470 -2.699378 -0.140898 
rand_1722 0.725836 -39.649518 -1.562925 -0.031385 
rand_1723 1.260000 -18.012486 -6.396607 -1.430507 
rand_1724 0.998054 -11.369807 -0.316469 -0.000425 
rand_1725 1.060000 -50.438637 -2.983297 -0.179099 
rand_1726 1.030000 -39.281082 -2.166347 -0.076284 
rand_1727 1.170000 -33.935593 -3.004356 -0.185193 
rand_1728 0.990000 -37.052310 -3.640176 -0.311029 
rand_1729 0.740318 -42.443765 -2.925525 -0.170241 
rand_1730 0.850000 -45.571167 -4.669188 -0.616119 
rand_1731 0.860000 -35.542282 -0.807503 -0.005372 
rand_1732 1.008891 -14.884822 -1.014425 -0.009886 
rand_1733 0.384039 -38.867239 -2.320218 -0.090168 
rand_1734 1.006887 -33.171864 -1.175836 -0.014442 
rand_1735 0.955831 -39.663375 -1.655194 -0.037591 
rand_1736 1.388957 -48.171879 -0.543404 -0.001855 
rand_1737 0.730000 -51.989639 -3.436136 -0.263601 
rand_1738 0.856823 -48.078169 -1.653836 -0.037778 
rand_1739 1.110000 -33.788219 -6.023664 -1.204926 
rand_1740 0.690000 -20.807793 -8.327975 -2.865186 
rand_1741 0.950000 -16.544003 -1.821419 -0.047506 
rand_1742 0.790000 -27.992192 -5.556446 -0.961524 
rand_1743 1.279265 -38.355917 -1.576063 -0.032599 
rand_1744 0.700000 -52.262987 -0.878908 -0.006648 
rand_1745 0.998082 -20.409795 -0.813386 -0.005477 
rand_1746 0.610000 -36.625373 -2.685353 -0.137614 
rand_1747 0.930000 -56.571525 -4.250568 -0.471200 
rand_1748 0.940000 -42.219427 -7.503598 -2.167729 
rand_1749 1.119939 -10.034161 -1.979014 -0.059931 
rand_1750 1.090000 -16.378851 -1.593406 -0.033070 
rand_1751 0.902864 -22.523466 -1.249340 -0.017049 
rand_1752 0.887261 -41.376396 -2.625550 -0.128580 
rand_1753 0.813821 -20.978665 -1.304282 -0.019499 
rand_1754 0.881626 -34.408146 -1.040969 -0.010585 
rand_1755 0.900000 -29.732906 -3.451296 -0.264549 
rand_1756 0.710000 -37.040259 -3.647893 -0.314194 
rand_1757 1.359582 -39.119624 -0.445361 -0.001065 
rand_1758 1.200720 -44.413918 -2.253846 -0.085755 
rand_1759 1.279098 -48.803898 -2.274198 -0.086910 
rand_1760 1.040000 -35.062850 -4.172180 -0.447666 
rand_1761 1.130000 -28.980432 -4.531187 -0.560680 
rand_1762 1.040000 -15.271027 -7.890569 -2.492479 
rand_1763 0.500000 -13.615577 -4.370395 -0.506568 
rand_1764 0.992084 -25.814286 -2.764599 -0.148398 
rand_1765 0.950000 -59.076937 -5.455210 -0.922419 
rand_1766 0.358205 -46.157265 -1.374400 -0.022682 
rand_1767 1.329796 -19.305053 -1.117977 -0.013071 
rand_1768 1.060000 -57.746284 -1.269894 -0.018187 
rand_1769 1.282296 -16.746649 -2.110323 -0.070287 
rand_1770 1.110000 -48.428317 -5.824977 -1.101978 
rand_1771 0.780343 -47.007951 -3.050156 -0.192841 
rand_1772 0.893929 -25.758914 -2.154518 -0.075358 
rand_1773 0.180826 -35.371411 -1.085655 -0.011867 
rand_1774 1.110000 -55.204617 -6.765784 -1.671025 
rand_1775 0.957851 -16.248313 -2.439672 -0.106183 
rand_1776 0.375823 -37.784247 -3.575140 -0.290664 
rand_1777 0.880000 -27.022880 -1.581812 -0.032553 
rand_1778 0.900725 -41.676660 -3.162153 -0.212007 
rand_1779 1.030000 -32.100026 -2.004970 -0.061571 
rand_1780 1.234459 -33.319837 -2.142192 -0.072789 
rand_1781 0.900000 -11.260789 -2.465529 -0.106729 
rand_1782 0.960000 -28.949744 -5.569733 -0.978069 
rand_1783 1.200000 -31.926304 -4.733635 -0.637099 
rand_1784 1.170000 -52.056731 -2.756443 -0.144965 
rand_1785 0.930000 -56.508453 -2.344278 -0.093913 
rand_1786 1.187749 -27.158609 -0.310600 -0.000403 
rand_1787 0.920000 -36.887589 -4.727846 -0.619467 
rand_1788 1.000000 -36.016762 -5.803799 -1.094161 
rand_1789 1.120000 -32.954448 -6.903428 -1.737238 
rand_1790 1.000000 -34.455782 -2.078023 -0.068315 
rand_1791 0.324647 -25.821488 -1.958450 -0.059199 
rand_1792 0.880000 -40.231764 -5.228219 -0.815042 
rand_1793 0.500000 -58.865584 -4.581835 -0.572639 
rand_1794 0.508728 -27.523433 -2.606308 -0.125430 
rand_1795 1.130000 -15.432226 -6.567294 -1.524777 
rand_1796 1.030000 -20.721238 -6.454654 -1.461126 
rand_1797 0.621804 -40.627145 -1.621672 -0.034826 
rand_1798 0.540000 -56.379321 -5.635474 -0.997320 
rand_1799 0.760000 -48.592818 -6.348567 -1.383410 
rand_1800 1.170000 -26.221335 -1.928578 -0.055922 
rand_1801 0.427453 -33.932509 -0.636163 -0.002770 
rand_1802 1.050000 -34.197500 -6.450913 -1.468538 
rand_1803 1.120000 -47.581180 -2.094128 -0.069542 
rand_1804 1.030000 -33.897847 -4.493801 -0.553507 
rand_1805 1.390000 -12.520426 -4.283317 -0.477282 
rand_1806 1.000000 -59.748503 -4.603284 -0.582949 
rand_1807 0.990000 -45.378943 -2.114857 -0.071859 
rand_1808 1.143120 -32.678213 -2.069484 -0.067348 
rand_1809 0.682490 -41.327662 -2.681803 -0.137506 
rand_1810 0.880000 -56.950895 -2.539925 -0.117547 
rand_1811 1.260000 -36.208456 -1.133087 -0.013378 
rand_1812 0.610000 -24.674714 -3.823631 -0.356362 
rand_1813 0.837040 -34.560363 -1.877108 -0.052317 
rand_1814 0.429847 -21.661875 -1.379666 -0.022789 
rand_1815 1.260000 -30.407136 -4.086384 -0.428707 
rand_1816 1.310000 -33.498221 -6.461621 -1.454294 
rand_1817 0.807716 -38.424636 -1.990954 -0.062448 
rand_1818 1.277748 -46.643148 -1.021187 -0.010185 
rand_1819 1.180000 -21.872125 -3.327593 -0.242231 
rand_1820 0.947670 -19.018345 -1.812537 -0.047434 
rand_1821 1.203578 -15.915714 -0.897121 -0.007028 
rand_1822 1.258700 -14.568026 -1.950271 -0.056785 
rand_1823 0.790000 -27.904077 -5.809241 -1.081512 
rand_1824 1.023993 -26.187548 -1.969870 -0.058940 
rand_1825 1.200000 -31.426081 -3.300804 -0.238295 
rand_1826 0.880000 -51.514334 -1.352528 -0.021770 
rand_1827 1.030000 -20.681247 -2.420515 -0.103340 
rand_1828 0.222351 -41.816077 -1.903305 -0.053190 
rand_1829 1.123733 -36.589546 -0.565038 -0.002019 
rand_1830 1.128073 -16.400472 -2.967437 -0.181864 
rand_1831 0.830000 -37.049448 -1.488883 -0.027369 
rand_1832 1.190000 -45.359031 -4.141029 -0.439007 
rand_1833 1.070000 -43.372106 -6.067218 -1.232960 
rand_1834 0.970000 -17.046015 -3.399147 -0.255080 
rand_1835 0.880000 -52.789913 -1.405414 -0.023709 
rand_1836 1.341844 -15.141674 -3.379477 -0.253622 
rand_1837 1.094832 -28.284464 -0.912000 -0.007416 
rand_1838 1.302035 -25.321972 -2.253275 -0.084782 
rand_1839 1.107281 -42.200226 -2.887381 -0.165023 
rand_1840 0.970000 -47.017343 -6.779359 -1.667790 
rand_1841 0.660000 -38.190392 -3.396179 -0.253110 
rand_1842 1.260000 -46.190406 -5.788849 -1.089650 
rand_1843 0.790000 -23.386819 -1.329021 -0.020510 
rand_1844 1.270382 -42.778977 -0.355766 -0.000582 
rand_1845 0.930000 -24.977351 -3.519299 -0.280970 
rand_1846 1.123440 -23.200315 -1.767923 -0.044515 
rand_1847 0.880000 -32.023049 -5.561652 -0.972266 
rand_1848 0.550000 -52.192829 -4.363834 -0.511905 
rand_1849 1.110000 -40.267053 -3.952820 -0.393008 
rand_1850 1.080000 -38.050114 -1.426742 -0.024101 
rand_1851 1.276168 -44.190114 -2.388083 -0.099385 
rand_1852 0.940000 -19.048700 -1.365359 -0.022210 
rand_1853 0.632191 -28.478037 -1.336312 -0.020884 
rand_1854 0.940000 -16.615736 -4.711276 -0.625617 
rand_1855 0.618488 -43.568087 -2.543596 -0.117437 
rand_1856 1.020000 -59.969175 -1.866874 -0.051039 
rand_1857 0.202430 -37.537258 -4.138758 -0.430376 
rand_1858 0.167027 -24.968935 -1.976071 -0.060097 
rand_1859 1.100000 -46.899335 -2.914402 -0.169916 
rand_1860 1.110695 -13.078417 -1.613587 -0.034137 
rand_1861 1.130000 -44.838271 -3.467930 -0.268289 
rand_1862 0.544272 -40.085344 -2.639052 -0.130268 
rand_1863 1.070000 -44.144407 -3.502000 -0.280378 
rand_1864 0.275275 -24.567102 -4.062019 -0.414897 
rand_1865 0.800000 -33.909880 -4.990065 -0.734144 
rand_1866 1.032076 -43.173149 -2.326713 -0.092164 
rand_1867 1.160000 -29.530719 -1.776001 -0.045588 
rand_1868 1.040000 -49.153909 -1.325132 -0.020245 
rand_1869 0.960000 -10.729638 -3.179750 -0.216917 
rand_1870 1.310000 -33.016057 -3.735281 -0.333787 
rand_1871 0.727777 -19.191712 -1.598124 -0.033729 
rand_1872 1.220828 -49.740914 -0.510476 -0.001531 
rand_1873 0.512312 -28.500043 -3.824048 -0.352749 
rand_1874 1.250000 -51.499458 -4.482929 -0.544731 
rand_1875 0.720000 -26.968850 -2.937811 -0.172004 
rand_1876 0.940000 -33.558725 -6.093543 -1.240683 
rand_1877 0.870000 -31.486052 -5.796398 -1.066221 
rand_1878 1.043998 -31.963846 -0.896337 -0.007025 
rand_1879 0.820000 -36.940030 -1.942689 -0.057439 
rand_1880 1.000000 -34.616038 -5.726794 -1.046764 
rand_1881 0.500000 -52.968498 -4.102258 -0.431220 
rand_1882 0.425123 -35.860002 -0.939133 -0.007961 
rand_1883 0.780000 -57.180624 -4.087610 -0.420779 
rand_1884 1.010000 -34.565637 -4.995118 -0.727188 
rand_1885 1.020000 -35.732106 -2.206375 -0.080815 
rand_1886 0.790000 -15.627612 -3.346634 -0.246727 
rand_1887 0.680000 -23.113705 -2.759622 -0.145880 
rand_1888 0.568554 -34.545577 -2.549776 -0.119354 
rand_1889 0.455967 -34.213328 -2.175342 -0.076310 
rand_1890 1.050000 -48.236025 -5.231400 -0.825019 
rand_1891 0.896266 -12.491576 -1.671678 -0.038248 
rand_1892 0.970000 -20.221735 -1.849465 -0.050561 
rand_1893 0.760000 -58.073383 -3.042939 -0.189276 
rand_1894 1.000000 -28.262982 -6.023279 -1.186955 
rand_1895 0.454233 -47.185988 -0.257605 -0.000235 
rand_1896 0.860000 -28.513032 -3.047029 -0.193403 
rand_1897 0.669148 -18.172447 -1.414863 -0.024151 
rand_1898 0.820000 -24.984511 -1.810212 -0.046935 
rand_1899 0.650000 -16.266619 -1.663003 -0.037719 
rand_1900 1.280000 -18.877536 -7.731083 -2.371696 
rand_1901 0.356883 -34.269243 -1.052423 -0.010655 
rand_1902 0.928536 -20.495270 -2.739959 -0.140468 
rand_1903 0.740000 -50.986140 -3.511305 -0.282842 
rand_1904 1.258684 -16.167042 -2.966961 -0.180811 
rand_1905 1.020149 -31.903969 -3.197608 -0.221941 
rand_1906 1.000000 -39.401023 -2.814077 -0.154213 
rand_1907 1.040000 -36.458372 -2.183594 -0.079321 
rand_1908 1.040000 -53.254126 -5.824688 -1.127673 
rand_1909 0.750000 -10.450005 -4.410868 -0.522841 
rand_1910 1.299230 -10.390298 -2.156792 -0.075974 
rand_1911 0.990000 -50.624891 -4.326748 -0.499787 
rand_1912 0.980000 -17.448260 -9.383172 -3.998741 
rand_1913 0.977479 -28.530201 -1.504347 -0.028522 
rand_1914 0.480000 -13.464465 -1.642289 -0.036513 
rand_1915 0.781957 -27.964159 -1.491875 -0.027826 
rand_1916 1.110000 -14.136714 -4.790467 -0.648293 
rand_1917 0.750000 -27.575732 -4.891351 -0.679987 
rand_1918 0.750000 -40.306906 -1.178630 -0.014776 
rand_1919 0.358355 -36.911403 -4.497991 -0.545327 
rand_1920 0.966647 -11.366541 -2.343046 -0.093694 
rand_1921 0.820414 -46.793167 -2.711162 -0.139486 
rand_1922 0.880000 -59.610448 -1.375473 -0.022058 
rand_1923 0.444756 -24.662842 -4.010794 -0.401868 
rand_1924 0.540000 -42.539395 -1.960658 -0.058746 
rand_1925 1.010000 -16.672064 -4.544991 -0.560758 
rand_1926 1.090000 -57.649382 -3.547132 -0.286538 
rand_1927 1.080000 -55.731368 -3.686201 -0.320641 
rand_1928 1.100000 -43.912029 -5.742510 -1.059945 
rand_1929 1.300000 -57.896438 -4.149034 -0.436039 
rand_1930 0.830000 -52.516290 -1.643836 -0.036137 
rand_1931 0.990000 -41.272980 -4.808517 -0.655939 
rand_1932 1.120000 -18.639152 -3.975123 -0.397249 
rand_1933 1.230930 -35.311893 -4.285422 -0.490045 
rand_1934 0.450000 -24.853219 -2.927999 -0.172001 
rand_1935 0.687755 -38.720948 -2.494277 -0.111620 
rand_1936 0.820000 -17.813108 -1.112840 -0.012717 
rand_1937 1.160000 -24.877138 -6.104552 -1.270912 
rand_1938 0.847667 -30.228671 -1.095930 -0.011878 
rand_1939 0.540000 -12.525868 -2.319329 -0.091995 
rand_1940 0.740000 -41.260692 -2.706695 -0.140988 
rand_1941 1.253349 -48.021238 -2.853079 -0.158351 
rand_1942 0.672161 -34.612967 -1.893266 -0.052578 
rand_1943 0.439855 -18.952641 -2.043859 -0.066449 
rand_1944 1.034511 -24.759483 -1.751062 -0.042226 
rand_1945 0.812780 -25.163180 -2.212437 -0.081815 
rand_1946 0.890000 -33.436514 -1.678495 -0.037943 
rand_1947 1.070000 -35.357465 -0.763010 -0.004485 
rand_1948 1.200000 -24.384652 -2.823677 -0.154081 
rand_1949 0.880000 -46.555005 -2.546021 -0.117070 
rand_1950 0.700000 -13.645125 -4.006418 -0.401403 
rand_1951 1.297329 -11.004022 -3.384648 -0.258846 
rand_1952 1.032844 -11.548298 -3.043736 -0.190973 
rand_1953 0.540000 -49.551498 -3.809744 -0.353185 
rand_1954 1.070000 -52.751145 -0.975435 -0.008838 
rand_1955 1.020000 -29.077931 -7.434243 -2.131586 
rand_1956 1.007577 -48.087536 -3.784602 -0.339258 
rand_1957 0.850000 -37.436919 -7.694489 -2.359840 
rand_1958 1.060000 -40.369052 -2.574457 -0.122127 
rand_1959 0.875447 -45.351563 -0.883396 -0.006712 
rand_1960 0.780000 -50.823361 -2.719723 -0.143595 
rand_1961 1.312278 -13.320102 -0.973410 -0.008893 
rand_1962 1.275304 -17.546986 -1.165612 -0.014106 
rand_1963 0.800000 -59.184443 -5.105288 -0.785204 
rand_1964 0.840000 -31.949105 -2.321418 -0.091474 
rand_1965 1.170000 -40.328489 -4.007292 -0.401501 
rand_1966 1.010000 -12.597035 -5.345390 -0.874952 
rand_1967 1.200000 -26.496739 -2.124656 -0.072634 
rand_1968 0.488538 -13.436651 -2.098255 -0.070341 
rand_1969 1.210000 -16.473946 -7.812578 -2.453379 
rand_1970 1.020000 -20.538222 -2.747284 -0.144604 
rand_1971 1.323188 -44.403088 -0.787383 -0.004987 
rand_1972 1.124419 -28.352067 -1.323265 -0.020346 
rand_1973 1.374311 -26.343034 -1.945747 -0.056918 
rand_1974 0.610000 -30.417267 -2.775512 -0.147136 
rand_1975 0.930000 -49.939373 -1.127038 -0.013049 
rand_1976 1.040000 -15.283891 -1.561993 -0.031358 
rand_1977 0.880000 -37.778972 -1.641077 -0.037162 
rand_1978 1.210000 -52.462418 -4.588279 -0.576456 
rand_1979 1.210605 -35.185502 -1.033140 -0.010080 
rand_1980 0.836544 -10.635011 -3.048614 -0.192176 
rand_1981 1.180000 -27.912037 -5.584495 -0.980102 
rand_1982 0.449948 -18.599458 -2.959579 -0.177843 
rand_1983 1.140000 -54.712713 -3.660407 -0.321110 
rand_1984 1.207465 -18.592134 -0.185100 -0.000099 
rand_1985 1.070000 -50.788445 -3.886005 -0.367294 
rand_1986 1.290000 -50.985661 -8.729391 -3.297033 
rand_1987 0.936135 -13.714235 -1.463622 -0.026549 
rand_1988 1.170000 -58.704975 -2.889302 -0.163391 
rand_1989 1.070403 -41.488438 -2.233796 -0.083408 
rand_1990 0.848988 -47.192190 -2.102431 -0.070671 
rand_1991 0.944064 -12.172279 -2.106771 -0.071732 
rand_1992 0.680000 -49.080535 -2.660935 -0.131651 
rand_1993 1.140000 -42.958930 -6.131572 -1.253547 
rand_1994 0.880000 -18.768216 -6.217241 -1.314533 
rand_1995 0.930000 -54.819289 -5.815007 -1.094611 
rand_1996 1.080000 -56.478881 -5.292322 -0.843737 
rand_1997 1.161246 -40.571844 -2.616130 -0.128201 
rand_1998 0.689988 -33.742397 -3.225076 -0.223478 
rand_1999 0.730000 -52.150207 -3.458957 -0.271632 
rand_2000 0.730000 -49.487144 -1.040038 -0.010623 
rand_2001 1.210000 -18.111238 -5.782375 -1.063517 
rand_2002 1.040000 -49.410659 -9.537546 -4.206235 
rand_2003 0.690000 -49.713616 -3.687431 -0.324314 
rand_2004 0.136697 -20.919565 -2.080157 -0.068971 
rand_2005 1.050000 -33.532743 -2.762306 -0.149246 
rand_2006 0.690000 -18.128363 -4.494359 -0.539703 
rand_2007 0.840000 -12.118921 -5.134947 -0.795363 
rand_2008 1.390538 -37.919829 -0.424092 -0.000918 
rand_2009 1.100000 -17.098731 -3.578522 -0.294093 
rand_2010 1.166503 -41.701204 -0.724967 -0.003991 
rand_2011 0.898411 -43.099699 -2.717305 -0.140267 
rand_2012 0.880000 -11.120849 -4.571291 -0.583210 
rand_2013 0.810000 -29.670348 -1.443216 -0.025906 
rand_2014 0.970000 -56.183202 -4.400727 -0.513192 
rand_2015 0.900000 -36.248339 -2.725803 -0.142453 
rand_2016 1.294539 -42.206839 -1.467158 -0.026741 
rand_2017 1.103113 -29.331501 -3.031962 -0.190020 
rand_2018 1.302161 -48.405049 -1.106848 -0.012316 
rand_2019 0.961464 -33.404151 -2.198357 -0.078988 
rand_2020 1.340000 -25.949793 -2.451687 -0.107033 
rand_2021 0.900000 -59.727076 -3.021415 -0.188186 
rand_2022 1.058706 -35.521401 -0.629023 -0.002625 
rand_2023 1.180000 -47.400416 -3.040963 -0.188021 
rand_2024 1.150000 -42.873165 -4.947163 -0.719772 
rand_2025 1.052617 -31.860231 -4.382025 -0.509740 
rand_2026 0.445310 -49.580978 -1.573839 -0.032041 
rand_2027 1.170000 -15.004033 -5.771000 -1.065205 
rand_2028 0.729583 -48.262013 -3.644232 -0.308293 
rand_2029 1.070000 -15.866308 -2.717489 -0.141136 
rand_2030 1.110000 -58.563552 -3.578043 -0.298863 
rand_2031 1.060000 -16.974698 -1.964003 -0.059501 
rand_2032 0.870000 -17.666424 -0.956376 -0.008591 
rand_2033 0.920000 -47.503999 -5.287753 -0.855328 
rand_2034 0.684880 -11.874845 -3.139002 -0.209822 
rand_2035 0.960000 -37.756292 -3.431939 -0.261723 
rand_2036 1.120000 -45.961419 -10.329474 -5.165196 
rand_2037 0.680000 -46.072334 -5.579927 -0.986506 
rand_2038 1.030000 -36.095618 -3.743547 -0.336695 
rand_2039 0.800000 -21.232917 -2.406996 -0.100182 
rand_2040 0.970000 -40.775953 -2.451806 -0.106843 
rand_2041 1.047371 -20.989277 -1.824837 -0.048785 
rand_2042 0.610000 -11.292679 -1.197651 -0.015491 
rand_2043 1.040000 -17.347353 -3.196991 -0.220977 
rand_2044 1.029936 -10.398136 -1.073223 -0.011398 
rand_2045 0.510000 -15.696619 -1.818228 -0.048202 
rand_2046 1.115651 -20.971547 -3.074451 -0.194734 
rand_2047 0.780000 -14.131666 -4.314921 -0.490931 
rand_2048 0.560000 -36.228148 -4.443673 -0.524819 
rand_2049 1.024557 -48.620010 -1.596302 -0.033242 
rand_2050 0.210000 -12.526617 -1.143410 -0.013607 
rand_2051 0.761882 -39.045470 -2.926342 -0.170775 
rand_2052 1.080000 -29.704675 -2.778233 -0.146923 
rand_2053 1.120000 -46.818100 -0.888603 -0.006806 
rand_2054 1.160000 -36.706215 -5.483735 -0.950903 
rand_2055 0.880000 -37.192565 -6.928639 -1.787191 
rand_2056 0.779504 -32.733412 -1.899957 -0.053879 
rand_2057 1.056764 -43.397583 -2.839688 -0.158120 
rand_2058 1.171706 -18.267803 -1.353995 -0.021266 
rand_2059 1.110000 -41.578547 -1.781832 -0.044365 
rand_2060 0.730000 -44.934600 -4.855204 -0.671573 
rand_2061 1.060000 -56.999095 -4.346630 -0.497962 
rand_2062 1.150000 -41.929833 -2.570315 -0.120453 
rand_2063 0.670000 -20.343110 -4.461598 -0.543174 
rand_2064 1.036784 -30.597485 -1.418916 -0.024810 
rand_2065 1.140000 -54.033323 -3.489786 -0.277473 
rand_2066 1.308734 -43.448081 -1.531601 -0.029983 
rand_2067 1.090000 -55.957150 -3.694188 -0.323727 
rand_2068 0.250000 -26.688105 -0.562212 -0.002005 
rand_2069 0.590000 -15.003572 -2.985786 -0.183214 
rand_2070 1.059620 -10.885196 -1.409849 -0.023701 
rand_2071 1.118839 -20.227132 -2.439799 -0.105147 
rand_2072 0.910000 -31.723246 -2.876288 -0.163492 
rand_2073 0.710000 -18.279668 -2.445376 -0.105652 
rand_2074 1.030000 -17.218352 -5.679108 -1.021553 
rand_2075 0.600000 -28.955353 -2.463333 -0.107423 
rand_2076 0.950000 -57.714444 -3.213370 -0.224292 
rand_2077 0.721330 -20.356588 -3.321416 -0.239663 
rand_2078 0.880000 -41.925329 -3.969148 -0.393566 
rand_2079 0.759902 -14.116878 -1.562641 -0.031898 
rand_2080 0.720000 -15.458218 -2.723043 -0.139673 
rand_2081 1.312655 -48.270619 -2.139278 -0.074008 
rand_2082 0.840000 -33.392309 -3.337643 -0.246949 
rand_2083 1.261444 -13.126060 -0.799645 -0.005187 
rand_2084 1.080000 -50.354348 -3.669022 -0.318637 
rand_2085 1.160000 -45.140277 -0.459350 -0.001167 
rand_2086 1.100000 -41.301338 -1.611705 -0.034315 
rand_2087 0.905763 -28.695475 -2.080924 -0.068677 
rand_2088 0.920000 -47.384388 -7.832470 -2.492441 
rand_2089 0.780000 -35.080674 -1.594928 -0.033790 
rand_2090 0.970000 -32.530350 -6.113081 -1.276988 
rand_2091 1.000000 -30.565827 -0.964264 -0.008553 
rand_2092 0.860000 -43.267042 -2.908390 -0.167386 
rand_2093 1.060000 -52.858154 -6.749347 -1.619477 
rand_2094 0.820000 -18.335832 -5.868113 -1.137976 
rand_2095 0.381010 -39.737986 -4.036567 -0.413419 
rand_2096 1.062219 -26.909985 -0.365592 -0.000628 
rand_2097 0.837453 -13.517672 -2.401236 -0.099803 
rand_2098 1.000000 -25.234954 -0.446744 -0.001067 
rand_2099 1.032318 -34.908628 -0.887566 -0.006918 
rand_2100 0.780000 -56.289902 -7.006968 -1.860631 
rand_2101 0.837716 -48.191654 -1.915077 -0.054381 
rand_2102 0.533846 -10.618511 -1.504602 -0.028199 
rand_2103 1.305705 -30.005254 -1.352343 -0.021395 
rand_2104 1.105367 -43.539795 -2.352789 -0.096459 
rand_2105 1.080000 -59.527804 -4.616510 -0.586611 
rand_2106 0.191680 -45.287378 -2.375590 -0.098671 
rand_2107 0.808021 -20.321017 -2.255695 -0.085037 
rand_2108 1.270000 -54.646768 -3.817776 -0.348154 
rand_2109 1.157185 -31.525332 -3.454283 -0.270800 
rand_2110 0.840000 -59.761106 -2.441086 -0.105337 
rand_2111 1.080000 -41.267192 -7.870668 -2.501829 
rand_2112 1.056719 -33.365296 -2.392374 -0.100636 
rand_2113 1.010000 -47.484408 -8.442241 -3.048531 
rand_2114 0.474683 -34.994340 -2.365302 -0.096520 
rand_2115 1.310000 -21.365345 -4.161344 -0.457324 
rand_2116 0.770000 -43.066269 -3.983254 -0.400137 
rand_2117 0.900000 -32.551360 -3.641093 -0.305048 
rand_2118 0.850000 -26.715524 -2.815246 -0.154031 
rand_2119 0.773867 -48.239019 -1.303094 -0.019413 
rand_2120 1.100000 -43.669314 -4.537603 -0.558750 
rand_2121 1.200000 -21.067788 -3.684071 -0.317294 
rand_2122 1.000000 -43.394879 -3.519965 -0.283890 
rand_2123 1.100000 -12.943672 -2.905194 -0.171269 
rand_2124 1.080960 -25.586185 -0.884157 -0.006942 
rand_2125 1.228667 -33.181016 -2.976139 -0.180480 
rand_2126 1.258879 -13.131637 -5.678752 -1.051045 
rand_2127 0.893564 -29.581974 -2.604358 -0.122732 
rand_2128 1.000000 -10.526750 -2.213868 -0.081787 
rand_2129 0.970000 -39.726015 -1.250109 -0.017135 
rand_2130 1.030000 -55.529718 -5.912528 -1.159016 
rand_2131 1.133830 -40.367204 -2.492286 -0.110829 
rand_2132 0.534717 -14.163216 -1.940999 -0.057605 
rand_2133 1.170000 -33.872828 -2.981266 -0.179369 
rand_2134 1.130000 -37.334874 -5.185092 -0.801117 
rand_2135 1.170000 -40.767936 -1.922051 -0.055164 
rand_2136 1.150000 -11.966046 -7.675803 -2.327519 
rand_2137 1.034840 -13.852327 -1.376407 -0.022494 
rand_2138 0.641296 -35.364893 -1.153710 -0.014007 
rand_2139 1.100000 -56.306793 -3.586108 -0.296596 
rand_2140 0.243911 -29.770046 -4.066685 -0.418424 
rand_2141 1.160000 -48.020928 -1.569698 -0.031733 
rand_2142 0.880579 -10.589769 -2.331902 -0.093059 
rand_2143 0.990000 -40.201774 -4.884512 -0.676726 
rand_2144 0.860000 -51.961401 -0.864934 -0.006366 
rand_2145 0.677469 -46.973681 -1.287213 -0.018785 
rand_2146 1.251697 -27.263855 -1.302992 -0.019200 
rand_2147 0.550000 -40.339131 -5.379377 -0.895255 
rand_2148 0.820000 -59.507996 -1.986961 -0.060446 
rand_2149 1.143481 -36.322591 -2.865986 -0.160262 
rand_2150 0.880000 -12.484886 -5.204451 -0.807810 
rand_2151 0.131438 -35.388445 -3.154668 -0.213870 
rand_2152 0.628664 -48.628680 -0.489003 -0.001346 
rand_2153 1.060000 -30.953064 -5.749580 -1.056077 
rand_2154 1.129917 -38.588186 -2.149948 -0.074750 
rand_2155 0.760000 -34.902937 -6.276461 -1.356161 
rand_2156 0.260000 -47.181429 -3.294456 -0.239680 
rand_2157 0.333929 -47.823805 -1.448873 -0.025747 
rand_2158 1.060000 -15.993271 -2.504409 -0.112223 
rand_2159 0.770000 -13.356192 -4.276200 -0.476743 
rand_2160 0.760000 -11.668560 -9.116904 -3.759873 
rand_2161 0.840000 -50.650592 -3.954219 -0.390613 
rand_2162 1.240000 -31.511076 -1.773209 -0.044494 
rand_2163 1.163813 -34.882420 -2.251858 -0.085494 
rand_2164 1.080000 -40.536728 -3.782803 -0.341068 
rand_2165 0.381975 -39.892779 -1.735256 -0.041376 
rand_2166 1.010000 -51.790436 -1.786283 -0.045376 
rand_2167 1.050000 -13.141891 -1.718602 -0.041318 
rand_2168 0.730000 -29.825983 -2.464310 -0.109713 
rand_2169 0.792769 -38.293293 -1.458017 -0.026165 
rand_2170 1.313523 -17.987767 -2.127593 -0.073065 
rand_2171 1.237401 -41.140209 -0.205368 -0.000130 
rand_2172 0.910000 -16.988461 -6.267441 -1.329525 
rand_2173 1.090000 -46.744314 -4.083282 -0.426311 
rand_2174 0.910000 -43.856005 -3.611758 -0.311599 
rand_2175 1.010000 -33.715927 -4.985729 -0.726399 
rand_2176 0.821436 -40.966229 -2.716379 -0.142711 
rand_2177 1.247742 -36.826120 -2.673749 -0.134183 
rand_2178 1.212324 -10.866125 -2.277597 -0.087126 
rand_2179 0.150000 -44.767051 -1.895079 -0.053115 
rand_2180 1.260116 -47.834044 -3.245497 -0.228874 
rand_2181 1.153724 -41.158855 -1.074971 -0.011655 
rand_2182 1.322462 -39.895763 -3.132043 -0.207804 
rand_2183 0.960000 -12.832555 -2.628314 -0.128699 
rand_2184 0.700462 -20.023452 -2.143699 -0.073757 
rand_2185 1.385292 -28.326954 -3.642353 -0.307520 
rand_2186 1.007421 -32.012846 -1.538666 -0.030950 
rand_2187 0.190784 -49.140814 -1.695421 -0.039831 
rand_2188 0.980000 -46.800974 -0.236924 -0.000197 
rand_2189 0.967775 -39.150158 -2.435632 -0.105826 
rand_2190 0.455020 -41.308801 -2.035847 -0.064052 
rand_2191 1.100000 -24.092603 -3.496433 -0.278769 
rand_2192 1.080000 -11.465202 -1.857463 -0.050544 
rand_2193 1.010000 -54.947876 -3.168671 -0.214798 
rand_2194 1.187292 -20.738459 -0.391491 -0.000759 
rand_2195 0.568064 -45.479943 -2.961014 -0.174615 
rand_2196 1.189073 -48.745340 -0.807435 -0.005357 
rand_2197 1.090510 -17.783222 -2.299178 -0.089312 
rand_2198 0.810000 -22.105286 -7.226527 -1.969053 
rand_2199 1.031552 -12.022031 -1.599477 -0.033261 
rand_2200 0.170000 -12.367849 -3.709801 -0.327652 
rand_2201 0.990000 -42.958334 -3.763588 -0.334749 
rand_2202 1.120000 -18.326061 -9.928090 -4.679549 
rand_2203 0.600000 -15.396998 -7.865309 -2.472872 
rand_2204 1.168853 -38.323658 -3.341032 -0.241136 
rand_2205 1.098290 -22.829440 -0.786863 -0.005029 
rand_2206 1.030000 -29.704331 -1.882797 -0.051894 
rand_2207 0.298568 -48.311166 -2.477320 -0.111037 
rand_2208 0.917687 -47.622059 -2.124273 -0.072473 
rand_2209 0.810000 -23.733850 -1.394608 -0.023393 
rand_2210 0.709097 -33.052523 -4.156066 -0.437815 
rand_2211 1.324555 -31.139125 -0.863319 -0.006357 
rand_2212 0.739236 -12.330616 -1.174774 -0.014372 
rand_2213 1.070000 -53.185486 -7.792407 -2.403058 
rand_2214 0.620000 -54.678066 -3.165830 -0.215000 
rand_2215 1.361362 -15.198290 -3.195128 -0.221282 
rand_2216 0.780000 -47.194249 -8.897319 -3.477162 
rand_2217 0.884008 -15.895260 -3.024598 -0.188752 
rand_2218 0.740000 -40.692590 -2.137860 -0.074225 
rand_2219 0.910000 -23.211944 -7.880089 -2.542305 
rand_2220 1.285117 -41.598595 -2.459022 -0.107944 
rand_2221 0.840000 -21.474366 -2.601099 -0.127367 
rand_2222 0.433092 -27.780189 -0.837634 -0.005859 
rand_2223 0.910000 -18.448041 -2.190399 -0.080426 
rand_2224 1.040000 -49.345371 -3.382006 -0.259566 
rand_2225 1.000711 -44.280750 -2.030765 -0.063742 
rand_2226 1.075155 -30.176678 -1.348144 -0.021288 
rand_2227 0.735296 -21.946006 -2.494110 -0.109660 
rand_2228 0.533733 -24.922334 -2.572142 -0.122567 
rand_2229 0.614677 -47.540026 -2.805993 -0.151061 
rand_2230 0.890000 -40.900061 -0.564034 -0.002005 
rand_2231 0.599586 -32.146186 -4.558703 -0.564630 
rand_2232 0.680000 -54.339432 -4.263295 -0.480233 
rand_2233 0.910000 -32.687472 -6.377996 -1.415503 
rand_2234 0.960000 -26.193766 -7.702822 -2.342551 
rand_2235 0.990000 -23.516254 -3.081693 -0.197956 
rand_2236 0.980000 -14.267839 -3.184110 -0.219224 
rand_2237 0.422381 -47.418349 -1.892189 -0.052776 
rand_2238 0.867100 -32.841202 -3.279676 -0.234494 
rand_2239 0.399603 -38.955677 -1.822800 -0.047584 
rand_2240 1.330507 -37.697306 -0.930630 -0.007727 
rand_2241 1.010000 -59.667464 -1.912223 -0.054976 
rand_2242 0.970000 -40.602705 -7.730334 -2.382758 
rand_2243 1.111675 -40.471575 -0.652319 -0.002968 
rand_2244 0.870000 -17.521871 -1.423027 -0.024599 
rand_2245 1.142903 -30.997279 -0.624460 -0.002648 
rand_2246 1.080000 -33.426094 -3.607512 -0.299494 
rand_2247 0.930000 -55.509630 -0.875965 -0.006765 
rand_2248 1.070000 -38.131422 -3.621205 -0.305279 
rand_2249 0.820000 -10.626753 -2.904282 -0.168462 
rand_2250 0.355291 -42.570684 -0.636116 -0.002810 
rand_2251 1.236907 -26.453016 -0.176270 -0.000087 
rand_2252 0.950000 -32.354135 -2.229487 -0.083090 
rand_2253 0.520000 -11.034313 -1.944516 -0.056525 
rand_2254 1.117230 -26.131464 -2.309533 -0.090662 
rand_2255 1.273651 -40.758713 -4.549678 -0.563114 
rand_2256 0.737999 -46.336147 -3.055971 -0.193148 
rand_2257 1.380000 -11.715352 -5.318808 -0.869813 
rand_2258 0.970000 -17.675571 -5.175713 -0.808447 
rand_2259 0.640000 -16.109008 -5.665225 -1.020461 
rand_2260 1.060000 -39.717450 -2.849635 -0.162279 
rand_2261 1.083948 -28.216957 -2.442530 -0.105456 
rand_2262 0.970000 -32.344383 -1.216282 -0.016162 
rand_2263 0.960000 -13.885322 -2.693349 -0.137180 
rand_2264 1.200000 -31.347179 -2.497189 -0.110231 
rand_2265 0.770000 -50.003990 -4.661633 -0.603890 
rand_2266 0.970262 -13.187543 -0.519216 -0.001613 
rand_2267 0.220529 -18.455393 -1.451527 -0.026171 
rand_2268 1.080000 -32.569209 -5.226827 -0.827944 
rand_2269 1.050000 -52.097480 -4.565412 -0.565633 
rand_2270 0.980000 -53.655062 -7.510762 -2.146802 
rand_2271 1.250000 -39.331747 -5.985976 -1.190615 
rand_2272 0.980000 -49.033203 -5.499979 -0.943682 
rand_2273 1.210000 -29.189994 -1.227159 -0.016282 
rand_2274 1.225401 -36.290657 -1.327530 -0.020255 
rand_2275 0.670000 -25.830378 -3.510954 -0.278420 
rand_2276 0.475098 -18.033775 -0.871925 -0.006525 
rand_2277 0.911362 -13.523603 -3.903722 -0.373156 
rand_2278 1.250427 -37.246306 -2.752664 -0.145174 
rand_2279 0.950000 -42.438692 -3.157911 -0.208699 
rand_2280 1.070000 -36.901302 -2.549127 -0.116403 
rand_2281 1.000000 -21.573455 -2.741980 -0.144369 
rand_2282 1.065999 -47.233075 -0.941814 -0.008063 
rand_2283 0.566714 -44.897007 -2.747211 -0.144391 
rand_2284 1.240072 -28.256323 -4.205241 -0.456390 
rand_2285 1.160000 -21.623917 -5.211011 -0.819087 
rand_2286 1.160000 -34.035818 -7.918590 -2.515225 
rand_2287 1.246285 -10.018416 -0.971101 -0.008765 
rand_2288 0.941426 -25.999189 -2.668900 -0.133406 
rand_2289 0.855050 -19.658573 -2.668326 -0.131915 
rand_2290 0.668622 -21.667036 -2.042806 -0.065288 
rand_2291 0.607381 -19.708468 -0.304079 -0.000376 
rand_2292 1.070000 -57.065169 -3.681918 -0.325950 
rand_2293 1.171376 -45.803978 -1.819296 -0.047575 
rand_2294 0.750000 -35.198307 -3.609413 -0.303743 
rand_2295 0.676800 -19.772927 -1.402297 -0.023571 
rand_2296 1.070000 -37.475905 -1.076732 -0.011525 
rand_2297 0.181999 -30.768110 -1.781066 -0.044897 
rand_2298 0.690000 -16.340417 -5.574586 -0.983715 
rand_2299 0.800000 -38.933029 -7.061944 -1.862164 
rand_2300 0.780000 -48.644111 -7.117789 -1.895109 
rand_2301 0.980000 -48.998833 -5.290553 -0.858093 
rand_2302 1.010000 -42.714368 -2.849368 -0.161672 
rand_2303 0.177181 -27.358095 -3.106848 -0.202095 
rand_2304 1.089239 -29.573430 -2.963081 -0.180201 
rand_2305 0.423702 -19.815884 -0.795890 -0.005029 
rand_2306 1.190853 -37.129350 -2.905850 -0.171881 
rand_2307 0.903091 -30.016899 -3.665505 -0.312822 
rand_2308 0.970000 -28.096496 -6.488465 -1.487106 
rand_2309 1.080000 -56.340203 -6.596893 -1.553733 
rand_2310 0.817176 -35.023341 -2.249841 -0.084140 
rand_2311 0.581479 -27.475713 -3.352240 -0.246889 
rand_2312 0.940000 -39.991013 -3.729040 -0.327658 
rand_2313 0.308179 -13.422182 -2.708433 -0.139599 
rand_2314 1.316543 -34.761896 -2.522072 -0.114796 
rand_2315 1.238762 -40.940688 -0.842115 -0.005885 
rand_2316 0.792288 -39.929880 -2.341353 -0.093022 
rand_2317 0.190000 -38.547368 -11.559378 -6.884535 
rand_2318 0.793327 -20.313522 -2.166336 -0.075968 
rand_2319 0.766764 -30.929424 -1.839089 -0.048573 
rand_2320 0.880000 -53.800373 -4.018546 -0.403687 
rand_2321 0.908609 -31.879568 -2.075929 -0.068835 
rand_2322 0.655708 -11.393581 -5.141066 -0.790986 
rand_2323 1.104844 -27.387530 -1.676757 -0.038214 
rand_2324 0.978143 -46.120953 -0.963301 -0.008662 
rand_2325 1.260000 -33.896684 -3.592018 -0.298952 
rand_2326 0.950000 -23.505320 -4.369319 -0.514011 
rand_2327 1.086872 -15.554497 -2.165858 -0.076711 
rand_2328 0.152366 -11.730212 -3.485643 -0.280690 
rand_2329 1.053837 -31.592891 -2.383804 -0.100368 
rand_2330 1.364856 -49.360081 -1.496027 -0.028271 
rand_2331 0.400000 -43.982310 -6.140916 -1.281534 
rand_2332 1.395751 -14.494412 -2.244284 -0.083796 
rand_2333 0.670000 -14.886359 -1.585118 -0.032858 
rand_2334 0.610000 -13.595996 -2.849359 -0.159718 
rand_2335 0.880000 -53.770274 -2.950917 -0.173063 
rand_2336 0.717645 -16.828818 -0.980493 -0.009092 
rand_2337 1.150000 -55.354207 -5.134328 -0.791953 
rand_2338 1.030000 -42.409516 -6.461398 -1.460010 
rand_2339 1.110000 -16.607061 -3.457757 -0.277089 
rand_2340 0.621050 -29.034353 -2.031422 -0.064586 
rand_2341 0.820000 -17.427961 -2.854419 -0.161064 
rand_2342 0.861528 -45.717015 -2.516258 -0.116040 
rand_2343 0.950000 -56.290201 -3.628661 -0.307563 
rand_2344 0.730000 -31.052401 -3.821264 -0.351072 
rand_2345 1.170000 -26.517203 -1.668142 -0.037175 
rand_2346 1.080000 -25.880719 -5.042694 -0.733432 
rand_2347 0.830000 -33.927722 -3.928357 -0.386645 
rand_2348 1.316748 -14.823528 -1.701415 -0.039757 
rand_2349 1.218433 -38.732373 -0.872108 -0.006580 
rand_2350 0.980000 -33.030833 -4.398282 -0.514033 
rand_2351 0.940000 -14.457709 -4.014620 -0.405570 
rand_2352 0.441119 -24.462898 -2.223744 -0.081072 
rand_2353 1.100000 -15.665299 -5.879064 -1.126957 
rand_2354 1.000000 -24.762440 -3.650035 -0.307008 
rand_2355 0.730000 -58.635330 -5.630265 -1.012728 
rand_2356 0.880000 -58.784258 -2.052214 -0.064848 
rand_2357 0.938357 -20.488935 -2.878272 -0.163239 
rand_2358 0.290000 -23.080297 -2.838350 -0.158603 
rand_2359 0.990000 -21.298349 -2.864816 -0.161962 
rand_2360 0.940000 -28.632198 -4.190117 -0.450423 
rand_2361 1.015776 -34.475549 -1.507720 -0.028703 
rand_2362 1.248015 -19.105188 -1.470206 -0.026303 
rand_2363 1.030000 -22.084157 -7.190616 -1.955817 
rand_2364 1.030000 -22.420001 -4.645308 -0.598392 
rand_2365 1.040000 -22.177117 -1.561197 -0.031313 
rand_2366 0.699694 -47.399318 -2.372900 -0.096876 
rand_2367 1.110000 -12.222939 -9.278325 -3.890064 
rand_2368 0.800086 -38.131143 -3.204401 -0.216611 
rand_2369 1.200000 -13.679438 -3.945383 -0.383241 
rand_2370 0.850000 -43.285815 -4.306653 -0.485772 
rand_2371 0.900000 -25.032273 -1.847824 -0.050191 
rand_2372 0.809068 -14.795893 -2.410666 -0.102676 
rand_2373 1.190000 -50.087073 -4.146776 -0.432126 
rand_2374 1.180000 -46.247363 -4.080102 -0.422022 
rand_2375 1.190000 -37.764957 -6.785159 -1.682993 
rand_2376 0.930000 -34.984040 -4.694891 -0.623350 
rand_2377 0.985001 -25.245562 -1.286367 -0.018674 
rand_2378 1.090000 -50.091179 -5.258989 -0.844816 
rand_2379 0.849678 -13.988785 -2.034646 -0.064738 
rand_2380 0.456555 -32.485407 -2.826759 -0.156016 
rand_2381 0.920000 -19.835634 -5.155606 -0.789660 
rand_2382 0.980000 -22.673924 -1.341528 -0.020973 
rand_2383 0.609945 -10.428289 -1.899257 -0.052887 
rand_2384 1.053985 -14.054063 -1.388243 -0.023064 
rand_2385 0.860000 -45.537645 -3.640039 -0.307918 
rand_2386 0.881361 -14.865616 -3.277845 -0.233691 
rand_2387 0.670000 -18.378317 -1.022548 -0.009916 
rand_2388 0.890000 -51.257893 -4.245358 -0.470961 
rand_2389 1.030000 -16.402573 -4.064723 -0.421697 
rand_2390 0.680000 -35.594870 -9.890650 -4.562149 
rand_2391 0.604745 -28.801621 -0.490505 -0.001369 
rand_2392 0.460000 -31.059465 -3.085999 -0.200200 
rand_2393 0.376326 -18.320598 -4.358133 -0.503749 
rand_2394 0.970000 -40.936315 -5.001434 -0.719648 
rand_2395 1.090000 -16.331165 -4.848058 -0.674004 
rand_2396 0.650000 -39.022108 -4.054713 -0.420840 
rand_2397 0.747031 -31.598339 -0.218700 -0.000156 
rand_2398 0.985033 -10.676678 -2.929174 -0.167753 
rand_2399 0.845139 -26.850567 -0.518636 -0.001607 
rand_2400 1.175163 -34.886019 -0.517321 -0.001590 
rand_2401 0.989877 -27.149199 -2.498614 -0.110309 
rand_2402 0.755363 -31.282341 -1.723670 -0.040984 
rand_2403 0.820000 -32.178515 -6.662222 -1.607833 
rand_2404 0.912240 -29.173124 -0.602927 -0.002419 
rand_2405 0.930000 -34.952042 -0.636699 -0.002774 
rand_2406 1.190000 -36.630917 -2.561603 -0.120026 
rand_2407 1.120000 -10.574267 -4.884468 -0.686367 
rand_2408 0.646216 -42.838264 -0.290210 -0.000334 
rand_2409 0.890000 -55.379932 -3.879642 -0.365266 
rand_2410 0.790000 -31.187460 -1.943863 -0.057084 
rand_2411 1.010000 -53.533031 -3.401703 -0.257423 
rand_2412 0.456542 -44.419187 -2.523583 -0.114973 
rand_2413 1.261350 -44.756781 -1.887894 -0.053328 
rand_2414 1.100000 -32.265837 -4.925622 -0.704720 
rand_2415 1.020000 -58.206135 -6.953893 -1.793297 
rand_2416 1.010000 -40.603408 -5.595350 -0.988485 
rand_2417 0.930000 -41.655613 -2.181783 -0.078173 
rand_2418 1.054931 -34.593429 -2.040106 -0.064629 
rand_2419 1.000000 -17.595812 -3.439688 -0.269623 
rand_2420 1.010000 -34.893889 -2.491292 -0.110789 
rand_2421 1.111386 -44.143158 -3.379135 -0.257335 
rand_2422 1.211838 -43.252736 -1.166998 -0.014614 
rand_2423 0.899941 -32.770554 -1.033960 -0.010505 
rand_2424 1.100000 -41.476080 -5.781354 -1.082389 
rand_2425 1.060000 -39.764303 -6.678205 -1.559583 
rand_2426 0.503281 -38.781804 -3.040167 -0.191697 
rand_2427 1.390000 -13.345497 -2.026031 -0.064008 
rand_2428 1.353779 -33.088694 -2.761111 -0.147920 
rand_2429 0.960000 -56.986953 -3.047925 -0.191965 
rand_2430 0.983464 -47.420122 -3.803542 -0.349264 
rand_2431 0.630000 -11.240571 -3.475959 -0.268890 
rand_2432 0.880000 -42.083542 -3.783176 -0.346918 
rand_2433 0.970000 -10.596693 -2.328090 -0.092465 
rand_2434 1.187277 -19.163099 -1.882130 -0.052622 
rand_2435 0.630529 -25.889714 -1.423738 -0.024618 
rand_2436 0.920000 -40.798492 -5.191862 -0.800690 
rand_2437 0.472536 -18.250804 -0.955691 -0.008404 
rand_2438 1.090000 -10.604499 -6.351046 -1.373504 
rand_2439 0.840000 -21.665608 -6.134901 -1.249658 
rand_2440 0.670000 -42.577154 -4.784193 -0.639459 
rand_2441 1.215881 -25.590181 -0.735340 -0.004163 
rand_2442 0.380000 -30.264425 -4.394575 -0.518286 
rand_2443 0.740000 -30.435950 -3.456840 -0.265440 
rand_2444 0.716780 -29.937501 -3.069849 -0.194792 
rand_2445 0.202793 -16.862029 -0.130915 -0.000040 
rand_2446 1.153760 -46.408237 -1.360788 -0.022034 
rand_2447 0.226475 -26.966657 -3.408745 -0.255190 
rand_2448 0.824179 -24.497099 -0.626880 -0.002704 
rand_2449 0.860000 -33.863708 -4.691373 -0.602184 
rand_2450 0.810000 -47.799218 -4.730215 -0.629275 
rand_2451 1.000000 -19.640076 -6.115977 -1.243845 
rand_2452 0.184860 -10.403619 -2.252188 -0.084639 
rand_2453 0.832667 -44.167128 -0.805409 -0.005329 
rand_2454 0.880000 -39.773832 -4.274072 -0.483995 
rand_2455 0.903305 -20.899396 -4.025551 -0.408709 
rand_2456 1.342316 -16.656346 -2.150454 -0.075008 
rand_2457 1.253747 -16.813203 -2.572669 -0.120853 
rand_2458 1.250000 -42.163075 -3.583572 -0.293286 
rand_2459 1.177860 -47.718266 -2.360476 -0.095796 
rand_2460 0.674246 -18.665166 -2.214169 -0.080768 
rand_2461 0.920000 -39.848855 -2.700619 -0.139787 
rand_2462 0.880000 -53.798844 -2.912733 -0.169919 
rand_2463 0.970000 -26.025549 -4.999518 -0.737129 
rand_2464 0.902024 -20.302464 -3.520010 -0.282173 
rand_2465 1.048948 -46.891470 -2.571596 -0.121415 
rand_2466 0.840000 -54.222729 -4.925228 -0.697457 
rand_2467 1.090000 -57.117455 -2.732800 -0.143049 
rand_2468 0.860000 -26.211483 -5.873353 -1.139206 
rand_2469 0.950000 -51.560633 -3.319785 -0.242285 
rand_2470 0.568572 -14.588435 -2.382874 -0.098729 
rand_2471 1.000000 -51.426816 -2.574348 -0.121937 
rand_2472 0.910000 -47.386035 -3.255275 -0.228867 
rand_2473 0.890000 -56.770321 -4.392591 -0.513825 
rand_2474 1.040000 -24.416412 -2.049065 -0.066544 
rand_2475 0.870000 -45.420317 -5.224161 -0.823730 
rand_2476 0.950000 -26.611040 -7.068707 -1.864227 
rand_2477 0.980000 -40.236964 -3.693040 -0.324805 
rand_2478 0.769170 -15.583416 -0.491097 -0.001390 
rand_2479 1.354790 -28.696561 -0.882389 -0.006869 
rand_2480 0.511732 -12.005287 -4.157782 -0.443247 
rand_2481 0.650000 -46.375571 -2.032425 -0.064468 
rand_2482 0.880000 -28.076505 -5.790640 -1.067589 
rand_2483 0.735256 -18.025966 -1.084372 -0.011677 
rand_2484 0.750000 -47.696967 -1.465378 -0.026733 
rand_2485 1.230000 -58.727336 -7.276651 -2.011857 
rand_2486 1.340000 -39.503979 -2.291810 -0.089111 
rand_2487 1.000000 -36.009221 -3.323988 -0.245124 
rand_2488 0.780000 -50.833078 -1.810992 -0.047270 
rand_2489 0.970000 -44.688353 -3.932232 -0.383716 
rand_2490 0.859612 -41.789014 -3.273199 -0.236073 
rand_2491 0.940000 -10.526049 -5.286377 -0.848664 
rand_2492 0.600000 -44.448363 -4.492367 -0.549592 
rand_2493 0.980000 -14.680069 -1.404605 -0.023176 
rand_2494 1.250847 -36.129661 -2.470867 -0.109841 
rand_2495 1.334642 -30.379021 -1.482027 -0.027022 
rand_2496 0.920000 -22.023953 -3.785187 -0.342607 
rand_2497 0.546011 -30.374164 -1.069700 -0.011289 
rand_2498 0.976345 -22.247760 -2.560472 -0.119281 
rand_2499 1.183832 -11.167444 -1.351774 -0.021548 
rand_2500 0.906959 -26.260961 -0.822574 -0.005583 
rand_2501 1.277849 -46.038260 -2.910929 -0.172130 
rand_2502 0.870000 -49.246550 -3.980074 -0.393606 
rand_2503 0.356586 -19.226269 -3.092136 -0.199789 
rand_2504 1.360000 -13.057926 -2.988188 -0.181765 
rand_2505 0.880000 -35.906369 -0.960584 -0.008498 
rand_2506 0.521870 -15.253930 -0.595625 -0.002370 
rand_2507 1.050000 -42.637080 -5.084625 -0.769231 
rand_2508 1.000000 -42.102219 -3.534023 -0.290243 
rand_2509 0.970572 -29.716548 -1.750050 -0.043666 
rand_2510 0.920000 -37.861393 -7.189778 -1.984943 
rand_2511 1.236795 -38.760764 -0.984716 -0.009232 
rand_2512 1.251611 -15.276799 -3.186942 -0.219264 
rand_2513 0.104043 -35.359604 -2.298238 -0.089808 
rand_2514 1.170000 -31.486212 -4.887832 -0.688258 
rand_2515 1.095042 -17.231574 -1.530951 -0.029332 
rand_2516 0.530000 -21.605977 -4.868403 -0.671588 
rand_2517 0.244168 -32.739002 -1.626978 -0.034846 
rand_2518 0.900000 -39.558589 -2.423892 -0.102397 
rand_2519 0.870199 -38.869449 -2.732763 -0.140985 
rand_2520 1.091412 -42.005429 -1.642034 -0.035755 
rand_2521 0.923525 -32.552098 -3.144586 -0.209987 
rand_2522 0.888063 -16.045007 -1.046595 -0.010726 
rand_2523 0.598394 -14.054437 -2.770975 -0.147993 
rand_2524 1.160000 -36.912987 -0.341874 -0.000517 
rand_2525 1.176745 -36.547247 -1.875940 -0.051887 
rand_2526 0.755008 -28.206903 -2.778070 -0.149775 
rand_2527 0.270000 -23.402023 -6.492403 -1.491236 
rand_2528 0.820000 -47.024115 -1.887587 -0.052847 
rand_2529 1.390000 -32.829561 -3.226982 -0.227831 
rand_2530 1.030524 -43.338898 -1.275578 -0.017889 
rand_2531 1.090000 -10.779787 -3.435985 -0.264585 
rand_2532 0.250000 -12.589490 -1.376452 -0.022407 
rand_2533 1.037339 -16.585817 -0.578871 -0.002160 
rand_2534 1.020000 -24.396690 -1.552160 -0.030945 
rand_2535 0.611799 -25.060489 -3.316439 -0.238428 
rand_2536 1.240000 -34.465412 -2.153566 -0.076656 
rand_2537 0.908680 -27.802572 -0.480938 -0.001302 
rand_2538 1.271035 -37.172118 -1.556572 -0.031945 
rand_2539 0.990000 -17.620459 -2.331392 -0.094835 
rand_2540 1.070000 -25.238370 -1.771447 -0.044086 
rand_2541 1.334444 -33.559927 -0.819736 -0.005482 
rand_2542 0.368167 -37.906543 -1.495675 -0.028020 
rand_2543 1.060000 -23.038217 -5.529917 -0.970767 
rand_2544 0.626346 -31.379738 -0.380259 -0.000695 
rand_2545 0.890000 -19.348254 -5.483811 -0.934895 
rand_2546 0.980000 -17.679112 -0.931139 -0.007616 
rand_2547 1.301235 -38.020768 -0.671312 -0.003227 
rand_2548 0.770000 -28.852143 -5.269000 -0.850841 
rand_2549 1.049271 -14.426316 -3.186703 -0.225408 
rand_2550 1.030000 -31.727725 -3.363018 -0.249339 
rand_2551 0.780000 -35.970286 -4.215747 -0.460990 
rand_2552 1.370000 -43.465636 -2.656483 -0.133402 
rand_2553 1.130000 -39.025407 -3.836518 -0.353865 
rand_2554 0.970000 -51.282399 -4.562031 -0.567154 
rand_2555 0.990000 -45.404658 -6.508843 -1.477768 
rand_2556 0.400000 -51.558173 -5.101197 -0.775550 
rand_2557 0.910000 -20.652462 -2.429507 -0.101491 
rand_2558 0.990000 -25.029163 -1.435118 -0.024542 
rand_2559 0.900000 -20.543691 -5.219875 -0.811573 
rand_2560 0.960000 -23.375884 -3.411639 -0.261629 
rand_2561 1.214824 -40.896228 -1.836208 -0.049916 
rand_2562 1.226083 -41.425131 -1.223919 -0.016578 
rand_2563 1.050000 -37.035794 -1.403513 -0.023497 
rand_2564 0.840000 -49.121711 -7.469748 -2.166911 
rand_2565 0.940000 -14.025581 -3.839858 -0.355114 
rand_2566 0.960000 -17.861866 -2.014737 -0.062124 
rand_2567 0.910000 -16.889342 -5.184240 -0.804690 
rand_2568 0.870000 -14.673238 -3.546917 -0.292057 
rand_2569 0.259244 -14.084396 -2.728892 -0.142003 
rand_2570 0.790000 -51.223635 -4.247467 -0.465132 
rand_2571 0.920000 -24.468051 -1.363686 -0.021810 
rand_2572 1.290560 -45.862254 -4.077132 -0.416067 
rand_2573 0.448634 -49.993065 -2.056360 -0.066273 
rand_2574 1.020000 -50.085720 -1.730984 -0.042044 
rand_2575 1.019159 -15.994753 -0.541157 -0.001819 
rand_2576 0.880000 -48.655301 -1.160371 -0.014310 
rand_2577 0.777448 -26.595459 -1.642087 -0.036025 
rand_2578 0.790000 -42.128938 -2.667307 -0.130548 
rand_2579 1.210000 -26.148115 -2.784634 -0.149559 
rand_2580 1.043532 -40.774184 -1.185752 -0.015200 
rand_2581 0.447980 -27.284076 -2.198598 -0.079883 
rand_2582 0.920000 -14.618206 -3.779439 -0.342482 
rand_2583 0.900000 -45.321163 -9.298898 -3.913410 
rand_2584 1.090000 -43.243341 -2.719645 -0.139255 
rand_2585 0.390309 -41.934681 -2.196850 -0.079682 
rand_2586 0.980000 -48.776010 -3.308579 -0.241505 
rand_2587 0.951701 -33.855906 -2.222366 -0.081245 
rand_2588 0.890000 -20.950625 -5.090745 -0.760951 
rand_2589 0.979616 -26.282177 -3.538048 -0.288501 
rand_2590 0.630000 -32.535843 -1.184444 -0.015179 
rand_2591 0.864934 -28.642724 -2.080685 -0.067489 
rand_2592 1.160000 -27.183504 -4.244474 -0.466884 
rand_2593 0.790000 -52.417746 -1.755989 -0.043088 
rand_2594 0.675800 -22.860978 -0.356914 -0.000586 
rand_2595 0.940000 -39.477991 -4.520677 -0.557089 
rand_2596 0.487214 -33.367533 -1.341291 -0.020684 
rand_2597 0.473022 -31.448976 -0.921510 -0.007605 
rand_2598 1.190000 -58.649256 -1.945102 -0.055989 
rand_2599 0.740000 -38.893617 -3.349210 -0.245338 
rand_2600 0.845636 -13.241436 -2.083372 -0.067934 
rand_2601 0.393009 -27.826449 -1.609068 -0.033943 
rand_2602 1.060000 -10.867153 -2.087753 -0.069135 
rand_2603 0.880000 -44.770069 -2.161650 -0.075635 
rand_2604 1.390766 -23.673967 -2.738376 -0.144519 
rand_2605 0.577624 -29.397817 -1.763538 -0.044388 
rand_2606 1.220000 -46.628876 -6.124816 -1.276998 
rand_2607 1.010000 -51.480542 -5.161513 -0.790286 
rand_2608 0.718904 -41.521940 -2.974569 -0.181612 
rand_2609 1.060000 -55.241557 -1.326321 -0.020206 
rand_2610 1.090000 -57.174410 -3.098622 -0.204243 
rand_2611 1.140000 -48.016487 -1.516259 -0.029464 
rand_2612 0.256843 -36.958806 -1.357966 -0.021828 
rand_2613 0.503934 -10.387934 -2.427270 -0.105363 
rand_2614 0.778447 -45.963893 -3.242906 -0.225222 
rand_2615 0.510000 -17.144218 -2.111662 -0.072104 
rand_2616 1.170000 -39.798892 -4.105366 -0.432937 
rand_2617 1.099088 -39.673762 -2.131297 -0.073024 
rand_2618 0.997691 -40.899471 -1.296093 -0.019046 
rand_2619 0.978717 -44.572150 -1.997118 -0.060939 
rand_2620 0.212854 -38.574894 -3.354629 -0.250151 
rand_2621 1.290000 -52.022171 -9.361562 -3.987097 
rand_2622 0.361019 -46.999981 -1.686848 -0.038324 
rand_2623 1.250000 -31.109855 -5.047248 -0.743841 
rand_2624 0.990000 -40.274454 -7.172511 -1.940964 
rand_2625 0.850000 -39.980191 -1.294920 -0.018965 
rand_2626 0.663696 -41.586748 -2.860709 -0.159195 
rand_2627 0.420551 -27.753498 -2.675697 -0.136822 
rand_2628 1.131999 -26.882997 -1.422088 -0.024707 
rand_2629 0.285114 -27.932197 -2.123750 -0.071950 
rand_2630 1.000000 -43.270284 -2.304946 -0.089854 
rand_2631 0.942422 -23.245864 -1.552798 -0.030951 
rand_2632 0.970000 -29.632189 -5.305463 -0.858391 
rand_2633 0.960000 -43.301825 -2.346119 -0.096143 
rand_2634 1.164769 -14.474682 -2.422931 -0.101770 
rand_2635 0.299033 -16.935861 -1.102816 -0.012325 
rand_2636 1.040000 -53.313710 -3.002335 -0.185117 
rand_2637 0.681640 -10.903223 -2.521731 -0.115670 
rand_2638 0.952629 -48.902626 -1.337344 -0.020718 
rand_2639 0.474797 -31.317386 -0.972294 -0.008782 
rand_2640 1.200531 -33.728710 -3.374345 -0.250115 
rand_2641 0.820000 -22.728789 -4.479847 -0.540289 
rand_2642 0.461146 -10.307063 -0.492459 -0.001410 
rand_2643 0.880000 -26.424976 -8.996909 -3.535366 
rand_2644 0.790000 -55.933198 -6.895763 -1.732872 
rand_2645 1.281945 -42.571071 -1.712977 -0.040020 
rand_2646 0.859533 -34.297559 -2.432991 -0.104379 
rand_2647 0.910000 -18.849630 -5.619031 -0.991554 
rand_2648 0.860000 -33.149894 -1.312837 -0.019980 
rand_2649 0.340933 -39.357726 -2.774409 -0.150839 
rand_2650 0.970000 -36.280703 -5.002712 -0.739059 
rand_2651 1.110000 -16.832381 -5.190426 -0.804379 
rand_2652 1.276989 -17.450474 -0.745955 -0.004203 
rand_2653 1.010000 -11.404377 -1.841278 -0.049382 
rand_2654 1.070000 -16.227487 -6.713164 -1.605698 
rand_2655 1.260000 -57.730869 -4.824063 -0.660114 
rand_2656 1.158846 -45.179865 -2.308409 -0.091791 
rand_2657 1.048073 -45.119251 -3.383926 -0.257752 
rand_2658 0.910000 -18.704043 -3.609389 -0.302080 
rand_2659 0.612987 -34.427140 -1.005150 -0.009815 
rand_2660 1.260759 -41.435305 -0.792814 -0.005012 
rand_2661 0.909325 -35.568214 -2.327441 -0.090668 
rand_2662 0.462802 -27.899095 -1.899849 -0.052667 
rand_2663 0.532179 -14.479293 -3.440019 -0.264645 
rand_2664 0.766795 -16.572745 -3.330636 -0.241342 
rand_2665 0.254473 -12.325589 -1.579666 -0.032422 
rand_2666 1.182047 -27.189280 -1.928640 -0.056664 
rand_2667 0.968191 -15.863179 -0.232757 -0.000185 
rand_2668 0.880000 -10.886007 -9.555828 -4.258998 
rand_2669 1.366274 -27.794510 -1.618625 -0.034368 
rand_2670 1.280000 -52.498915 -7.942953 -2.524657 
rand_2671 0.951346 -45.075718 -2.726096 -0.141669 
rand_2672 0.530000 -56.485890 -1.396547 -0.023466 
rand_2673 1.230000 -30.202461 -3.740244 -0.329926 
rand_2674 1.080000 -29.760305 -1.377690 -0.022170 
rand_2675 0.929409 -17.958607 -3.802465 -0.350623 
rand_2676 1.050000 -52.944652 -1.651986 -0.036293 
rand_2677 0.740000 -57.956850 -7.202908 -1.986320 
rand_2678 1.259377 -47.634167 -2.624481 -0.128743 
rand_2679 0.690000 -24.153799 -4.927953 -0.699539 
rand_2680 0.920000 -49.273821 -1.160797 -0.014273 
rand_2681 1.120000 -11.860302 -2.090232 -0.068082 
rand_2682 0.293583 -24.551038 -1.277303 -0.018319 
rand_2683 1.199414 -38.376773 -0.811102 -0.005419 
rand_2684 1.125177 -23.298650 -3.519060 -0.280890 
rand_2685 0.884663 -39.566828 -0.726303 -0.004019 
rand_2686 0.560000 -22.079671 -4.177841 -0.451492 
rand_2687 0.550021 -33.593338 -3.115268 -0.202202 
rand_2688 0.950000 -10.360991 -3.035684 -0.192480 
rand_2689 1.290000 -27.987359 -6.060607 -1.226020 
rand_2690 0.585491 -20.034384 -1.293967 -0.018863 
rand_2691 1.208756 -10.177528 -1.004914 -0.009609 
rand_2692 0.980000 -51.681740 -4.351608 -0.498544 
rand_2693 1.080000 -11.378527 -2.268304 -0.085979 
rand_2694 1.260000 -15.962579 -4.068299 -0.420007 
rand_2695 0.939584 -24.332502 -1.994214 -0.061273 
rand_2696 0.782890 -23.824171 -1.947624 -0.056841 
rand_2697 0.543778 -21.279576 -0.360408 -0.000610 
rand_2698 0.860000 -58.131461 -4.310176 -0.489118 
rand_2699 0.800000 -10.405197 -2.209501 -0.079512 
rand_2700 0.710000 -59.170527 -2.750002 -0.143052 
rand_2701 0.848241 -42.710009 -2.140202 -0.074154 
rand_2702 1.100000 -13.508530 -7.609124 -2.270496 
rand_2703 0.350000 -19.645797 -2.507284 -0.112507 
rand_2704 0.579496 -16.353367 -1.414994 -0.024001 
rand_2705 0.890000 -27.521925 -1.696657 -0.039407 
rand_2706 1.060872 -11.158722 -0.783416 -0.004826 
rand_2707 1.160000 -23.124557 -6.451604 -1.460316 
rand_2708 0.750000 -22.598334 -0.857831 -0.006251 
rand_2709 0.743381 -16.587531 -2.160864 -0.075518 
rand_2710 1.066909 -23.169292 -1.239846 -0.016858 
rand_2711 0.920000 -11.057602 -1.741137 -0.042623 
rand_2712 1.030000 -59.577114 -3.184900 -0.213527 
rand_2713 0.710000 -15.547336 -3.288819 -0.235674 
rand_2714 0.774576 -19.788388 -4.085335 -0.418442 
rand_2715 0.867237 -35.212460 -1.502465 -0.028798 
rand_2716 1.380734 -21.929943 -1.722246 -0.041013 
rand_2717 0.370000 -42.190630 -0.937700 -0.007980 
rand_2718 1.050000 -50.442614 -4.503653 -0.544573 
rand_2719 0.650000 -46.187020 -5.992615 -1.191243 
rand_2720 1.169447 -22.523885 -2.564914 -0.119578 
rand_2721 0.408600 -37.163645 -1.732783 -0.041838 
rand_2722 1.280000 -49.067243 -7.572387 -2.237237 
rand_2723 0.671343 -46.935721 -2.843554 -0.161225 
rand_2724 1.170000 -56.204471 -4.358858 -0.497242 
rand_2725 1.180000 -38.416268 -4.181489 -0.453845 
rand_2726 0.710000 -49.642277 -2.564179 -0.119115 
rand_2727 0.670300 -16.356051 -3.697150 -0.319767 
rand_2728 0.620000 -42.141039 -2.817723 -0.154947 
rand_2729 0.430000 -14.773510 -2.584892 -0.122624 
rand_2730 1.033859 -42.945810 -1.706226 -0.040515 
rand_2731 1.140000 -18.973606 -2.561096 -0.121082 
rand_2732 1.200000 -45.787644 -3.056202 -0.189269 
rand_2733 1.210000 -59.238864 -1.792870 -0.045100 
rand_2734 1.328874 -23.683757 -3.871953 -0.364054 
rand_2735 0.875995 -20.270267 -2.529317 -0.117817 
rand_2736 0.812249 -39.397404 -0.741695 -0.004190 
rand_2737 0.940000 -40.541747 -5.896926 -1.132780 
rand_2738 0.720000 -18.883286 -3.606975 -0.300952 
rand_2739 0.920948 -21.457289 -2.041997 -0.064723 
rand_2740 1.330000 -16.100651 -4.216716 -0.461511 
rand_2741 1.135394 -49.013353 -2.708395 -0.137483 
rand_2742 0.500000 -44.665788 -6.458823 -1.463943 
rand_2743 0.770000 -48.129386 -6.124471 -1.267722 
rand_2744 0.910000 -49.719228 -1.811634 -0.046527 
rand_2745 1.120000 -55.766255 -1.730813 -0.042162 
rand_2746 0.725538 -45.097707 -0.827558 -0.005629 
rand_2747 0.907140 -48.574043 -1.585166 -0.032987 
rand_2748 0.860000 -19.733244 -2.790536 -0.150130 
rand_2749 0.960000 -37.885494 -6.334719 -1.396510 
rand_2750 1.080000 -30.655507 -4.854587 -0.665738 
rand_2751 1.150000 -22.943590 -3.020604 -0.189699 
rand_2752 0.856992 -36.331934 -2.655789 -0.132420 
rand_2753 1.343725 -33.476417 -2.533363 -0.114939 
rand_2754 0.666382 -19.108148 -0.801848 -0.005221 
rand_2755 0.133182 -14.330319 -1.305505 -0.019410 
rand_2756 1.049910 -49.572314 -2.705848 -0.137707 
rand_2757 1.025491 -23.284276 -1.317906 -0.020247 
rand_2758 0.690000 -32.250022 -2.597020 -0.124652 
rand_2759 1.204695 -37.444358 -1.503388 -0.028213 
rand_2760 1.180000 -24.002193 -3.275864 -0.232129 
rand_2761 1.168072 -37.454429 -3.904620 -0.378306 
rand_2762 0.540000 -26.006718 -2.705811 -0.139267 
rand_2763 0.603519 -46.914881 -2.377620 -0.096745 
rand_2764 0.753391 -19.281241 -2.143596 -0.072575 
rand_2765 1.090000 -18.649666 -1.014902 -0.010009 
rand_2766 0.162549 -46.848138 -2.094940 -0.070159 
rand_2767 1.050000 -30.519516 -4.346028 -0.497780 
rand_2768 0.534538 -20.471594 -1.480505 -0.027255 
rand_2769 0.860000 -19.560954 -3.719864 -0.329010 
rand_2770 1.080000 -35.662376 -3.197570 -0.222993 
rand_2771 0.960000 -22.930302 -2.767648 -0.147150 
rand_2772 0.350000 -50.325198 -3.191258 -0.216895 
rand_2773 0.890000 -38.794514 -4.238079 -0.466273 
rand_2774 0.961082 -38.378169 -1.713909 -0.039549 
rand_2775 1.213113 -17.678949 -1.167921 -0.014305 
rand_2776 0.490000 -43.686811 -2.962733 -0.174562 
rand_2777 0.920000 -29.456144 -4.969908 -0.716056 
rand_2778 1.070000 -46.631009 -6.310427 -1.366948 
rand_2779 0.680000 -40.394864 -3.524795 -0.282512 
rand_2780 0.630000 -56.068015 -0.912223 -0.007414 
rand_2781 0.500000 -23.995830 -4.041414 -0.416794 
rand_2782 1.020000 -33.988517 -4.689192 -0.600589 
rand_2783 1.370000 -47.057377 -5.728566 -1.048439 
rand_2784 0.800000 -32.236264 -1.071262 -0.011564 
rand_2785 0.414947 -32.125704 -2.894151 -0.165622 
rand_2786 0.120698 -30.563012 -2.839701 -0.158937 
rand_2787 1.160000 -55.691652 -2.854073 -0.158067 
rand_2788 1.040000 -52.210689 -1.294250 -0.019012 
rand_2789 1.177934 -34.864711 -3.555167 -0.291904 
rand_2790 1.080000 -26.056967 -6.827443 -1.645183 
rand_2791 1.313747 -32.595345 -0.405426 -0.000827 
rand_2792 1.238819 -30.530986 -2.425092 -0.105680 
rand_2793 1.333875 -29.881645 -0.870579 -0.006498 
rand_2794 0.411550 -33.993953 -3.173587 -0.218689 
rand_2795 0.980000 -59.974258 -4.873432 -0.690274 
rand_2796 1.153036 -38.989483 -1.552646 -0.031130 
rand_2797 0.749739 -40.496112 -2.673117 -0.133997 
rand_2798 0.923573 -36.798152 -2.465373 -0.106873 
rand_2799 1.120000 -54.151435 -2.631749 -0.128385 
rand_2800 1.110000 -17.158139 -2.492982 -0.110793 
rand_2801 0.320000 -38.338249 -2.022195 -0.063453 
rand_2802 0.900000 -52.865999 -3.550007 -0.288108 
rand_2803 1.040000 -15.096915 -3.146892 -0.207538 
rand_2804 0.970000 -56.666564 -7.060971 -1.868064 
rand_2805 0.570000 -37.630752 -3.669215 -0.320986 
rand_2806 0.867616 -46.579192 -1.925459 -0.055562 
rand_2807 0.790000 -36.712238 -4.204014 -0.459853 
rand_2808 0.560000 -38.157094 -5.238543 -0.834204 
rand_2809 0.787289 -42.083954 -2.045636 -0.064914 
rand_2810 1.010000 -20.736897 -1.936555 -0.057070 
rand_2811 0.930000 -50.065943 -4.815360 -0.666182 
rand_2812 1.210000 -16.217328 -2.827052 -0.154933 
rand_2813 1.040000 -38.594584 -3.951563 -0.384913 
rand_2814 1.280000 -30.597081 -0.194379 -0.000114 
rand_2815 1.340508 -49.068281 -1.677156 -0.037909 
rand_2816 0.668080 -10.915986 -3.244651 -0.227258 
rand_2817 1.390884 -46.029525 -3.598667 -0.302135 
rand_2818 0.930000 -14.985712 -3.420858 -0.265087 
rand_2819 1.020000 -22.000442 -2.644635 -0.130808 
rand_2820 1.150000 -13.348599 -2.765066 -0.148425 
rand_2821 0.743344 -48.835119 -0.123058 -0.000033 
rand_2822 1.250000 -42.187259 -4.235269 -0.460393 
rand_2823 0.860000 -49.395034 -1.181820 -0.014904 
rand_2824 0.630000 -23.240767 -2.814798 -0.152601 
rand_2825 0.621634 -41.480541 -2.886906 -0.166249 
rand_2826 1.110000 -23.160197 -4.747975 -0.633725 
rand_2827 0.210000 -24.295518 -3.775351 -0.345024 
rand_2828 1.170000 -20.439050 -2.411931 -0.102044 
rand_2829 0.980000 -39.083580 -3.327727 -0.243303 
rand_2830 0.580000 -46.046118 -4.770536 -0.640831 
rand_2831 1.013738 -39.455396 -1.559677 -0.031282 
rand_2832 0.505540 -31.232202 -1.836590 -0.049181 
rand_2833 1.262028 -41.679775 -2.304791 -0.089705 
rand_2834 1.020000 -59.973523 -3.388877 -0.256658 
rand_2835 1.080000 -56.138259 -2.597878 -0.124743 
rand_2836 0.900000 -54.748121 -1.926192 -0.055216 
rand_2837 0.667055 -37.790412 -2.443537 -0.104934 
rand_2838 0.950000 -29.655185 -3.090804 -0.198230 
rand_2839 1.212093 -17.250283 -3.733597 -0.329724 
rand_2840 1.120448 -16.593823 -2.770390 -0.149938 
rand_2841 1.070000 -29.122144 -2.769732 -0.148819 
rand_2842 1.060000 -50.779785 -2.237894 -0.082076 
rand_2843 1.150000 -20.266499 -2.197374 -0.079729 
rand_2844 1.367550 -41.992432 -2.127056 -0.072919 
rand_2845 1.292278 -27.732332 -0.339809 -0.000514 
rand_2846 0.900000 -11.598111 -2.190423 -0.077685 
rand_2847 1.050000 -51.121365 -1.757418 -0.043306 
rand_2848 0.362771 -26.092192 -1.624296 -0.035799 
rand_2849 1.260000 -44.811545 -0.717744 -0.003888 
rand_2850 1.281589 -39.513175 -0.186664 -0.000102 
rand_2851 0.830000 -27.012281 -4.441996 -0.535222 
rand_2852 0.739981 -32.911643 -1.981613 -0.060654 
rand_2853 0.510000 -10.692266 -3.053235 -0.191364 
rand_2854 0.769634 -26.846453 -1.814884 -0.046825 
rand_2855 1.018309 -38.210632 -3.590140 -0.296223 
rand_2856 0.718778 -32.645332 -1.882931 -0.051769 
rand_2857 1.253770 -36.401913 -2.283330 -0.089135 
rand_2858 0.980000 -38.704323 -4.055701 -0.422190 
rand_2859 0.900000 -18.996503 -1.483318 -0.028046 
rand_2860 1.100000 -45.406135 -3.014021 -0.186771 
rand_2861 1.275357 -42.239531 -0.669481 -0.003193 
rand_2862 1.150000 -50.665650 -2.673443 -0.133990 
rand_2863 1.021983 -43.089773 -2.433218 -0.105490 
rand_2864 0.662887 -13.429517 -2.347222 -0.093975 
rand_2865 1.386126 -41.154653 -0.101969 -0.000020 
rand_2866 0.970000 -13.293361 -6.364626 -1.385482 
rand_2867 1.130000 -19.635903 -2.668473 -0.135197 
rand_2868 1.150000 -41.331685 -5.275538 -0.839512 
rand_2869 1.337158 -11.937389 -1.300823 -0.019669 
rand_2870 0.440642 -10.413908 -1.750457 -0.043964 
rand_2871 1.060000 -13.180914 -5.648038 -1.026687 
rand_2872 1.374519 -18.994734 -0.425365 -0.000957 
rand_2873 1.245846 -49.279095 -3.110169 -0.201565 
rand_2874 0.785979 -43.617653 -3.137728 -0.209845 
rand_2875 0.890000 -46.991800 -2.288711 -0.089026 
rand_2876 1.000000 -54.450292 -2.104456 -0.070433 
rand_2877 0.930000 -32.475646 -5.145740 -0.775651 
rand_2878 0.685762 -29.666631 -4.034046 -0.413996 
rand_2879 0.677269 -25.246830 -2.787612 -0.151882 
rand_2880 1.006101 -42.380647 -1.715497 -0.041080 
rand_2881 1.351242 -18.793501 -1.475481 -0.027028 
rand_2882 0.969114 -33.626256 -1.879185 -0.051744 
rand_2883 0.646055 -33.403568 -2.994490 -0.180655 
rand_2884 0.890000 -15.521849 -5.257894 -0.829328 
rand_2885 0.840000 -25.649843 -3.649715 -0.311386 
rand_2886 0.814267 -46.863775 -2.332383 -0.092651 
rand_2887 0.590781 -21.068701 -2.470606 -0.106609 
rand_2888 0.531101 -33.057790 -1.133770 -0.013363 
rand_2889 1.040000 -28.483821 -4.303952 -0.483837 
rand_2890 0.537108 -21.523857 -3.568951 -0.292006 
rand_2891 0.490000 -57.788628 -1.850913 -0.050356 
rand_2892 1.385104 -24.243315 -1.826454 -0.048202 
rand_2893 0.700000 -46.079991 -6.608596 -1.552240 
rand_2894 0.920000 -57.954595 -3.339639 -0.248297 
rand_2895 1.100000 -16.638208 -1.840655 -0.049169 
rand_2896 0.890000 -20.215443 -0.620166 -0.002592 
rand_2897 1.368077 -42.966908 -0.526239 -0.001672 
rand_2898 0.870000 -28.453840 -5.391142 -0.902500 
rand_2899 0.757547 -49.916159 -1.682203 -0.038828 
rand_2900 1.378235 -26.208885 -2.450410 -0.105359 
rand_2901 1.057089 -26.256447 -2.141022 -0.072436 
rand_2902 1.311344 -38.588015 -2.212620 -0.079353 
rand_2903 1.040000 -55.659620 -1.727776 -0.042062 
rand_2904 0.900000 -30.633500 -1.809820 -0.046854 
rand_2905 1.186561 -46.977252 -2.287729 -0.087339 
rand_2906 0.780000 -48.244407 -3.205611 -0.218665 
rand_2907 1.152987 -40.853210 -0.134974 -0.000043 
rand_2908 1.080000 -47.659534 -6.327282 -1.390420 
rand_2909 1.130000 -10.594293 -3.065443 -0.192647 
rand_2910 0.160562 -19.499815 -2.374189 -0.097859 
rand_2911 0.910000 -25.011166 -7.170655 -1.980897 
rand_2912 0.800000 -23.901770 -8.688371 -3.205686 
rand_2913 1.293755 -40.473812 -3.191006 -0.217981 
rand_2914 0.940851 -25.116357 -1.500124 -0.028495 
rand_2915 0.810000 -42.022668 -4.128980 -0.435613 
rand_2916 0.700000 -26.820214 -1.934501 -0.056143 
rand_2917 0.923210 -39.686764 -2.998094 -0.180403 
rand_2918 0.710000 -34.594165 -4.349780 -0.498097 
rand_2919 1.050000 -51.816368 -1.348528 -0.021321 
rand_2920 1.330411 -36.802264 -2.303895 -0.089312 
rand_2921 0.624700 -43.341862 -0.664016 -0.003124 
rand_2922 0.693125 -42.565361 -1.635679 -0.035668 
rand_2923 0.978923 -45.824014 -3.378048 -0.253301 
rand_2924 0.277031 -37.167930 -4.493585 -0.541053 
rand_2925 0.470000 -54.943031 -0.326139 -0.000463 
rand_2926 0.719125 -15.346502 -1.690747 -0.038872 
rand_2927 0.564255 -20.011902 -2.961932 -0.178071 
rand_2928 0.610060 -29.988016 -3.193136 -0.219726 
rand_2929 1.020000 -36.783955 -8.887158 -3.397589 
rand_2930 0.950000 -10.035727 -8.468806 -3.022605 
rand_2931 0.293769 -15.196552 -2.706991 -0.139525 
rand_2932 0.590000 -24.049621 -3.641674 -0.310844 
rand_2933 1.160000 -14.506266 -4.151180 -0.442701 
rand_2934 0.980000 -44.811242 -5.981918 -1.205279 
rand_2935 0.990627 -25.346669 -2.265598 -0.084807 
rand_2936 0.407630 -38.297562 -3.291884 -0.236353 
rand_2937 1.254221 -16.776096 -2.934586 -0.173763 
rand_2938 1.170000 -42.526179 -4.571875 -0.583217 
rand_2939 1.080000 -40.200959 -5.130712 -0.783189 
rand_2940 0.928551 -40.661368 -2.341680 -0.092229 
rand_2941 0.340000 -12.333775 -2.468795 -0.108657 
rand_2942 0.920000 -42.773410 -3.445522 -0.263881 
rand_2943 1.360000 -47.729108 -2.311824 -0.091239 
rand_2944 0.858481 -14.174258 -1.665264 -0.037233 
rand_2945 1.166413 -29.335690 -1.124306 -0.013099 
rand_2946 1.156810 -42.767057 -2.692902 -0.136909 
rand_2947 0.267417 -11.088320 -2.596786 -0.124585 
rand_2948 1.030000 -18.316990 -1.696463 -0.039605 
rand_2949 1.030000 -39.742764 -2.778903 -0.152555 
rand_2950 0.820000 -42.956840 -2.919214 -0.169132 
rand_2951 1.081325 -11.034169 -1.561941 -0.031432 
rand_2952 1.261628 -22.344952 -0.505278 -0.001486 
rand_2953 0.720000 -21.225526 -4.181216 -0.458415 
rand_2954 0.436550 -25.518109 -2.376182 -0.098812 
rand_2955 0.418035 -35.818310 -2.768491 -0.147697 
rand_2956 1.233852 -11.557315 -0.913262 -0.007412 
rand_2957 0.620000 -48.284843 -2.619539 -0.128659 
rand_2958 1.010000 -17.736887 -6.217239 -1.320823 
rand_2959 1.090925 -24.519065 -4.145342 -0.444561 
rand_2960 0.439682 -13.606974 -2.749027 -0.146152 
rand_2961 1.275916 -49.984655 -2.643471 -0.128753 
rand_2962 0.650000 -29.628871 -3.616556 -0.311438 
rand_2963 0.740000 -21.579011 -6.642025 -1.543037 
rand_2964 1.270000 -41.633704 -4.052366 -0.420845 
rand_2965 0.800000 -11.569160 -5.637327 -1.008197 
rand_2966 1.153250 -14.544205 -2.813870 -0.154000 
rand_2967 1.305772 -43.275009 -1.803896 -0.046446 
rand_2968 0.930000 -29.428520 -0.230766 -0.000179 
rand_2969 1.000000 -57.033666 -5.648635 -1.024066 
rand_2970 0.430000 -23.540896 -1.569706 -0.031933 
rand_2971 1.236216 -29.804178 -2.742341 -0.144451 
rand_2972 0.272113 -42.925904 -2.045583 -0.066148 
rand_2973 0.660000 -33.646328 -4.358709 -0.505397 
rand_2974 1.310000 -42.407854 -5.565853 -0.979743 
rand_2975 0.670000 -18.992593 -4.162363 -0.444267 
rand_2976 1.060000 -21.344929 -2.222023 -0.082615 
rand_2977 0.968095 -11.012367 -2.405061 -0.100436 
rand_2978 1.010000 -27.617864 -2.350063 -0.094737 
rand_2979 0.960000 -19.961583 -2.376260 -0.099001 
rand_2980 1.070471 -28.791152 -1.091441 -0.012100 
rand_2981 1.140000 -41.389014 -2.557856 -0.119725 
rand_2982 1.330000 -38.449111 -4.866657 -0.676435 
rand_2983 0.808230 -34.226376 -2.380319 -0.099947 
rand_2984 0.569295 -40.211651 -0.731704 -0.004078 
rand_2985 1.100000 -32.566680 -5.741180 -1.049443 
rand_2986 0.276448 -40.365015 -4.560899 -0.566089 
rand_2987 1.329259 -20.664952 -0.556141 -0.001881 
rand_2988 0.740000 -35.445268 -3.551692 -0.288760 
rand_2989 1.060000 -52.361196 -3.539232 -0.285399 
rand_2990 0.856756 -11.357369 -1.092313 -0.011922 
rand_2991 0.870000 -28.281448 -3.799847 -0.350085 
rand_2992 1.280000 -35.973169 -5.377346 -0.893709 
rand_2993 1.120000 -46.018505 -4.281053 -0.475012 
rand_2994 0.390000 -42.104323 -3.409958 -0.260508 
rand_2995 1.062692 -14.317662 -1.471658 -0.026638 
rand_2996 1.192911 -28.671836 -0.563381 -0.002008 
rand_2997 1.229989 -26.698863 -3.060781 -0.198183 
rand_2998 0.590000 -43.769694 -6.701516 -1.593041 
rand_2999 1.100000 -34.777720 -4.897885 -0.688586 
