pl_orbper	st_mass	planet_mass	env_mass
326.03	2.7	-6.5638785723516655	-0.2625551428940666
323.21	2.09	-16.502923676936366	-0.6601169470774546
186.76	1.78	-10.100589427789672	-0.4040235771115869
185.84	2.2	-11.656695381995934	-0.4662678152798374
1765.0389	0.91	-2.51782315735228	-0.1007129262940912
1773.40002	0.9	-17.247336932681424	-0.689893477307257
798.5	0.99	-5.972894294407483	-0.23891577177629933
800.8	1.0	-14.04012171897441	-0.5616048687589764
798.5	1.08	-2.9195897124267334	-0.11678358849706934
578.38	1.22	-8.658190479207619	-0.34632761916830473
982.85	2.1	-3.656155931186425	-0.146246237247457
30.33	1.05	-10.444200756169437	-0.4177680302467775
335.1	1.16	-8.056984543400151	-0.32227938173600607
345.4	1.16	-11.848464078587122	-0.4739385631434849
335.10001	1.93	-5.8140535393676185	-0.23256214157470476
270.27	1.23	-13.744846231545383	-0.5497938492618153
269.3	1.23	-13.902809340184294	-0.5561123736073718
479.1	0.98	-5.910931447805471	-0.23643725791221884
1076.6	1.01	-0.419121380420054	-0.016764855216802158
2391.0	1.06	-1.2322930798766591	-0.04929172319506637
19000.0	1.01	-14.083473666740598	-0.5633389466696239
14965.0	1.65	-3.1142345298098935	-0.12456938119239575
11688.0	1.65	-19.80716758135506	-0.7922867032542024
4.231	1.04	-8.899026764843908	-0.3559610705937563
14.6516	0.91	-13.574974661842688	-0.5429989864737076
14.65171	0.97	-8.50815663544439	-0.3403262654177756
14.65162	0.9	-4.934392296013469	-0.19737569184053874
44.373	0.9	-24.37040813106827	-0.9748163252427309
44.3787	0.9	-30.901105242837872	-1.236044209713515
44.3827	0.97	-6.070215675259686	-0.24280862701038744
44.4175	0.95	-12.724738754896293	-0.5089895501958518
44.3989	0.91	-0.2089577248016734	-0.008358308992066936
43.93	0.95	-3.6934111620453853	-0.14773644648181541
5218.0	0.9	-1.189370242321997	-0.04757480969287988
5370.0	0.9	-10.979629054166217	-0.4391851621666487
4909.0	0.9	-10.198417414719124	-0.40793669658876497
5574.2	0.91	-8.508903570167773	-0.3403561428067109
4867.0	0.9	-13.873265385059007	-0.5549306154023603
5360.0	0.95	-11.442704794555375	-0.457708191782215
4820.0	0.97	-20.509762923363567	-0.8203905169345427
4825.0	0.95	-1.6522118670199735	-0.06608847468079894
0.737	0.87	-6.451355200875296	-0.25805420803501183
0.7365515	0.95	-2.270028027052896	-0.09080112108211584
0.736539	0.9	-20.369266514487766	-0.8147706605795106
0.7365478	0.9	-0.9386710342361051	-0.0375468413694442
0.7365445	0.97	-15.831968264383224	-0.633278730575329
0.73654	0.96	-0.5029214175207439	-0.020116856700829758
260.91	0.9	-5.115309544051589	-0.2046123817620636
260.7	0.9	-14.360810667837448	-0.5744324267134979
260.98	0.97	-6.158548948356434	-0.24634195793425737
261.2	0.9	-24.965656442360043	-0.9986262576944017
262.0	0.95	-15.583734612300749	-0.6233493844920299
874.774	1.82	-8.489197415419161	-0.33956789661676645
934.3	1.44	-6.939650759707505	-0.2775860303883002
4.21487	0.91	-7.4584216152232035	-0.29833686460892817
38.0957	0.91	-3.8369574743623165	-0.15347829897449267
123.01	0.94	-6.518393169585455	-0.26073572678341816
735.1	1.34	-7.7536082144213925	-0.3101443285768557
116.6884	1.11	-4.632969844892483	-0.18531879379569932
116.688	1.09	-0.9347166116821619	-0.037388664467286475
116.6926	1.09	-12.290306795508258	-0.4916122718203303
116.69335	1.06	-15.39945398483648	-0.6159781593934592
116.6884	1.14	-8.27234651331166	-0.33089386053246644
696.62	1.92	-7.434646129232426	-0.29738584516929706
691.9	2.49	-12.365000245308156	-0.49460000981232627
93.4	1.44	-11.437581957367208	-0.4575032782946883
93.4	1.8	-15.194687153832795	-0.6077874861533118
181.4	1.4	-0.7947489541498256	-0.031789958165993025
8030.0	1.2	-5.250147247766506	-0.21000588991066024
8.4629991	0.5	-17.571882292643892	-0.7028752917057557
8.46308	0.51	-30.98800732668421	-1.2395202930673686
8.4631427	0.6	-3.1770925817939997	-0.12708370327176
18.858991	0.5	-6.25274663754705	-0.250109865501882
18.85882	0.6	-3.3706387494277332	-0.13482554997710933
18.859019	0.5	-15.656475546671231	-0.6262590218668492
12.73596	0.51	-10.092175332410289	-0.40368701329641155
268.94	0.49	-3.949929453710862	-0.15799717814843448
153.22	1.08	-6.09144787191011	-0.2436579148764044
379.63	2.8	-15.235432672846187	-0.6094173069138475
379.63	10.83	-1.1842379433294652	-0.04736951773317861
621.99	2.8	-0.9872302783316711	-0.039489211133266845
41.688644	0.96	-0.35889437415725345	-0.014355774966290138
41.6855	1.67	-18.445556618922968	-0.7378222647569187
41.6855	0.96	-10.876132689241325	-0.43504530756965304
307.88	0.81	-5.492113401710481	-0.21968453606841923
392.6	0.74	-10.05664300582028	-0.4022657202328112
733.0	1.09	-2.894537051459283	-0.11578148205837133
2590.0	1.52	-15.899565537823355	-0.6359826215129342
125.94	0.7	-7.878227484674603	-0.31512909938698414
3.48777	1.01	-13.46031015451457	-0.5384124061805828
3.48777	1.47	-4.692266517065144	-0.18769066068260576
3.487	1.1	-3.2344170424598317	-0.12937668169839328
1667.0	0.57	-16.002672617418973	-0.6401069046967589
1634.0	0.65	-4.2862962458994645	-0.17145184983597858
714.3	2.4	-1.7478415875406688	-0.06991366350162675
4.2889731	1.41	-4.140804265958565	-0.1656321706383426
655.6	0.74	-20.151851588337827	-0.8060740635335131
6240.0	0.69	-17.12614511328039	-0.6850458045312157
3.1533	0.16	-0.7735171995659702	-0.03094068798263881
2.2907	0.16	-16.372882886240895	-0.6549153154496358
10037.5	0.02	-15.609731856386594	-0.6243892742554638
8040000.0	0.01	-11.716926368235159	-0.46867705472940635
1.5089686	0.95	-17.435058741141745	-0.6974023496456698
1.5089557	1.03	-13.983073864642162	-0.5593229545856865
1.5089557	0.95	-1.7311839336137975	-0.0692473573445519
13.2406	0.89	-3.8630305073030167	-0.15452122029212068
13.2406	0.89	-6.894363123255229	-0.2757745249302092
2.99427803	1.27	-5.970177149052789	-0.2388070859621116
2.994325	1.27	-2.009459125217141	-0.08037836500868566
2.99433	1.26	-0.1667263721572605	-0.00666905488629042
2.82805268	1.0	-25.465246050026476	-1.018609842001059
2.828042	1.02	-3.2356080533614353	-0.12942432213445743
2.828042	1.08	-13.77826340795345	-0.551130536318138
2.828041	1.08	-19.29660105678696	-0.7718640422714785
2.828042	1.08	-14.872262485217355	-0.5948904994086942
1.51214	1.13	-8.84725219764184	-0.3538900879056736
3.7681	1.04	-25.69737789120667	-1.0278951156482667
1.9000693	0.95	-12.852296268884247	-0.5140918507553699
1.9000769	0.95	-3.642034581548044	-0.14568138326192176
1.9000693	0.86	-10.566056362691873	-0.4226422545076749
1.9000693	0.95	-11.33341755664345	-0.453336702265738
3.897131	1.21	-12.588744245820694	-0.5035497698328277
3.8971379	1.21	-23.764056266091885	-0.9505622506436754
3.89713	1.18	-19.666107663673596	-0.7866443065469438
1.7429935	0.96	-21.300036645385656	-0.8520014658154262
1.7429935	1.02	-3.8371532630909453	-0.15348613052363783
1.74299673	0.97	-8.767525487267172	-0.3507010194906869
9.24285	1.14	-7.397540788068147	-0.29590163152272586
9.24285	1.14	-3.19178261237973	-0.1276713044951892
9.24318	1.1	-11.567717157545877	-0.4627086863018351
9.24285	1.14	-7.130662476835324	-0.28522649907341296
1675.0	1.14	-7.441086413401509	-0.29764345653606034
2.72474	1.29	-23.545355781790985	-0.9418142312716394
2.72474	1.29	-11.946452778411357	-0.4778581111364543
3.6313	1.14	-13.163821883079994	-0.5265528753231997
3.6313	1.12	-14.63648641536388	-0.5854594566145552
5.1134	0.91	-4.148004487425236	-0.16592017949700946
11.759	0.91	-0.6554557227914364	-0.026218228911657454
4.20474	1.09	-11.897868513999729	-0.47591474055998917
3.57532	1.05	-3.7274641231457792	-0.14909856492583118
3.57532	1.05	-3.865413516282754	-0.15461654065131017
2.85057	0.97	-16.987202765945533	-0.6794881106378213
2.8505615	0.9	-17.34625098471053	-0.6938500393884212
4.2567994	1.36	-7.117442451088853	-0.2846976980435541
4.2568	1.37	-6.104001724182968	-0.24416006896731873
9.06005	0.98	-5.095300442034884	-0.20381201768139537
5.616531	1.32	-3.3472157606545943	-0.13388863042618376
9.20205	1.16	-3.585338873480099	-0.14341355493920396
4.0379156	0.99	-6.229976417962601	-0.24919905671850406
4.0378962	1.0	-13.096648004826712	-0.5238659201930684
8.886593	1.05	-1.0077674116787088	-0.04031069646714835
0.8535	0.92	-4.928923320502412	-0.1971569328200965
0.85359163	0.82	-17.85889778841475	-0.7143559115365901
0.853585	0.88	-12.241428511414405	-0.4896571404565762
0.85359159	0.91	-15.139146896695022	-0.6055658758678009
0.853585	0.9	-9.342838326077297	-0.3737135330430919
3.698	0.9	-3.0474950140500985	-0.12189980056200395
8.966	0.92	-10.564934831195501	-0.42259739324782003
95.272656	0.96	-9.343592218010329	-0.3737436887204132
6.7183678	1.08	-8.994534439737581	-0.35978137758950324
2.882	1.21	-7.826110829994583	-0.3130444331997833
5.516	1.21	-10.79608951270347	-0.43184358050813876
5.2072	1.44	-12.674454871677296	-0.5069781948670918
3.4982	1.25	-20.648964103514775	-0.825958564140591
10220.0	0.69	-5.923628840707184	-0.23694515362828736
8.138268	1.01	-3.2871183690782964	-0.13148473476313186
6.7987	0.29	-4.749738514918942	-0.18998954059675768
28.1656	0.41	-21.492824739550294	-0.8597129895820118
2.13174	0.78	-2.6229768848054826	-0.10491907539221931
0.87724	0.96	-22.770345520270364	-0.9108138208108146
2.0478	0.73	-20.080867651077167	-0.8032347060430867
4.1698	0.8	-2.163770982540484	-0.08655083930161936
8.050722	0.88	-7.179991340829493	-0.28719965363317973
2.87814	0.22	-6.623192003549365	-0.2649276801419746
2.25372	0.41	-1.7484625740833817	-0.06993850296333527
17.515472	0.83	-7.068954681432871	-0.28275818725731483
21.1595	0.59	-8.677808469540969	-0.3471123387816388
21.1701963	0.62	-14.432424925716015	-0.5772969970286406
19.50735025	1.16	-17.551903292449506	-0.7020761316979802
19.49221	1.17	-26.43334809039659	-1.0573339236158636
19.49213	1.18	-14.113695030040772	-0.5645478012016308
19.491	1.16	-4.030931780466619	-0.16123727121866477
5.213	0.83	-7.43706182595468	-0.2974824730381872
18.0983	1.11	-14.158228510491917	-0.5663291404196766
15.28078	0.99	-8.301375928093194	-0.33205503712372775
23.24110566	1.13	-16.896631473186787	-0.6758652589274715
13.603	0.69	-3.3767192417816023	-0.1350687696712641
13.603	0.72	-5.6169927504050605	-0.22467971001620243
0.70531	0.94	-9.576615539726753	-0.3830646215890701
0.571331	0.97	-1.9171743203907556	-0.07668697281563022
0.571292	0.94	-0.9924240067732126	-0.039696960270928505
0.571299	0.97	-18.266769134523443	-0.7306707653809378
0.571	0.9	-18.89929403123557	-0.7559717612494228
0.571308	0.93	-0.9885629760002326	-0.03954251904000931
0.571292	0.95	-4.5721174546038785	-0.18288469818415515
13.3397	0.94	-13.980482646613432	-0.5592193058645373
13.339746	0.97	-5.349737452207313	-0.2139894980882925
13.3397	0.95	-27.70055976703696	-1.1080223906814783
13.3387	0.92	-20.244871183055842	-0.8097948473222337
0.72813	0.42	-25.365760584968548	-1.014630423398742
16.13655	1.07	-1.4128781722484924	-0.0565151268899397
6.180235	1.32	-21.803089520790937	-0.8721235808316375
6.1802679	1.32	-0.5443381316911615	-0.021773525267646462
3650.0	0.9	-12.475281886901321	-0.49901127547605284
3.5951	1.05	-6.186693270962471	-0.24746773083849885
15.624	1.05	-19.521998992446772	-0.7808799596978709
35.747	1.05	-8.913243514343247	-0.3565297405737299
2.30538	0.3	-8.609481242238818	-0.34437924968955275
8.0518	0.3	-4.040171367705105	-0.1616068547082042
5.7459996	0.29	-3.9050196752615234	-0.15620078701046095
10.3465	0.12	-9.188979903855097	-0.3675591961542039
21.202	0.12	-15.158711311443948	-0.6063484524577579
6.689	0.12	-21.905560866519284	-0.8762224346607714
13.031	0.12	-3.9764489687087416	-0.15905795874834966
1.628931	0.18	-12.118193224858928	-0.4847277289943571
1.6289304	0.18	-5.577574445606593	-0.22310297782426372
41.38	0.34	-10.451999745507036	-0.41807998982028144
41.397	0.34	-5.084387288009056	-0.20337549152036224
535.9	0.37	-20.428709864186263	-0.8171483945674506
389.7	0.16	-9.771579025031647	-0.3908631610012659
1.58040453	0.18	-1.8709775947542027	-0.0748391037901681
1.58040454	0.16	-1.0287594803167335	-0.04115037921266934
1.58040433	0.18	-10.92373942742746	-0.4369495770970984
1.58040835	0.18	-0.3444692861068903	-0.013778771444275613
1.58040494	0.18	-5.580544998908824	-0.22322179995635297
1.58040482	0.16	-10.283783759334476	-0.41135135037337905
1.58040482	0.16	-4.634437642884288	-0.18537750571537154
1.5804049	0.16	-6.606534352507251	-0.26426137410029005
0.5182418	0.38	-2.771104744656019	-0.11084418978624076
0.5182331	0.38	-19.22341421093015	-0.768936568437206
0.5182416	0.38	-14.739085332649822	-0.5895634133059929
0.5182464	0.38	-7.576934374518694	-0.30307737498074777
0.5182349	0.38	-10.684136651546169	-0.4273654660618468
3.6511	0.18	-5.129121995434864	-0.20516487981739456
11.4433	0.38	-11.031743934969064	-0.44126975739876256
7600.0	0.38	-6.4770908180892475	-0.2590836327235699
2333.0	0.39	-6.69115988804789	-0.2676463955219156
17.133	0.43	-11.87645443638682	-0.47505817745547285
17.38	0.43	-5.067247957109499	-0.20268991828438
24.329	0.43	-4.059029076867683	-0.1623611630747073
2.38129	0.96	-2.249337316817443	-0.08997349267269772
25533.11353	0.96	-13.450808420576982	-0.5380323368230793
69.971	0.62	-5.461201654423709	-0.21844806617694837
121.995	0.58	-3.7379340261903446	-0.1495173610476138
121.93268	0.51	-27.2076747738873	-1.088306990955492
471.0	0.58	-11.63418664841922	-0.4653674659367688
526.115	0.58	-14.627411473671879	-0.5850964589468751
579.47495	0.51	-4.795600529900031	-0.19182402119600123
18.6498	0.29	-6.374229469446953	-0.2549691787778781
11.949	0.47	-18.767062758421233	-0.7506825103368493
2.8531054	0.52	-23.82198070224327	-0.9528792280897308
5.974	0.68	-10.442537498444382	-0.4177014999377753
257.8	0.68	-1.848448682642117	-0.07393794730568468
692.0	0.42	-9.212049226448187	-0.36848196905792746
7500.0	0.45	-2.090141539993444	-0.08360566159973777
6739.323	0.42	-6.004889629836271	-0.24019558519345083
3771.0	0.65	-3.6562521652076723	-0.1462500866083069
241.8	0.65	-17.59778340105998	-0.7039113360423993
30.6	0.42	-4.847814255693444	-0.19391257022773775
122.6196	0.42	-14.120427206274995	-0.5648170882509999
48.1345	0.42	-9.046817380673716	-0.36187269522694865
13.2543	0.42	-2.7855994486237914	-0.11142397794495165
5.3636	0.16	-7.882338655145593	-0.3152935462058237
40.54	0.16	-9.329602506967184	-0.37318410027868737
14.207	0.47	-2.655205471788962	-0.10620821887155849
24.45	0.64	-6.649219181387996	-0.2659687672555198
24.422	0.64	-2.372208816601629	-0.09488835266406516
3.336649	0.56	-0.7556552732032651	-0.030226210928130604
3.336649	0.51	-0.155250425427216	-0.00621001701708864
3.3366487	0.51	-13.768239548875387	-0.5507295819550155
3.336649	0.5	-7.330525051529337	-0.29322100206117346
3.3366413	0.5	-0.6062950788057284	-0.024251803152229138
203.59	0.12	-2.4291677103651335	-0.09716670841460534
203.69	0.12	-14.018204441890559	-0.5607281776756223
3.93072	0.34	-6.5220969651701015	-0.26088387860680406
55.661	0.34	-2.8677033383410855	-0.11470813353364342
2.64561	0.45	-11.581699614568304	-0.46326798458273216
0.3219225	0.46	-0.6123303333780723	-0.02449321333512289
3.0232	0.27	-11.651022066666714	-0.4660408826666686
2.6162745	0.31	-0.28204449186981106	-0.011281779674792443
7.02679	0.43	-10.358087185697288	-0.41432348742789155
6.905	0.63	-10.160035995889524	-0.40640143983558097
6.9442	0.18	-2.6255411807221902	-0.10502164722888761
2.64977	0.5	-4.116644638173607	-0.1646657855269443
13.74	0.5	-7.868914659483507	-0.3147565863793403
12.9382	0.39	-8.776575827401631	-0.35106303309606524
12.9394	0.39	-0.5649100334866377	-0.02259640133946551
12.9532	0.39	-12.778773370642188	-0.5111509348256875
51.625	0.69	-11.746440109512934	-0.4698576043805174
749.83	0.65	-7.755150223465018	-0.31020600893860073
744.7	0.69	-7.921732299586896	-0.31686929198347585
20.129	0.35	-7.985001436823195	-0.3194000574729278
13.352	0.41	-14.770808053922089	-0.5908323221568835
2.644	0.42	-3.0916418503108165	-0.12366567401243267
2.64385	0.45	-7.057039736578233	-0.2822815894631293
2.643943	0.42	-3.409248143904195	-0.1363699257561678
2.64389803	0.45	-14.729736783718755	-0.5891894713487502
2.64389846	0.42	-3.9101859421681278	-0.1564074376867251
2.6441	0.41	-5.085445133631964	-0.20341780534527856
2.6438979	0.45	-7.120186088187662	-0.2848074435275065
2.643859	0.42	-7.764553757348435	-0.3105821502939374
3448.0	0.49	-19.970249611014214	-0.7988099844405686
3448.0	0.49	-13.64280347758032	-0.5457121391032128
9.567	0.45	-10.549927578279249	-0.42199710313116995
1.467119	0.32	-2.159260159359916	-0.08637040637439665
140.43	0.51	-4.915686901562523	-0.19662747606250094
8.7076	0.52	-4.713704556177115	-0.1885481822470846
5.36879	0.32	-3.769629550010079	-0.15078518200040317
5.36841	0.31	-7.202848308138291	-0.2881139323255317
12.919	0.31	-5.985716535818549	-0.23942866143274194
12.914	0.31	-15.210872993102853	-0.6084349197241141
3.153	0.31	-5.120907049737317	-0.2048362819894927
604.8	0.53	-5.2299024781565215	-0.20919609912626086
598.3	0.54	-17.014321211030442	-0.6805728484412177
600.1	0.51	-9.972138321476839	-0.3988855328590736
7.2004	0.33	-16.02891171884634	-0.6411564687538537
28.14	0.33	-6.904523415860606	-0.2761809366344242
256.2	0.33	-11.351105757017352	-0.4540442302806941
1051.44521	0.63	-4.668961839931429	-0.18675847359725717
1050.3	0.71	-10.74264015971795	-0.429705606388718
13921.42302	0.63	-13.753480082105177	-0.5501392032842071
3.60076	0.63	-9.255800756351718	-0.3702320302540687
35.37	0.71	-8.102301663634425	-0.324092066545377
35.47358	0.63	-8.940726199769465	-0.3576290479907786
17281.66514	0.46	-4.001661512870851	-0.16006646051483406
38.14	0.41	-4.306842095370697	-0.17227368381482788
38.14	0.45	-4.20562456737041	-0.1682249826948164
38.152	0.42	-8.962191449304491	-0.35848765797217963
727.562	0.4	-5.176585112167373	-0.20706340448669494
19.466	0.57	-19.496027083005647	-0.7798410833202258
5.101284	0.53	-3.6501983409206575	-0.1460079336368263
0.9263237	0.41	-1.0001924359724936	-0.040007697438899745
6.64064	0.41	-13.827372776957002	-0.5530949110782801
3610.0	0.45	-3.913011589662394	-0.15652046358649577
3507.0	0.44	-5.078586867974332	-0.2031434747189733
3853.0	0.45	-3.255954490364609	-0.13023817961458437
3657.0	0.45	-7.969116091631134	-0.3187646436652454
1915.0	0.49	-0.9169404833252648	-0.03667761933301059
1890.0	0.49	-3.661030350244391	-0.14644121400977564
1845.0	0.49	-5.126841993931777	-0.20507367975727106
1924.0	0.46	-0.953824008473191	-0.03815296033892764
5750.0	0.5	-5.602043903271115	-0.2240817561308446
15.76491	0.93	-20.124750560505408	-0.8049900224202163
15.76491	0.77	-18.63355899596541	-0.7453423598386164
15.764	0.8	-16.95149513374635	-0.678059805349854
61.087	0.37	-23.908749711779855	-0.9563499884711942
61.03474	0.37	-6.767277602488945	-0.2706911040995578
60.85	0.34	-13.249946530740992	-0.5299978612296397
30.0881	0.32	-15.130779843976343	-0.6052311937590538
30.22902	0.37	-7.124886211346874	-0.284995448453875
30.259	0.33	-1.7073680509715072	-0.06829472203886029
30.455	0.34	-3.844345368423193	-0.15377381473692772
1.93774	0.34	-4.859053919508844	-0.19436215678035373
1.93778	0.34	-13.901201543268076	-0.5560480617307231
1.937916	0.37	-10.834205023107693	-0.4333682009243077
1.93785	0.33	-3.876602937991411	-0.15506411751965643
1.937848	0.37	-7.1682018883326	-0.28672807553330404
1.938	0.34	-6.7854582707836	-0.27141833083134403
1.93778	0.32	-3.7168984873017967	-0.14867593949207186
124.26	0.32	-3.212115592838901	-0.12848462371355604
21.789	0.49	-5.237066938308942	-0.2094826775323577
284.39	0.44	-11.341279183861738	-0.45365116735446953
771.36	0.15	-8.644652367276741	-0.34578609469106963
767.887	0.15	-3.617705762699257	-0.1447082305079703
13.4586	0.62	-13.94219453092954	-0.5576877812371815
18.27	0.59	-5.088961559189582	-0.2035584623675833
1.209	0.61	-4.399446718668422	-0.17597786874673688
1.208974	0.62	-3.3657346641498895	-0.13462938656599557
1.2089802	0.61	-15.465942546937683	-0.6186377018775073
3.64823	0.64	-10.869016198685877	-0.4347606479474351
3.648083	0.61	-2.4730839534291706	-0.09892335813716682
3.64802	0.66	-17.814567472307445	-0.7125826988922979
3.6480957	0.61	-7.9468579929534915	-0.3178743197181397
6.20147	0.61	-2.9021838719870523	-0.11608735487948209
6.201467	0.61	-10.237321892202269	-0.4094928756880908
6.20142	0.64	-6.571128630160812	-0.2628451452064325
6.20183	0.62	-2.591224940850755	-0.10364899763403021
6.20141	0.66	-4.294833762756175	-0.17179335051024702
1.744579	1.68	-14.973667738097925	-0.598946709523917
3.6915224	1.0	-22.800209919975032	-0.9120083967990013
3.822	0.56	-17.05577189499116	-0.6822308757996465
13.8508	0.52	-7.0630501888258825	-0.2825220075530353
15.53209	0.42	-19.37650056414829	-0.7750600225659317
15.53	0.43	-5.019104247482241	-0.20076416989928966
12.76142	0.24	-1.3973480513829515	-0.05589392205531806
4.46529976	1.15	-6.227669297332453	-0.2491067718932981
4.46	1.13	-11.506519531241775	-0.460260781249671
4.46529976	1.13	-9.744949864569946	-0.38979799458279785
4.46543	1.13	-2.703892958894325	-0.108155718355773
4.4652934	1.13	-2.5401037223264566	-0.10160414889305827
4.46529913	1.13	-6.295187957118255	-0.2518075182847302
4.88780271	0.83	-3.700006872709648	-0.1480002749083859
4.88782	0.88	-8.813697338210005	-0.3525478935284002
4.88780308	0.77	-1.5982164892652146	-0.06392865957060859
4.8878162	0.81	-6.397696898501632	-0.2559078759400653
4.88780271	0.83	-8.613118351683802	-0.34452473406735207
4.88780271	0.83	-16.60088091447295	-0.6640352365789179
4.88780026	0.79	-3.200697013802878	-0.12802788055211511
3397.0	0.81	-13.865187265455495	-0.5546074906182198
3.21305992	0.69	-12.97759573844268	-0.5191038295377072
3.21305751	0.73	-11.879520894284449	-0.47518083577137793
3.2130598	0.73	-7.989213614342427	-0.3195685445736971
3.2130579	0.73	-3.964002022794271	-0.15856008091177085
3.2130589	0.73	-23.741428796166833	-0.9496571518466733
2.91626	1.22	-4.828960368976464	-0.19315841475905857
2.91624268	1.22	-18.944113556463286	-0.7577645422585314
445.82	1.32	-7.640434185936382	-0.30561736743745527
445.82	1.32	-11.084059959076091	-0.44336239836304364
4.6276594	1.43	-9.620463811879786	-0.3848185524751914
4.627669	1.39	-14.705950697849271	-0.5882380279139708
4.627669	1.39	-8.31190155265925	-0.33247606210637004
4.6276691	1.42	-7.514075502360435	-0.30056302009441743
4.6276623	1.39	-13.88322213321426	-0.5553288853285704
10.863502	1.01	-12.29509260698682	-0.49180370427947284
10.8635	1.0	-3.1836918840707096	-0.12734767536282837
10.863502	1.01	-15.258491651987924	-0.610339666079517
2.77596748	1.22	-6.4137218198742865	-0.25654887279497146
2.77596	1.22	-1.5132348965537878	-0.06052939586215152
10.338523	0.86	-4.1263862459271685	-0.16505544983708675
10.338523	0.86	-9.653738528050475	-0.386149541122019
10.33853522	0.86	-19.096631217085175	-0.763865248683407
10.3385346	0.86	-5.242980923572162	-0.2097192369428865
1610.0	0.86	-17.56589332327769	-0.7026357329311077
5.5080232	0.77	-3.7118344967299324	-0.1484733798691973
5.5080291	0.77	-8.993353397014243	-0.35973413588056974
5.508023	0.77	-9.869213244087756	-0.3947685297635103
5.508023	0.77	-3.2129331798746197	-0.1285173271949848
5.50803	0.77	-2.5100850930667717	-0.10040340372267087
4.00878322	0.81	-1.3261799180925478	-0.05304719672370191
4.008778	0.84	-14.865390341900913	-0.5946156136760365
5.63346785	1.31	-16.38297174038014	-0.6553188696152056
5.6334729	1.28	-2.211394912428715	-0.0884557964971486
5.63332	1.31	-7.106622063434729	-0.2842648825373892
5.63347	1.93	-25.00024152722068	-1.0000096610888272
5.6334754	1.36	-15.694197468881537	-0.6277678987552615
5.63346964	1.33	-22.447058703092807	-0.8978823481237123
5.6334729	1.36	-12.119167218276946	-0.48476668873107787
8500.0	1.33	-2.045081053629622	-0.08180324214518488
2.87531773	0.76	-10.04701305706077	-0.4018805222824308
2.87531694	0.74	-4.574582662929135	-0.1829833065171654
4.124481	0.95	-8.406587094904182	-0.3362634837961673
4.1244799	1.24	-7.141896835966825	-0.285675873438673
3.21222	0.92	-11.703250632963844	-0.46813002531855374
3.21222	1.13	-4.791224072399084	-0.19164896289596337
3.21223328	0.94	-9.62661404083827	-0.3850645616335308
3.21223218	0.92	-0.6279940641536168	-0.025119762566144673
1.2128864	1.13	-14.83388380497833	-0.5933553521991332
1.21288	0.58	-0.22922836774031774	-0.00916913470961271
1.21288287	1.1	-1.4316221012503034	-0.057264884050012135
1.21288644	1.13	-7.719999776538702	-0.3087999910615481
3.35524	1.37	-3.6580316824262487	-0.14632126729704995
3.35524439	1.19	-11.06985982912919	-0.4427943931651676
3.652836	1.01	-5.106793964867951	-0.20427175859471802
3.65281514	1.01	-2.3744689783691	-0.09497875913476402
3.652836	1.01	-9.294001746418935	-0.3717600698567574
4.2345002	0.82	-5.519555309288619	-0.22078221237154477
4.2345002	0.82	-4.040752777211102	-0.16163011108844408
3.039586	0.94	-6.436366726903426	-0.25745466907613707
3.039577	0.92	-5.336928004019855	-0.2134771201607942
3.2572129	1.02	-2.503310567816966	-0.10013242271267864
3.257215	1.02	-14.09747169832445	-0.5638988679329779
3.257215	1.02	-4.650025573745485	-0.1860010229498194
5.7233773	1.14	-2.5018885468769105	-0.10007554187507642
5.72339	1.2	-15.274249475323469	-0.6109699790129388
5.723371	1.21	-0.1925952233668511	-0.007703808934674043
5.72339	1.21	-5.271557546871235	-0.21086230187484942
5.723186	1.21	-20.965826574372112	-0.8386330629748845
2.899736	0.92	-9.781543059763294	-0.39126172239053175
2.899736	0.9	-2.6541016727431295	-0.10616406690972519
2.89973815	0.93	-0.3874911286182492	-0.015499645144729969
2.899736	0.93	-13.411781880445105	-0.5364712752178042
2.8997	1.06	-17.540552895135846	-0.7016221158054339
2.89973838	0.93	-9.285233644483677	-0.3714093457793471
2.81060097	1.24	-2.0499018780346776	-0.08199607512138711
5.005419	1.31	-13.505669927440792	-0.5402267970976317
2.1500085	1.16	-7.9948083732102315	-0.31979233492840925
2.15000825	1.16	-8.182983856017932	-0.3273193542407173
2.15001	1.09	-13.95037816936318	-0.5580151267745272
3.474474	1.38	-10.721162048026304	-0.4288464819210522
3.474474	1.38	-10.00885199207232	-0.40035407968289277
5.452654	1.39	-5.743572651467884	-0.2297429060587154
5.45264682	1.39	-6.1884908470939965	-0.24753963388375988
5.45265	4.26	-3.1794631614366367	-0.12717852645746547
5.452647	1.34	-11.493483508574446	-0.45973934034297786
3.646706	1.24	-6.6182747747246795	-0.26473099098898717
3.6466584	1.24	-0.7596411895275916	-0.030385647581103667
3.64671	23.56	-11.174313461697597	-0.4469725384679039
1.32734683	1.03	-3.7988543461346245	-0.15195417384538498
1.3273466	1.05	-5.6337582200661345	-0.22535032880264538
1.32734681	1.02	-9.419494280160803	-0.37677977120643213
1.32734682	1.02	-15.64490620511324	-0.6257962482045296
1.32735	0.78	-19.03649581765759	-0.7614598327063036
1.327347	1.02	-7.492050674369042	-0.2996820269747617
2.79744256	0.93	-8.88213427930112	-0.3552853711720448
2.7974424	0.93	-2.9286303630744093	-0.11714521452297637
4.640382	0.89	-9.431277658292093	-0.3772511063316837
4.64032787	0.89	-12.685024466009887	-0.5074009786403955
4.6403293	0.88	-1.8658176608326056	-0.07463270643330422
3.54387	1.4	-20.674543117950122	-0.8269817247180049
3.54387	1.4	-15.23697570605246	-0.6094790282420984
3.0565195	0.56	-32.881102067939835	-1.3152440827175935
3.0565114	1.26	-0.43881946808019023	-0.01755277872320761
3.056328	1.26	-3.292678609112526	-0.13170714436450104
4.457243	1.51	-14.01782049317015	-0.560712819726806
4.457243	1.51	-1.8361193686346475	-0.0734447747453859
4.45724	1.03	-0.1337841734954519	-0.005351366939818076
4.4572184	1.51	-8.245181198031698	-0.3298072479212679
4.4572173	1.51	-13.44300433448791	-0.5377201733795164
2.694047	1.42	-10.628616726377622	-0.4251446690551049
4.641878	1.18	-15.632083104068757	-0.6252833241627503
4.64183885	1.18	-3.511398918774449	-0.14045595675097797
4.641878	1.18	-5.265489127592254	-0.21061956510369015
4.6418499	1.18	-1.0057718119468628	-0.04023087247787451
3.332683	1.01	-11.483135001991686	-0.45932540007966743
3.332683	1.05	-7.285690155201786	-0.29142760620807145
3.33268054	1.05	-11.519533665153086	-0.4607813466061234
3.3326414	1.03	-7.476312386833762	-0.2990524954733505
4.301219	0.94	-3.0637873338458865	-0.12255149335383546
4.30119043	0.94	-7.421300322166124	-0.2968520128866449
4.3011886	0.86	-2.6111162076511554	-0.10444464830604622
872.2	0.94	-10.440432489729865	-0.41761729958919463
3.12899506	1.26	-5.487086610982339	-0.21948346443929356
3.1289923	0.99	-12.363874120563693	-0.49455496482254774
4.4631365	1.76	-5.062721085429392	-0.2025088434171757
2.6915535	1.54	-7.297922748229303	-0.29191690992917213
2.78849	1.04	-12.38181012779006	-0.49527240511160237
2.7884732	1.04	-1.5670053688043921	-0.06268021475217568
3.12200511	1.27	-9.457389816077914	-0.3782955926431166
4.2180278	0.98	-3.0482771178404784	-0.12193108471361915
4.2180226	0.98	-5.451887044795962	-0.21807548179183847
2.7535973	0.89	-4.576502837770112	-0.18306011351080448
2.7535953	0.89	-0.6507168635995972	-0.02602867454398389
2.7535953	0.89	-12.686867960521475	-0.507474718420859
1.96162371	1.09	-8.372498696914203	-0.3348999478765681
1.9616241	1.09	-3.4981009119850333	-0.13992403647940133
1.9616248	1.09	-12.466633395370879	-0.4986653358148352
3.799847	0.65	-6.377098433216208	-0.2550839373286483
3.5852467	1.01	-17.46185064745344	-0.6984740258981376
3.5852329	1.01	-5.446391709152648	-0.21785566836610593
3.58523207	1.01	-2.3844668917719036	-0.09537867567087614
2.7908235	1.3	-14.85830753656982	-0.5943323014627928
2.79083	1.42	-12.505890548338591	-0.5002356219335437
2.7908327	1.3	-14.916162472037477	-0.5966464988814991
3.853003	1.29	-4.6659824198340685	-0.18663929679336275
3.852985	1.29	-10.120814678668118	-0.40483258714672476
3.85298	1.79	-29.98825101505265	-1.199530040602106
3.8529962	1.29	-1.076727256217324	-0.04306909024869296
1.90231289	1.0	-3.0796325630165007	-0.12318530252066003
2.64532306	1.02	-17.556250751064987	-0.7022500300425994
3.377728	0.93	-3.8917903929778586	-0.15567161571911434
2.60544724	1.21	-0.49964263688067434	-0.019985705475226975
2.6054552	1.21	-6.7664237627235115	-0.27065695050894045
2.60544751	1.3	-11.207197058162082	-0.4482878823264833
2.972086	1.25	-13.379035900052273	-0.5351614360020909
4.8101025	1.64	-17.78294493703237	-0.7113177974812948
2.29840551	0.68	-3.7513424638567976	-0.15005369855427192
4.7869883	1.65	-0.26699345152417364	-0.010679738060966946
2.2047363	1.47	-6.0647542426395304	-0.24259016970558123
2.2047304	1.51	-4.720105925916792	-0.1888042370366717
2.20473536	1.52	-17.110136336504485	-0.6844054534601794
2.2047354	1.35	-14.819465323683225	-0.592778612947329
2.20474	1.56	-20.730070569147053	-0.8292028227658821
2.20473542	1.45	-0.6035496695973643	-0.024141986783894575
2.2047372	1.47	-15.644128760566481	-0.6257651504226592
2.204737	1.51	-3.2776089601175418	-0.13110435840470167
2.20473537	1.66	-8.662204231969024	-0.34648816927876097
2.20473536	1.47	-9.739244237665854	-0.3895697695066342
2.7443245	1.89	-17.224388947043735	-0.6889755578817495
3.92281072	1.28	-4.419149058895995	-0.1767659623558398
3.922814	1.28	-5.277588673812128	-0.21110354695248512
3.9228108	1.28	-9.176057621395096	-0.3670423048558038
3.92281131	1.28	-5.544689605287607	-0.22178758421150427
3.922814	1.28	-9.500791781519727	-0.3800316712607891
3.92289	1.28	-5.205533388200726	-0.20822133552802904
3.4464563	0.99	-6.9146025461973135	-0.27658410184789256
3.4464553	0.99	-2.681636493925463	-0.10726545975701851
3.446459	0.99	-26.343644732273543	-1.0537457892909416
3.446459	0.99	-14.370278904649204	-0.5748111561859682
3.312846	1.1	-2.083567137751896	-0.08334268551007584
3.312846	1.1	-3.5628723394170363	-0.14251489357668146
3.6191546	1.0	-3.2951505751203096	-0.1318060230048124
3.6191613	1.0	-5.783294479032207	-0.2313317791612883
3.6191634	1.06	-3.755795965282749	-0.15023183861130995
3.619188	1.33	-21.713019377738334	-0.8685207751095334
3.142846	1.21	-15.092513946445774	-0.6037005578578309
3.142702	1.16	-4.985517024693724	-0.19942068098774898
3.0440511	0.96	-4.925978851277841	-0.19703915405111364
2.766764	0.97	-2.262728534983988	-0.09050914139935952
2.7667641	0.97	-6.004924014277643	-0.24019696057110573
2.7667641	0.97	-12.019924811315022	-0.4807969924526009
2.766763	0.97	-9.106875078436735	-0.3642750031374694
1.74748753	0.87	-6.4663257157774385	-0.25865302863109757
2.6865009	0.97	-9.881616855495858	-0.39526467421983436
2.686502	0.97	-10.427603494156523	-0.41710413976626093
16.254613	1.13	-3.9621200460385517	-0.15848480184154207
16.254688	1.13	-6.917018592372115	-0.2766807436948846
0.83784	1.04	-1.3469759523831144	-0.05387903809532458
1.35413379	0.9	-1.0588344424154021	-0.04235337769661609
4.7228127	0.76	-8.489455914658468	-0.33957823658633873
4.7228124	0.76	-7.109340377613018	-0.2843736151045207
4.72281727	0.76	-6.613731890114441	-0.26454927560457764
4.7228189	0.76	-2.6772709376491712	-0.10709083750596685
2.1605107	1.12	-6.765819219830268	-0.27063276879321074
2.1605156	1.12	-2.977405854577968	-0.11909623418311872
1.3484963	1.21	-8.481670754841078	-0.3392668301936431
1.3484975	1.22	-7.865292557558522	-0.31461170230234087
1.3484954	1.21	-10.689739763955863	-0.42758959055823453
1.34849689	1.21	-1.9016244539522937	-0.07606497815809175
4.298643	0.99	-3.842687107253603	-0.15370748429014414
4.29864716	0.99	-18.16745523401405	-0.726698209360562
4.2986432	0.99	-12.763639187596128	-0.5105455675038452
3.3023881	1.3	-9.574635642762201	-0.38298542571048805
3.3023886	1.3	-10.046767825549448	-0.40187071302197797
4.637038	1.42	-4.603152299578255	-0.1841260919831302
4.637038	1.42	-9.300751312559512	-0.3720300525023805
4.6058787	1.03	-14.381603120473352	-0.5752641248189341
3.54785091	1.21	-2.4153782719761447	-0.09661513087904579
3.547851	1.21	-1.7015906207805958	-0.06806362483122383
3.547851	1.21	-12.601003052329535	-0.5040401220931814
3.54785	0.44	-12.134750436318111	-0.4853900174527244
3.547851	1.21	-7.638672684686535	-0.3055469073874614
3.1743516	1.09	-22.54943947556542	-0.9019775790226169
3.1743516	1.09	-8.27171431569538	-0.3308685726278152
3.3779344	1.27	-24.17481972865976	-0.9669927891463904
3.37796	1.27	-9.875325723026185	-0.3950130289210474
2.8126535	1.1	-0.8290249716087745	-0.033160998864350984
2.5495614	1.06	-5.6040492942307445	-0.22416197176922978
2.5495551	1.06	-6.2348169005758205	-0.24939267602303283
2.54956317	1.06	-7.8152082287997064	-0.3126083291519883
2.5495627	1.06	-12.92638687449419	-0.5170554749797676
2.549564	1.06	-4.64794149170921	-0.1859176596683684
2.1061607	0.95	-8.45694763723454	-0.33827790548938164
2.10616098	0.95	-2.286581369774174	-0.09146325479096695
1.8210014	1.32	-10.078496114234026	-0.403139844569361
1.82100088	1.32	-10.44932803980486	-0.4179731215921944
4.1752387	1.22	-22.37270627690536	-0.8949082510762145
4.175186	1.1	-4.123386254641018	-0.1649354501856407
4.375021	0.89	-11.184916742879702	-0.4473966697151881
4.5776346	1.38	-11.038034673883832	-0.4415213869553533
4.5776348	1.38	-24.005144112424215	-0.9602057644969686
2.5167278	1.0	-11.314495934898005	-0.4525798373959202
2.516729	1.0	-18.528331104052548	-0.7411332441621019
2.516729	1.0	-9.782119741034329	-0.39128478964137314
3.2642736	1.56	-10.55966063293647	-0.42238642531745885
3.2642813	1.56	-1.9080991058291035	-0.07632396423316413
4.193649	1.5	-7.33349325420494	-0.2933397301681976
4.1936623	1.5	-10.486269230611645	-0.41945076922446584
2.292102	1.27	-11.65652620815266	-0.46626104832610643
2.29210275	1.27	-8.885043257860584	-0.35540173031442335
4.3888497	0.84	-6.699948107987079	-0.26799792431948316
4.3888493	0.84	-4.274722005683181	-0.17098888022732722
2.7439001	0.86	-2.550954525740401	-0.10203818102961604
4.1876194	1.27	-10.768025494872326	-0.430721019794893
4.1876244	1.27	-20.806307744872587	-0.8322523097949035
4.7423729	0.92	-6.425460951954402	-0.2570184380781761
4.7423693	0.92	-14.076446202456612	-0.5630578480982645
3.13166726	0.73	-0.6521851545063515	-0.026087406180254062
4.1480467	0.71	-4.381535428255896	-0.17526141713023585
4.763387	0.94	-12.032465518092565	-0.4812986207237026
4.76338959	0.94	-15.095792989100879	-0.6038317195640351
4.763387	0.94	-14.708454021562861	-0.5883381608625144
1.36665436	1.11	-5.552404220607706	-0.22209616882430827
3.8537768	0.96	-12.607388941788221	-0.5042955576715289
3.85377818	0.96	-3.217610390039652	-0.1287044156015861
2.5441828	1.1	-14.671241050830034	-0.5868496420332013
2.5441765	1.05	-3.829392241540254	-0.15317568966161016
4.2042001	1.2	-3.2079895049665055	-0.12831958019866022
4.324799	1.57	-9.618821030113265	-0.3847528412045306
1422.0	1.04	-8.427549464162349	-0.33710197856649393
3.32526424	0.57	-3.4812529169354853	-0.1392501166774194
3.3252725	0.57	-12.482251187060594	-0.4992900474824238
3.3252715	0.57	-7.038954044858591	-0.2815581617943436
3.560832	1.1	-5.9046424746534765	-0.23618569898613906
3.5608104	1.1	-4.624474889113763	-0.18497899556455052
7.817953	1.08	-8.79853123103463	-0.3519412492413852
3.2768837	0.9	-9.2572445781708	-0.37028978312683203
3.0566527	0.93	-8.98972138563207	-0.3595888554252828
3.0566527	0.93	-7.629752042645999	-0.30519008170583994
4.908897	1.56	-0.5154965510640142	-0.020619862042560565
3.105161	1.26	-15.139531438477668	-0.6055812575391067
3.10515933	1.26	-7.551366076797187	-0.3020546430718875
3.1414391	1.41	-15.953634690987698	-0.6381453876395079
3.5862211	1.35	-2.085634092359333	-0.08342536369437331
2.2252577	0.89	-2.1725993160863393	-0.08690397264345358
2.2252577	0.89	-19.78501711876933	-0.7914006847507732
3.1853149	0.85	-1.0192740006452632	-0.04077096002581053
1.88823968	1.78	-6.978553667474711	-0.27914214669898846
1.8882378	1.78	-0.9197076499632282	-0.03678830599852913
1.8882378	1.78	-8.315498447451363	-0.3326199378980545
3.7955195	0.49	-5.7838747222616895	-0.23135498889046757
2.7886556	0.6	-3.650972878777818	-0.14603891515111272
1.9416423	0.66	-13.720632121014535	-0.5488252848405815
3.583893	1.06	-20.87535414454937	-0.8350141657819748
1.9153073	1.03	-3.105302166849765	-0.12421208667399061
157.57001	2.28	-1.1877591196613186	-0.04751036478645275
383.7	1.01	-13.304279095997192	-0.5321711638398877
4.46569	0.65	-3.5579945639963944	-0.14231978255985578
6.20401	0.65	-2.8890993029832583	-0.11556397211933034
5.75979	1.06	-14.069591850633472	-0.5627836740253389
16.357	1.06	-16.100968754947086	-0.6440387501978835
16.3579	1.06	-3.7412515209269057	-0.14965006083707624
49.748	1.06	-17.23100213616005	-0.689240085446402
49.745	1.06	-10.380522994972486	-0.4152209197988994
122.76	1.06	-3.413418990614277	-0.13653675962457107
122.744	1.06	-6.459247711668667	-0.2583699084667467
70.46	0.57	-21.445662174308055	-0.8578264869723222
20.8079	1.01	-4.560840332638508	-0.1824336133055403
20.67	1.03	-17.139345986917363	-0.6855738394766945
20.8133	1.06	-5.859673680206823	-0.23438694720827294
20.8133	1.11	-10.704527010355651	-0.42818108041422603
4.11434	0.93	-9.792456716763493	-0.3916982686705397
4.079	0.92	-0.2714311140957597	-0.010857244563830389
127.58	1.9	-4.409236702887708	-0.17636946811550833
778.1	1.95	-6.336903462470335	-0.2534761384988134
778.09998	3.21	-8.031313158905247	-0.3212525263562099
3090.942	0.95	-12.038381207184832	-0.4815352482873933
6.495	1.68	-4.599506305112878	-0.1839802522045151
6.4947	1.66	-0.698868658303089	-0.02795474633212356
47.84	0.9	-5.400452488170794	-0.21601809952683176
5.8881	1.33	-15.434745592824784	-0.6173898237129913
1894.0	1.28	-1.0834725753413001	-0.04333890301365201
120.878	0.77	-16.709556029174067	-0.6683822411669627
55.806	0.79	-1.8968109172468963	-0.07587243668987585
1032.3	1.01	-10.709600337952004	-0.4283840135180802
1043.0	1.56	-16.964598039535623	-0.678583921581425
1053.2	1.01	-3.736913910424363	-0.14947655641697452
1043.0	2.58	-1.304947106272401	-0.05219788425089604
10.02245	1.01	-12.012713803129344	-0.4805085521251738
77114.07158	1.01	-2.357596792022203	-0.09430387168088812
1531.0	1.01	-4.697071147263806	-0.18788284589055224
1531.0	1.01	-16.900746532700733	-0.6760298613080293
1535.0	1.05	-14.095685605349132	-0.5638274242139653
2890.0	1.32	-9.430699570290072	-0.37722798281160286
1872.0	1.33	-25.10235269589709	-1.0040941078358836
9.55804	1.08	-4.3986034033807755	-0.17594413613523102
9.55385	1.03	-5.528887837802593	-0.22115551351210372
9.554515	1.12	-11.580605064211795	-0.4632242025684718
9.5521	1.07	-1.825063672410429	-0.07300254689641716
21.057504	1.12	-12.645205569492761	-0.5058082227797105
21.05731	1.08	-3.9351556867989084	-0.15740622747195634
21.05704	1.09	-4.649449063645318	-0.18597796254581273
21.0576	1.07	-13.826451715483424	-0.5530580686193369
21.056614	1.07	-1.7975926051375581	-0.07190370420550232
21.05603	1.02	-4.20794594887841	-0.1683178379551364
21.058	1.03	-23.64838118504743	-0.9459352474018973
989.2	1.11	-2.215027945798455	-0.0886011178319382
3630.0	0.97	-1.580686330945826	-0.06322745323783303
1075.5	1.13	-20.901905914412296	-0.8360762365764919
1076.4	0.99	-7.716182046140902	-0.30864728184563606
48.056	1.12	-1.4168208284531434	-0.05667283313812574
18.3267	1.11	-10.223556011642462	-0.4089422404656985
10.8985	1.22	-0.28916900213164887	-0.011566760085265955
10.901	1.27	-26.952351967669053	-1.078094078706762
3.795963	0.87	-4.603458912076917	-0.1841383564830767
3.79666	0.97	-4.223923704311792	-0.1689569481724717
6.203449	0.87	-1.363526869243313	-0.054541074769732516
6.2037	0.97	-28.417134467803976	-1.1366853787121591
6.203688	0.97	-15.27621536928534	-0.6110486147714136
14.175685	0.87	-7.06868727553897	-0.2827474910215588
19.590186	0.97	-20.11017101985213	-0.8044068407940853
19.590025	0.87	-17.07440470568109	-0.6829761882272436
29.54115	0.87	-1.4619403560058402	-0.05847761424023361
1148.0	0.84	-7.4035526107580285	-0.29614210443032113
1129.0	0.84	-3.278556108966824	-0.13114224435867297
443.4	1.85	-3.9093118347963323	-0.15637247339185328
395.8	0.95	-11.276293434987771	-0.4510517373995109
397.5	1.0	-7.876058833120358	-0.31504235332481434
1605.8	0.99	-8.932582517048438	-0.3573033006819375
1680.0	0.97	-8.671451685690162	-0.3468580674276065
1624.0	0.95	-14.239655847417081	-0.5695862338966833
68.27	1.2	-9.229883630565055	-0.3691953452226022
30.93	1.05	-13.109239765000385	-0.5243695906000154
5.24	1.23	-15.245708244493935	-0.6098283297797574
9.188526	1.08	-15.894123189615694	-0.6357649275846278
17132.15854	0.88	-6.264301734457481	-0.25057206937829923
936.4	2.09	-9.744694570484523	-0.3897877828193809
835.477	2.17	-6.123745064595366	-0.24494980258381463
9.113678	0.8	-20.989177737706196	-0.8395671095082479
13.673694	0.8	-3.106241035321931	-0.12424964141287724
30.793091	0.8	-10.030406694089704	-0.40121626776358815
2.541	1.0	-16.81940249694846	-0.6727760998779384
2.54047309	1.0	-15.629793068194193	-0.6251917227277677
17244.90764	1.07	-21.863145221752898	-0.874525808870116
1143.0	0.78	-6.207881943891985	-0.24831527775567944
1118.0	0.75	-19.224659699140943	-0.7689863879656378
810.0	1.4	-6.451917812609041	-0.25807671250436165
466.63	1.4	-10.44910257554095	-0.417964103021638
613.2	1.8	-6.745772304805753	-0.2698308921922301
3165.0	1.4	-11.42920552550828	-0.4571682210203312
663.2	0.58	-5.5558528346343365	-0.22223411338537347
1657.0	0.7	-13.151232365338632	-0.5260492946135453
610.2	1.49	-19.370985900875382	-0.7748394360350153
937.7	0.68	-2.438410917137613	-0.09753643668550453
1121.79	0.94	-19.179939608795816	-0.7671975843518327
1132.7	0.96	-4.4232109762317915	-0.17692843904927166
1114.0	1.0	-8.78682320069173	-0.3514729280276692
492.56	0.87	-3.020868696366957	-0.12083474785467829
496.9	0.85	-5.7568448926132785	-0.23027379570453113
501.0	0.92	-14.068733854661403	-0.5627493541864561
4352.0	0.9	-4.886524675302348	-0.1954609870120939
4319.0	0.85	-3.0744355573814155	-0.12297742229525663
32669.22247	1.03	-10.135045009544818	-0.40540180038179274
1617.7	1.22	-3.7277046541066983	-0.14910818616426794
1405.0	1.51	-0.7066288869237982	-0.02826515547695193
223.41	1.24	-7.739550365104625	-0.309582014604185
170.455	1.12	-5.647683020028975	-0.225907320801159
26500.0	1.22	-3.4171454442961275	-0.1366858177718451
10.49488	0.83	-14.30032080683227	-0.5720128322732908
15319.22517	0.83	-1.2300303874389864	-0.04920121549755946
3700.0	1.18	-1.1901961254135955	-0.047607845016543825
3230.0	1.18	-10.76245561711437	-0.43049822468457477
670.0	0.83	-4.891117320400138	-0.19564469281600552
670.0	1.58	-7.555544627250385	-0.3022217850900154
2621.75	1.05	-15.411509010877037	-0.6164603604350815
2597.0	1.08	-1.5491955469383727	-0.06196782187753491
2628.0	1.03	-10.725879429231734	-0.42903517716926937
433.7	0.9	-9.708998571939931	-0.38835994287759723
25.8	1.05	-6.67184114812407	-0.2668736459249628
25.827	1.1	-4.333068471190494	-0.17332273884761976
6.1335	1.23	-15.232515759820247	-0.6093006303928099
5070.0	1.22	-6.861440836136362	-0.2744576334454545
2110.0	1.12	-1.9417479366227308	-0.07766991746490924
37.9196	1.15	-15.685342106523501	-0.62741368426094
621.6	2.31	-6.960437620346733	-0.27841750481386934
2142.0	2.16	-25.981087101043105	-1.0392434840417242
2082.0	2.39	-0.6024571354368464	-0.024098285417473858
63.33	1.62	-4.949025663238627	-0.1979610265295451
36336.70679	1.1	-6.891862203186862	-0.27567448812747447
84.96276	1.24	-15.201565868177848	-0.608062634727114
270.66	1.15	-10.972883510060237	-0.4389153404024095
58.83	1.01	-9.026331876537832	-0.36105327506151325
1757.39151	1.82	-9.631465671453594	-0.38525862685814377
1758.0	1.6	-2.2695952458142195	-0.09078380983256878
1756.2	1.36	-5.465508547619025	-0.21862034190476098
9.6737	0.76	-6.166800268488884	-0.24667201073955536
557.69994	1.05	-1.0472065249171543	-0.041888260996686175
559.40485	1.19	-25.55237005250691	-1.0220948021002765
510.0	1.1	-0.7601435675356052	-0.03040574270142421
4.15514	1.11	-0.5398889134945715	-0.02159555653978286
4.1547	1.09	-18.738252394820815	-0.7495300957928326
4.15466	1.05	-2.3722293805548107	-0.09488917522219242
3008.0	1.09	-7.275476076201019	-0.29101904304804077
2835.0	1.11	-3.795668587924042	-0.15182674351696168
133.6	1.2	-7.01957596029958	-0.2807830384119832
133.60001	0.67	-11.120796072708913	-0.44483184290835653
262.70862	1.2	-10.900415106372398	-0.4360166042548959
252.7	1.07	-14.327809499483015	-0.5731123799793206
262.709	1.0	-15.66449239527592	-0.6265796958110368
1696.7	1.08	-4.903655721784836	-0.19614622887139344
1679.0	1.0	-8.249493393863183	-0.3299797357545273
1708.0	1.0	-14.42387252206948	-0.5769549008827792
1244.0	1.26	-17.626633122552676	-0.705065324902107
1244.0	1.15	-10.503283071063548	-0.4201313228425419
1257.25303	0.96	-10.481875510333918	-0.41927502041335674
1253.5	1.02	-6.454019774553407	-0.2581607909821363
65.78395	0.73	-26.998723847876395	-1.0799489539150557
453.28	0.84	-18.674737868163238	-0.7469895147265295
422.0	0.8	-2.932220267058365	-0.1172888106823346
454.2	0.83	-15.696032784619485	-0.6278413113847794
298.2	0.65	-5.5826515698144945	-0.22330606279257978
1802.0	1.09	-0.6022784219986925	-0.0240911368799477
10.721	0.85	-1.056452125679177	-0.04225808502716708
10.7085	0.84	-6.251126156421396	-0.25004504625685586
2613.0	1.35	-8.50426973118672	-0.34017078924746885
471.60001	2.24	-8.749594183516123	-0.34998376734064496
964.0	1.09	-2.7312847973195895	-0.10925139189278359
974.0	1.03	-1.8293182152484375	-0.0731727286099375
974.0	1.03	-0.6949860080518913	-0.027799440322075653
1544.0	1.23	-7.317633323683237	-0.2927053329473295
5769.0	0.93	-12.796305034437452	-0.5118522013774981
1291.5646	1.09	-5.854240082139404	-0.23416960328557615
4.3203	1.05	-11.664508217215502	-0.4665803286886201
26.915	1.05	-13.001707235531653	-0.5200682894212662
258.17999	1.1	-15.210926100138959	-0.6084370440055584
258.251	1.09	-5.727099530317089	-0.22908398121268356
258.19	1.1	-13.016543222777067	-0.5206617289110826
5960.0	1.09	-5.778967853005693	-0.23115871412022773
5000.0	1.1	-20.427381857744884	-0.8170952743097953
15.92347557	1.02	-2.441822373761458	-0.09767289495045832
15.92346	0.9	-8.025559404425794	-0.3210223761770318
15.92346	0.91	-9.176213062318837	-0.3670485224927535
2422.32597	1.65	-16.58475817944748	-0.6633903271778993
11.57797	0.87	-8.941357686632209	-0.35765430746528837
27.5909	0.91	-2.331749914772457	-0.09326999659089828
27.59221	0.87	-7.9746862018124105	-0.3189874480724964
107.63	0.91	-6.995827393387896	-0.27983309573551585
107.5983	0.81	-5.973781848840632	-0.23895127395362528
107.245	0.87	-0.22497307569405578	-0.00899892302776223
464.29999	1.48	-7.497863146095563	-0.2999145258438225
464.3	1.33	-4.732888238710218	-0.18931552954840872
330.0	0.68	-2.5705653190916626	-0.10282261276366651
479.9	1.04	-9.795493375341493	-0.39181973501365974
14.1815	0.77	-15.96858412062018	-0.6387433648248072
53.753	0.77	-8.478170190953378	-0.33912680763813513
4460.0	1.02	-12.784350148062176	-0.511374005922487
4218.0	1.02	-10.829634969325063	-0.43318539877300255
4449.0	1.02	-5.660357926007497	-0.22641431704029988
4218.0	1.3	-1.9322704817547574	-0.0772908192701903
1124.79139	2.69	-8.597349782305024	-0.34389399129220094
11.53533	1.32	-11.554556517157302	-0.4621822606862921
11.5366	1.26	-7.816293542199851	-0.31265174168799403
1455.0	2.4	-18.699912911071998	-0.7479965164428799
2721.23479	2.58	-14.108874201365044	-0.5643549680546017
2744.0	2.4	-4.600780971893061	-0.18403123887572242
9.02378	0.99	-6.34154837195625	-0.25366193487825
14386.0	1.06	-12.167964295464243	-0.4867185718185697
7417.50547	0.99	-6.841520150570752	-0.2736608060228301
94.375	1.09	-2.729613811834863	-0.10918455247339452
94.44	1.07	-11.383555074147372	-0.4553422029658949
201.776	1.09	-1.1842509876644707	-0.04737003950657883
201.99	1.07	-2.6131382103952814	-0.10452552841581125
1069.8	1.07	-4.396763720347565	-0.1758705488139026
1074.8	1.09	-8.702724680567488	-0.34810898722269956
3717.35	1.14	-4.837387134272649	-0.19349548537090594
3336.0	1.09	-0.29310071709583463	-0.011724028683833385
653.22	1.1	-6.659525165159465	-0.2663810066063786
653.21997	1.09	-5.395838366001714	-0.21583353464006855
653.22	1.03	-4.308131192786443	-0.17232524771145774
108.45299	1.21	-3.1513852580884567	-0.12605541032353826
350.3	1.24	-6.603567353080259	-0.2641426941232104
351.43394	1.21	-1.6885494394730993	-0.06754197757892398
349.7	1.23	-2.7026586456399597	-0.10810634582559839
6005.0	1.23	-20.66413513169092	-0.8265654052676368
1928.0	0.99	-2.2630452458513286	-0.09052180983405314
1935.0	0.98	-1.157475789153934	-0.04629903156615736
1928.0	0.9	-10.675257312756745	-0.42701029251026984
1299.0	1.69	-9.843164634963777	-0.3937265853985511
1299.0	3.5	-2.877808222254954	-0.11511232889019817
386.29999	1.07	-7.345091136239207	-0.2938036454495683
2.1974	1.51	-5.886964512687293	-0.23547858050749174
1057.0	0.95	-2.019714023999426	-0.08078856095997704
1039.15	0.97	-0.27834047921819804	-0.011133619168727921
1046.2	0.95	-10.626386974247675	-0.425055478969907
103.95	1.12	-3.275738211674702	-0.13102952846698807
176.3	1.23	-2.296544831165641	-0.09186179324662565
176.13	1.9	-1.2715958725351886	-0.05086383490140754
15732.45889	0.91	-1.652149682108088	-0.06608598728432352
25000.0	0.97	-9.088150812293417	-0.3635260324917367
2751.53433	2.06	-21.73617294485781	-0.8694469177943124
5.77142	1.03	-3.3331021668582097	-0.13332408667432838
5.7727	1.02	-4.7626683034128385	-0.19050673213651353
5.77152	1.02	-19.426868363284864	-0.7770747345313946
13.504	1.03	-13.13025174420509	-0.5252100697682036
1008.0	0.93	-6.371454390486235	-0.2548581756194494
86.54	0.58	-19.09361581041835	-0.763744632416734
86.78	0.6	-1.4470248203538412	-0.057880992814153646
86.592	0.65	-9.64870333469025	-0.38594813338761
528.4	1.11	-13.985573114944694	-0.5594229245977878
676.6	1.43	-14.28300105127076	-0.5713200420508304
1027.0	1.22	-3.1749463167651673	-0.1269978526706067
328.55	1.21	-5.237683058063389	-0.20950732232253558
5062.0	1.21	-11.087243919712972	-0.4434897567885189
331.5	1.45	-5.411006800858397	-0.21644027203433588
2.8758911	1.34	-2.328777519264551	-0.09315110077058204
2.8758916	1.34	-20.34660355368108	-0.8138641421472432
2.8758911	1.27	-21.63067154279109	-0.8652268617116436
2.87598	1.29	-0.6370097885731729	-0.025480391542926917
2.8758885	1.29	-10.304042296674957	-0.4121616918669983
2.8766	1.3	-15.28798798571708	-0.6115195194286832
4.07182	1.2	-22.79184577155944	-0.9116738308623776
16521.52778	0.93	-9.347447989639218	-0.3738979195855687
431.8	1.61	-11.672402317040001	-0.46689609268160004
428.5	1.46	-15.478320849263612	-0.6191328339705445
5894.0	1.17	-19.395847718223937	-0.7758339087289575
2097.0	1.02	-3.9701924878781036	-0.15880769951512416
689.0	1.72	-17.66829149514806	-0.7067316598059225
689.0	0.93	-1.6222220373609204	-0.06488888149443682
11.6264	1.15	-8.601696487516875	-0.34406785950067503
24.38	1.15	-5.88562453493237	-0.2354249813972948
4.75642	0.85	-1.8505114357299206	-0.07402045742919683
17.1784	0.85	-6.131520905950975	-0.245260836238039
7.29903	0.79	-0.5370957588593843	-0.02148383035437537
15.27018	0.79	-9.738375296378614	-0.38953501185514455
499.4	1.12	-15.289621097004582	-0.6115848438801833
18.56	0.91	-7.842558397297628	-0.3137023358919051
3341.55884	0.71	-4.749547282980007	-0.1899818913192003
3342.0	0.88	-10.028864784814834	-0.40115459139259335
5163.0	2.07	-3.24512902392412	-0.1298051609569648
163.9	1.03	-11.600841583621595	-0.4640336633448638
408.60001	1.96	-7.014771631548848	-0.2805908652619539
408.6	1.72	-23.29888058855459	-0.9319552235421835
3452.0	1.72	-2.516264313073024	-0.10065057252292096
352.65	1.22	-3.5849650914217186	-0.14339860365686874
7841.5839	1.29	-7.889452160932097	-0.3155780864372839
133.4031	0.96	-0.2492626149595445	-0.00997050459838178
133.40355	0.94	-12.523668602538038	-0.5009467441015215
131.05	0.93	-11.061663229850993	-0.4424665291940397
4758.0	0.96	-0.4964119381262868	-0.019856477525051472
4191.0	0.93	-10.068923191160389	-0.4027569276464156
842.2	1.25	-4.815469868014642	-0.19261879472058568
4.6455	0.77	-20.223552878595363	-0.8089421151438145
359.51	1.43	-5.264300069761757	-0.21057200279047028
359.51001	1.38	-5.091669282509086	-0.20366677130036345
521.0	1.65	-3.85146630700128	-0.1540586522800512
2.178	1.08	-1.715205909662041	-0.06860823638648164
7.951	1.08	-2.5606973060939238	-0.10242789224375695
12.028	1.08	-10.57904903227979	-0.42316196129119166
820.2	1.8	-21.1858875007772	-0.8474355000310879
12.62	1.12	-16.959727939648246	-0.6783891175859299
1178.4	1.09	-4.080331246884729	-0.16321324987538915
1178.40002	1.42	-7.5930448046710435	-0.30372179218684175
986.0	0.97	-12.760416425387682	-0.5104166570155073
351.0	1.19	-1.3425097788746374	-0.0537003911549855
577.2	1.33	-9.806023305833776	-0.39224093223335105
577.90002	1.72	-5.648625314876222	-0.22594501259504887
577.9	1.31	-0.17385148127291172	-0.006954059250916469
2149.0	1.33	-14.898718212538633	-0.5959487285015453
2111.0	1.31	-17.03086982503668	-0.6812347930014673
743.0	1.08	-1.7005420816665264	-0.06802168326666105
637.0	1.08	-10.380299925978	-0.41521199703912004
646.485	1.03	-4.3296651966916215	-0.17318660786766488
4472.967	1.03	-7.622543173540566	-0.30490172694162265
3947.0	1.13	-9.318107579197886	-0.37272430316791544
2986.0	1.08	-0.7576792866821618	-0.03030717146728647
9.6369	1.03	-5.851686095037945	-0.23406744380151778
9.55	1.1	-25.673151943934943	-1.0269260777573979
307.9	1.13	-7.165079177366666	-0.28660316709466666
307.475	1.03	-15.094745830851927	-0.6037898332340771
310.55	1.08	-24.335175895686348	-0.9734070358274539
75.455	1.1	-9.682068824069987	-0.38728275296279946
75.523	1.11	-8.603898197860318	-0.3441559279144127
990.0	1.29	-13.079813620809551	-0.5231925448323821
8.428198	0.75	-1.297001867570768	-0.05188007470283072
75.29	1.09	-2.0293490879331437	-0.08117396351732575
75.2203	1.12	-6.585520132606123	-0.26342080530424494
75.195	1.12	-1.0621518523765654	-0.042486074095062616
1272.0	1.12	-11.243572589535905	-0.4497429035814362
1314.0	1.09	-0.6010042537092992	-0.02404017014837197
1267.4	1.12	-10.878508693130364	-0.43514034772521454
17.24	1.2	-4.933287148670494	-0.19733148594681976
282.4	1.13	-0.9968487705029707	-0.03987395082011883
280.17	1.12	-3.2594465570949795	-0.1303778622837992
40.0	0.99	-7.769220002765444	-0.31076880011061775
606.4	0.8	-7.146044111054953	-0.2858417644421981
1201.1	0.87	-4.17807158051513	-0.1671228632206052
1155.0	0.76	-7.201344039767428	-0.2880537615906971
1207.0	0.93	-3.986188555005204	-0.15944754220020815
75.817	0.92	-28.399456296943796	-1.135978251877752
41.763	0.92	-5.895915383458171	-0.23583661533832684
2343.0	1.1	-3.085413153881394	-0.12341652615525575
2342.6	1.06	-14.534587653484262	-0.5813835061393705
5144.0	0.81	-21.105194806154042	-0.8442077922461617
420.77	1.72	-9.381387926053097	-0.3752555170421239
20.6532	1.08	-8.079530819097076	-0.32318123276388305
58.11212	0.98	-1.5598345004776653	-0.06239338001910661
58.11247	0.99	-7.417526646819136	-0.29670106587276546
58.11159	1.04	-2.201235964405627	-0.08804943857622508
58.11289	0.98	-15.824557552810596	-0.6329823021124239
1748.2	0.98	-8.194638345940884	-0.32778553383763537
1749.67	1.04	-10.404382062411335	-0.4161752824964534
6.404	0.93	-9.711380856059511	-0.3884552342423805
6.404	1.07	-4.914288698320063	-0.19657154793280252
6.4045	0.89	-7.745269546266885	-0.3098107818506754
14773.93272	0.8	-5.366125811462281	-0.21464503245849123
225.67372	1.17	-5.790744339677655	-0.2316297735871062
1831.9	1.41	-9.077723836382788	-0.3631089534553115
1834.3	1.41	-14.975344934888927	-0.599013797395557
1145.0	1.14	-5.895180476384852	-0.2358072190553941
1130.0	1.13	-4.304906386131004	-0.17219625544524017
359.9	2.3	-8.184509851233393	-0.3273803940493357
359.89999	6.73	-16.174685921324834	-0.6469874368529933
550.0	1.53	-5.1713583390107924	-0.2068543335604317
1532.0	0.96	-4.309381368443311	-0.17237525473773244
1515.0	0.92	-6.32459513503287	-0.2529838054013148
21.216398	1.27	-0.39038403733950666	-0.015615361493580266
21.2	1.2	-7.798798719965808	-0.31195194879863236
21.21663	1.41	-2.2523199903896924	-0.0900927996155877
21.21663	1.24	-13.250753117331493	-0.5300301246932597
21.2167	1.23	-4.1234379071796115	-0.16493751628718445
322.03	2.0	-13.464327845712063	-0.5385731138284825
582.0	1.8	-2.6812842712575566	-0.10725137085030227
1290.0	1.1	-7.131551109736231	-0.28526204438944924
1175.0	1.09	-6.962365281208354	-0.27849461124833413
297.3	1.65	-2.8130989338315433	-0.11252395735326173
299.05	1.45	-2.434855256670611	-0.09739421026682445
29.01	0.71	-18.92761606741654	-0.7571046426966617
623.8	0.98	-2.2363475672680506	-0.08945390269072202
406.6	1.47	-3.9935166657883396	-0.15974066663153358
407.37	1.32	-8.565503065661769	-0.3426201226264708
71.479	1.03	-12.782404080689233	-0.5112961632275693
71.487	0.87	-0.7597874429474432	-0.030391497717897727
14.479	1.14	-3.9676689135208028	-0.1587067565408321
14.476	1.15	-12.073432635876403	-0.48293730543505614
3.093	1.24	-8.355176022795472	-0.3342070409118189
3.092535	1.22	-4.413629989531488	-0.17654519958125953
2278.0	1.49	-6.20728985948572	-0.24829159437942883
396.03	2.2	-14.371996480878249	-0.57487985923513
394.73	2.6	-25.940925215486665	-1.0376370086194666
105.9	0.45	-3.8851940960339295	-0.15540776384135718
105.911	0.48	-8.19359519258478	-0.32774380770339123
479.0	1.52	-1.3673940061029737	-0.05469576024411895
510.9	1.41	-6.16943288227203	-0.2467773152908812
7593.40512	0.94	-8.084893407009229	-0.32339573628036916
7450.0	1.01	-4.0724184252703015	-0.16289673701081206
7504.0	0.97	-1.7717868191812078	-0.07087147276724831
663.0	2.25	-4.733945572092935	-0.1893578228837174
9.3743	0.63	-12.37080266080574	-0.49483210643222963
9.37459	0.81	-12.552225816427432	-0.5020890326570973
9.3745	0.78	-13.372458062866738	-0.5348983225146695
9.3743	0.78	-0.6164753734224744	-0.024659014936898975
975.41	0.81	-3.2489096567091003	-0.129956386268364
2468.46	0.81	-18.78920844517163	-0.7515683378068653
956.0	0.92	-3.050854588069862	-0.12203418352279448
625.09	1.17	-11.026676814937414	-0.44106707259749656
17.471275	1.03	-8.084204543798348	-0.32336818175193394
484.3	1.35	-7.888047373722599	-0.315521894948904
836.4	1.35	-10.014054778790506	-0.40056219115162023
6.83785	1.57	-8.291110964485696	-0.3316444385794279
6.8399	1.33	-19.676485906444242	-0.7870594362577696
6.838	1.28	-4.125221863170571	-0.16500887452682286
4.1374354	0.86	-8.950835303664164	-0.35803341214656653
4.137437	0.81	-4.295293452098523	-0.17181173808394093
3.097	1.0	-4.193062089206139	-0.16772248356824557
3.0966	1.04	-9.153998939750792	-0.3661599575900317
3380.0	1.04	-4.540721867227794	-0.18162887468911176
3324.0	1.04	-9.214970831081352	-0.3685988332432541
3810.0	1.04	-0.8394621769755208	-0.033578487079020836
456.46	1.08	-18.588711469258673	-0.7435484587703469
461.2	1.09	-12.191301047929386	-0.4876520419171754
33.688	0.83	-13.343578796612322	-0.5337431518644928
2.21857567	0.79	-1.6335852894456906	-0.06534341157782762
2.2185752	0.84	-7.8047498595232385	-0.31218999438092954
2.218577	0.81	-2.869697264139863	-0.11478789056559452
2.219	0.82	-7.06438048008218	-0.2825752192032872
2.218	0.84	-10.889966216009219	-0.43559864864036874
11.72	0.77	-5.579242545649778	-0.2231697018259911
1146.6	1.22	-14.858071028660111	-0.5943228411464044
2891.0	0.96	-9.203145957306196	-0.3681258382922479
2889.0	0.98	-10.490356320942297	-0.4196142528376919
3902.0	0.96	-7.398206239980268	-0.2959282495992107
2867.9	0.98	-3.1549482651141623	-0.1261979306045665
17.111	0.98	-14.070918347751592	-0.5628367339100637
1176.45	1.07	-14.745212132376825	-0.589808485295073
1038.09998	1.14	-3.6203367409697877	-0.14481346963879152
9970.0	0.91	-8.542666364473403	-0.3417066545789361
1603.38923	1.07	-15.524466773413986	-0.6209786709365595
1604.0	1.14	-13.962686159752332	-0.5585074463900933
8.880403	0.92	-30.92174522118375	-1.23686980884735
8.8803256	0.81	-1.629073011139102	-0.06516292044556408
28.58059	0.92	-4.9459466733128075	-0.1978378669325123
28.5805	0.81	-13.53643652144594	-0.5414574608578376
28.57968	0.92	-6.958164982677988	-0.2783265993071195
38.3561	0.92	-12.246349715631219	-0.48985398862524876
38.3525	0.81	-17.456936061359244	-0.6982774424543697
101.723	0.82	-7.992857317843069	-0.31971429271372276
101.12	0.81	-15.094143977696666	-0.6037657591078667
284.0	0.81	-5.2239607659230485	-0.20895843063692193
24.348	0.75	-2.745538178791519	-0.10982152715166077
24.3587	0.81	-8.53664560835719	-0.3414658243342876
23.646	0.74	-0.9523081403758731	-0.03809232561503492
24.3597	0.82	-9.471528312799732	-0.3788611325119893
74.39	0.85	-5.5033588486640586	-0.22013435394656233
74.72	0.8	-7.534111448265856	-0.3013644579306342
525.8	0.8	-5.372658320928801	-0.21490633283715205
351.5	1.68	-10.829271808778739	-0.43317087235114954
13092.18348	1.06	-6.732058183292241	-0.26928232733168966
18.2	1.03	-2.3717240363774694	-0.09486896145509878
18.27	0.98	-10.959358078129732	-0.4383743231251893
18.2008	1.06	-8.862783309383422	-0.3545113323753369
18.20132	1.21	-1.8863737492226869	-0.07545494996890748
1378.0	1.31	-8.887476793704547	-0.3554990717481819
1392.0	1.27	-8.492429285932843	-0.33969717143731376
3638.0	1.29	-14.919942154541765	-0.5967976861816706
1346.85	1.33	-14.982817112877886	-0.5993126845151154
1035.7	1.11	-6.542331651410031	-0.26169326605640125
535.7	1.34	-1.287490381757595	-0.0514996152703038
466.2	1.36	-1.7332081220979263	-0.06932832488391705
11.8482	0.88	-3.041973926295344	-0.12167895705181377
606.3	1.39	-9.429151798933473	-0.3771660719573389
852.5	1.39	-11.080285125905617	-0.4432114050362247
825.0	1.44	-4.5432484362947125	-0.1817299374517885
946.6	1.91	-15.408376927184102	-0.6163350770873641
3.308958	1.72	-14.170334996876024	-0.566813399875041
3.3088753	1.72	-18.88977348618294	-0.7555909394473176
2481.07227	2.82	-10.476013241834352	-0.4190405296733741
1183.0	0.98	-4.8856353050884405	-0.19542541220353762
1120.0	1.23	-13.475797854957042	-0.5390319141982817
2041.11539	1.03	-2.713294663432376	-0.10853178653729505
2050.0	1.04	-2.90944039062685	-0.116377615625074
1733.0	0.74	-15.247194186173594	-0.6098877674469437
279.8	1.22	-6.841341458764031	-0.27365365835056127
673.2	1.55	-22.74093490907415	-0.9096373963629659
610.0	1.93	-13.339497326017247	-0.5335798930406899
610.0	1.56	-5.590094059901194	-0.22360376239604776
9350.0	1.32	-14.466536624467494	-0.5786614649786997
6.441008	0.8	-3.5398038625190695	-0.1415921545007628
29.158	0.7	-5.14038027252303	-0.20561521090092122
577.9	1.04	-8.428169912046243	-0.33712679648184973
585.86	1.0	-21.935125620927895	-0.8774050248371158
597.0643	1.04	-2.4139139974831956	-0.09655655989932782
597.065	1.02	-21.76976222419902	-0.8707904889679609
591.90002	1.07	-9.183605641395165	-0.3673442256558066
16.20166	0.82	-8.371098198210515	-0.3348439279284206
16.202159	0.8	-0.20007747160962408	-0.008003098864384963
90.309	0.7	-0.4596440082923179	-0.018385760331692716
89.68	0.79	-14.39330159990942	-0.5757320639963768
147.02	0.81	-5.572041001107794	-0.22288164004431177
647.6	0.79	-2.8675881367496725	-0.1147035254699869
130.0	0.95	-5.674238510333456	-0.22696954041333825
129.97	1.05	-10.99396809369276	-0.43975872374771047
380.85001	0.39	-15.237904478321168	-0.6095161791328467
352.7	1.25	-12.143552531863387	-0.4857421012745355
358.27	1.25	-7.71159805436422	-0.3084639221745688
3.5239	1.03	-6.350562784839088	-0.2540225113935635
3.52	1.13	-17.679533858549682	-0.7071813543419873
3.52474859	1.23	-0.454773102474868	-0.018190924098994723
3.52474859	1.1	-17.103780672434223	-0.684151226897369
3.525	1.1	-2.533446259080427	-0.10133785036321707
3.52474955	1.12	-15.360571940028862	-0.6144228776011545
442.943	0.96	-6.5822302697779485	-0.26328921079111794
442.19	1.01	-14.341479080821983	-0.5736591632328794
355.5	1.33	-0.7531646720674849	-0.0301265868826994
354.1	1.61	-10.197577071197953	-0.40790308284791815
223.8	1.2	-3.6330960725523282	-0.14532384290209313
373.29999	2.41	-11.09497833045038	-0.4437991332180152
951.0	1.22	-14.780618256123597	-0.5912247302449439
882.70001	1.57	-8.048836828697564	-0.32195347314790257
879.19	1.22	-17.227189964834846	-0.6890875985933939
17000.0	1.05	-6.613104313915333	-0.2645241725566133
11.12214	1.05	-1.6708201860564817	-0.06683280744225926
4.78503	1.07	-13.883512018715134	-0.5553404807486054
84.288	0.89	-7.77164933859518	-0.31086597354380724
1854.4	1.31	-7.166914313665708	-0.2866765725466283
1854.6	1.22	-5.015322418957483	-0.20061289675829932
1877.0	1.22	-6.093010196076201	-0.24372040784304805
5.75999	0.77	-9.860763496833838	-0.3944305398733535
7.28243	0.77	-16.29363008713924	-0.6517452034855695
3.93404	0.87	-16.964344339368353	-0.6785737735747341
566.0	0.92	-4.303300839986806	-0.17213203359947224
567.94	0.87	-3.564388670593613	-0.14257554682374454
1391.0	1.25	-2.008647214704249	-0.08034588858816996
1294.0	1.15	-9.955385323922997	-0.39821541295691987
1334.28	1.17	-4.53219070269214	-0.1812876281076856
1336.0	1.17	-16.55697104487676	-0.6622788417950705
1256.0	1.06	-3.7052550603483185	-0.14821020241393273
35.45	0.82	-7.915360510628745	-0.3166144204251498
35.466	0.79	-2.536217354838678	-0.10144869419354713
22.6786	0.8	-34.267159378270605	-1.3706863751308243
7.126846	0.98	-2.494539365070045	-0.09978157460280179
5178.0	1.11	-14.92956951917115	-0.5971827807668459
3352.0	1.02	-14.303830101651137	-0.5721532040660455
5189.0	0.98	-8.027640502428978	-0.32110562009715915
1319.0	1.02	-15.509337618601762	-0.6203735047440705
2.52221	1.14	-17.035302974497576	-0.6814121189799031
2560.19774	1.08	-10.91623313142826	-0.4366493252571304
225.7	0.76	-11.801889545328915	-0.4720755818131566
225.7	0.85	-8.377899575944284	-0.33511598303777135
5513.0	1.51	-8.738862821425634	-0.3495545128570254
5380.0	1.05	-9.704943891108226	-0.388197755644329
3.0935	0.78	-3.125324381891196	-0.12501297527564784
3.09292	0.81	-17.67017647013537	-0.7068070588054148
6.767	0.78	-20.393147463392378	-0.8157258985356951
6.76406	0.79	-20.781870766557315	-0.8312748306622926
6.76458	0.81	-10.667980497820126	-0.4267192199128051
46.859	0.81	-4.994525148127784	-0.19978100592511136
22.805	0.79	-11.357390024274597	-0.45429560097098387
94.2	0.79	-5.2699990345296115	-0.21079996138118445
2247.0	0.79	-3.8594572723842844	-0.1543782908953714
275.5	1.46	-10.46571107111034	-0.4186284428444136
2093.3	1.0	-12.278523199153657	-0.4911409279661463
6.03607	0.92	-17.963902815832895	-0.7185561126333159
6.034468	0.92	-2.678291804358354	-0.10713167217433416
3.83492	1.18	-1.073181680382828	-0.04292726721531312
3.83483	1.04	-13.777152400274868	-0.5510860960109948
4682.0	1.18	-11.877759024108325	-0.475110360964333
4789.87297	1.04	-7.494629000361972	-0.2997851600144789
4791.0	1.23	-6.615220772117856	-0.2646088308847142
672.09998	2.2	-10.525320212130303	-0.42101280848521216
1728.0	0.91	-18.751279125958312	-0.7500511650383325
2266.4	1.02	-11.009899074941748	-0.4403959629976699
3724.7	1.16	-13.919827592394478	-0.5567931036957792
218.47	1.13	-3.3827514481998784	-0.13531005792799514
456.1	1.25	-8.675374822689884	-0.34701499290759535
14.2767	1.21	-34.710638091796476	-1.388425523671859
22482.0	1.67	-3.6079141903869227	-0.14431656761547693
10090.0	1.35	-3.9191593808829204	-0.1567663752353168
8615.41549	1.06	-6.7636417151353125	-0.2705456686054125
1173.0	1.19	-2.7154045285311463	-0.10861618114124585
3999.0	1.21	-18.03413981341941	-0.7213655925367765
3270.0	1.13	-3.7121022005945097	-0.14848408802378038
3999.0	1.13	-1.8110580396851466	-0.07244232158740586
14892.0	0.76	-0.23211891663232742	-0.009284756665293097
572.38	0.99	-16.33217078156133	-0.6532868312624532
575.9	1.0	-23.54555041986184	-0.9418220167944736
1201.0	1.34	-8.162029961974874	-0.3264811984789949
1202.05199	1.23	-19.975055486754012	-0.7990022194701605
26.6904	1.31	-5.853705636265823	-0.2341482254506329
5.09071	0.68	-1.5585698614558683	-0.062342794458234735
47.42489	1.1	-2.818468503835413	-0.11273874015341653
626.0	1.1	-18.189935641413676	-0.7275974256565471
730.6	1.01	-7.639223020247619	-0.3055689208099048
1211.17	1.21	-4.267100075838394	-0.17068400303353579
1214.0	1.13	-19.988455295772848	-0.7995382118309139
141.60001	1.52	-21.9361263694937	-0.877445054779748
192.0	1.5	-14.738372716253819	-0.5895349086501528
4047.0	0.82	-17.81163367882865	-0.712465347153146
29.79749	0.67	-14.06872418091504	-0.5627489672366016
7.90754	0.67	-14.010449057792133	-0.5604179623116854
12.1621839	0.67	-9.192868304718225	-0.367714732188729
1535.11912	1.1	-12.708901664485754	-0.5083560665794302
1561.0	1.47	-0.3674764391062366	-0.014699057564249465
1561.0	1.16	-17.663432898864666	-0.7065373159545867
1565.0	1.1	-8.672126434493524	-0.34688505737974096
1570.0	1.32	-20.50740846622232	-0.8202963386488928
4100.0	1.47	-3.734646814219232	-0.14938587256876928
745.70001	8.76	-6.17457995387616	-0.2469831981550464
745.7	1.69	-1.0140543605307992	-0.04056217442123197
3668.0	1.18	-4.793262244089423	-0.19173048976357693
3552.0	1.1	-1.8751773030023664	-0.07500709212009465
3668.0	1.11	-12.893235655950246	-0.5157294262380099
3498.0	1.18	-8.953277827868597	-0.3581311131147439
515.4	1.1	-21.979682254455756	-0.8791872901782303
535.6	1.0	-17.871241136210983	-0.7148496454484393
535.59998	1.61	-9.024449419937117	-0.36097797679748467
2.0455	1.22	-0.5778336184916735	-0.02311334473966694
1845.0	1.09	-7.323847904659865	-0.2929539161863946
7.0491423	1.25	-7.787715773961871	-0.31150863095847486
7.049144	1.19	-6.715618371897894	-0.26862473487591576
3.04405	1.25	-9.890770734093664	-0.39563082936374655
3.04405	1.19	-1.4842067342494993	-0.05936826936997997
457.01	2.12	-4.555430032007745	-0.1822172012803098
41.83156	1.08	-0.5879425183072342	-0.02351770073228937
26308.65619	1.08	-0.5766336004817245	-0.02306534401926898
2.76953	0.44	-1.0612382752385612	-0.04244953100954245
10942.29013	1.12	-12.304670449423664	-0.4921868179769466
3.4442	0.77	-24.335898778277997	-0.9734359511311199
3.458	0.92	-4.449304550188055	-0.17797218200752218
3.4442	0.93	-4.881988315115043	-0.19527953260460174
4.1269052	1.43	-13.328710326984579	-0.5331484130793832
4.1269047	1.43	-13.165464466173097	-0.5266185786469239
4.12688	1.43	-15.115057998866064	-0.6046023199546425
415.2	1.2	-12.954355401419642	-0.5181742160567857
428.1	1.23	-14.222444424741303	-0.5688977769896522
2198.14	0.94	-10.590474388078816	-0.42361897552315264
2170.0	0.94	-4.219552859357007	-0.16878211437428028
2208.0	0.94	-4.684678977405605	-0.18738715909622422
18.01939	0.81	-5.609908638589654	-0.22439634554358617
18.02	0.8	-5.234495092991612	-0.20937980371966447
17.991	0.8	-3.532410947329982	-0.1412964378931993
5019.54244	0.81	-1.2907829948526226	-0.0516313197941049
22.89104	1.26	-15.82434588485019	-0.6329738353940076
379.0	1.24	-4.994304885545667	-0.19977219542182667
385.54	1.02	-8.355827827433796	-0.3342331130973518
385.9	0.98	-7.969577529818948	-0.31878310119275793
379.0	1.02	-17.569504318287038	-0.7027801727314815
17417.92079	0.99	-14.948531676733166	-0.5979412670693267
6.0881	0.73	-3.16712771600533	-0.1266851086402132
6.0881	0.82	-15.957273626347174	-0.638290945053887
8.7752	0.51	-13.780096221847389	-0.5512038488738956
8.776	0.48	-6.309994135533367	-0.2523997654213347
380.2	1.53	-13.158184962244984	-0.5263273984897994
1362.3	0.85	-21.39057766667377	-0.8556231066669509
2443.0	0.84	-0.19976227459692497	-0.007990490983876998
311.60001	1.97	-0.4542759271085246	-0.018171037084340983
311.6	2.54	-7.592402348035199	-0.30369609392140795
312.08	1.91	-1.4072282813249726	-0.056289131252998906
20608.14049	0.75	-2.996577718422891	-0.11986310873691564
2514.53422	0.98	-2.8779403114180853	-0.11511761245672342
2527.83	1.05	-2.7700717457481883	-0.11080286982992753
2770.0	0.93	-24.46651331180452	-0.9786605324721808
12085.45186	0.98	-1.6530894530481643	-0.06612357812192657
11613.0	0.99	-4.0932581939312325	-0.1637303277572493
1157.0	1.22	-3.5262428060944204	-0.14104971224377683
1153.0	1.22	-5.7293807609851175	-0.22917523043940471
1159.2	1.23	-2.147650759552646	-0.08590603038210586
1684.0	0.92	-11.906547762143989	-0.47626191048575955
912.0	1.65	-4.5075898464208475	-0.1803035938568339
847.0	1.17	-13.099531028024106	-0.5239812411209642
468.7	1.33	-2.5778250987358127	-0.10311300394943251
466.0	1.7	-2.024186663550189	-0.08096746654200755
466.0	1.23	-11.558309841595356	-0.4623323936638143
51.2053	0.96	-15.451972210211721	-0.6180788884084689
0.959641	0.86	-7.918007034707021	-0.31672028138828084
0.959624	0.94	-0.46889850334635597	-0.01875594013385424
0.959632	0.88	-5.587505650895308	-0.22350022603581232
0.95965428	0.85	-10.928295414222276	-0.43713181656889105
29.83832	0.94	-5.156501941546321	-0.20626007766185286
29.8454	0.88	-2.1431057522384545	-0.08572423008953818
29.84622	0.88	-8.524323565451155	-0.3409729426180462
29.8454	0.86	-16.09633047129831	-0.6438532188519324
29.844982	0.89	-8.920234178036235	-0.3568093671214494
8.4112	0.84	-10.848174176648524	-0.43392696706594097
8.509	0.86	-13.996324783634716	-0.5598529913453887
102.09	0.85	-0.31055579391842936	-0.012422231756737175
96.63	0.84	-6.880031575377939	-0.27520126301511755
3.38773	0.7	-10.84739910451226	-0.43389596418049037
621.62	1.03	-7.703498479479929	-0.3081399391791972
326.0	1.41	-3.996983477558441	-0.15987933910233765
330.0	1.52	-1.9806468382573825	-0.0792258735302953
326.60001	1.78	-9.204865918735717	-0.36819463674942865
89.9	1.52	-15.346566220215564	-0.6138626488086226
18.71204	1.13	-0.9245788508950932	-0.036983154035803725
18.712024	1.16	-15.432792029723476	-0.6173116811889391
18.7120712	1.13	-29.853418489357402	-1.1941367395742961
18.179	1.24	-3.2619954707677046	-0.1304798188307082
18.179	1.47	-1.470745413050691	-0.058829816522027636
388.0	1.25	-10.916150731418917	-0.43664602925675666
551.4	1.78	-19.21322391400609	-0.7685289565602436
916.0	1.78	-1.1983527712855038	-0.04793411085142015
1059.0	1.11	-9.764953072818237	-0.3905981229127295
214.67	1.07	-1.7324279163317522	-0.06929711665327008
5700.0	1.07	-6.728873770574806	-0.26915495082299223
82.467	1.15	-12.28418639128808	-0.4913674556515232
490.0	1.14	-14.50103896706474	-0.5800415586825897
62.218	0.88	-2.150298436318869	-0.08601193745275476
62.197	0.9	-14.712460194471698	-0.5884984077788679
62.242	0.89	-15.445754134239243	-0.6178301653695697
62.206	0.9	-18.081286970465268	-0.7232514788186107
153.0	0.91	-0.8476839182952034	-0.033907356731808135
154.378	0.85	-12.270059261674591	-0.49080237046698366
154.26	0.81	-4.832889760918812	-0.1933155904367525
885.5	0.85	-14.438134912144733	-0.5775253964857894
1942.0	0.91	-2.4189722464314842	-0.09675888985725938
1768.0	0.81	-17.145220862796904	-0.6858088345118761
2295.0	0.78	-10.133807077333003	-0.4053522830933201
55.01292	0.94	-18.015991464690135	-0.7206396585876054
55.027	0.92	-4.833927993946748	-0.19335711975786993
54.21	0.92	-7.460355095361073	-0.2984142038144429
2720.0	0.94	-3.2109931642975926	-0.1284397265719037
2720.0	1.0	-7.705653517512338	-0.30822614070049353
1211.0	0.85	-5.382149519715988	-0.2152859807886395
363.2	1.08	-1.6907122315701164	-0.06762848926280465
363.20001	1.37	-4.796156562523866	-0.19184626250095463
14.3102	0.98	-8.199081862504794	-0.3279632745001918
14.30944	1.41	-9.272985931938104	-0.37091943727752413
14.32	1.39	-6.056537716207335	-0.2422615086482934
14.3098	1.48	-0.6240220690747693	-0.02496088276299077
14.3093	0.98	-12.572599334800671	-0.5029039733920269
2133.3	1.53	-12.42563982496974	-0.4970255929987896
2132.4	1.34	-12.326883162592095	-0.4930753265036838
2146.1	0.98	-6.507408734020558	-0.2602963493608223
2136.1	1.41	-1.0702669478730729	-0.042810677914922914
685.25	1.21	-11.989592926229765	-0.4795837170491906
687.14	1.29	-16.92355896647402	-0.6769423586589608
696.3	1.36	-10.181136959823334	-0.40724547839293335
696.29999	1.64	-1.470675322333387	-0.05882701289333548
2091.2	1.02	-26.955986138734353	-1.0782394455493742
2093.07	1.09	-11.25692804079224	-0.4502771216316896
2151.0	1.1	-13.254006533584562	-0.5301602613433825
2088.33	1.07	-12.536259368875376	-0.5014503747550151
14.03	0.67	-7.7852711084201305	-0.3114108443368052
3.2498	0.87	-7.817053577925437	-0.3126821431170175
4.3115	0.77	-1.3124073466144082	-0.05249629386457633
4.3123	0.77	-18.51024318645191	-0.7404097274580764
9.6184	0.77	-18.110378056486926	-0.724415122259477
20.432	0.77	-5.896685458580801	-0.23586741834323202
20.4185	0.77	-2.050693680223203	-0.08202774720892812
197.8	0.77	-9.954947664349628	-0.3981979065739851
578.6	2.0	-3.704394153861064	-0.14817576615444256
264.15	1.15	-8.718077196460909	-0.34872308785843636
265.36	1.23	-1.3136207127860424	-0.052544828511441696
263.84	1.16	-18.11595982198235	-0.724638392879294
526.5239	1.01	-8.104309453207524	-0.32417237812830096
526.62	0.99	-15.729626137415709	-0.6291850454966283
857.5	0.83	-16.058031296977823	-0.6423212518791129
406.0	1.06	-12.648376097015351	-0.505935043880614
431.88	1.25	-2.260516412370643	-0.09042065649482572
437.18	1.14	-7.561118835430619	-0.30244475341722477
437.05	0.99	-1.256073282304417	-0.050242931292176676
431.88	1.13	-6.375807544870223	-0.2550323017948089
6700.0	0.99	-2.664981951156279	-0.10659927804625116
7053.0	1.13	-8.374432706411467	-0.33497730825645866
829.0	0.93	-27.328598655913844	-1.0931439462365538
828.0	0.87	-10.842614649370462	-0.43370458597481854
148.49	0.92	-9.582271097066137	-0.3832908438826455
13.630828	0.95	-4.2808387868773785	-0.17123355147509514
356.0	1.72	-6.046631586280155	-0.2418652634512062
356.0	2.47	-17.039842873964595	-0.6815937149585838
308.92072	0.96	-8.665503193622442	-0.3466201277448977
36.96	1.38	-12.883733002638976	-0.5153493201055591
472.0	1.2	-14.438055361318723	-0.5775222144527489
472.3	1.0	-0.8725069101860359	-0.034900276407441436
5.8854	1.03	-12.352675758540213	-0.4941070303416085
13.1354	1.03	-12.928209030860799	-0.517128361234432
890.76	1.02	-2.274591180757086	-0.09098364723028345
345.43	0.82	-22.316180846449594	-0.8926472338579838
342.85	0.82	-20.707723115253977	-0.828308924610159
44.073	0.92	-9.808063037434884	-0.3923225214973954
43.6	0.54	-9.501834634899314	-0.3800733853959726
43.6	0.83	-3.8504784696965677	-0.15401913878786272
4.0845	0.96	-17.472699437135375	-0.698907977485415
360.2	1.74	-5.536152430585118	-0.22144609722340472
371.74	1.39	-7.649690613275318	-0.30598762453101275
3184.2	1.39	-10.129557576684919	-0.4051823030673968
363.3	1.81	-3.855182076558177	-0.1542072830623271
677.53	1.81	-9.182126251702915	-0.36728505006811657
682.85	2.19	-1.8561232360664868	-0.07424492944265947
684.7	1.81	-0.3850858542714364	-0.015403434170857455
434.9	0.98	-7.7605618909446985	-0.31042247563778796
434.0	1.05	-6.357275093786267	-0.2542910037514507
778.51	1.31	-15.40151735366753	-0.6160606941467012
38.06	0.69	-2.757150936750791	-0.11028603747003164
151.92	0.69	-1.9468364453479814	-0.07787345781391926
400.5	1.32	-4.646458978803372	-0.18585835915213486
4.9437	0.99	-4.981696838088659	-0.19926787352354638
4.948	1.0	-3.2409482314447775	-0.1296379292577911
4.94737	1.06	-8.669864770474348	-0.3467945908189739
4.94737	1.03	-8.167005663810473	-0.3266802265524189
2482.7	1.24	-10.040325686612373	-0.40161302746449495
2453.0	1.28	-15.66471391340313	-0.6265885565361252
1293.0	1.11	-8.348616085937234	-0.33394464343748936
1224.0	1.05	-5.988098871136635	-0.2395239548454654
1254.6	1.06	-17.931007087048993	-0.7172402834819598
14.0726	0.8	-5.237053817224059	-0.20948215268896234
119.263	1.22	-5.98363626024482	-0.2393454504097928
119.27	1.2	-6.979772997459381	-0.27919091989837524
118.96	1.13	-7.467302517036325	-0.298692100681453
14.339156	1.13	-4.175145589038092	-0.1670058235615237
14.339169	1.13	-20.78788603560015	-0.831515441424006
674.6	1.56	-2.5873413475086533	-0.10349365390034614
641.0	1.44	-5.710422508145414	-0.22841690032581657
641.0	1.51	-2.3006988132570734	-0.09202795253028294
877.0	1.27	-10.884415379247928	-0.4353766151699171
1827.0	1.29	-12.718743124871677	-0.5087497249948671
139.35	1.01	-8.261033610035298	-0.33044134440141193
779.9	1.53	-0.9645444153132368	-0.03858177661252947
792.59998	1.98	-12.901210568723116	-0.5160484227489246
792.6	1.55	-19.60650590810028	-0.7842602363240113
492.3	0.96	-12.523563895317093	-0.5009425558126838
29.04992	1.89	-13.77430383400356	-0.5509721533601424
5859.08992	1.03	-14.969196026017215	-0.5987678410406886
299.36	1.9	-13.054383621721879	-0.5221753448688752
495.4	1.7	-0.4583963168302656	-0.018335852673210626
201.3	1.44	-9.053668700663652	-0.36214674802654606
600.1	1.5	-5.142062247586965	-0.20568248990347862
5.254467	1.0	-1.263417710034672	-0.05053670840138688
5.2549	1.03	-13.859205547738117	-0.5543682219095247
27399.80247	1.19	-7.297794438741217	-0.2919117775496487
74839.94555	1.19	-10.6989851602457	-0.427959406409828
596.6	1.73	-1.0235352500373884	-0.04094141000149554
14306.88519	1.08	-2.3462617648148134	-0.09385047059259254
7.1079384	0.99	-0.7648963110547615	-0.03059585244219046
7.10793	0.99	-16.740264086813816	-0.6696105634725527
7.107939	0.99	-19.8282835539143	-0.793131342156572
7.107789	0.99	-19.260867688327906	-0.7704347075331163
20.5453	0.99	-13.169177272257333	-0.5267670908902933
2.81805	0.42	-19.24390934966149	-0.7697563739864596
358.0	0.65	-7.322658246478459	-0.29290632985913834
9.058807	0.94	-16.962754987694648	-0.6785101995077859
9.058811	0.93	-9.540508290815403	-0.3816203316326161
45.791	0.95	-16.883564857428336	-0.6753425942971335
21.998	1.1	-16.940138670056097	-0.6776055468022439
22.017	0.89	-1.9813949664586668	-0.07925579865834667
572.4	1.0	-12.475225183148183	-0.49900900732592735
152.6	1.0	-11.245421997096301	-0.44981687988385205
2263.12	1.08	-6.3113478304967865	-0.2524539132198715
2293.9	1.01	-19.175910352947998	-0.7670364141179199
1973.0	1.0	-6.526216263427688	-0.2610486505371075
2288.9	1.05	-11.71045181613225	-0.46841807264529
2269.81726	1.01	-9.111046279080014	-0.36444185116320055
39000.0	1.05	-14.829869926708799	-0.593194797068352
10478.84437	1.01	-3.741536715014048	-0.14966146860056193
352.2	1.36	-3.73868620446338	-0.14954744817853521
2496.0	1.08	-5.99802045219179	-0.2399208180876716
1103.0	1.12	-7.833433823509393	-0.31333735294037574
6.276	1.2	-11.04347501294258	-0.4417390005177032
16000.0	1.17	-10.34178075219781	-0.4136712300879124
1193.3	1.68	-2.780036654722106	-0.11120146618888424
8.667	0.86	-11.825667260215956	-0.47302669040863826
31.56	0.86	-20.938813252047105	-0.8375525300818842
31.613	0.89	-12.073897431000585	-0.4829558972400234
200.61	0.89	-11.67942976668705	-0.46717719066748203
851.8	1.0	-14.098419816468201	-0.5639367926587281
2124.54	1.08	-22.74550887382952	-0.9098203549531809
2068.0	1.05	-1.7422105164404007	-0.06968842065761603
615.0	0.89	-8.314827777692523	-0.3325931111077009
858.0	1.21	-0.8115091916049804	-0.03246036766419921
3658.0	1.06	-4.297726749862882	-0.17190906999451527
3630.0	1.09	-2.8828336326456903	-0.11531334530582761
3570.0	1.05	-0.677541346696662	-0.02710165386786648
3549.39854	1.09	-12.263614342474671	-0.49054457369898685
3383.0	1.07	-7.471748929259947	-0.2988699571703979
18207.72098	1.09	-12.219706274262778	-0.48878825097051115
2690.0	1.0	-3.332171790851085	-0.1332868716340434
1245.36	0.9	-15.630824214827065	-0.6252329685930826
1257.2	0.89	-5.751479109682974	-0.23005916438731894
1257.99159	0.93	-16.138644892546477	-0.6455457957018591
13900.0	0.89	-2.3473065822455714	-0.09389226328982286
17071.78045	0.93	-2.4089896314769303	-0.09635958525907722
15.604	1.19	-5.456258848000525	-0.218250353920021
65.94	1.19	-18.567270089633638	-0.7426908035853456
190.5	1.05	-0.8758501231344615	-0.03503400492537846
188.9	1.01	-5.738423498579927	-0.22953693994319707
379.1	1.01	-14.174283790788408	-0.5669713516315363
1770.0	1.23	-11.600666232579588	-0.46402664930318355
1721.0	1.16	-5.6722121287615295	-0.22688848515046117
6.39805	0.73	-18.685639813725693	-0.7474255925490277
6.3980661	0.7	-4.78829993001316	-0.1915319972005264
18.87974	0.73	-3.2682334636609616	-0.13072933854643848
18.8805	0.7	-34.89312565543182	-1.3957250262172727
51.645	1.24	-7.242458475694343	-0.2896983390277737
51.63564	1.1	-8.654187047127934	-0.34616748188511737
51.63603	1.15	-2.5638827594591964	-0.10255531037836786
51.638	1.24	-8.818173078264014	-0.35272692313056053
51.6385	1.1	-3.4307719202479343	-0.13723087680991738
2448.6	1.15	-3.7936258558916216	-0.15174503423566488
2520.0	1.24	-12.37218932245204	-0.49488757289808166
2446.0	1.24	-28.35872879672398	-1.1343491518689592
2473.0	1.24	-7.054955788162325	-0.28219823152649304
2460.0	1.24	-20.650057679026084	-0.8260023071610434
2025.0	1.27	-2.3691448333913923	-0.0947657933356557
2448.9	1.1	-25.701066973561375	-1.028042678942455
1275.0	1.05	-14.382815341963981	-0.5753126136785592
1255.5	1.05	-9.500596138490904	-0.38002384553963614
1275.0	1.14	-18.01663821163661	-0.7206655284654645
1270.5	1.12	-2.396161142347382	-0.09584644569389529
15.017	1.04	-8.10603189519204	-0.3242412758076816
3449.0	1.04	-0.8326541529409288	-0.033306166117637155
3.508	1.15	-10.421973416412635	-0.41687893665650544
4356.0	1.06	-2.5236187091915205	-0.10094474836766082
341.5	1.26	-0.8866126519851214	-0.03546450607940486
5040.0	1.33	-7.426906071137065	-0.2970762428454826
7900.0	1.26	-4.900598679750082	-0.19602394719000327
3878.0	1.26	-6.830775320877556	-0.27323101283510226
422.9	1.26	-11.467196203935943	-0.45868784815743774
422.82	1.29	-20.633454566540227	-0.8253381826616091
418.2	1.28	-1.6607075663283413	-0.06642830265313365
6717.0	1.29	-3.7558550364969765	-0.15023420145987906
3.97097	1.13	-11.481194366765362	-0.45924777467061445
415.4	1.17	-8.364573273346597	-0.3345829309338639
415.891	1.0	-1.9710281358914505	-0.07884112543565802
5.7361	1.37	-11.771407160625555	-0.47085628642502225
6.527363	1.2	-15.971102038124457	-0.6388440815249783
6.527282	1.17	-17.87945988917621	-0.7151783955670484
5.3978	0.83	-2.3188791937102193	-0.09275516774840878
5.39785	0.8	-13.789752368095963	-0.5515900947238385
5.39792	0.65	-27.90174611279967	-1.1160698445119868
24.4459	0.8	-16.036663557243944	-0.6414665422897577
24.451	0.83	-4.801619718809585	-0.1920647887523834
1807.0	1.08	-19.483580247541703	-0.7793432099016682
111.429	0.96	-8.679300558215246	-0.34717202232860983
111.4367	1.15	-12.377436436134872	-0.49509745744539485
111.428	0.97	-14.43785022285329	-0.5775140089141316
111.43639	1.05	-9.588833244444274	-0.38355332977777096
111.4357	0.97	-2.8406553408999833	-0.11362621363599934
111.4367	1.02	-5.495336581587239	-0.21981346326348955
1711.0	1.08	-2.051055389409024	-0.08204221557636096
1711.7	1.08	-12.911108040003901	-0.5164443216001561
1752.92067	1.06	-9.573260012749643	-0.3829304005099857
1001.7	0.96	-0.5344319119397174	-0.021377276477588695
1001.70001	1.05	-25.335529842972143	-1.0134211937188857
183.93	1.07	-25.161613223573458	-1.0064645289429384
705.0	1.06	-15.254874707426955	-0.6101949882970782
441.2	1.08	-2.6549569165791267	-0.10619827666316507
442.4	1.04	-18.13134594180706	-0.7252538376722824
219.3	1.08	-5.4581819776820755	-0.21832727910728303
220.078	1.08	-3.402585150557589	-0.13610340602230356
219.929	1.15	-11.893514683975717	-0.4757405873590287
2.98553	0.79	-2.6347981860355665	-0.10539192744142266
2.985625	0.95	-3.264264433882799	-0.13057057735531197
2.985698	0.95	-6.244010046064825	-0.24976040184259302
2.985628	1.0	-0.7148834383754692	-0.028595337535018767
2.98566	1.01	-10.638632906182913	-0.4255453162473165
788.0	0.76	-19.34307038181335	-0.7737228152725341
799.52	0.76	-3.694459972299062	-0.14777839889196248
227.0	1.12	-8.713612561050446	-0.34854450244201785
227.55	1.12	-5.270370556124174	-0.21081482224496698
25775.78859	0.81	-4.059775450835875	-0.16239101803343503
2.1378431	1.21	-8.118534817626543	-0.3247413927050617
2.1375	1.21	-16.421600291493668	-0.6568640116597467
1695.0	1.06	-5.353668819225863	-0.21414675276903453
1534.0	1.02	-4.43264155330815	-0.177305662132326
1628.0	1.02	-11.033356651309608	-0.44133426605238435
1488.79123	1.26	-19.34089689040391	-0.7736358756161564
1634.0	1.28	-25.61303914101225	-1.02452156564049
1270.0	1.66	-18.401849075478406	-0.7360739630191363
2754.0	0.82	-2.324046638438392	-0.09296186553753569
2754.0	0.66	-4.722491030444132	-0.18889964121776529
3.415	1.2	-3.4884383741855296	-0.1395375349674212
3.414887	1.26	-13.051312514351501	-0.52205250057406
146.05	1.25	-15.942302696355691	-0.6376921078542277
2166.0	1.27	-2.5991236405339007	-0.10396494562135603
2199.0	1.03	-3.4267257704892233	-0.13706903081956895
2900.0	1.09	-5.702351211242246	-0.22809404844968983
2157.0	1.03	-2.583354617128787	-0.10333418468515149
256.78	1.56	-5.857106982761794	-0.23428427931047174
49.77	0.84	-5.656960048543795	-0.22627840194175183
49.609	0.86	-11.73055927832345	-0.46922237113293797
1179.0	1.03	-14.491034121466125	-0.579641364858645
325.81	1.15	-0.7307707701382529	-0.029230830805530114
325.72	1.03	-18.675297093659452	-0.7470118837463781
326.7	1.06	-12.629223729190144	-0.5051689491676058
11611.2975	1.15	-6.924167985266246	-0.2769667194106499
8360.0	1.08	-1.1688711092785802	-0.04675484437114321
143.58	0.7	-8.22418125788693	-0.3289672503154772
2.45946	0.94	-7.486541140608824	-0.29946164562435296
14010.2941	0.94	-2.3638833559284667	-0.09455533423713867
7.3426	1.04	-22.265134814001723	-0.8906053925600689
45.85	1.04	-3.833665324869144	-0.15334661299476576
3.6451398	1.11	-3.634480337115116	-0.14537921348460464
3.6451389	1.08	-4.43747767222312	-0.1774991068889248
1576.0	1.11	-3.604165080381497	-0.1441666032152599
464.4	1.54	-4.215160160397488	-0.16860640641589952
55.087	0.83	-5.968445751408667	-0.2387378300563467
2170.0	1.09	-3.546660789920533	-0.14186643159682133
2172.0	1.09	-9.826613330664856	-0.39306453322659424
4375.0	0.95	-3.3356378883304583	-0.13342551553321833
361.1	1.02	-3.86186548414862	-0.1544746193659448
647.29999	10.94	-32.07150426451885	-1.282860170580754
647.3	0.91	-29.16367026851386	-1.1665468107405546
498.04	1.27	-2.087472713077882	-0.08349890852311528
498.9	1.31	-1.3395141153017966	-0.05358056461207187
498.1	1.27	-10.785015226053712	-0.4314006090421485
8.1245	0.89	-5.712461041472714	-0.2284984416589086
6449.08337	1.06	-25.37176953000704	-1.0148707812002815
9.4897116	0.85	-7.0934596867177575	-0.28373838746871033
9.4893037	0.78	-4.266769793307183	-0.1706707917322873
9.48908	0.77	-6.869510727078263	-0.27478042908313055
9.4957	0.86	-0.5870923332517397	-0.02348369333006959
4951.0	1.0	-14.459965589611016	-0.5783986235844407
441.0	0.97	-11.305350226688688	-0.45221400906754755
439.29999	0.76	-17.71519422733922	-0.7086077690935689
310.4	1.76	-4.837487506425786	-0.19349950025703144
17.038	0.78	-0.8519683658972412	-0.03407873463588965
17.0431	0.85	-7.328372954915349	-0.29313491819661397
17.054	0.83	-4.760670599052382	-0.1904268239620953
17.0495	0.86	-20.444068292386028	-0.8177627316954411
17.0503	0.85	-0.38962095507100836	-0.015584838202840335
95.233	0.85	-9.361784550486611	-0.37447138201946445
868.0	1.7	-0.7938682336356113	-0.031754729345424455
841.0	1.46	-4.118856945716445	-0.16475427782865779
184.2	2.1	-3.8801930719698703	-0.1552077228787948
55.199	0.63	-18.922320795194928	-0.7568928318077971
232.08	0.87	-24.69361720319076	-0.9877446881276305
1481.6	1.39	-1.431173390444164	-0.05724693561776656
9.1004157	0.8	-18.82037659536229	-0.7528150638144916
9.1205	0.81	-3.4009388846218234	-0.13603755538487294
9.1205	0.78	-7.972847781483715	-0.3189139112593486
57.435	0.69	-13.707678883650672	-0.5483071553460269
6.673892	1.01	-2.1801410256035623	-0.0872056410241425
6.6742	0.98	-3.582549829353761	-0.14330199317415043
6.673855	0.99	-7.147867139203596	-0.28591468556814387
95.2847	0.98	-1.1192949423578213	-0.04477179769431285
147.73	0.99	-0.5914236269990154	-0.023656945079960617
147.747	1.01	-5.764258403497571	-0.23057033613990285
952.0	0.99	-7.758438433267782	-0.3103375373307113
50.65905	0.67	-10.393995793878934	-0.4157598317551574
23000.0	1.3	-0.1817960576178803	-0.007271842304715213
22000.0	1.4	-15.107715621522736	-0.6043086248609094
3.5379559	0.9	-4.849596643678829	-0.19398386574715318
6.42975	0.89	-14.567920097243316	-0.5827168038897327
159.986	0.62	-11.666553813942112	-0.4666621525576845
60.722	0.61	-3.929604537095487	-0.1571841814838195
3477.768	0.61	-7.450363429603175	-0.298014537184127
31000.0	1.52	-14.542588191098154	-0.5817035276439262
15.5712	1.15	-4.860279435419192	-0.19441117741676767
15.572098	1.17	-8.733874546595937	-0.34935498186383745
31.6978	1.15	-6.34519242682873	-0.2538076970731492
31.70648	1.17	-3.574488750467057	-0.1429795500186823
156.0	1.15	-12.804445864038467	-0.5121778345615386
1084.0	1.17	-11.518157498130135	-0.4607262999252054
324.0	1.15	-2.0849677418164125	-0.0833987096726565
345.63	0.78	-3.1166540119867197	-0.12466616047946878
345.72	0.78	-6.614232141828018	-0.2645692856731207
15.144	0.57	-3.3292949153778704	-0.13317179661511483
3274.0	0.8	-12.208832284600211	-0.48835329138400846
3250.0	0.69	-2.8586912297893567	-0.11434764919157427
5138.43727	0.65	-17.479173203366095	-0.6991669281346438
2574.9	1.04	-5.221694537378415	-0.2088677814951366
8.1352	0.29	-8.099769065521107	-0.3239907626208443
32.03	0.73	-2.091150559543143	-0.08364602238172573
124.6	1.54	-5.917064552701372	-0.23668258210805487
0.981	0.74	-25.109644599040735	-1.0043857839616295
0.9809734	0.78	-4.157022219150178	-0.16628088876600713
0.98097217	0.78	-11.760166616378909	-0.47040666465515635
28.125	0.93	-17.362649405087705	-0.6945059762035082
1079.55726	2.49	-27.748427132933923	-1.109937085317357
310.9	0.7	-13.473980017662587	-0.5389592007065035
14.334892	1.22	-11.859780109936777	-0.47439120439747107
88.87622	1.9	-3.3930255752349785	-0.13572102300939914
88.9	1.63	-9.419826039188377	-0.3767930415675351
88.8	1.63	-10.758556431301322	-0.4303422572520529
2200.0	1.63	-11.766775251425596	-0.47067101005702383
1626.0	1.3	-3.480774470214136	-0.13923097880856544
3923.6609	1.9	-5.424673116001841	-0.21698692464007366
3649.0	0.65	-1.5670344017203173	-0.06268137606881269
87.19	0.66	-4.008171973874925	-0.16032687895499698
822.3	1.74	-15.793647792302206	-0.6317459116920883
104100.0	0.14	-8.523836843367377	-0.3409534737346951
10.751014	0.94	-18.56842739327656	-0.7427370957310625
19.6053	0.91	-18.661189914452812	-0.7464475965781125
19.60562	0.94	-11.253791382774674	-0.45015165531098694
1560.2	1.17	-4.409761408273411	-0.17639045633093645
1852.14387	2.01	-7.583230174027928	-0.30332920696111715
455.73816	1.61	-5.156591979056214	-0.20626367916224855
5.0505	0.97	-16.12923782454726	-0.6451695129818904
5.0505	0.95	-5.637265630624764	-0.22549062522499058
7.712121	1.1	-13.919246896168335	-0.5567698758467334
7.713057	1.09	-11.615659325613258	-0.46462637302453036
20.77288	0.93	-3.169425355527748	-0.12677701422110993
20.772907	1.02	-3.6393694388647524	-0.1455747775545901
52.563491	1.02	-6.294530813666874	-0.25178123254667495
10.288914	0.93	-5.198099326167466	-0.20792397304669866
10.28891	0.9	-7.993625702384019	-0.31974502809536076
16.432	0.93	-1.5809894759072256	-0.06323957903628903
1058.8	1.93	-12.477757350978765	-0.4991102940391506
1062.26506	1.81	-3.7087934417636506	-0.14835173767054602
43000.0	1.1	-0.7688332349235194	-0.030753329396940778
27000.0	1.07	-14.151492818453617	-0.5660597127381447
38350.0	1.07	-10.147980595280933	-0.4059192238112373
302.79999	1.34	-18.927307356445077	-0.7570922942578031
5.97293	1.15	-1.812705832879331	-0.07250823331517324
67571.25	1.61	-5.599171156666559	-0.22396684626666236
83255.09	1.51	-6.005200349882684	-0.24020801399530736
69000.0	1.5	-4.928114541848698	-0.19712458167394795
20815.6	1.51	-10.032306961082252	-0.4012922784432901
3.986	0.69	-11.392864542409104	-0.45571458169636414
2390.0	0.88	-2.3648308345066464	-0.09459323338026586
4368.0	0.88	-13.447467719324614	-0.5378987087729845
734.0	2.1	-8.043095742017224	-0.32172382968068897
8.834978	0.7	-13.090041810483607	-0.5236016724193443
19.30691	0.94	-6.021737937061137	-0.24086951748244548
1.673916	1.18	-13.344528979830832	-0.5337811591932333
1.6739	1.15	-9.668327703533913	-0.38673310814135653
1.674	1.15	-11.90142422577156	-0.4760569690308624
14.677214	0.83	-3.8696874061076114	-0.15478749624430446
14.66146147	0.75	-6.1987615389173865	-0.24795046155669545
14.6843	0.75	-1.169707629097797	-0.04678830516391188
1.9741	0.5	-9.947825821467568	-0.3979130328587027
1.97419	0.51	-0.9381635156940862	-0.03752654062776345
1.974	0.5	-11.514828432134793	-0.46059313728539175
1.974238	0.43	-0.4228765087536519	-0.016915060350146078
8.26679	0.96	-9.672091083173582	-0.3868836433269433
8.266902	1.01	-19.34101307102469	-0.7736405228409876
8.267704	0.99	-9.255986868132668	-0.3702394747253067
3.3139151	1.3	-25.840821502985683	-1.0336328601194273
3.313921	1.26	-11.34235335900613	-0.45369413436024525
3.313959	1.3	-12.273725679623348	-0.49094902718493394
3.31392	1.3	-6.779451883107715	-0.2711780753243086
4.73360988	0.96	-27.71732321702063	-1.1086929286808254
4.73379	1.29	-4.512106536628374	-0.18048426146513497
4.734	0.96	-15.958203860324474	-0.638328154412979
39.8478	0.89	-17.7508457997296	-0.710033831989184
39.93767	1.35	-0.5532103061587994	-0.022128412246351977
13.86375	0.74	-12.796103035843752	-0.51184412143375
13.864	0.81	-22.324995530143713	-0.8929998212057485
13.86375	0.74	-6.2287826940546145	-0.24915130776218458
13.86387	0.75	-7.130661564370508	-0.2852264625748203
5.351403	0.88	-3.30231502815379	-0.1320926011261516
5.35117	0.88	-4.831259884249303	-0.19325039536997213
5.3518	0.84	-0.8473917539229392	-0.03389567015691757
15.6805	0.84	-17.851792448274015	-0.7140716979309606
15.6785	0.84	-11.935530795406565	-0.4774212318162626
5.817608	1.01	-14.839446331697996	-0.5935778532679199
5.8176015	1.01	-8.190242109290748	-0.32760968437162996
5.817685	1.04	-1.1884858533826261	-0.04753943413530504
11.39109	0.83	-15.911814617721529	-0.6364725847088611
11.390931	0.86	-12.73899668590262	-0.5095598674361048
11.391013	0.89	-6.889073100782778	-0.27556292403131116
11.391	0.81	-7.7083992001815815	-0.30833596800726326
11.38576954	0.81	-18.516268924533232	-0.7406507569813293
11.3909344	0.89	-9.030287813345263	-0.3612115125338105
20.2729914	0.92	-1.018952300149346	-0.040758092005973835
20.273017	0.95	-5.805599005410864	-0.23222396021643454
20.2729861	0.83	-6.5913903043478825	-0.2636556121739153
20.273034	0.83	-14.918796893526142	-0.5967518757410457
20.27362337	1.03	-11.787503666605344	-0.4715001466642138
4.655335	0.73	-1.7666167213927426	-0.07066466885570971
4.655411	0.69	-2.356877412817788	-0.09427509651271151
1.291626	0.51	-4.840655953305113	-0.19362623813220453
1.2916	0.54	-11.064272035577275	-0.44257088142309103
1.291505	0.58	-11.408973016379113	-0.45635892065516453
5.444017	0.54	-10.493371835123607	-0.4197348734049443
5.44482	0.58	-15.105425009908206	-0.6042170003963283
50.92092	0.76	-21.817737540219508	-0.8727095016087804
7.728578	0.76	-16.70125500010689	-0.6680502000042756
7.72651124	0.71	-1.5914964096208255	-0.06365985638483303
7.727283	0.76	-4.433121709875072	-0.1773248683950029
8.28246	0.96	-6.017633528560468	-0.24070534114241873
5.186	0.74	-1.6307944536817338	-0.06523177814726935
5.185761	0.72	-10.01862620481325	-0.40074504819253004
5.1857532	0.71	-13.21259314402173	-0.5285037257608692
5.185972	0.74	-21.04409781825343	-0.8417639127301372
5.185754	0.71	-6.829238470791134	-0.27316953883164535
2.219	0.6	-15.641882940848053	-0.6256753176339221
2.219282	0.62	-2.640219512206887	-0.10560878048827549
2.2193023	0.63	-7.4632098742337964	-0.29852839496935185
30.96028326	0.6	-9.846837889280986	-0.39387351557123945
30.9542	0.61	-5.532968566306504	-0.22131874265226018
30.956763	0.65	-9.515427857599597	-0.3806171143039839
30.953	0.6	-5.527867212868568	-0.22111468851474272
6.414	0.4	-8.413844212534581	-0.33655376850138324
7.387	0.67	-13.405937708718579	-0.5362375083487432
7.387066	0.61	-0.2476053047348712	-0.009904212189394848
7.38795716	0.67	-8.532946973580065	-0.34131787894320265
3.588163	0.72	-13.493010346110532	-0.5397204138444213
3.588	0.84	-4.532246417037563	-0.18128985668150255
8.239493	0.36	-7.822751020967879	-0.31291004083871515
40.0603	0.94	-4.8298733494580235	-0.19319493397832094
2.494161	0.68	-1.410143165239747	-0.056405726609589875
2.49412	0.7	-12.63284625440276	-0.5053138501761104
0.369311	0.8	-13.025642575922392	-0.5210257030368957
0.369	0.79	-13.923270212241928	-0.5569308084896771
0.3693038	0.84	-3.7394145273321255	-0.14957658109328503
9.1751	1.08	-18.149509947674915	-0.7259803979069966
9.173866	0.98	-1.38871630062776	-0.055548652025110404
9.1708	1.19	-4.897728272313065	-0.19590913089252263
4.86784	0.46	-5.342246202152849	-0.213689848086114
11.0234	0.51	-4.591604420443537	-0.1836641768177415
11.02454	0.46	-10.225418315131494	-0.4090167326052598
26.5841	0.46	-0.8061676559638358	-0.032246706238553434
7.9757	0.69	-11.638199535358444	-0.46552798141433777
7.975292	0.74	-2.257302618831301	-0.09029210475325204
7.9752	0.74	-10.59060776181875	-0.42362431047275
17.307013	0.71	-6.184964200429755	-0.2473985680171902
17.30713	0.74	-15.502366552992573	-0.6200946621197029
2.35321	0.92	-0.9846688602318949	-0.0393867544092758
2.35322	0.93	-19.61515455543909	-0.7846061822175636
2.35309	0.94	-2.347482985489655	-0.09389931941958621
3.56004	0.94	-5.653193602416849	-0.22612774409667397
3.55987	0.93	-2.105114441732109	-0.08420457766928437
5.40479	0.94	-16.52080848649467	-0.6608323394597868
8.26146	0.94	-10.167689717252149	-0.40670758869008594
12.75758	0.94	-1.1859115591107763	-0.04743646236443105
28.382071	0.95	-5.942515963776771	-0.23770063855107082
28.380619	0.96	-33.08525436338432	-1.323410174535373
8.368791	0.62	-4.096890852205137	-0.16387563408820546
6.5693	1.0	-6.03866174899569	-0.2415464699598276
6.569213	1.02	-0.9149485371024642	-0.03659794148409857
6.5692045	1.0	-13.678820285101253	-0.5471528114040501
0.2803244	0.71	-5.921982379072703	-0.23687929516290812
2.64484	0.31	-8.526830072588002	-0.34107320290352006
2.645	0.31	-0.4423484210595403	-0.017693936842381613
2.644661	0.33	-11.410396309823309	-0.45641585239293236
2.6698	0.36	-7.689415796489441	-0.3075766318595776
3.9663	0.36	-10.220354011047187	-0.40881416044188745
4.00498	0.33	-0.3842967668241897	-0.015371870672967587
0.961939	0.56	-1.1509190375897604	-0.04603676150359042
9.7579	0.65	-2.908567087152472	-0.11634268348609889
11.332	0.59	-1.9451591417295377	-0.07780636566918152
11.8104	0.72	-4.675125822476723	-0.18700503289906892
11.8097	0.81	-1.1080523296841287	-0.04432209318736515
3.835592	0.44	-1.4865364498825042	-0.05946145799530017
7.51554	0.51	-20.31584639687131	-0.8126338558748525
3.67635	0.67	-3.4682050642368605	-0.13872820256947443
3.67626	0.65	-8.497583920676233	-0.3399033568270493
7.95486	0.65	-5.663330010129604	-0.22653320040518415
7.95478	0.67	-15.953259339088152	-0.6381303735635261
6.34365	0.54	-3.7961971300227484	-0.15184788520090994
13.85402	0.54	-12.119406877727123	-0.48477627510908494
13.853487	0.54	-4.00231661993952	-0.1600926647975808
40.718	0.65	-0.8073134688868153	-0.03229253875547261
40.6835	0.54	-11.665786377837444	-0.46663145511349774
10.062106	0.93	-8.74966251280364	-0.34998650051214564
10.06049	0.92	-13.849675361292542	-0.5539870144517017
5.90279	0.92	-20.607682875923572	-0.8243073150369429
12.42205	0.9	-8.432795514559725	-0.337311820582389
7.61856	0.69	-11.125196518541873	-0.4450078607416749
7.62067	0.67	-1.041240320279738	-0.04164961281118952
19.07863	0.68	-11.52754287416475	-0.46110171496659
3.705871	0.98	-0.19301350946275075	-0.00772054037851003
9.283188	0.99	-11.847344203167705	-0.4738937681267082
6.673117	0.83	-22.931569561094626	-0.9172627824437851
17.355066	1.18	-13.93070139962419	-0.5572280559849676
2.354992	0.83	-4.335157916603625	-0.173406316664145
14.101361	0.83	-3.9906218158395923	-0.1596248726335837
8.527219	1.07	-1.1769949280161387	-0.04707979712064555
9.97748	1.01	-3.8973823944358736	-0.15589529577743494
15.853989	0.91	-12.905877134755976	-0.516235085390239
17.96753	0.71	-1.0944606030703046	-0.04377842412281218
7.576544	0.96	-7.946937354041194	-0.31787749416164773
12.400047	0.96	-3.6103765610309657	-0.14441506244123864
5.628466	0.89	-0.6475053756597853	-0.02590021502639141
14.316941	0.93	-18.989186846137933	-0.7595674738455174
29.626	0.98	-6.2462806364646575	-0.24985122545858632
19.562743	0.67	-14.687347540638399	-0.5874939016255359
19.562307	0.7	-5.383283707860159	-0.21533134831440637
19.5661401	0.66	-3.8358944996188846	-0.15343577998475538
9.525988	1.09	-20.77658764157061	-0.8310635056628245
5.329439	0.94	-4.856710791011099	-0.19426843164044397
14.155185	1.21	-5.6947323097142215	-0.22778929238856888
8.747818	0.95	-3.2189930477621296	-0.12875972191048518
5.17110937	0.85	-1.0556162825510098	-0.042224651302040395
32.940045	0.5	-6.246415499309901	-0.24985661997239603
32.94488	0.41	-10.865300316706703	-0.43461201266826816
32.93963	0.36	-0.4807752809924153	-0.019231011239696612
8.962	0.36	-19.297175310897632	-0.7718870124359053
8.865663	0.73	-8.498265220523571	-0.33993060882094284
8.865932	0.73	-3.110728326321734	-0.12442913305286936
8.8665	0.71	-5.012632361840223	-0.2005052944736089
8.866	0.93	-10.074898962691343	-0.40299595850765374
6.893813	1.02	-11.015406117799976	-0.44061624471199906
6.894252	1.04	-16.146317022036982	-0.6458526808814793
4.7369696	0.82	-8.569834858274405	-0.34279339433097616
4.7369683	0.86	-4.2095682496849225	-0.1683827299873969
4.736837	0.88	-4.422994243959251	-0.17691976975837004
4.737	0.88	-14.557459451142867	-0.5822983780457147
4.736884	0.85	-3.8508767313440506	-0.15403506925376204
4.7369729	0.84	-9.063218320755432	-0.3625287328302173
0.469269	0.94	-5.966965172399593	-0.23867860689598375
10.793471	0.94	-4.5260534008256625	-0.18104213603302652
10.7930529	0.95	-11.595686581364488	-0.4638274632545795
10.792635	0.93	-0.32408114724316417	-0.012963245889726567
22.631964	0.93	-7.291660485522394	-0.2916664194208958
16.994	0.89	-2.9390753800774383	-0.11756301520309753
16.993435	0.82	-2.1214367733187687	-0.08485747093275074
10.616384	0.96	-13.621902095285373	-0.544876083811415
10.616646	0.98	-3.9117453730023235	-0.15646981492009293
52.713494	0.96	-4.8002096888002725	-0.1920083875520109
41.474219	1.02	-14.427107985893926	-0.577084319435757
0.77392	0.98	-21.68534100592835	-0.8674136402371341
2.872042	0.98	-3.5973359439416113	-0.14389343775766444
7.15	0.93	-10.099127157268766	-0.4039650862907507
7.14921	0.98	-15.717099408935454	-0.6286839763574181
13.608341	0.97	-4.604179346355378	-0.18416717385421513
1.742983	1.11	-4.40774413178639	-0.1763097652714556
1.742169	1.06	-1.7648629576365988	-0.07059451830546395
7.81110453	1.07	-1.5310344228459405	-0.061241376913837624
5.1763	0.93	-15.426932606379761	-0.6170773042551905
6.67773603	0.96	-8.70603863246005	-0.348241545298402
6.67934	0.93	-10.31903348067642	-0.4127613392270568
6.679195	0.94	-3.698685176088364	-0.14794740704353457
7.919493	0.9	-3.9868253429872795	-0.15947301371949119
7.919454	0.89	-11.256839180870752	-0.4502735672348301
7.91943	0.84	-5.230005867464676	-0.20920023469858706
7.91952	0.99	-3.9328920164161816	-0.15731568065664728
7.921101	0.95	-2.431417688610365	-0.0972567075444146
7.91951	0.92	-16.57606234538597	-0.6630424938154389
11.8993	0.88	-8.515755119320756	-0.34063020477283024
11.9066	0.92	-9.513852333751437	-0.3805540933500575
11.90724	0.99	-8.107286903762661	-0.32429147615050646
11.90691	0.84	-13.614290729848339	-0.5445716291939335
11.90715	0.93	-8.629747743769148	-0.3451899097507659
11.907625	0.9	-0.6813360229602399	-0.027253440918409595
2.5081	0.88	-5.5264056012400715	-0.22105622404960287
2.508283	0.9	-1.945191352192463	-0.07780765408769852
10.099	0.99	-16.049285931019067	-0.6419714372407627
10.098858	0.9	-13.418681376224491	-0.5367472550489797
21.574023	0.9	-16.629879388159242	-0.6651951755263698
2.85794855	0.83	-2.6977914795712703	-0.10791165918285081
2.858	0.83	-11.161589228608403	-0.4464635691443361
4.162817	0.9	-13.11203310659124	-0.5244813242636496
14.786	0.98	-13.695494818433712	-0.5478197927373485
39.721386	1.11	-13.030651052510464	-0.5212260421004186
39.699	1.2	-19.59719620634992	-0.7838878482539968
15.852975	0.94	-7.048778595455152	-0.2819511438182061
28.482786	0.96	-2.005881312743517	-0.08023525250974067
48.324222	1.16	-13.405801826690247	-0.5362320730676099
8.357881	1.0	-6.175716106576804	-0.24702864426307217
8.358	1.0	-15.329523521319322	-0.6131809408527729
8.357954	0.97	-18.859181289921878	-0.7543672515968751
17.042849	0.84	-4.631119487873361	-0.18524477951493445
17.043	0.88	-15.024151696008627	-0.6009660678403451
17.043179	0.84	-5.453572771341355	-0.2181429108536542
3.3596055	0.8	-16.339530283102825	-0.653581211324113
7.4500177	0.8	-1.1756854757357929	-0.047027419029431715
3.225423	0.71	-10.176377527338953	-0.40705510109355814
3.225	0.72	-9.084736258442721	-0.36338945033770886
7.374	0.72	-10.710582893575877	-0.4284233157430351
7.3744897	0.71	-4.833990606095806	-0.19335962424383227
7.3744828	0.71	-15.795100065923517	-0.6318040026369407
7.374497	0.71	-11.564216515171868	-0.46256866060687474
2.849883	0.86	-3.3830554988699246	-0.13532221995479699
1.05979	0.96	-2.390284352926784	-0.09561137411707137
22.779878	0.96	-10.074633044780459	-0.4029853217912184
3.405164	0.97	-0.970196915551891	-0.03880787662207564
7.055784	1.01	-8.616992148819845	-0.3446796859527938
7.055908	1.08	-5.515813777973661	-0.22063255111894645
26.672263	0.95	-6.017926073891914	-0.24071704295567656
4.19097	0.88	-9.734307676398888	-0.38937230705595555
9.32389	0.52	-9.521683105250881	-0.3808673242100353
15.50192	0.68	-15.244345797871311	-0.6097738319148525
15.5012	0.64	-14.469249060646899	-0.578769962425876
15.50116	0.52	-17.28140331494921	-0.6912561325979684
0.570233	0.91	-10.288712056703845	-0.4115484822681538
0.669561	0.85	-1.89655769358809	-0.0758623077435236
0.669558	0.88	-18.74641203114447	-0.7498564812457787
9.79551	0.67	-5.514747639020223	-0.22058990556080893
9.795647	0.62	-10.150477222933173	-0.4060190889173269
8.13087	1.07	-15.49594754642272	-0.6198379018569088
8.596802	1.05	-12.21205960379863	-0.4884823841519452
8.269648	1.0	-8.998041475510757	-0.3599216590204303
2.174789	0.7	-0.32563669597577904	-0.013025467839031163
2.174782	0.74	-3.8658149102651445	-0.15463259641060578
2.1748	0.7	-5.682247582393413	-0.2272899032957365
14.074524	1.1	-7.483338666141306	-0.29933354664565226
8.679885	1.05	-1.4827942465340422	-0.05931176986136169
6.66767	1.02	-4.016451837525423	-0.16065807350101693
1.143201	0.42	-4.119086729435177	-0.1647634691774071
0.381078	0.6	-3.7595603413680507	-0.15038241365472202
0.381078	0.6	-8.724904471461922	-0.3489961788584769
13.683256	0.96	-10.056632686067575	-0.402265307442703
15.38857	0.99	-0.5235065468956055	-0.02094026187582422
15.387063	1.0	-16.55215515189341	-0.6620862060757363
15.388825	0.95	-4.166001299874212	-0.16664005199496848
0.50565	1.06	-8.410152616757468	-0.33640610467029874
0.50557	1.07	-1.3136983911508513	-0.05254793564603405
4.478591	0.9	-7.781129675802903	-0.3112451870321161
4.47904	0.91	-9.144700949478281	-0.36578803797913123
15.871455	1.11	-8.717838197259667	-0.3487135278903867
3.271106	0.89	-0.1581274629732501	-0.0063250985189300035
3.27108	0.88	-5.64349411188719	-0.2257397644754876
0.584	0.8	-6.445653753088471	-0.2578261501235388
0.58426	0.87	-0.16925662215342596	-0.0067702648861370385
8.32801	0.86	-7.909537844240377	-0.3163815137696151
8.32834	0.84	-2.467311457967737	-0.09869245831870949
2.86041	1.11	-6.871116572536693	-0.27484466290146775
11.16844233	1.19	-16.465866734409442	-0.6586346693763777
2.4675	0.79	-1.7481597788410475	-0.0699263911536419
7.06005	0.79	-0.9938734647512826	-0.0397549385900513
2.1805577	1.23	-31.38371139326087	-1.2553484557304349
2.18053539	1.26	-1.1307756507691902	-0.04523102603076761
3.2046909	1.19	-8.516219289896638	-0.34064877159586554
7.775	0.4	-5.25322140298788	-0.2101288561195152
20.885016	1.1	-12.02362875178342	-0.4809451500713368
20.88526	1.2	-5.330473945588217	-0.21321895782352868
20.8851	1.12	-0.2091657174640975	-0.0083666286985639
42.3633	1.12	-18.191176203616042	-0.7276470481446417
42.36342	1.12	-21.613745647518076	-0.864549825900723
42.36301	1.2	-12.517500240583551	-0.500700009623342
6.034	0.58	-7.915061221154778	-0.3166024488461911
20.523	0.58	-15.886671606389749	-0.63546686425559
26.8199	0.71	-11.181443927573337	-0.4472577571029335
11.54182	1.29	-10.768085217324678	-0.43072340869298714
5.76918	0.87	-1.2086138641556283	-0.048344554566225134
7.17256	0.88	-0.26932643891623687	-0.010773057556649476
12.409	1.32	-1.4348920341484135	-0.05739568136593654
3.4843	0.27	-4.291880778097896	-0.17167523112391586
3.48456408	0.26	-12.704904823815085	-0.5081961929526034
3.48456248	0.29	-7.886950239810415	-0.3154780095924166
9.30075	0.52	-10.262886366584217	-0.4105154546633687
4.00167	1.08	-6.438425387640608	-0.25753701550562436
4.09639	0.71	-5.706398334300543	-0.2282559333720217
12.11839	0.71	-5.5450053412652744	-0.22180021365061098
1.60588	0.52	-3.3908458806300983	-0.13563383522520395
19.0921	1.21	-17.00735880636114	-0.6802943522544456
14.5662	0.53	-3.2354089026379684	-0.12941635610551874
2.6266658	1.39	-10.436857870647543	-0.41747431482590175
2.62669768	1.39	-12.772081066073902	-0.510883242642956
2.6266974	1.39	-2.8595619683840354	-0.11438247873536142
2.62669762	1.64	-4.352999341272876	-0.17411997365091506
11.6334681	1.11	-5.847047080228916	-0.23388188320915665
11.63344	1.1	-6.102930400675007	-0.24411721602700026
11.633478	1.09	-14.729096491500414	-0.5891638596600166
11.633478	1.27	-1.8075284914050238	-0.07230113965620096
11.6334758	1.1	-13.114363731307463	-0.5245745492522985
50.818947	0.88	-0.4224079105863092	-0.01689631642345237
5.83977	0.47	-19.43941057626008	-0.7775764230504032
5.840002	0.5	-0.31808661391247384	-0.012723464556498953
19.66365	0.47	-0.9495744084880062	-0.03798297633952025
2.36840828	0.94	-9.077687360901578	-0.3631074944360631
2.36902	0.9	-0.7596119296631496	-0.030384477186525986
0.658524	0.69	-17.83320969995188	-0.7133283879980752
7.814	0.69	-3.0477400433289494	-0.12190960173315799
14.6982	0.69	-11.406192796375425	-0.456247711855017
19.482	0.69	-2.9464190905301324	-0.1178567636212053
2.151894	0.84	-17.319446614250914	-0.6927778645700365
9.326841	0.84	-1.9985314127846807	-0.07994125651138723
9.325	0.84	-11.267326502333537	-0.4506930600933415
9.33155684	0.84	-0.11856932860697289	-0.004742773144278916
9.327527	0.84	-8.296962894568772	-0.33187851578275085
6.131243	0.84	-16.309433460956566	-0.6523773384382626
26.27057	0.84	-12.382856172208168	-0.49531424688832676
4.144	1.18	-8.340952123453572	-0.3336380849381429
6.771315	1.01	-6.854273357355966	-0.27417093429423867
6.771315	0.87	-6.4070724609111185	-0.25628289843644475
4.400028	0.85	-13.782445043455583	-0.5512978017382233
4.4	0.75	-11.596256832674223	-0.46385027330696893
8.562421	0.83	-15.55002004545888	-0.6220008018183552
8.56394776	0.98	-17.912793013486883	-0.7165117205394753
14.453533	0.81	-20.50924140293687	-0.8203696561174748
11.72	0.84	-4.712945088617847	-0.18851780354471387
11.716332	0.9	-1.0089489830142369	-0.04035795932056947
11.7195663	0.89	-12.232837115944344	-0.48931348463777374
14.129714	0.81	-7.354269942876043	-0.29417079771504173
14.1330314	0.79	-5.103810185346516	-0.20415240741386065
3.280961	0.79	-2.731711907200509	-0.10926847628802037
3.28046294	0.77	-17.84390943525589	-0.7137563774102356
3.281	0.77	-0.9580564830802327	-0.03832225932320931
3.2809626	0.77	-15.457397935227034	-0.6182959174090814
18.711	0.79	-35.80506769781421	-1.4322027079125683
6.327	1.01	-13.568145769062667	-0.5427258307625067
6.326768	0.97	-17.717183323139672	-0.7086873329255868
6.326763	1.02	-2.3504742928023727	-0.09401897171209492
3.334966	1.4	-23.312813388902647	-0.9325125355561059
2.260438	0.2	-0.48899995692315734	-0.019559998276926293
2.2604455	0.26	-10.541616248737714	-0.4216646499495086
2.260455	0.26	-15.481887266340468	-0.6192754906536188
19.89526	1.03	-0.260300880426509	-0.010412035217060361
4.169836	0.95	-7.32846181517802	-0.29313847260712084
1.921036	0.89	-12.12208303850265	-0.484883321540106
4.795069	0.63	-0.8123709792216598	-0.03249483916886639
4.7948599	0.63	-5.582302198736736	-0.22329208794946945
14.893291	1.06	-16.492935672502146	-0.6597174269000858
13.156969	0.95	-9.012510390499935	-0.3605004156199974
3.2591993	0.94	-24.92986718350609	-0.9971946873402436
3.25883406	0.94	-1.2455584286529768	-0.049822337146119076
3.2588321	0.94	-18.327383575946023	-0.733095343037841
3.258768	0.94	-13.313448272005292	-0.5325379308802117
3.2589263	0.86	-7.5027902882456114	-0.30011161152982446
2.225	0.93	-9.507996921935858	-0.3803198768774343
2.225177	0.93	-8.952442373840658	-0.3580976949536263
16.9841	1.0	-0.19570865903414414	-0.007828346361365765
13.1225	0.96	-7.341480159629535	-0.2936592063851814
4.02488968	0.74	-7.8510758118314135	-0.31404303247325654
10.05403	0.6	-8.40844473294618	-0.3363377893178472
10.05176778	0.55	-11.812730571381156	-0.47250922285524627
10.054626	0.62	-4.406143189901574	-0.17624572759606294
10.05454	0.62	-13.294434472907685	-0.5317773789163074
10.05429	0.61	-5.1591268324120465	-0.20636507329648188
10.05443	0.41	-4.901517351664075	-0.196060694066563
10.054626	0.6	-9.301298224214765	-0.37205192896859063
24.646582	0.62	-1.7259136002769342	-0.06903654401107737
24.646729	0.55	-9.060207100759861	-0.36240828403039443
24.64745	0.53	-7.762959744425153	-0.31051838977700613
24.6491	0.61	-6.315989204542642	-0.2526395681817057
24.6435	0.41	-11.129000143363369	-0.44516000573453474
24.646582	0.6	-20.74125537024779	-0.8296502148099115
44.55612	0.55	-6.436190984780687	-0.2574476393912275
44.5609	0.41	-10.403941624292159	-0.4161576649716864
44.5631	0.6	-7.425461803920965	-0.2970184721568386
44.55646	0.6	-6.310014985444734	-0.25240059941778936
44.55764	0.62	-12.679834235602643	-0.5071933694241058
44.55603	0.55	-14.244057726625378	-0.5697623090650151
4.098507	0.98	-1.6866437043308893	-0.06746574817323557
4.09847804	0.9	-17.68740730997671	-0.7074962923990684
4.098503	0.9	-4.927918029331772	-0.19711672117327086
4.09849	0.92	-11.422096093505699	-0.45688384374022795
1.2578542	0.97	-12.701043525264907	-0.5080417410105963
1.25784887	0.91	-13.195681954053814	-0.5278272781621526
3.1443189	0.17	-5.517683315182244	-0.22070733260728975
1.133	0.41	-4.769284030598212	-0.1907713612239285
5.26	0.41	-6.029259659137713	-0.24117038636550853
8.99213	0.86	-8.33807605776463	-0.3335230423105852
8.991942	0.92	-11.12260847491736	-0.4449043389966944
8.99213	0.88	-15.071936671683574	-0.602877466867343
8.99218	0.87	-7.053639735445794	-0.28214558941783174
8.99218	0.87	-10.318501413647487	-0.4127400565458995
8.991828	0.86	-8.150850471084166	-0.32603401884336664
20.6602	0.86	-15.522641073625742	-0.6209056429450297
20.661623	0.92	-4.868814877057843	-0.1947525950823137
20.6602	0.88	-3.0186731974364696	-0.12074692789745879
20.66186	0.86	-10.513133115740676	-0.42052532462962705
20.65614	0.87	-0.5296157284466181	-0.021184629137864723
31.7142	0.86	-0.1930649234387416	-0.007722596937549664
31.71922	0.87	-11.547841437990632	-0.4619136575196253
31.715061	0.92	-13.553605915903551	-0.5421442366361421
31.71922	0.87	-7.7757220849070166	-0.31102888339628065
31.71701	0.83	-14.413159769459208	-0.5765263907783683
4.34882	0.86	-10.32278448441931	-0.4129113793767724
1.995	0.12	-0.4125668482975451	-0.016502673931901805
2.298	0.6	-13.942681037723638	-0.5577072415089456
8.205	0.63	-5.31789578630578	-0.2127158314522312
24.93	0.48	-6.19374918099659	-0.2477499672398636
6.93	0.27	-12.780181262500436	-0.5112072505000175
12.4551225	0.9	-11.364522365139834	-0.45458089460559337
5.4224	0.35	-2.8076756350663272	-0.1123070254026531
5.42513	0.31	-3.2902640161183907	-0.13161056064473564
5.424865	0.56	-3.906194923007981	-0.15624779692031923
13.774798	1.23	-25.011946500119393	-1.0004778600047757
13.773	1.22	-11.887331245919022	-0.4754932498367609
17.70632	0.27	-12.915942935701795	-0.5166377174280717
14.759287	1.06	-0.2342470085865318	-0.009369880343461272
5.113981	1.36	-1.4641214805531262	-0.05856485922212505
12.281	1.22	-14.620074346279974	-0.584802973851199
21.199	0.91	-0.4926349340509968	-0.019705397362039873
16.271	1.08	-3.0910778360547173	-0.1236431134421887
16.273563	0.94	-18.258025891523772	-0.7303210356609509
2.996	1.16	-1.258604248065684	-0.050344169922627365
2.9956348	1.16	-22.705911093714636	-0.9082364437485855
2.99563536	1.31	-21.18779348050671	-0.8475117392202683
2.995654	1.31	-6.695672600207678	-0.26782690400830717
2.995629	1.23	-2.9449403752676013	-0.11779761501070406
2.995646	1.12	-2.8401673057359083	-0.11360669222943633
29.740451	0.93	-7.880933450022347	-0.3152373380008939
36.552551	0.98	-1.9002437794617213	-0.07600975117846885
3.35585	0.51	-15.112669989243512	-0.6045067995697405
7.187257	0.66	-6.137884019842725	-0.24551536079370903
7.187	0.69	-17.399436462679944	-0.6959774585071977
4.688418	0.83	-8.426439672107266	-0.33705758688429066
9.032178	0.54	-5.847590402615378	-0.2339036161046151
2.39984	0.76	-15.844808105110793	-0.6337923242044318
2.399964	0.7	-1.9318537551276287	-0.07727415020510515
5.60912	0.76	-3.142384869004471	-0.12569539476017882
5.60906	0.66	-4.758554063323215	-0.19034216253292863
5.608352	0.7	-10.806141450064583	-0.43224565800258336
19.991944	0.98	-19.475436907913245	-0.7790174763165298
7.806	1.03	-2.9578146312809053	-0.11831258525123621
7.806164	1.02	-2.117774197883371	-0.08471096791533483
3.665912	0.98	-4.146371241806471	-0.16585484967225886
8.234885	0.98	-1.3604440278024745	-0.054417761112098985
11.2510285	0.93	-4.877129940422822	-0.1950851976169129
1.422614	0.79	-10.964769142209049	-0.43859076568836197
1.422619	0.8	-18.496313878825774	-0.7398525551530309
5.34059	0.8	-9.84480048611662	-0.3937920194446648
5.3410507	0.81	-6.43315150193556	-0.2573260600774224
9.79692	0.96	-9.972135667279339	-0.39888542669117355
23.4302	0.98	-2.656345710490577	-0.10625382841962308
23.448172	0.82	-14.559662483876835	-0.5823864993550734
15.937039	0.82	-24.648134511175844	-0.9859253804470338
20.645099	0.76	-2.9995239376518517	-0.11998095750607407
9.660186	0.75	-10.776993673969724	-0.431079746958789
5.761612	0.73	-11.556088832047397	-0.46224355328189587
4.443774	0.89	-4.784557269369023	-0.1913822907747609
4.44117	0.9	-12.978839244195413	-0.5191535697678166
4.44118	0.9	-12.435197114396711	-0.4974078845758685
6.42904	0.9	-12.423095678853668	-0.49692382715414674
14.090996	0.89	-10.732020719522355	-0.4292808287808942
14.0919	0.9	-9.032995066432083	-0.3613198026572833
2.14084	0.98	-7.953712892592694	-0.3181485157037078
3.11491262	0.82	-13.776284913642712	-0.5510513965457084
3.115	0.82	-1.7249819075602524	-0.0689992763024101
9.844077	0.85	-7.4713860436927035	-0.2988554417477082
9.844	0.96	-7.606990279226497	-0.3042796111690599
11.02066	1.16	-11.435084161669494	-0.45740336646677976
4.521953	0.73	-23.49530299777758	-0.9398121199111031
4.521953	0.73	-6.226859624733662	-0.2490743849893465
16.43445	0.73	-14.431352487494271	-0.5772540994997709
16.43445	0.73	-12.480132384583886	-0.49920529538335545
14.453895	1.12	-11.235218276832546	-0.44940873107330187
14.443	1.05	-12.922391172007885	-0.5168956468803154
5.776475	0.91	-5.336870038637386	-0.21347480154549545
12.83724862	0.67	-3.000342219399406	-0.12001368877597625
2.060438	0.92	-13.522529695154468	-0.5409011878061787
2.06	0.79	-6.881835765557892	-0.2752734306223157
4.01593	2.24	-6.041247432949742	-0.2416498973179897
10.56103	1.03	-12.007821760132774	-0.480312870405311
10.56103	1.07	-4.879163663599395	-0.1951665465439758
10.56098	1.08	-13.165904022855507	-0.5266361609142203
10.56103	1.05	-2.4157096847870076	-0.0966283873914803
9.401312	0.99	-10.170246579022272	-0.4068098631608909
26.803023	0.75	-0.6457557308169948	-0.025830229232679792
4.194766	0.33	-6.221330829670954	-0.24885323318683816
6.679582	0.33	-8.041953835652098	-0.3216781534260839
13.62749	0.33	-0.815544930226447	-0.03262179720905788
7.473223	0.91	-11.51212807997447	-0.46048512319897883
6.339069	0.84	-6.576332165469481	-0.26305328661877925
6.339069	0.84	-6.342440271650377	-0.25369761086601506
8.583566	0.8	-11.258323176152842	-0.4503329270461137
4.60543	0.66	-2.607323582985277	-0.10429294331941108
3.312792	0.79	-13.142503587128111	-0.5257001434851245
3.312792	0.79	-16.328133016847882	-0.6531253206739153
4.622654	0.76	-19.248390645340532	-0.7699356258136213
4.803352	0.95	-2.9539814777730604	-0.11815925911092241
4.803352	0.95	-9.266855916396757	-0.3706742366558703
8.491282	0.95	-9.158317376984229	-0.36633269507936916
25.76051	0.95	-10.737952452388889	-0.4295180980955556
6.393025	0.94	-10.779294436205443	-0.4311717774482178
6.393025	0.94	-2.6789134372732395	-0.10715653749092958
18.787839	0.94	-11.814448517003772	-0.4725779406801509
18.787839	0.94	-13.80267560925915	-0.5521070243703661
10.0044	0.49	-5.794189821139527	-0.2317675928455811
6.293099	0.87	-17.881518377603147	-0.7152607351041259
6.293099	0.87	-16.7531051122278	-0.670124204489112
17.27474	0.94	-0.630849965373433	-0.02523399861493732
17.27474	0.94	-12.598541820135763	-0.5039416728054306
33.589979	0.78	-6.800939011583727	-0.2720375604633491
13.115365	0.55	-9.328910260965456	-0.37315641043861825
3.435453	1.03	-13.939641314154217	-0.5575856525661687
4.941907	0.88	-3.23950298647699	-0.1295801194590796
4.941907	0.88	-8.20238823216106	-0.32809552928644237
1.908084	0.89	-27.101188458176157	-1.0840475383270463
5.9382	0.89	-6.3482834608173615	-0.25393133843269444
0.8094	0.81	-9.455221204886778	-0.3782088481954711
5.3301	0.81	-2.4977650834932477	-0.09991060333972991
4.0179694	0.16	-12.048802169425677	-0.4819520867770271
13.102	0.55	-13.158051764070258	-0.5263220705628103
6.535	0.57	-4.923269516276861	-0.19693078065107444
20.35847252	0.56	-2.880101329928445	-0.11520405319713779
3.471149	0.57	-9.505026240726206	-0.38020104962904827
2.198884	0.57	-4.753514540500679	-0.19014058162002717
5.656304	1.05	-14.161692169279819	-0.5664676867711927
5.657	1.15	-0.6349687886236324	-0.025398751544945294
19.15454	1.02	-7.281452586120874	-0.291258103444835
19.1541	0.96	-10.331911565199048	-0.4132764626079619
31.6372	0.75	-6.569515895495709	-0.26278063581982836
20.5065	0.77	-6.364049802427811	-0.25456199209711244
2.77065	0.51	-1.863875288816772	-0.07455501155267089
5.73594	0.61	-20.56937834888796	-0.8227751339555184
10.93406	0.53	-2.9923991850516583	-0.11969596740206634
10.93241	0.61	-1.1048170067847654	-0.044192680271390616
10.9324	0.52	-4.38798345664728	-0.17551933826589122
3.535055	1.69	-6.201624565345132	-0.2480649826138053
12.2054	0.83	-5.829620337061709	-0.23318481348246833
12.2091165	0.72	-12.296273506248374	-0.491850940249935
12.20772	0.85	-12.03955621924215	-0.481582248769686
9.7833	0.61	-0.1985851554811413	-0.007943406219245653
9.7843	0.42	-21.30558718503309	-0.8522234874013236
2.849258	0.7	-3.85898807187299	-0.1543595228749196
2.8492816	0.7	-12.086262738673536	-0.48345050954694146
2.84947127	0.67	-27.59951184099317	-1.1039804736397267
2.849274	0.69	-0.600062276136635	-0.0240024910454654
9.0063	0.68	-3.2102246748154575	-0.1284089869926183
7.052475	0.86	-9.198609109733955	-0.3679443643893582
7.05240378	0.83	-2.403060836858535	-0.09612243347434139
7.05254	0.89	-1.1119028331210632	-0.044476113324842526
2.53726	0.89	-14.043323720102148	-0.561732948804086
22.88159	0.86	-20.240985554516197	-0.8096394221806479
20.6921	0.77	-10.990433219062115	-0.4396173287624846
30.944593	0.93	-1.3638904392910025	-0.054555617571640104
30.9349	0.93	-4.122216080099028	-0.1648886432039611
3.002627	1.08	-9.77705564147469	-0.3910822256589876
3.00265	0.97	-5.786149820327738	-0.23144599281310954
3.00234671	1.0	-8.529308539817851	-0.34117234159271403
3.0026	1.0	-19.649035441270705	-0.7859614176508282
2.57302	1.21	-7.269464672329924	-0.29077858689319697
2.57275378	1.02	-8.238874471301525	-0.32955497885206103
6.67202	0.77	-4.273430775011988	-0.17093723100047953
16.197201	0.68	-11.023033510478184	-0.4409213404191274
25.4556	1.4	-10.564204427847887	-0.4225681771139155
12.6475	0.87	-2.2706316229106567	-0.09082526491642627
12.647815	0.7	-22.992894201978388	-0.9197157680791355
5.06963	1.11	-4.455595293965388	-0.1782238117586155
8.054787	0.75	-11.836773856945474	-0.47347095427781893
28.67992	0.97	-15.112875415332095	-0.6045150166132838
13.978518	0.85	-5.139899859116921	-0.20559599436467685
6.98541	0.48	-11.100547654412512	-0.4440219061765005
5.57739	0.22	-10.739862872403311	-0.42959451489613243
15.1871	0.22	-5.648075173561256	-0.22592300694245027
7.7599	0.22	-7.833613318187654	-0.3133445327275062
24.1669	0.22	-0.21892377956313402	-0.008756951182525362
7.49491004	1.06	-5.9226305137332	-0.236905220549328
19.565557	0.99	-15.930646674611003	-0.6372258669844402
19.5666	0.96	-18.353956438929004	-0.7341582575571601
7.8142	1.16	-6.5245123494304575	-0.2609804939772183
18.286069	1.17	-10.907124197868777	-0.4362849679147511
18.311	1.16	-3.3010390047141747	-0.132041560188567
8.2000844	0.85	-10.371998775045341	-0.4148799510018137
8.199814	0.85	-4.846850752661673	-0.19387403010646695
10.993948	1.06	-2.4024621933916706	-0.09609848773566683
10.99573	1.06	-0.5484038818668142	-0.021936155274672568
10.35848367	0.77	-5.809725568818413	-0.23238902275273654
10.3535	0.84	-5.519076613877514	-0.22076306455510059
5.06408	0.84	-15.704146026322487	-0.6281658410528995
5.06416	0.78	-8.355192567107533	-0.33420770268430133
19.0918	0.9	-0.3708740671833697	-0.014834962687334788
5.605309	0.91	-6.6820112739656405	-0.2672804509586256
5.605	0.9	-26.916317029648376	-1.0766526811859352
28.867253	0.91	-5.101121240719449	-0.20404484962877795
6.102325	0.75	-1.7294177766206036	-0.06917671106482415
2.74697	0.48	-16.98386123981463	-0.6793544495925852
10.00102551	0.56	-3.669581814125717	-0.14678327256502868
9.997442	0.59	-2.623470714571002	-0.1049388285828401
0.684557	0.7	-23.968225291246487	-0.9587290116498595
0.684553	0.68	-10.677588822862251	-0.42710355291449004
8.77683	0.79	-7.180266249671353	-0.28721064998685414
18.44883	0.24	-0.3757515567545082	-0.01503006227018033
18.4474	0.52	-4.732543013425147	-0.1893017205370059
13.71468745	0.65	-4.210728594947286	-0.16842914379789142
13.733314	0.63	-3.377952521243978	-0.13511810084975912
2.900706	0.7	-4.512471775679474	-0.18049887102717896
10.13389	0.36	-16.571035876620844	-0.6628414350648337
10.135091	0.43	-4.990754396957421	-0.19963017587829682
10.1338	0.41	-13.146162091955274	-0.525846483678211
8.407115	1.17	-3.324780628942024	-0.13299122515768097
8.4061	1.16	-0.9745375066499997	-0.03898150026599999
8.4061	1.16	-20.732006693522113	-0.8292802677408845
10.136	1.23	-8.396541984225848	-0.33586167936903394
10.13892836	1.23	-9.46322149107769	-0.37852885964310756
18.251985	1.63	-12.567692377450706	-0.5027076950980283
18.248708	1.42	-23.89585289335833	-0.9558341157343333
1.21749415	1.32	-13.791706783270165	-0.5516682713308066
1.217494	1.38	-0.5865007720134365	-0.023460030880537462
1.21749448	1.38	-29.750607498922875	-1.190024299956915
1.21749399	1.32	-10.409672795527314	-0.41638691182109255
4.1662541	1.11	-0.6936636318013796	-0.027746545272055185
4.736099	1.44	-3.35310642044269	-0.1341242568177076
4.73626	1.46	-4.007710340183074	-0.16030841360732295
5.031623	1.59	-14.329090831530662	-0.5731636332612265
5.0316328	1.59	-7.120454060109221	-0.28481816240436886
5.031617	1.59	-11.21372506675378	-0.4485490026701512
1.7100529	1.24	-17.52834259077207	-0.7011337036308828
3.32944	2.06	-3.9783150165646735	-0.15913260066258694
3.329466	1.18	-3.5009887375495414	-0.14003954950198166
3.329441	1.18	-15.094558889116726	-0.6037823555646691
0.9689951	1.21	-11.699020675349297	-0.4679608270139719
0.96899328	1.21	-18.552297896738107	-0.7420919158695243
0.96899296	1.21	-9.1284140942434	-0.365136563769736
3.0801716	1.64	-3.761471156951269	-0.15045884627805076
2.8717023	1.52	-11.957349030852539	-0.47829396123410156
2.8716995	1.52	-6.266746505816961	-0.25066986023267845
4.6117361	1.62	-22.093341146140993	-0.8837336458456397
4.6117093	1.62	-14.050254166203933	-0.5620101666481573
4.11377556	1.31	-11.062805457324108	-0.44251221829296433
4.11379	1.54	-7.681421669301998	-0.3072568667720799
3.47410042	1.76	-15.849904177112645	-0.6339961670845058
3.4741084	1.76	-6.6391543773992705	-0.2655661750959708
3.61276958	1.46	-1.0508152510708693	-0.04203261004283477
3.6127647	1.46	-6.7546427243986935	-0.27018570897594774
2.25528783	1.07	-10.964212374881093	-0.43856849499524375
2.25528745	0.94	-4.426727491909903	-0.1770690996763961
2.255251	0.94	-6.380503456949697	-0.2552201382779879
5.55149	1.3	-14.50904784586065	-0.580361913834426
5.5514975	1.46	-13.231037971989938	-0.5292415188795976
5.55149344	1.46	-4.436695382512155	-0.1774678153004862
2.70339	1.28	-0.22075746309244493	-0.008830298523697797
2.703385	1.34	-15.058497011438572	-0.6023398804575429
2.7033904	1.28	-0.3268757054078726	-0.013075028216314904
2.98958682	1.2	-2.1647448868416665	-0.08658979547366666
2.989594	1.2	-16.37458858469384	-0.6549835433877536
7.8457	1.42	-20.024492242431165	-0.8009796896972466
7.8455821	1.13	-8.814329770070056	-0.35257319080280225
7.845582	1.13	-1.033462022349459	-0.04133848089397836
7.8456043	1.08	-12.30830485147678	-0.49233219405907125
2.7347656	1.53	-2.0595107654471074	-0.0823804306178843
2.7347657	1.53	-10.890056382683596	-0.43560225530734387
2.7347703	1.76	-6.804015492878947	-0.27216061971515787
3.24406	1.21	-13.963688438989273	-0.5585475375595709
3.24406	0.81	-1.549724950277993	-0.06198899801111973
3.24406	1.21	-4.653054509791728	-0.1861221803916691
3.2440796	1.02	-1.1613664785285909	-0.046454659141143634
3.24408156	1.21	-1.4701637012045663	-0.05880654804818265
1.48111874	2.52	-13.947344714086315	-0.5578937885634526
1.4811235	2.52	-0.7489873733968881	-0.029959494935875526
2.073549	1.22	-2.7750582770766337	-0.11100233108306534
3552.0	1.42	-8.646377639468282	-0.3458551055787313
1322.3	0.98	-27.563836153187754	-1.1025534461275102
440.7843755	1.03	-11.916304748471186	-0.47665218993884745
440.786134	1.03	-12.564443855855167	-0.5025777542342067
440.7843755	1.1	-11.313070240488365	-0.4525228096195346
440.7813	1.07	-17.680350135055484	-0.7072140054022193
840.0	1.63	-8.292925921124763	-0.3317170368449905
31.8099	1.04	-2.1231115270966097	-0.0849244610838644
75.2	1.04	-2.4079998688686333	-0.09631999475474533
572.376632	1.13	-11.79906860151324	-0.47196274406052957
572.376632	1.15	-9.26467121093388	-0.37058684843735523
572.383277	0.96	-5.598190022126612	-0.2239276008850645
572.3847	0.98	-11.236190831401329	-0.44944763325605314
17.8552197	1.31	-6.564106131160363	-0.26256424524641453
17.8552333	1.45	-5.209477286845148	-0.20837909147380593
17.8552197	1.31	-5.233700512278562	-0.20934802049114246
17.8552197	1.55	-11.815093931707896	-0.4726037572683158
17.85522168	1.39	-7.531620298649643	-0.3012648119459857
17.855149	1.26	-9.736621601409276	-0.38946486405637104
17.85522168	1.45	-9.761586572024623	-0.39046346288098494
17.855182	1.5	-13.810115304232118	-0.5524046121692847
17.8552276	1.45	-0.45065333399142893	-0.018026133359657158
86.64763676	0.78	-8.405934841937816	-0.33623739367751265
86.647661	0.99	-6.470242167220235	-0.2588096866888094
86.64764448	0.96	-1.3809571085424561	-0.055238284341698245
1.763589	2.05	-6.519626702440281	-0.26078506809761126
1.76358754	2.47	-6.557187883722714	-0.2622875153489086
1.76358757	1.67	-3.2238565855590204	-0.12895426342236083
1.76358757	2.47	-13.463109375925374	-0.538524375037015
10.95416	0.96	-19.943670078583065	-0.7977468031433226
10.91610834	1.05	-21.90227990196526	-0.8760911960786105
10.916386	1.06	-4.38394683867628	-0.1753578735470512
10.91647	0.99	-4.3922929650982265	-0.17569171860392907
10.91610834	0.98	-12.077937586092123	-0.4831175034436849
10.95307834	0.93	-4.447979942356241	-0.17791919769424966
10.91610834	1.05	-4.768780142653412	-0.1907512057061365
22.3395	0.96	-5.32842485936154	-0.21313699437446162
20.4074846	1.05	-1.1759701282855826	-0.047038805131423306
20.4071345	1.02	-4.184766126727837	-0.16739064506911347
20.4071345	1.02	-11.195708358980074	-0.44782833435920294
20.4415	1.02	-3.5535835288825615	-0.14214334115530247
13.6163456	1.02	-15.282750725622229	-0.6113100290248892
13.6164547	1.05	-7.696780993247106	-0.3078712397298843
13.6088	1.02	-5.3414172715819195	-0.2136566908632768
13.6163456	1.02	-14.42749662237176	-0.5770998648948704
13.6141	0.94	-0.6993388417258437	-0.02797355366903375
134.4786723	1.03	-13.014093980196938	-0.5205637592078776
134.47850876	1.1	-16.243612976241025	-0.649744519049641
134.4786723	1.08	-9.14703277924238	-0.3658813111696952
284.215	1.08	-2.9203108358704126	-0.11681243343481651
284.0423	1.11	-17.076039213229922	-0.683041568529197
284.060953	1.08	-1.5146509309689455	-0.06058603723875782
284.060953	1.03	-11.939628463707512	-0.4775851385483005
284.063137	1.0	-3.8362896150781918	-0.15345158460312766
34.169	0.9	-6.415133745991971	-0.25660534983967886
34.20578508	0.84	-9.045644319464525	-0.361825772778581
34.2069395	0.9	-3.735782075879589	-0.14943128303518358
34.2069395	0.9	-17.802838595884744	-0.7121135438353897
34.2069395	0.9	-4.69596863180911	-0.18783874527236438
7.68433241	0.7	-4.641879914190876	-0.18567519656763506
7.68433346	0.57	-2.8058598412552263	-0.11223439365020906
7.68433487	0.57	-11.401646402870217	-0.45606585611480865
7.685	0.68	-12.35594044853795	-0.49423761794151805
7.68433346	0.7	-6.1291188029019485	-0.24516475211607794
3.90508168	1.0	-7.151988330653633	-0.2860795332261453
3.90508194	0.93	-0.7290105498392692	-0.029160421993570766
3.90508168	0.93	-0.4811495342459289	-0.019245981369837156
3.90512	0.95	-2.77209273811063	-0.11088370952442521
3.90508198	0.97	-2.9948924143639615	-0.11979569657455846
19.00537199	1.03	-12.474888745317276	-0.49899554981269106
19.00547	0.91	-9.535704250035916	-0.38142817000143664
19.00537199	1.03	-5.066625403003219	-0.20266501612012877
21.1876185	0.93	-10.532087164004125	-0.421283486560165
21.1875846	0.92	-8.19849508564183	-0.32793980342567325
21.1876185	1.11	-6.553252021640909	-0.2621300808656364
21.1875846	0.92	-2.9501731303658305	-0.11800692521463323
31.8245304	0.92	-6.912010019344501	-0.27648040077378006
31.8245304	1.11	-5.444669940044082	-0.21778679760176328
31.8245304	0.86	-25.564453828284453	-1.0225781531313782
7.008233	1.14	-13.687569536419868	-0.5475027814567948
7.008151	1.2	-10.843677360361074	-0.433747094414443
7.00823498	1.12	-13.437837650460946	-0.5375135060184378
7.00828076	1.11	-2.995496438070391	-0.11981985752281564
7.00828076	0.97	-11.383930257480719	-0.45535721029922877
8.71989	1.14	-2.4388836225267845	-0.09755534490107139
8.71982853	1.11	-8.652610258391526	-0.34610441033566103
8.71975915	1.12	-10.144305927833061	-0.40577223711332244
8.719375	1.2	-7.90790891137582	-0.3163163564550328
8.71982853	1.11	-12.431291860939595	-0.49725167443758383
59.7371443	1.12	-11.001746312913722	-0.4400698525165489
59.7370348	1.11	-15.047740720924477	-0.6019096288369791
59.7371443	1.09	-2.026102679384537	-0.08104410717538148
59.73667	1.2	-4.0616309580881085	-0.16246523832352433
59.7367919	1.12	-6.314394550197341	-0.25257578200789366
59.7370348	0.97	-7.1304994279767255	-0.28521997711906905
59.73716	1.14	-6.734373167226106	-0.2693749266890442
91.9404603	1.11	-16.811537879804384	-0.6724615151921753
91.93933735	1.12	-8.289144476081471	-0.33156577904325885
91.93913	1.2	-4.051071477963667	-0.16204285911854668
91.94069	1.14	-10.17823370176814	-0.4071293480707256
91.9401253	1.12	-8.641098250180743	-0.34564393000722976
124.922516	1.09	-9.867646170443695	-0.39470584681774784
124.916337	0.97	-4.393041839352362	-0.1757216735740945
124.922516	1.12	-5.950416652177888	-0.23801666608711552
124.916337	0.97	-17.3458431860232	-0.693833727440928
124.91349729	1.12	-1.8331492402923448	-0.0733259696116938
124.9144	1.2	-13.931201617439221	-0.5572480646975688
124.916337	1.11	-9.774119862736006	-0.39096479450944027
210.60697	1.2	-9.01765077425817	-0.36070603097032683
210.603	1.2	-8.97633048456832	-0.3590532193827328
210.6031105	1.11	-3.963611676696986	-0.15854446706787945
210.6031105	0.97	-9.786951227981492	-0.39147804911925965
210.59659	1.14	-5.768574154706428	-0.23074296618825713
210.6013843	1.09	-14.455088576812976	-0.5782035430725191
210.5935133	1.12	-6.405670302338278	-0.2562268120935311
331.6011081	1.12	-5.894633341223658	-0.23578533364894633
331.5972732	1.12	-15.237600952693862	-0.6095040381077544
331.6011081	1.11	-6.012257700224794	-0.24049030800899177
331.643	1.14	-0.7669192773085949	-0.030676771092343794
331.60059	1.2	-10.535838876312752	-0.4214335550525101
331.6011081	0.97	-7.589809704705067	-0.3035923881882027
331.6011081	0.97	-6.9025133029972965	-0.2761005321198919
141.24164672	1.0	-1.6376833844238774	-0.06550733537695509
141.24164672	1.08	-9.970985898949891	-0.39883943595799565
141.2415405	0.94	-8.115533508792762	-0.3246213403517105
141.2415405	1.02	-17.081672874917196	-0.6832669149966878
141.24174303	1.02	-0.6941100611810196	-0.027764402447240783
0.82400012	0.28	-2.0232740918011896	-0.08093096367204758
0.82400012	0.28	-18.711867465391887	-0.7484746986156755
0.412	0.41	-1.1372841476969033	-0.045491365907876134
0.82400012	0.28	-17.107666473455037	-0.6843066589382015
0.941967	0.86	-7.626984000197011	-0.30507936000788044
0.240104	0.5	-12.333830401913964	-0.4933532160765586
24.2783801	0.66	-11.571971167066062	-0.4628788466826425
3.743208	1.28	-11.958109667933684	-0.47832438671734734
3.74316673	1.11	-7.490333218357258	-0.2996133287342903
3.74317556	1.08	-23.067706209987985	-0.9227082483995195
3.74316673	1.18	-5.053090823470905	-0.2021236329388362
3.74317556	1.08	-16.049899889611083	-0.6419959955844433
3.74317556	1.08	-1.2293105540781548	-0.04917242216312619
10.42367777	1.18	-2.27310783855052	-0.09092431354202081
10.424	1.1	-11.151955752206645	-0.4460782300882658
10.42363688	1.18	-13.60362364983959	-0.5441449459935837
10.42367744	1.11	-5.41112920804381	-0.2164451683217524
10.42367777	1.08	-15.394395816867227	-0.6157758326746892
10.42368297	1.18	-20.742175874504767	-0.8296870349801907
10.423707	1.28	-2.820630117522883	-0.11282520470091532
10.42367777	1.18	-2.439484240062292	-0.09757936960249168
22.34296958	1.08	-3.5610868638148956	-0.14244347455259582
22.34296958	1.08	-5.136701324033201	-0.20546805296132803
22.343001	1.28	-12.706631325787042	-0.5082652530314816
22.34296958	1.08	-0.3951202120676036	-0.015804808482704144
22.343	1.1	-8.698955730604252	-0.3479582292241701
22.342972	1.28	-13.806510037222056	-0.5522604014888822
22.3429704	1.18	-1.7699155731494516	-0.07079662292597806
22.34296958	1.18	-4.044074341282608	-0.16176297365130432
22.342971	1.28	-10.815782663870383	-0.43263130655481535
54.31993	1.28	-8.4402490010076	-0.337609960040304
54.31998605	1.18	-26.40165578021512	-1.0560662312086049
54.31996151	1.11	-6.5415696925500475	-0.2616627877020019
54.31998605	1.08	-0.42606290299531957	-0.017042516119812782
54.32002	1.28	-6.814563419282111	-0.27258253677128447
54.32031	1.28	-3.4380477849276154	-0.13752191139710462
54.31996151	1.18	-12.293200251047773	-0.49172801004191097
4.28745547	0.99	-13.561966894287645	-0.5424786757715058
4.2881785	0.93	-14.4655624029322	-0.578622496117288
4.2881785	0.93	-1.9007189185942703	-0.07602875674377081
4.28745547	0.99	-12.388268238924564	-0.4955307295569826
4.2873775	1.01	-0.996005955439043	-0.03984023821756172
4.28745547	0.99	-1.0167570787260807	-0.04067028314904323
1.706291	0.89	-13.134215834050183	-0.5253686333620073
1.706304	0.89	-4.801971458174847	-0.1920788583269939
1.7063241	0.89	-5.458497668022022	-0.21833990672088088
121.54	0.28	-11.926167777552896	-0.4770467111021159
0.83749133	0.9	-11.251370687134209	-0.45005482748536835
0.8374908	0.91	-28.245628138835812	-1.1298251255534326
0.837491	0.91	-15.948905415858414	-0.6379562166343365
0.83749122	0.88	-3.47885076985619	-0.1391540307942476
0.837501	1.02	-5.900454319834465	-0.23601817279337858
0.83749128	1.02	-9.708812200240361	-0.38835248800961447
0.83749026	1.02	-2.19189870870793	-0.0876759483483172
0.8374907	0.91	-1.8445372996480751	-0.073781491985923
0.83749149	1.02	-10.03635369810187	-0.4014541479240748
0.83749133	0.9	-8.896904077221329	-0.35587616308885317
0.83749133	0.87	-2.1869228287021336	-0.08747691314808535
45.29431717	0.9	-6.4127131827510535	-0.25650852731004214
45.29431717	0.92	-13.142963428710708	-0.5257185371484283
45.29430079	1.02	-5.169453761352861	-0.20677815045411443
45.2941835	1.02	-7.061619314675071	-0.28246477258700287
45.29431717	0.9	-4.813821412683813	-0.19255285650735254
45.29422297	1.02	-7.424721521053267	-0.29698886084213066
45.294301	0.91	-16.4783726617843	-0.659134906471372
45.29431717	0.87	-1.6526460534089675	-0.0661058421363587
45.294301	0.91	-7.544823654512427	-0.3017929461804971
45.29431717	0.9	-5.756557056036108	-0.23026228224144432
45.29431717	0.87	-8.876235899210918	-0.35504943596843674
45.2946	1.02	-1.5666293529408453	-0.06266517411763381
45.29485	0.9	-2.7180351946582535	-0.10872140778633015
6.88707073	1.05	-2.173127899462821	-0.08692511597851285
6.88706037	1.1	-13.297635572254789	-0.5319054228901916
6.88707073	1.06	-7.225896039932336	-0.28903584159729345
6.88734443	1.06	-4.174235022916477	-0.1669694009166591
6.887037	1.06	-3.4011346682873835	-0.13604538673149535
6.88706037	1.1	-9.155808798137414	-0.3662323519254966
12.81588378	1.08	-2.059445220306876	-0.08237780881227505
12.81590421	1.05	-9.511962418752749	-0.38047849675011
12.81588378	1.1	-2.829955326363189	-0.11319821305452755
12.815735	1.11	-7.2370390636734605	-0.2894815625469384
12.81586397	1.06	-8.048755981400518	-0.32195023925602073
12.81587113	1.06	-13.814021584837246	-0.5525608633934899
12.81588378	1.08	-6.611773928387993	-0.2644709571355197
35.3331932	1.06	-12.40889129155307	-0.4963556516621228
35.3330866	1.1	-17.928259793593885	-0.7171303917437554
35.33314	1.11	-11.723394835693128	-0.4689357934277251
35.3330866	1.08	-16.747060668272358	-0.6698824267308944
35.3330866	1.1	-5.814940234548663	-0.23259760938194654
35.3331	1.08	-9.355046770671247	-0.3742018708268499
120.01862647	1.32	-15.296018268835796	-0.6118407307534318
120.01918452	1.32	-8.323649930813135	-0.3329459972325254
120.0181272	1.34	-2.3275298794514363	-0.09310119517805746
120.0183551	1.41	-0.809203952762267	-0.03236815811049068
120.0183551	1.32	-13.101696685593971	-0.5240678674237589
120.019	1.29	-1.9008090649661944	-0.07603236259864778
120.0181272	1.4	-11.07167129555882	-0.4428668518223528
120.0181272	1.34	-5.732227922526513	-0.22928911690106052
14.30517579	0.93	-4.6758862940291	-0.187035451761164
14.3052	0.96	-1.8541332712020588	-0.07416533084808236
14.30517579	0.94	-15.580041354358261	-0.6232016541743305
14.30511863	0.93	-6.190727196995202	-0.24762908787980809
14.30511983	0.93	-5.875796390172786	-0.23503185560691145
14.30511983	0.93	-11.56183692748698	-0.46247347709947917
9.18189122	0.94	-8.502763378031457	-0.3401105351212583
9.18186	0.93	-17.13625475234102	-0.6854501900936408
9.18186	0.96	-10.025859053399579	-0.40103436213598315
4.336491	1.16	-3.058502435977389	-0.12234009743909557
4.33642933	1.21	-1.3357272401812663	-0.05342908960725065
4.33642933	1.21	-4.554482331401436	-0.18217929325605745
4.33642933	1.21	-7.8628152290585405	-0.31451260916234164
4.33642933	1.22	-7.392980309507479	-0.29571921238029913
3.554901	1.07	-12.739066822788995	-0.5095626729115599
3.55485691	0.93	-3.606268013331966	-0.14425072053327864
3.55485691	0.93	-0.4861307421913721	-0.019445229687654882
3.55485691	0.86	-3.046522755442772	-0.12186091021771088
3.55486178	1.11	-7.169569870349343	-0.28678279481397373
3.55485634	1.11	-5.532603159435891	-0.22130412637743566
5.28789787	1.41	-15.999785695686157	-0.6399914278274463
5.288016	2.21	-7.957676963456091	-0.31830707853824364
5.28789787	1.41	-0.4765933723857958	-0.01906373489543183
5.28789787	1.11	-6.158777502161818	-0.2463511000864727
5.28789787	1.49	-37.081115395207235	-1.4832446158082895
6.49801525	0.92	-4.42580494166055	-0.177032197666422
6.49801525	0.96	-10.15064674000797	-0.4060258696003188
6.49802255	1.02	-7.311129624991635	-0.2924451849996654
6.4980147	1.02	-14.731587331639552	-0.5892634932655821
6.49801525	0.92	-7.592408242319372	-0.3036963296927749
6.49801525	1.0	-7.592085083641518	-0.30368340334566074
6.49804884	1.02	-8.469318481157813	-0.33877273924631257
6.49801525	0.92	-3.630553410154983	-0.14522213640619933
19.76172042	1.06	-4.845319262899684	-0.19381277051598736
19.76172042	1.06	-16.525268466490367	-0.6610107386596147
19.76191	1.14	-5.439215209272786	-0.21756860837091144
19.76172042	0.78	-4.015957979539385	-0.1606383191815754
5.18498	0.62	-16.40811800046111	-0.6563247200184443
5.18500207	0.55	-0.6131322973887905	-0.02452529189555162
5.18500207	0.55	-3.825107702917548	-0.15300430811670193
12.43929428	0.74	-3.5528723440024574	-0.1421148937600983
12.43929428	0.85	-3.767688865307285	-0.1507075546122914
12.43931193	0.8	-8.20998749747022	-0.3283994998988088
12.43931193	0.81	-7.948228624700649	-0.31792914498802594
12.43931193	0.91	-15.989994882929889	-0.6395997953171956
12.43931336	0.85	-28.004713749051305	-1.1201885499620523
12.439517	0.92	-7.282110412167914	-0.2912844164867166
11.35008767	0.66	-12.98564222447017	-0.5194256889788068
11.35010642	0.66	-3.8494354778168196	-0.1539774191126728
11.35011917	0.59	-2.7025019354606674	-0.1081000774184267
11.35011917	0.55	-18.02912874060791	-0.7211651496243164
11.350106	0.55	-1.8204900614725208	-0.07281960245890083
11.35011832	0.66	-1.018793846251142	-0.04075175385004569
3.4876812	1.17	-0.6445559727400103	-0.02578223890960041
3.48768878	1.07	-9.017350230192038	-0.3606940092076815
3.48768943	1.12	-8.636894888047546	-0.3454757955219019
3.48768943	1.24	-4.569353565898393	-0.1827741426359357
3.48768943	1.12	-12.937300654066638	-0.5174920261626655
6.02976	1.17	-5.901621205943348	-0.23606484823773394
6.02979518	1.12	-7.917798290758215	-0.3167119316303286
6.02979518	0.98	-6.5396634595809	-0.261586538383236
6.02908	1.13	-3.5891572368131186	-0.14356628947252476
6.02979518	1.12	-18.305344783226513	-0.7322137913290605
34.26749	0.79	-12.628654888245919	-0.5051461955298368
34.2685705	0.81	-13.775821628619752	-0.5510328651447901
34.2685705	0.86	-2.479577291550649	-0.09918309166202596
34.26873173	0.86	-2.6414993043253565	-0.10565997217301426
34.26852697	0.86	-10.091435893431367	-0.40365743573725466
34.2685741	0.81	-3.9175399916798925	-0.1567015996671957
34.2685741	0.86	-0.8700650878254541	-0.034802603513018164
34.2685705	0.81	-1.3712870645479311	-0.054851482581917244
5.75322197	0.91	-3.7599786397210515	-0.15039914558884207
5.75322197	1.02	-11.573788027180626	-0.46295152108722504
5.75321539	1.02	-12.705885248391219	-0.5082354099356488
5.7532239	0.87	-2.0371884700488345	-0.08148753880195338
5.75321539	0.87	-4.438390341609317	-0.17753561366437268
5.753201	0.81	-16.20524071911983	-0.6482096287647932
5.50860439	0.94	-9.048009651261022	-0.3619203860504409
5.50860699	0.88	-1.5386736707808546	-0.061546946831234184
5.5086102	0.96	-5.430588396358763	-0.21722353585435053
5.50860439	0.94	-3.830101169179709	-0.15320404676718835
18.93058222	0.77	-7.719608681132897	-0.3087843472453159
18.93094	0.92	-1.072845853659417	-0.04291383414637668
18.93055119	0.77	-12.54155818069403	-0.5016623272277613
18.93054959	0.95	-4.832825063370365	-0.1933130025348146
18.93054959	0.81	-4.741965135880128	-0.18967860543520512
18.93059875	0.77	-2.7872143833745406	-0.11148857533498163
18.93055119	0.95	-2.047083015203663	-0.08188332060814651
18.93054959	0.95	-11.32852906363075	-0.45314116254523
16.57098779	0.91	-4.951087809980351	-0.19804351239921403
16.57099265	0.86	-12.607264808408532	-0.5042905923363413
16.57110363	0.85	-15.579617902306047	-0.6231847160922419
16.57110363	0.88	-3.3708618452828825	-0.1348344738113153
16.57110363	0.85	-2.3111664486198173	-0.09244665794479269
16.57110363	0.85	-6.50495192226361	-0.2601980768905444
16.571152	0.9	-8.413720512523325	-0.336548820500933
16.57110259	0.91	-0.9211913414503687	-0.03684765365801475
16.00496657	1.28	-13.047294484249896	-0.5218917793699959
16.00494214	1.25	-11.724453668496118	-0.4689781467398447
16.0049	1.28	-3.4625836917285646	-0.1385033476691426
16.00494214	1.25	-0.8569770091184694	-0.03427908036473878
16.00496778	1.28	-4.875178504030763	-0.19500714016123052
16.00496657	1.41	-6.90747946601093	-0.2762991786404372
1.95452434	0.99	-6.816125616651264	-0.27264502466605056
1.95454386	1.0	-15.547969905897638	-0.6219187962359055
1.954541	1.06	-4.6944309289767405	-0.18777723715906963
1.95452434	1.04	-0.1873758795245637	-0.007495035180982548
105.6552651	1.0	-5.267595371867084	-0.21070381487468337
105.6551369	0.99	-3.7893036328360346	-0.15157214531344138
105.6551369	1.04	-1.1614141824891262	-0.04645656729956505
105.6552651	1.01	-4.2637200087251355	-0.1705488003490054
105.65357173	1.0	-10.390731970826046	-0.41562927883304185
105.6551369	1.04	-1.8675323454030037	-0.07470129381612015
7.23400469	0.95	-17.47397541072729	-0.6989590164290916
7.23400381	0.99	-4.327535107874436	-0.17310140431497742
7.23400469	1.01	-1.3012190743979153	-0.05204876297591661
7.23400469	1.01	-3.039017880534999	-0.12156071522139997
7.234049	0.91	-4.082377419657169	-0.16329509678628676
49.1013514	1.04	-10.207460113747882	-0.4082984045499153
49.10106296	0.96	-7.8140010931415915	-0.31256004372566365
49.10109488	0.96	-4.530531382613803	-0.1812212553045521
1.41122985	0.61	-4.666366284220418	-0.18665465136881673
1.4112265	0.6	-10.043787576825801	-0.4017515030730321
1.41123002	0.66	-9.924059619794912	-0.39696238479179646
1.41123038	0.66	-1.037806393295916	-0.041512255731836645
1.41122985	0.61	-19.3125945265177	-0.772503781060708
1.41122985	0.61	-0.1982517742719898	-0.007930070970879593
1.41123002	0.73	-2.908018947586324	-0.11632075790345296
5.286965	0.8	-15.88630616960896	-0.6354522467843584
5.28696	0.8	-11.729020751438753	-0.46916083005755016
5.28691996	0.78	-11.382710743162175	-0.455308429726487
5.28695437	0.73	-9.814095175538387	-0.3925638070215355
5.28691996	0.81	-0.5745505545296019	-0.022982022181184076
5.28695437	0.8	-4.159896748497755	-0.1663958699399102
5.28695437	0.8	-10.233231569948632	-0.4093292627979453
5.286978	0.8	-10.81090548097018	-0.43243621923880715
5.28695437	0.73	-9.975127180964666	-0.39900508723858663
5.28695437	0.8	-5.089853462640352	-0.20359413850561411
7.07139151	0.78	-3.9904249946714345	-0.1596169997868574
7.07136119	0.78	-1.7772595909755131	-0.07109038363902052
7.07136076	0.73	-3.4544202810265587	-0.13817681124106235
7.07145665	0.78	-3.706603150953188	-0.14826412603812752
10.3117367	0.78	-5.465956340120734	-0.21863825360482936
10.31173752	0.73	-7.2385306035460815	-0.28954122414184325
10.31174786	0.81	-9.570158883636337	-0.3828063553454535
10.31173752	0.8	-12.255444838313942	-0.4902177935325577
10.31173752	0.8	-18.587905465633888	-0.7435162186253556
10.31173752	0.73	-0.7039533742483213	-0.02815813496993285
10.31173752	0.8	-2.4547273021010083	-0.09818909208404034
10.311767	0.8	-13.372513337367632	-0.5349005334947053
16.14567193	0.78	-0.9189115424476473	-0.03675646169790589
16.146	0.73	-0.15068136323810166	-0.006027254529524066
16.1457	0.8	-12.569265709845954	-0.5027706283938381
16.14569077	0.8	-7.81504395008225	-0.31260175800329004
16.14569077	0.73	-6.81636606241307	-0.27265464249652277
16.1456994	0.8	-10.913940875509468	-0.4365576350203787
16.14567193	0.81	-3.132143910371381	-0.12528575641485523
16.14569077	0.8	-10.173822861608466	-0.4069529144643386
27.4537294	0.8	-1.7049993497230291	-0.06819997398892116
27.4536146	0.81	-11.575030263995133	-0.46300121055980537
27.453592	0.8	-28.06186223381573	-1.1224744893526293
27.4537294	0.73	-1.3881463178718585	-0.05552585271487434
27.4535921	0.78	-10.629559138152178	-0.4251823655260871
27.4536146	0.78	-9.406768091078835	-0.3762707236431534
27.4537294	0.8	-1.1888530623755635	-0.04755412249502254
96.9151496	0.87	-12.044559413760076	-0.48178237655040307
96.91492	0.84	-9.362001713111564	-0.3744800685244626
96.9151707	0.89	-18.736264828926572	-0.7494505931570629
96.91512125	0.89	-22.469477414218822	-0.8987790965687529
96.9151496	0.78	-1.5836936911638626	-0.0633477476465545
96.9151707	0.83	-9.543596267725416	-0.3817438507090167
96.9151496	0.75	-7.924864512700099	-0.31699458050800394
96.9151496	0.78	-3.0781732207742283	-0.12312692883096914
13.474881	0.88	-19.12722584280287	-0.7650890337121148
13.47472742	0.82	-8.68282053369682	-0.3473128213478728
13.47469571	0.89	-18.606878417192398	-0.744275136687696
13.47467339	0.91	-2.3245177446746204	-0.09298070978698482
13.47469571	0.8	-2.2040346902044066	-0.08816138760817627
10.99469878	0.71	-12.686502547456872	-0.5074601018982748
10.99470891	0.67	-8.229760354242334	-0.32919041416969336
62.1385979	0.9	-21.786133736174797	-0.8714453494469919
62.13839425	0.9	-1.0409676689910203	-0.04163870675964081
62.13874912	0.9	-0.12983187637528726	-0.005193275055011491
62.1387714	0.93	-3.796513184811178	-0.15186052739244713
62.1387714	1.03	-13.466346139489495	-0.5386538455795798
62.1402	0.86	-2.769714594426169	-0.11078858377704677
66.41604004	0.9	-4.248213665299188	-0.16992854661196752
66.4162133	0.84	-5.666760977229348	-0.22667043908917392
66.4162133	0.84	-3.507275977798045	-0.1402910391119218
66.4159789	0.9	-3.877562137117228	-0.15510248548468913
66.41641966	0.9	-7.104172455249959	-0.28416689820999835
37.32281	1.13	-2.9557926727054586	-0.11823170690821835
37.3229493	1.0	-5.601238716892505	-0.2240495486757002
37.3229493	0.96	-18.76316914970208	-0.7505267659880832
37.32299618	1.16	-3.0134626064746204	-0.12053850425898482
37.3229493	1.0	-6.055732590352047	-0.2422293036140819
36.51574626	0.79	-5.490864620082588	-0.21963458480330353
36.5156053	0.75	-2.253315995177403	-0.09013263980709611
36.5156053	0.79	-4.589292518930425	-0.18357170075721702
36.5156053	0.75	-20.63232487458605	-0.825292994983442
1.90780645	0.92	-14.173956229308354	-0.5669582491723342
1.9078052	0.9	-1.965397767591037	-0.07861591070364148
1.9078052	0.91	-2.985467805404788	-0.11941871221619152
1.90781068	0.94	-1.2564854450487748	-0.05025941780195099
1.9078052	0.95	-3.7089032601656697	-0.1483561304066268
1.90781434	0.92	-9.486300663969475	-0.379452026558779
1.90781068	0.92	-13.774184968350061	-0.5509673987340025
1.9078052	0.95	-1.0112420212913484	-0.04044968085165394
2.51461384	0.96	-4.914696723443031	-0.19658786893772123
2.51462432	0.9	-5.048382869158194	-0.20193531476632776
2.5146285	0.94	-0.162781212961282	-0.00651124851845128
4.41769252	0.77	-4.117324081337835	-0.1646929632535134
4.41769648	0.7	-12.59721918460388	-0.5038887673841552
4.41769648	0.82	-15.356094016071559	-0.6142437606428623
4.41769648	0.7	-4.965226988694502	-0.19860907954778007
15.96532718	1.07	-9.857656630138987	-0.3943062652055595
15.96533687	1.09	-1.136260834544595	-0.045450433381783804
15.96532718	1.07	-9.6299363107319	-0.385197452429276
15.96533687	1.13	-6.834006662546725	-0.273360266501869
15.9654	1.09	-19.31871422054043	-0.7727485688216171
15.96533687	1.12	-11.57393741188272	-0.4629574964753088
15.96533427	1.07	-6.246591343459375	-0.24986365373837502
15.9653287	1.21	-14.602931612909865	-0.5841172645163946
15.965349	1.16	-6.864423505448011	-0.27457694021792045
179.601	1.16	-1.7351854768007375	-0.0694074190720295
179.60783296	1.07	-3.195594411460993	-0.12782377645843973
179.609803	1.07	-10.268440295582929	-0.41073761182331714
179.612	1.09	-12.236539393361081	-0.48946157573444327
179.6076602	1.09	-14.390680054536197	-0.5756272021814479
179.61009936	1.07	-10.368199994365197	-0.4147279997746079
179.6133	1.07	-6.112729101726254	-0.24450916406905016
19.32952416	0.87	-1.1943426963434995	-0.04777370785373998
19.32952416	0.87	-2.8265152269553004	-0.11306060907821203
19.32945602	0.88	-15.966065837814943	-0.6386426335125978
19.32945602	0.81	-5.390526467715231	-0.21562105870860926
1.22621732	1.06	-6.3708379931427475	-0.2548335197257099
1.22621732	1.06	-4.9022859313122495	-0.19609143725248998
1.22621732	1.06	-1.7151778192795017	-0.06860711277118008
3.29011795	0.58	-14.891997048778306	-0.5956798819511322
3.290169	0.64	-13.558791981407431	-0.5423516792562972
3.29011795	0.58	-19.938493123842704	-0.7975397249537082
3.29011408	0.58	-11.689504729657978	-0.4675801891863191
3.29011795	0.77	-0.30972807021362003	-0.012389122808544801
7.56052455	0.96	-4.219805745205879	-0.16879222980823516
7.56052806	1.03	-14.659439211234368	-0.5863775684493747
7.56052806	1.03	-8.083363701770903	-0.3233345480708361
7.560344	0.99	-1.7147772009841082	-0.06859108803936433
7.56052806	1.03	-10.345885888229674	-0.41383543552918695
12.12400943	0.86	-5.096585245012999	-0.20386340980051998
12.12401737	0.81	-8.628342608406943	-0.3451337043362777
12.12400943	0.83	-5.36643186054517	-0.2146572744218068
2.71407837	1.03	-26.64662229706795	-1.065864891882718
2.71407755	0.98	-1.464435587648564	-0.05857742350594256
2.71407755	0.73	-1.0321735933138125	-0.041286943732552504
2.71407968	1.03	-8.047600383604324	-0.32190401534417296
2.71407763	1.03	-1.260708316356535	-0.050428332654261394
2.71406	0.95	-17.71135794819957	-0.7084543179279829
122.8808058	0.97	-5.678880307267146	-0.22715521229068586
122.88122161	0.95	-4.0388362409112535	-0.16155344963645013
122.87916295	0.95	-7.398917473269198	-0.2959566989307679
122.8808058	0.96	-7.185186359228258	-0.2874074543691303
122.8808058	0.97	-1.0260324823855167	-0.04104129929542067
1.06378867	0.92	-6.803951353599694	-0.27215805414398775
1.0637892	0.82	-3.4103037768306903	-0.13641215107322763
1.06378861	0.82	-5.1019009599397345	-0.2040760383975894
1.06378867	0.92	-0.22263834516318193	-0.008905533806527277
1.06379	0.75	-0.6668899772930725	-0.0266755990917229
148.46005746	0.89	-7.754359316496895	-0.3101743726598758
148.4569	0.91	-7.764197214434668	-0.3105678885773867
148.4603382	0.83	-1.6128398572098241	-0.06451359428839297
148.4603382	0.83	-20.86057592561037	-0.8344230370244148
148.46047117	0.89	-2.032094858558767	-0.08128379434235068
148.4603382	0.87	-7.190654641715568	-0.28762618566862275
7.12768673	0.83	-8.628392811522804	-0.3451357124609122
7.1276598	0.87	-11.81577057143405	-0.472630822857362
7.12768673	0.83	-18.749491758892724	-0.749979670355709
0.93488424	0.77	-11.577083229796836	-0.46308332919187345
0.93488536	0.95	-10.053258459658352	-0.4021303383863341
0.93488424	0.95	-8.982673136964056	-0.35930692547856224
0.93488424	0.95	-6.696894902819714	-0.26787579611278856
0.9348918	0.67	-6.4927964506665505	-0.259711858026662
11.427512	0.81	-12.40635220769994	-0.49625408830799767
11.428	0.81	-11.977383516052456	-0.47909534064209824
11.42754563	0.82	-1.583128202750366	-0.06332512811001464
11.42755098	0.91	-0.3510215394351066	-0.014040861577404265
11.42754563	0.81	-9.38156787157006	-0.3752627148628024
11.42754563	1.01	-1.156348661960306	-0.046253946478412244
11.42754338	1.08	-10.057084427806481	-0.40228337711225925
23.66834635	0.91	-6.077336215980464	-0.24309344863921856
23.66836427	0.82	-8.000816354656862	-0.3200326541862745
23.66836427	1.01	-0.651693510677847	-0.026067740427113878
23.66836427	0.81	-19.775728650839405	-0.7910291460335762
23.66836427	0.81	-8.572436529995265	-0.3428974611998106
23.66836427	0.82	-20.159171252304056	-0.8063668500921622
23.66838592	1.08	-7.336379474770271	-0.29345517899081086
51.75527554	1.08	-3.876307696019196	-0.15505230784076784
51.75529576	0.82	-18.15913776938732	-0.7263655107754928
51.75529576	0.81	-3.2360630178988803	-0.12944252071595522
51.75530504	1.08	-5.1029209770724595	-0.20411683908289838
51.75627	0.81	-8.868426255306366	-0.35473705021225466
51.75529576	0.81	-3.4398015336183807	-0.13759206134473523
51.75529576	0.82	-20.27890504060255	-0.811156201624102
201.1214	0.82	-7.419592474440603	-0.29678369897762413
201.1214	1.0	-12.774944978189003	-0.5109977991275602
201.118319	0.93	-2.9116702879847507	-0.11646681151939003
201.1214	0.82	-3.0967708189213323	-0.1238708327568533
201.1214	0.98	-16.050381958415603	-0.6420152783366241
201.1206183	1.01	-2.9809004712787863	-0.11923601885115145
24.75724	1.06	-3.933315228721418	-0.15733260914885672
24.7576421	1.04	-1.4586351514055202	-0.05834540605622081
24.7577652	1.04	-16.151287454596066	-0.6460514981838427
24.7577652	1.08	-9.405085394133048	-0.3762034157653219
10.13202575	0.56	-13.649698950369014	-0.5459879580147606
10.13202575	0.56	-9.803762800879086	-0.3921505120351635
10.13200555	0.56	-10.73498894703305	-0.42939955788132206
10.13202575	0.75	-4.032396556783092	-0.16129586227132367
38.50546675	1.02	-5.076545126187506	-0.20306180504750024
38.505224	1.02	-4.5142395644888325	-0.1805695825795533
38.5053398	0.9	-4.515513810896094	-0.18062055243584374
38.5053398	0.9	-1.3773898684425192	-0.055095594737700766
38.505224	0.9	-5.113002558560135	-0.2045201023424054
38.50501338	1.02	-3.9575277657973285	-0.15830111063189314
6.77410294	1.05	-14.254198184661	-0.5701679273864401
6.77408868	1.08	-14.139525415606212	-0.5655810166242484
26.4104785	0.9	-5.496390930282204	-0.21985563721128817
26.41045478	0.8	-2.3603257587053275	-0.0944130303482131
26.41045478	0.86	-13.92491053455172	-0.5569964213820688
26.41073	0.89	-7.564060321538302	-0.30256241286153207
26.41044199	0.81	-2.7232825880185256	-0.10893130352074103
14.37508035	1.04	-11.923371973330573	-0.47693487893322295
14.37504582	1.02	-5.468542203484374	-0.21874168813937495
14.37508035	1.12	-5.676049453454438	-0.22704197813817753
14.37517	1.03	-10.353969702679054	-0.41415878810716217
56.18861682	0.98	-15.67570753718011	-0.6270283014872043
56.1886887	1.13	-9.836711326885238	-0.39346845307540956
56.1886887	0.98	-2.6445981437915753	-0.10578392575166301
56.1886887	1.08	-10.668107762237183	-0.42672431048948734
56.1886436	1.07	-7.661215260512148	-0.30644861042048593
56.1886436	0.98	-4.1287992616919915	-0.16515197046767965
3.18897601	0.98	-4.840347881828397	-0.1936139152731359
3.18897601	1.13	-2.53526676551581	-0.1014106706206324
3.18896877	0.98	-2.4643813794555185	-0.09857525517822074
3.18899015	0.98	-8.705403625199693	-0.34821614500798775
3.18897601	0.98	-19.803931578381622	-0.7921572631352649
3.18897601	1.08	-3.7128852426189383	-0.14851540970475754
6.92101452	0.69	-4.708178308746845	-0.1883271323498738
6.92101021	0.75	-12.10678737437821	-0.48427149497512845
6.92101021	0.57	-6.786675169267103	-0.27146700677068414
3.27344784	0.53	-14.212428658217702	-0.5684971463287081
3.27346074	0.46	-11.941516135533291	-0.4776606454213317
3.2734813	0.58	-3.9395108380035886	-0.15758043352014356
3.27346074	0.46	-3.751946385924056	-0.15007785543696225
3.27346074	0.51	-23.455894418653475	-0.938235776746139
3.27344784	0.58	-16.281454843198297	-0.6512581937279319
3.27346074	0.46	-3.701525085888549	-0.14806100343554196
5.41220713	1.08	-1.4910493586683338	-0.05964197434673335
5.4122014	1.18	-16.988577891784466	-0.6795431156713787
5.4122034	0.99	-1.6461627153022635	-0.06584650861209054
5.412203	1.28	-10.003215344060056	-0.4001286137624023
5.412	1.09	-8.469026578633922	-0.3387610631453569
5.412	1.03	-8.280909028053987	-0.3312363611221595
5.41220425	1.09	-6.496682154592003	-0.2598672861836801
5.41220713	1.11	-3.267320129779656	-0.13069280519118626
7.12594591	1.08	-4.120425054444694	-0.16481700217778777
7.12594591	0.99	-4.7035068881512085	-0.18814027552604834
7.12594387	0.94	-8.676529277903892	-0.3470611711161557
7.12594591	1.08	-6.044860277068379	-0.24179441108273517
7.1262	0.96	-1.0713978552153909	-0.042855914208615634
7.12594387	1.09	-8.860886135213324	-0.35443544540853295
7.12592	0.99	-13.627446624367337	-0.5450978649746935
7.12593999	1.09	-10.017140952138796	-0.40068563808555185
15.3787546	1.06	-0.9965201741827714	-0.039860806967310855
15.37857995	1.06	-3.2828285860683	-0.131313143442732
15.3787546	1.04	-11.492602784889499	-0.45970411139558
15.3787546	1.04	-5.428794210295148	-0.21715176841180595
21.12846106	1.06	-0.5435776520580042	-0.02174310608232017
21.12902	1.03	-11.000211992475627	-0.4400084796990251
21.1284569	1.09	-2.91134854493662	-0.11645394179746481
21.1284569	1.04	-2.8037072115375503	-0.11214828846150202
25.96190067	1.34	-14.177370089986537	-0.5670948035994615
25.96200249	1.43	-1.7557800881617838	-0.07023120352647136
25.96182465	1.33	-9.672936680532905	-0.3869174672213162
25.96200249	1.14	-10.243864736365987	-0.4097545894546395
25.96200249	1.14	-9.756933548766968	-0.3902773419506787
34.85379936	1.02	-12.715858767877629	-0.5086343507151052
34.8536903	1.02	-1.1274547565522446	-0.045098190262089784
34.8538276	1.03	-6.494819627898913	-0.25979278511595655
34.8538276	0.94	-7.67369361207895	-0.30694774448315804
34.8538276	0.94	-2.2509785497040795	-0.09003914198816318
34.85382925	1.02	-22.74870304849648	-0.9099481219398592
34.85333	0.99	-9.584261360760436	-0.38337045443041745
180.92477	0.94	-13.651023396513773	-0.5460409358605509
180.92477	1.01	-11.109193376039347	-0.4443677350415739
180.921729	1.02	-2.6734029852115753	-0.10693611940846301
2.41435165	0.53	-9.749888004188577	-0.3899955201675431
2.41436	0.59	-7.059289706894944	-0.2823715882757978
2.41435165	0.74	-10.730966569175648	-0.42923866276702594
2.41435165	0.53	-5.192304912178227	-0.20769219648712908
4.30655689	1.13	-1.833342978750145	-0.0733337191500058
4.30655689	1.13	-25.883267119822882	-1.0353306847929153
4.30655689	1.22	-0.47327990900006855	-0.018931196360002744
4.30655689	1.13	-9.682444899429433	-0.3872977959771773
4.30643	1.06	-5.389675544297436	-0.21558702177189745
2.29503515	0.91	-6.535491166176769	-0.26141964664707074
2.29503623	0.95	-3.345375743360788	-0.13381502973443152
2.29503623	0.85	-17.9224277576104	-0.716897110304416
2.2950397	1.01	-8.379667336071655	-0.3351866934428662
27.49568902	1.13	-7.107332425841423	-0.2842932970336569
27.495606	1.12	-6.2804101295589705	-0.2512164051823588
27.495634	1.13	-2.3349566253442977	-0.09339826501377191
27.495606	0.76	-1.189278969606538	-0.04757115878426152
27.4954	0.9	-12.603820974767274	-0.504152838990691
27.495606	0.76	-19.49832627084803	-0.7799330508339212
14.08827448	1.07	-1.4186791281999152	-0.05674716512799661
14.08825329	1.11	-1.4999916438615752	-0.059999665754463014
14.08826442	0.99	-14.582648558161083	-0.5833059423264433
14.08827448	0.99	-8.321064166087446	-0.3328425666434978
14.08830133	1.11	-3.27146168842833	-0.1308584675371332
110.9655	0.65	-3.192059531278577	-0.1276823812511431
110.96546	0.54	-23.633871201698305	-0.9453548480679322
110.96546	0.54	-3.1417840393073795	-0.1256713615722952
110.96546	0.73	-6.903555994710164	-0.2761422397884066
3.76417012	0.79	-2.2477138726818393	-0.08990855490727358
3.764162	0.82	-12.793484785842	-0.5117393914336801
3.76419105	0.81	-4.59506315302083	-0.18380252612083323
3.76419737	0.79	-3.4750402306839634	-0.13900160922735855
6.16491696	0.96	-19.252250972451954	-0.7700900388980781
6.16491696	0.96	-3.686398557909083	-0.14745594231636333
6.165	1.0	-1.3850509176156125	-0.0554020367046245
6.16491696	1.05	-2.5119926489553652	-0.10047970595821461
13.57076622	0.94	-23.38214961832382	-0.9352859847329528
13.570733	1.0	-14.382206755038638	-0.5752882702015455
13.57078354	1.07	-0.22015249319673513	-0.008806099727869405
13.57076622	0.96	-1.573712981562859	-0.06294851926251437
13.57076622	1.05	-7.707716971065123	-0.30830867884260493
13.57078281	1.07	-15.098774702986084	-0.6039509881194434
23.9800854	0.95	-7.629937755527238	-0.30519751022108954
23.9802348	0.94	-0.2948537851107287	-0.011794151404429147
23.98059	1.0	-16.40013171376254	-0.6560052685505017
23.9802348	0.96	-2.946418734003474	-0.11785674936013896
23.9800854	1.07	-3.129601107331962	-0.12518404429327848
23.9802348	0.94	-0.5655068486264294	-0.022620273945057178
43.84444353	0.96	-9.446100839355967	-0.3778440335742387
43.84444353	0.94	-13.24031098985063	-0.5296124395940253
43.84445	1.0	-7.285629089114499	-0.29142516356458
43.84439721	1.07	-37.35373415500832	-1.4941493662003327
43.84439721	0.95	-5.492608725546473	-0.21970434902185892
43.84437655	1.07	-9.086991325989715	-0.36347965303958857
43.84444353	0.94	-15.314131877203248	-0.61256527508813
46.8779367	0.82	-0.730770090481573	-0.029230803619262922
46.8779367	0.82	-19.42090255505432	-0.7768361022021728
46.8779367	0.99	-16.442094568049384	-0.6576837827219754
46.8779367	0.82	-2.438016043563529	-0.09752064174254116
2.75800485	1.16	-9.034990256873265	-0.36139961027493056
2.758006	1.18	-2.1211983800582104	-0.08484793520232842
2.75797905	1.16	-3.664408756084476	-0.14657635024337903
2.75798267	1.07	-11.292838087817309	-0.45171352351269234
2.75797738	1.16	-34.37852892059685	-1.375141156823874
2.75798267	1.07	-9.340679142341925	-0.373627165693677
9.30414969	0.69	-14.344105758734493	-0.5737642303493797
9.30412078	0.65	-10.306270804171309	-0.4122508321668524
9.30413878	0.69	-7.421770597931874	-0.296870823917275
9.30412078	0.65	-4.153215145378278	-0.16612860581513111
9.30419319	0.69	-6.863478394608963	-0.2745391357843585
9.304236	0.62	-7.236452906679137	-0.2894581162671655
14.07971466	0.91	-2.1991375731982967	-0.08796550292793187
14.07969236	1.09	-6.0983002244515285	-0.24393200897806114
14.07971466	1.09	-9.745104598565852	-0.3898041839426341
14.07971466	0.91	-10.910668985874048	-0.43642675943496195
16.54080322	0.85	-13.141088848943397	-0.5256435539577359
16.54080322	0.69	-14.298038020923926	-0.571921520836957
16.54091	0.81	-3.369148840678301	-0.13476595362713203
16.54080322	0.69	-13.206080217123198	-0.5282432086849279
3.609319	1.01	-10.479360400739784	-0.4191744160295914
3.60930891	0.96	-18.806149773641476	-0.752245990945659
3.60931465	0.96	-1.64323041621511	-0.0657292166486044
3.60931306	0.96	-7.334475301399849	-0.293379012055994
3.60931306	0.96	-8.272963646797763	-0.3309185458719105
3.60930891	0.96	-16.887062653041806	-0.6754825061216723
2.37030743	0.94	-6.4217080450089	-0.256868321800356
2.3702932	0.96	-1.4380919676869413	-0.057523678707477655
1.93155984	0.82	-4.167294385565935	-0.16669177542263738
1.93155971	0.98	-4.825688361151053	-0.19302753444604212
1.93155757	0.98	-9.733270602372718	-0.3893308240949087
1.93155984	0.82	-22.521321190838254	-0.9008528476335301
1.93155984	0.94	-7.138599297503752	-0.28554397190015013
1.93155546	0.98	-13.55958028947307	-0.5423832115789228
1.9315635	0.89	-13.00041430310284	-0.5200165721241136
0.76213231	0.98	-6.688792146505196	-0.26755168586020783
0.76212926	1.01	-3.3662924155102374	-0.1346516966204095
0.76212989	0.95	-2.2324662684561893	-0.08929865073824758
0.76212926	0.91	-1.0418378995467892	-0.04167351598187157
0.76212926	0.91	-7.555560624857419	-0.30222242499429675
5.42587228	1.01	-4.477298674405556	-0.17909194697622222
5.42587228	0.91	-16.12126454698809	-0.6448505818795236
5.42587228	0.91	-3.153651809440916	-0.12614607237763664
5.42586799	0.95	-5.907671883786972	-0.2363068753514789
5.425944	0.92	-12.295937887555795	-0.4918375155022318
16.92344113	1.01	-10.106950430083899	-0.40427801720335593
16.92342126	1.04	-6.658823636430396	-0.2663529454572159
16.92333	1.07	-2.2254534912501107	-0.08901813965000444
16.92344113	1.12	-1.114511127740308	-0.044580445109612316
16.9234294	1.0	-10.267180501691158	-0.4106872200676463
16.92342126	1.0	-1.9936296773299438	-0.07974518709319775
23.8990296	1.01	-0.3493902312788948	-0.013975609251155792
23.8990296	1.06	-8.475524481886403	-0.3390209792754561
23.8992	1.07	-3.370678715314446	-0.13482714861257786
23.8990075	1.11	-3.1693606677218584	-0.12677442670887434
23.8990296	1.01	-22.62144415636768	-0.9048577662547073
23.8990296	1.01	-14.93549855758725	-0.59741994230349
3.1800279	1.11	-1.5966233009182007	-0.06386493203672802
3.1800218	1.24	-7.283558300685145	-0.29134233202740584
3.18004136	1.04	-5.753469262161759	-0.23013877048647036
3.1800279	1.04	-9.081615192352771	-0.36326460769411084
3.180026	1.04	-7.158744237816708	-0.28634976951266833
3.1800218	1.24	-16.736641276073325	-0.669465651042933
3.18002464	1.14	-1.7777008674479562	-0.07110803469791825
3.179962	1.18	-10.811511031112728	-0.4324604412445091
4.90143807	1.14	-3.426792824233307	-0.1370717129693323
4.9014287	1.04	-9.584482351292724	-0.38337929405170895
4.90143807	1.16	-8.914944394976915	-0.35659777579907664
4.901467	1.18	-0.2026044004881844	-0.008104176019527376
4.901441	1.04	-1.1900926697561443	-0.047603706790245774
4.90143807	1.14	-5.537483644580982	-0.2214993457832393
4.901452	1.24	-7.657139502893548	-0.3062855801157419
4.90145055	1.04	-3.1032471147422234	-0.12412988458968893
7.95839	1.24	-13.953797046531736	-0.5581518818612695
7.95792901	1.04	-5.5588103983302855	-0.22235241593321142
7.95792	1.18	-4.0232209837359685	-0.16092883934943875
7.95830216	1.14	-4.8362339604442415	-0.19344935841776967
14.749143	1.24	-3.2174795972319448	-0.12869918388927779
14.749176	1.04	-3.1691007340740303	-0.12676402936296122
14.74914825	1.04	-4.0636215949879615	-0.16254486379951846
14.749143	1.24	-4.045705080199376	-0.16182820320797503
14.74913518	1.22	-1.9202362063852036	-0.07680944825540814
14.74913518	1.14	-17.929699116993866	-0.7171879646797547
14.74913518	1.14	-11.906818709838781	-0.47627274839355127
14.74913518	1.14	-8.581683875756484	-0.34326735503025935
14.74914825	1.11	-14.763635289634472	-0.5905454115853789
6.2216147	1.06	-4.183167689728996	-0.16732670758915982
6.22161107	1.17	-23.685568442595716	-0.9474227377038287
6.2216147	1.23	-2.3886863598398684	-0.09554745439359474
6.22160003	1.17	-14.514673054335798	-0.580586922173432
6.2216147	1.23	-4.5805431865544515	-0.18322172746217807
6.2216147	1.21	-6.348029897772443	-0.25392119591089773
6.2216147	1.23	-1.718512095587243	-0.06874048382348973
6.17998508	0.89	-7.780834875126672	-0.3112333950050669
6.1799844	0.53	-4.155178671159784	-0.16620714684639137
6.180013	0.81	-11.528112578491825	-0.461124503139673
6.1799844	0.87	-6.717113902010134	-0.26868455608040537
6.1799844	0.53	-10.104784950545024	-0.404191398021801
6.17998508	0.81	-2.745785560178601	-0.10983142240714404
1.5690666	1.05	-3.41833296090344	-0.1367333184361376
1.5690665	1.21	-10.05771012749916	-0.4023084050999664
8.67888593	0.91	-3.402766683654061	-0.13611066734616245
8.67890312	0.92	-0.6600941316302325	-0.026403765265209298
8.67890312	1.03	-2.2447824676204253	-0.08979129870481702
8.67888742	1.03	-3.0531987914402814	-0.12212795165761126
8.67888593	1.0	-12.901278372794934	-0.5160511349117973
4.02582254	0.91	-2.9746700264613333	-0.11898680105845333
4.02582434	0.92	-7.816494403222555	-0.3126597761289022
4.02582254	0.91	-1.9434283444915623	-0.0777371337796625
4.02582254	1.0	-15.05936205457182	-0.6023744821828728
2.50476003	0.92	-4.15173466782297	-0.1660693867129188
2.50475882	0.91	-20.67343578921767	-0.8269374315687068
5.94566534	0.56	-20.567418278535612	-0.8226967311414245
5.94566534	0.6	-2.2694603328321117	-0.09077841331328447
5.94566534	0.56	-2.8967605626747615	-0.11587042250699046
5.94565516	0.58	-2.6844199036167	-0.107376796144668
1.52372816	0.56	-11.706846980225025	-0.46827387920900104
1.52372816	0.56	-0.10039618264567363	-0.004015847305826945
1.52372816	0.56	-0.8414525257786234	-0.03365810103114494
1.523732	0.55	-8.660450500747675	-0.346418020029907
1.52373073	0.52	-13.716471445072488	-0.5486588578028995
6.14727918	0.81	-4.985749433951117	-0.19942997735804469
6.14727918	0.81	-7.48573616703071	-0.2994294466812284
6.14727918	0.79	-2.0231120495334003	-0.08092448198133602
6.14727918	0.81	-6.536473716013904	-0.2614589486405562
34.35103985	1.02	-1.0331953306770443	-0.041327813227081775
34.35173	1.06	-15.957363482309347	-0.6382945392923739
34.3511874	1.04	-3.281213965964654	-0.13124855863858617
34.3511339	1.04	-3.9444592517588823	-0.1577783700703553
34.3511339	1.02	-1.2819941218124684	-0.05127976487249874
34.35113976	1.02	-12.026282741879541	-0.48105130967518167
3.007257	0.95	-1.114592688018301	-0.04458370752073204
3.00725068	0.87	-7.710712231317596	-0.30842848925270383
3.00725242	0.94	-3.143606811337149	-0.12574427245348596
3.00725068	0.94	-3.4512788578330635	-0.13805115431332254
3.00725242	0.85	-2.4054399582325083	-0.09621759832930034
3.00725242	0.85	-0.28672569743307497	-0.011469027897322999
13.24503188	1.42	-8.282080106770657	-0.3312832042708263
13.24503188	1.42	-2.9246351706392093	-0.11698540682556838
49.18394922	1.38	-3.1186167236582767	-0.12474466894633107
49.18394922	1.38	-18.682603320027244	-0.7473041328010898
49.18394922	1.38	-0.3030207010110393	-0.012120828040441572
49.18394185	1.25	-2.703551319995771	-0.10814205279983083
49.18394922	1.36	-17.151468776120748	-0.6860587510448299
190.3200468	1.25	-22.95645726456802	-0.9182582905827208
190.3216564	1.38	-3.6814174199498044	-0.1472566967979922
190.3216564	1.36	-18.459116650624694	-0.7383646660249877
190.3216564	1.38	-4.395205432566453	-0.1758082173026581
190.3216564	1.38	-2.120810563470485	-0.0848324225388194
77.2550726	1.37	-29.403968871087493	-1.1761587548434997
77.2550726	1.21	-3.1914025532485555	-0.12765610212994222
77.2548396	1.23	-7.0453039841326754	-0.281812159365307
77.2548396	1.23	-21.653514390350203	-0.8661405756140081
77.25562525	1.37	-20.02603495375257	-0.8010413981501029
77.2557	1.09	-9.510385375954595	-0.3804154150381838
77.25615317	1.37	-8.883303731844022	-0.3553321492737609
77.2548396	1.23	-5.923984210934112	-0.23695936843736448
3.85690991	0.88	-13.0028160562086	-0.520112642248344
3.85691855	0.97	-12.379953494303525	-0.495198139772141
3.85690686	0.88	-5.791742786704724	-0.23166971146818896
3.856874	0.91	-14.094666812252022	-0.5637866724900809
1.54320541	1.06	-10.650446598062384	-0.42601786392249535
1.5432066	0.93	-1.6541404681421539	-0.06616561872568616
1.54320541	0.95	-1.7844575659138378	-0.07137830263655351
1.54321504	1.06	-2.8593519636708624	-0.1143740785468345
1.543198	1.08	-10.901959171480067	-0.4360783668592027
1.5432066	0.95	-5.02798274086447	-0.2011193096345788
33.4177993	0.82	-34.07048757506137	-1.3628195030024548
33.4177993	0.82	-1.5991034141750968	-0.06396413656700388
33.4178173	0.83	-10.170324522007032	-0.4068129808802813
33.4177993	0.81	-1.0892670377208649	-0.04357068150883459
33.4177993	0.82	-12.092348255749876	-0.483693930229995
2.05334189	1.02	-5.374116049736071	-0.21496464198944285
2.05333679	1.12	-19.9160274996032	-0.796641099984128
2.05334189	1.08	-0.34937292629720584	-0.013974917051888233
2.05333679	0.99	-15.46842082264029	-0.6187368329056117
2.05333679	0.99	-13.800764565482254	-0.5520305826192902
2.05333679	0.99	-11.112153219595811	-0.4444861287838324
219.32158692	1.05	-2.4497390513544692	-0.09798956205417877
219.3217528	1.12	-0.7698012328911832	-0.03079204931564733
219.3217528	1.11	-2.5659288380706844	-0.10263715352282737
219.3217528	1.12	-20.60099698301092	-0.8240398793204368
219.3217528	1.12	-11.314416567651316	-0.4525766627060526
219.32137078	1.05	-5.926249698004298	-0.23704998792017193
56.77656132	1.05	-0.5516226002123656	-0.022064904008494625
56.777229	1.12	-6.633077261612884	-0.26532309046451535
56.777229	1.12	-7.361803672846072	-0.2944721469138429
56.7769831	1.05	-2.8341352696670006	-0.11336541078668003
56.7771	1.05	-4.267191183863071	-0.17068764735452285
56.7769831	1.12	-11.994847510302199	-0.47979390041208797
56.777229	1.09	-15.590161530294607	-0.6236064612117843
18.78429232	0.65	-6.6425945033816625	-0.2657037801352665
18.78425728	0.62	-7.196607078918914	-0.28786428315675655
18.78425728	0.62	-7.652208785650338	-0.3060883514260135
18.78429232	0.7	-7.408211988063508	-0.2963284795225403
18.78415332	0.7	-9.176291611079826	-0.36705166444319304
18.78422423	0.7	-0.6222701861885382	-0.02489080744754153
18.78423	0.59	-18.819246983747945	-0.7527698793499178
18.78425728	0.62	-6.860946623865163	-0.27443786495460654
161.515617	0.65	-0.9755058985075036	-0.039020235940300144
161.51525984	0.7	-12.696944828985341	-0.5078777931594136
0.69384266	0.9	-1.4609315578901194	-0.058437262315604775
0.69384285	1.0	-0.4172600806613762	-0.01669040322645505
0.69384424	0.9	-10.53033975815633	-0.4212135903262532
0.6938521	0.82	-19.98964439065992	-0.7995857756263968
0.69384285	1.0	-5.789783385608079	-0.23159133542432314
0.69384285	1.0	-5.704715928640241	-0.22818863714560966
23.1274171	1.02	-10.525694219198353	-0.42102776876793413
23.12732952	1.06	-1.2740229363786126	-0.05096091745514451
23.1274171	1.06	-5.2354434792533135	-0.20941773917013254
23.12748644	1.01	-4.980332304772979	-0.19921329219091916
23.12748644	1.01	-20.808060634404818	-0.8323224253761927
5.13248562	0.52	-9.658804846278931	-0.38635219385115727
5.13248562	0.51	-10.836376335098995	-0.43345505340395984
5.13235321	0.55	-13.10542924297314	-0.5242171697189256
5.13248562	0.51	-19.618455459851297	-0.7847382183940519
5.132541	0.46	-13.075551537823463	-0.5230220615129385
5.13248612	0.62	-0.5207832891552049	-0.020831331566208196
6.48163307	1.09	-6.1219936991895585	-0.24487974796758236
6.48162809	1.02	-4.607203582959942	-0.18428814331839768
6.4816271	1.09	-8.90489296473574	-0.3561957185894296
6.48163	1.04	-0.8218950531313203	-0.03287580212525281
6.48162809	1.04	-17.960454979879437	-0.7184181991951775
6.48163307	1.01	-22.47925131932109	-0.8991700527728437
6.481637	1.09	-11.69307000821632	-0.4677228003286528
6.4816307	1.09	-10.354312908301141	-0.41417251633204566
6.48162809	1.04	-12.24096301388049	-0.4896385205552196
21.22264603	1.09	-4.514453458026281	-0.18057813832105127
21.22261195	1.09	-8.654654573461041	-0.34618618293844167
21.22262	1.09	-23.026971579213868	-0.9210788631685547
21.22258525	1.02	-19.487705361454864	-0.7795082144581946
21.22258525	1.04	-12.11335952128212	-0.4845343808512848
21.22258525	1.02	-1.8159296086008847	-0.07263718434403539
21.22258525	1.04	-10.036592658598448	-0.4014637063439379
21.22258525	1.04	-3.4065921052316344	-0.13626368420926538
21.22258525	1.1	-4.387056412938598	-0.17548225651754393
21.22261195	1.01	-13.194251980249415	-0.5277700792099767
21.222534	1.06	-12.756489540920438	-0.5102595816368175
198.680179	0.8	-6.240458224688029	-0.24961832898752118
198.680859	0.87	-15.711070604777227	-0.6284428241910891
198.680179	0.8	-4.591483557462572	-0.1836593422985029
198.680179	0.86	-7.075598275152168	-0.28302393100608675
198.680179	0.86	-23.64095841841208	-0.9456383367364832
198.680859	0.89	-6.105701681555996	-0.24422806726223986
42.42548	0.81	-7.118772353130714	-0.2847508941252286
42.4269647	0.87	-6.095618315824971	-0.24382473263299884
42.4269647	0.89	-1.7379399562194786	-0.06951759824877915
42.4267342	0.8	-13.798234078279425	-0.551929363131177
42.4267342	0.8	-0.977717431562551	-0.03910869726250204
1.434779	0.96	-7.349193461478736	-0.2939677384591494
1.43474156	0.81	-3.952434166245779	-0.15809736664983118
1.43474156	0.81	-4.730296784126091	-0.18921187136504367
1.43474513	1.04	-17.76484775871382	-0.7105939103485528
1.43474513	1.07	-1.2434080061763606	-0.049736320247054426
1.43474156	1.01	-13.597626506900463	-0.5439050602760185
58.6003	1.12	-10.322755256740525	-0.412910210269621
58.6017925	1.04	-18.074461232041998	-0.7229784492816799
58.6017925	1.04	-18.250882678850534	-0.7300353071540213
58.601926	1.06	-4.277137681131688	-0.1710855072452675
25.0823402	1.01	-11.804217737171406	-0.47216870948685624
25.0824626	1.01	-18.596396017300872	-0.7438558406920349
25.0824626	1.13	-1.1930922471854437	-0.04772368988741775
89.72188091	1.26	-7.862885528984126	-0.31451542115936504
89.7224125	1.01	-14.242125665104862	-0.5696850266041945
89.722292	1.13	-5.721720997664818	-0.2288688399065927
89.722292	1.01	-1.3241252875982306	-0.052965011503929224
78.1000231	1.06	-8.501282576382266	-0.34005130305529063
78.0971	1.09	-4.39682035760698	-0.17587281430427923
4.27103091	0.99	-5.861803575572798	-0.23447214302291194
4.27103091	0.99	-0.8111691180243141	-0.03244676472097256
2.89221751	0.6	-7.3668343922103965	-0.29467337568841584
2.89221677	0.62	-1.9296187568303946	-0.0771847502732158
2.89221413	0.7	-16.07568676570809	-0.6430274706283237
2.89221677	0.7	-18.109284245215264	-0.7243713698086106
187.747029	0.73	-3.7608257885909073	-0.1504330315436363
187.74568836	0.89	-1.3185466051376904	-0.05274186420550762
187.74722092	0.89	-1.4710808732205973	-0.058843234928823894
2.54307286	0.99	-8.46160877855305	-0.338464351142122
2.54306376	0.94	-22.41444914843353	-0.8965779659373412
2.54307286	0.85	-14.272169684120112	-0.5708867873648045
2.543066	0.95	-0.35245062166135055	-0.014098024866454022
2.54307286	0.85	-8.895738424150398	-0.35582953696601594
2.54306376	1.05	-1.9456882619410065	-0.07782753047764027
2.16845259	1.08	-2.009529903230489	-0.08038119612921957
10.30448	1.05	-7.855199947443516	-0.3142079978977407
10.303995	0.98	-1.4545541202465302	-0.05818216480986121
10.30400497	0.92	-9.504885799788195	-0.3801954319915278
10.30400497	0.99	-1.9325394277303236	-0.07730157710921294
10.30400497	0.99	-10.215176884306029	-0.40860707537224117
10.30408057	1.05	-8.432431828284656	-0.33729727313138624
10.30401132	1.05	-25.516346466382622	-1.020653858655305
10.3039	0.96	-15.18765094103725	-0.60750603764149
13.025	0.92	-5.833524769602748	-0.23334099078410994
13.0241	0.96	-3.2603147236480012	-0.13041258894592006
13.02493307	0.92	-1.7339725959857515	-0.06935890383943007
13.02502	0.95	-3.9975856484594643	-0.15990342593837858
13.02492819	0.92	-9.735692003532796	-0.38942768014131185
13.024877	0.98	-2.3948789255723093	-0.09579515702289237
22.68714105	0.99	-11.862055109417941	-0.4744822043767177
22.68710421	1.05	-23.845659655009847	-0.9538263862003938
22.68714105	0.92	-5.888881847905079	-0.23555527391620318
22.68714105	0.92	-14.098189929713453	-0.5639275971885381
22.687	0.92	-6.994582059878386	-0.27978328239513545
22.687155	0.92	-12.748061765223852	-0.5099224706089541
22.68714105	0.99	-8.332232368782556	-0.33328929475130226
22.68714105	0.92	-12.26222830848965	-0.490489132339586
31.99550624	0.92	-1.056759172014907	-0.04227036688059628
31.99550624	0.92	-3.3196857857946407	-0.13278743143178562
31.99552485	0.92	-12.569158147180238	-0.5027663258872095
31.99552485	1.05	-8.43877321272437	-0.33755092850897483
32.00413	1.05	-2.5999168681852174	-0.1039966747274087
31.99550624	0.99	-5.136460513344556	-0.20545842053378224
31.995	0.92	-12.837130857323755	-0.5134852342929502
31.99550624	0.92	-6.328799220273301	-0.25315196881093205
31.995	0.9	-7.5107071908034335	-0.30042828763213736
46.6856205	1.05	-2.2823016392088586	-0.09129206556835434
46.68568857	1.05	-1.3835582448558363	-0.05534232979423345
46.686	0.9	-1.5615788836554074	-0.0624631553462163
46.6856205	0.92	-7.056978920878628	-0.28227915683514515
46.686	0.92	-7.903471586264838	-0.31613886345059355
46.6888	0.96	-7.405774652376313	-0.29623098609505255
46.6858024	0.92	-7.2916530885200395	-0.29166612354080157
46.68684772	1.05	-18.14201186677416	-0.7256804746709663
118.37824892	1.05	-13.289188524720451	-0.5315675409888181
118.3803	1.05	-20.984004654032557	-0.8393601861613023
118.3786735	0.92	-21.392197059381626	-0.855687882375265
118.378379	0.99	-10.713783676354875	-0.428551347054195
118.3786735	1.05	-10.442782199729816	-0.41771128798919266
118.378379	0.92	-12.500356118146179	-0.5000142447258472
118.378379	0.92	-12.339695514956146	-0.49358782059824585
118.378379	0.99	-0.6791189778420264	-0.027164759113681054
118.378379	0.99	-1.7399113229812677	-0.0695964529192507
118.37774	0.95	-18.836362604664444	-0.7534545041865778
118.37815	0.98	-0.8944421303261321	-0.035777685213045286
118.3807	0.96	-14.483318888172509	-0.5793327555269003
12.69105209	1.07	-1.5899883396531687	-0.06359953358612674
12.69104387	1.02	-4.3581247054139824	-0.1743249882165593
12.69105209	0.99	-5.772323157876769	-0.23089292631507075
12.69115	1.07	-2.9092059629966833	-0.11636823851986733
12.69107848	1.12	-11.161822736307482	-0.4464729094522993
12.69105879	1.12	-20.294727908686617	-0.8117891163474648
12.69105209	1.15	-4.972409155086531	-0.19889636620346124
31.71982498	1.07	-22.588207375795093	-0.9035282950318038
31.71982498	1.07	-0.4568657318250109	-0.018274629273000435
31.71982498	1.15	-17.310744970252948	-0.6924297988101179
31.71982498	1.07	-5.143761885043391	-0.20575047540173563
31.71989182	1.12	-4.705764215211292	-0.18823056860845166
31.71981013	1.12	-0.1011974859781053	-0.004047899439124212
6.42199919	1.09	-12.642025088787257	-0.5056810035514903
6.42200058	1.06	-1.1225003631259998	-0.04490001452503999
6.421928	1.1	-9.16341721767304	-0.3665366887069216
81.3151059	0.88	-6.128068675082229	-0.24512274700328918
81.3151059	0.88	-8.25013059515571	-0.33000522380622843
81.3153052	0.94	-2.429857715913903	-0.09719430863655612
81.31628333	0.94	-5.262593569173648	-0.21050374276694592
81.31320034	0.94	-11.511634952852793	-0.46046539811411175
51.3285623	0.96	-3.456368670169157	-0.13825474680676628
51.3285623	1.03	-2.5395902286716616	-0.10158360914686647
51.3285623	1.03	-0.9017512529208724	-0.036070050116834895
51.32848636	1.05	-7.116825200912244	-0.28467300803648976
51.3283527	1.03	-18.89349323971237	-0.7557397295884948
51.3292	1.04	-4.504112714181046	-0.18016450856724184
19.79191978	1.08	-2.7646710550658273	-0.1105868422026331
19.79191978	1.08	-9.826662753406222	-0.3930665101362489
19.79243	1.13	-11.801920079681741	-0.47207680318726963
19.79191978	1.23	-5.560309517505405	-0.2224123807002162
19.79186403	1.14	-11.401177915674829	-0.45604711662699315
19.79191112	1.14	-11.093667995409183	-0.4437467198163673
5.03728015	1.22	-14.804702964189813	-0.5921881185675926
5.03728015	1.33	-12.987234844175715	-0.5194893937670286
5.03728015	1.22	-10.077863530041041	-0.40311454120164164
5.03728015	1.22	-5.901681709969709	-0.23606726839878836
5.03728852	1.31	-2.5786688882488016	-0.10314675552995206
4.42156654	0.64	-12.211260973941263	-0.48845043895765056
4.421539	0.58	-13.261548996202071	-0.5304619598480829
4.42153507	0.64	-1.8718664185041411	-0.07487465674016565
4.42157218	0.67	-14.82229606369513	-0.5928918425478052
1.25275217	1.02	-6.615947963913876	-0.26463791855655505
1.25275217	1.02	-2.565208177373452	-0.10260832709493808
1.2527398	1.11	-4.047744754509774	-0.16190979018039095
1.25275388	1.13	-3.316736913547723	-0.13266947654190892
0.57103835	0.87	-8.789925204941053	-0.3515970081976421
0.57103852	0.86	-20.3287242521206	-0.813148970084824
0.5710391	0.75	-23.016965731395935	-0.9206786292558374
0.57103835	0.82	-3.160204869701106	-0.12640819478804424
0.57103852	0.87	-12.790653816423156	-0.5116261526569262
4.51005082	0.87	-12.561814052451322	-0.5024725620980529
4.51005748	0.88	-6.846239264476614	-0.27384957057906456
4.51005748	0.88	-20.715263068089666	-0.8286105227235866
4.51005748	0.88	-7.458001299640208	-0.29832005198560835
37.6467384	1.05	-10.787067190655362	-0.4314826876262145
37.64617	0.96	-10.226858479155325	-0.409074339166213
37.6467384	0.89	-18.25237405073298	-0.7300949620293191
37.6467384	0.89	-3.8448555464047787	-0.15379422185619115
37.6468519	1.41	-13.84863577350232	-0.5539454309400929
37.64667098	0.93	-12.460633373200901	-0.49842533492803603
37.64639324	0.93	-5.355409795320399	-0.21421639181281596
3.34184	1.17	-2.897713750968256	-0.11590855003873024
3.34180294	1.1	-8.739607510781063	-0.34958430043124256
3.34179949	1.09	-14.66332271454859	-0.5865329085819436
3.34180294	1.1	-4.636076379143983	-0.18544305516575932
3.34180294	1.12	-18.166046248699416	-0.7266418499479766
3.34179636	1.09	-9.002562670142938	-0.36010250680571754
3.34180294	1.1	-16.03502214516566	-0.6414008858066264
3.3417993	1.09	-0.4397233793313917	-0.01758893517325567
224.7782093	1.1	-16.527254396488047	-0.6610901758595219
224.77833	1.12	-11.379164485330772	-0.4551665794132309
224.7782093	1.1	-2.175929599519129	-0.08703718398076517
224.7782093	1.12	-13.189497339743333	-0.5275798935897333
224.7782093	1.1	-8.31483792933965	-0.332593517173586
224.7789355	1.09	-10.531075831775569	-0.42124303327102275
9.69312032	0.61	-17.876207701214092	-0.7150483080485637
9.69310837	0.61	-8.320594170773168	-0.33282376683092674
9.69312032	0.61	-19.25599191347711	-0.7702396765390844
9.69323	0.78	-1.6655291863364283	-0.06662116745345713
9.69304069	0.76	-2.3908910067541806	-0.09563564027016723
9.69312032	0.61	-11.651410145812841	-0.4660564058325137
8.79617863	1.14	-5.3853185676438216	-0.21541274270575286
8.79610307	1.04	-9.566924703364538	-0.38267698813458156
8.79617863	1.14	-13.432504520208177	-0.5373001808083271
8.79617863	1.1	-3.3333827434672285	-0.13333530973868915
8.79618433	1.14	-7.398939397466439	-0.29595757589865757
14.36274	1.25	-5.979254234456743	-0.23917016937826974
14.36267939	1.33	-3.2099656641563152	-0.12839862656625262
14.36267939	1.34	-8.108576038116855	-0.3243430415246742
14.36281802	1.35	-2.977061761204443	-0.11908247044817773
42.3006282	1.1	-11.60066518640758	-0.4640266074563032
42.3006282	1.05	-9.467187632517332	-0.3786875053006933
42.3004954	1.12	-9.22797771116066	-0.3691191084464264
42.3006608	1.1	-1.3748752084082962	-0.05499500833633185
42.3004954	0.93	-4.48335657769473	-0.1793342631077892
42.3004954	0.93	-5.20597852779437	-0.2082391411117748
14.97435694	0.8	-19.589797187385443	-0.7835918874954177
14.97435694	0.8	-5.969010718547915	-0.2387604287419166
14.97435694	0.8	-14.8557816840757	-0.594231267363028
14.97435448	0.94	-27.030202547539403	-1.0812081019015762
14.97436238	0.94	-4.836261098761512	-0.1934504439504605
14.97430603	0.94	-5.364698697908685	-0.21458794791634742
23.55401645	2.22	-12.315281474264937	-0.4926112589705975
23.55539	2.22	-12.270863962590973	-0.49083455850363894
23.5540725	2.33	-8.570960960998384	-0.3428384384399354
23.5541012	2.22	-16.889910687153957	-0.6755964274861583
23.55372085	2.22	-7.157481483490943	-0.28629925933963773
41.69783717	0.95	-5.446781170215108	-0.21787124680860434
41.6977827	0.97	-4.185447504079639	-0.16741790016318558
41.6977582	0.95	-11.427662130384018	-0.45710648521536074
41.6981	0.95	-6.404021072344298	-0.25616084289377195
41.6977827	0.97	-4.658993651970784	-0.18635974607883135
41.6977827	0.97	-16.44244992117845	-0.657697996847138
41.6977827	0.95	-2.8096861105632276	-0.11238744442252911
4.79028459	0.9	-17.59549889473646	-0.7038199557894583
4.79028459	0.9	-1.5223791514212	-0.060895166056848
4.79028459	0.9	-9.442858084213984	-0.37771432336855937
4.79029482	0.94	-7.035797919590895	-0.28143191678363577
4.79028459	0.95	-13.139219123681599	-0.525568764947264
38.6715843	0.92	-0.6539858671339998	-0.02615943468535999
38.6715075	0.96	-7.450138054633743	-0.2980055221853497
38.6715075	0.8	-22.88236160757333	-0.9152944643029333
38.67159396	0.92	-28.389765964809012	-1.1355906385923604
8.3265153	1.02	-20.06033075062054	-0.8024132300248217
8.32651854	1.02	-9.995265395078262	-0.3998106158031305
8.32649	1.03	-18.75302221435509	-0.7501208885742037
8.32651274	1.09	-5.285722832840845	-0.2114289133136338
8.3265153	1.11	-17.038987576968424	-0.6815595030787369
8.40887123	0.98	-10.694890432524994	-0.4277956173009998
8.408916	0.95	-7.895981955542076	-0.315839278221683
8.40887487	0.98	-0.1275132950203255	-0.005100531800813019
28.5742649	0.89	-10.016522989062246	-0.40066091956248984
28.57430911	0.98	-8.88360067086123	-0.35534402683444916
28.5742649	0.77	-3.2095524956501933	-0.12838209982600773
28.57424023	0.98	-11.813172373389044	-0.47252689493556177
28.5742649	0.78	-9.70444962919506	-0.38817798516780244
28.5742692	0.98	-2.9122751582913105	-0.11649100633165242
2.94903816	0.82	-0.597343846157173	-0.02389375384628692
2.94902905	0.77	-5.3575416216885765	-0.21430166486754307
2.949017	0.72	-18.688215350578922	-0.7475286140231568
13.15141081	1.19	-7.092924137978333	-0.28371696551913334
13.15140223	1.29	-7.728897074201256	-0.30915588296805024
13.15141081	1.19	-24.283832057391443	-0.9713532822956578
13.15141081	1.29	-9.314784071757096	-0.3725913628702838
13.15141081	1.19	-6.414571610259125	-0.256582864410365
13.15141081	1.27	-5.004737957905677	-0.20018951831622708
13.15149746	1.16	-20.982716082001726	-0.839308643280069
42.1918331	0.93	-5.840272948632686	-0.23361091794530744
42.1917357	0.95	-9.058306208417596	-0.36233224833670385
42.19204934	0.96	-1.9868495231195897	-0.0794739809247836
42.1917357	0.95	-11.565570993957534	-0.4626228397583014
42.19301	0.93	-12.41900072617973	-0.49676002904718924
42.19165167	0.96	-10.808784913956554	-0.43235139655826216
4.3394569	0.87	-2.768636190721841	-0.11074544762887363
4.3394569	0.91	-14.23140460387331	-0.5692561841549324
4.33946454	0.93	-2.745464958204713	-0.10981859832818852
4.33946454	0.98	-0.532804451684409	-0.021312178067376363
4.33946	0.88	-15.396754461186838	-0.6158701784474735
4.33946035	0.91	-3.9564498761683766	-0.15825799504673507
2.85234584	0.52	-2.740012880250867	-0.10960051521003468
2.85234897	0.48	-6.131873315716902	-0.24527493262867608
17.6700642	0.95	-4.153595189172844	-0.16614380756691374
17.6700642	0.9	-15.05523205299041	-0.6022092821196164
108.59213479	1.01	-8.54840026585521	-0.3419360106342084
108.593	1.08	-4.166204129407476	-0.16664816517629905
108.593329	0.94	-6.846913951445314	-0.2738765580578126
108.59309252	1.01	-10.914438949953489	-0.4365775579981396
108.593329	0.79	-7.7912787600993525	-0.3116511504039741
108.593329	0.94	-21.000368219799032	-0.8400147287919613
199.664537	0.94	-8.314253646153949	-0.33257014584615796
199.66729069	1.01	-0.567607857533057	-0.02270431430132228
5.12330347	0.97	-2.668600529481028	-0.10674402117924112
5.12365752	0.92	-3.1537685518341823	-0.1261507420733673
5.123338	0.91	-12.52596588180569	-0.5010386352722276
5.1233204	0.87	-4.733967375480876	-0.18935869501923505
5.12330347	0.83	-3.3089818802615385	-0.13235927521046154
5.12330347	0.83	-3.415886333781196	-0.13663545335124785
61.6174528	0.78	-4.7386144753097215	-0.18954457901238886
61.6178167	1.02	-20.334627535009727	-0.8133851014003891
61.6178167	0.94	-9.622375382022543	-0.38489501528090175
61.61797658	0.78	-9.951575464263597	-0.3980630185705439
24.3398202	1.0	-8.199357747274814	-0.3279743098909926
24.34003	1.1	-5.614596443432379	-0.22458385773729517
24.3397804	0.97	-1.4278207302808141	-0.05711282921123256
24.33977289	0.99	-6.591249868951176	-0.26364999475804707
24.3397804	1.01	-14.546735089537673	-0.581869403581507
24.3397804	1.0	-13.101469477429937	-0.5240587790971974
76.5369586	0.97	-15.557614186411488	-0.6223045674564596
76.5369531	0.99	-15.333535419752565	-0.6133414167901026
76.53569402	0.99	-10.772197870304199	-0.430887914812168
76.5369586	1.0	-7.407878033246628	-0.2963151213298651
76.5369586	1.01	-2.5565178164172426	-0.1022607126566897
76.5369586	0.97	-15.764925432135014	-0.6305970172854005
76.5369531	1.0	-5.024763789123009	-0.20099055156492035
76.5369586	0.97	-3.106590270807988	-0.12426361083231953
4.75400115	0.79	-1.607749634391422	-0.06430998537565688
4.75400115	0.7	-4.314379703612447	-0.17257518814449788
4.75400122	0.75	-0.9592050155036176	-0.038368200620144705
4.754	0.75	-18.792874880389125	-0.751714995215565
4.75400072	0.75	-4.649024048235336	-0.18596096192941347
8.92507637	0.79	-1.5588646044650825	-0.062354584178603296
8.92507	0.75	-1.181215077613115	-0.0472486031045246
8.92507637	0.7	-9.0444304440337	-0.361777217761348
8.92507637	0.7	-10.58653757927464	-0.42346150317098563
8.925113	0.74	-2.6484494977523156	-0.10593797991009263
8.92507952	0.75	-8.754355423222519	-0.35017421692890077
8.92507952	0.77	-7.523167284586269	-0.3009266913834508
8.92507637	0.79	-11.734843706527577	-0.4693937482611031
8.92507637	0.79	-3.457754275209097	-0.13831017100836387
8.92506448	0.75	-2.4538720771150575	-0.0981548830846023
5.45298475	0.92	-22.34662411092716	-0.8938649644370864
5.45298742	0.94	-6.707682958511484	-0.26830731834045934
5.45298175	0.9	-7.071000899028198	-0.28284003596112794
5.45298175	0.95	-3.410717818057086	-0.13642871272228344
5.45298175	0.95	-8.960303694481572	-0.3584121477792629
5.45298175	0.95	-12.525705275322228	-0.5010282110128891
5.45301646	0.92	-14.601402638085915	-0.5840561055234366
5.45298175	0.95	-5.2870938403911145	-0.2114837536156446
5.45298742	0.92	-3.334896929598343	-0.13339587718393373
5.45298175	0.95	-6.052601754427635	-0.24210407017710542
5.453	0.82	-0.7374915915163958	-0.02949966366065583
3.26662733	0.94	-0.8251541537786065	-0.03300616615114426
3.26661204	0.95	-3.756285258326512	-0.15025141033306047
3.266606	0.82	-3.7247119548857732	-0.14898847819543093
3.26662733	0.92	-9.376668450256966	-0.3750667380102787
3.26661204	0.95	-21.656454107681306	-0.8662581643072522
4.272354	0.82	-4.459235871376745	-0.1783694348550698
4.27225316	0.95	-7.348397648636447	-0.2939359059454579
4.27226421	0.94	-4.515403779337901	-0.18061615117351604
4.27225316	0.95	-4.9607509264851775	-0.1984300370594071
4.27225316	0.95	-5.921727582249832	-0.23686910328999328
3.532292	1.02	-4.789477898501074	-0.19157911594004298
3.53232449	1.03	-20.666277902458972	-0.826651116098359
3.53232449	1.03	-7.131698744746725	-0.285267949789869
3.53232429	1.03	-1.8716978824532777	-0.07486791529813111
3.53232449	1.03	-21.948492342698632	-0.8779396937079453
62.89178098	0.88	-2.220866790417844	-0.08883467161671377
62.8916228	0.87	-4.82880193476175	-0.19315207739047002
11.55562343	0.88	-1.5472401975630394	-0.06188960790252158
11.55559918	0.93	-23.050224684675975	-0.922008987387039
11.55562343	0.93	-15.153752391389675	-0.606150095655587
11.55562042	0.94	-6.361539105928812	-0.2544615642371525
11.55562343	0.88	-16.182919269360603	-0.6473167707744242
11.55562042	0.93	-2.439021267050706	-0.09756085068202824
11.55558875	0.93	-6.632858621900301	-0.265314344876012
17.13263989	0.87	-8.917769999570046	-0.35671079998280186
17.13263989	0.87	-5.595487099653937	-0.22381948398615747
17.13263125	0.89	-23.32046793295252	-0.9328187173181008
17.13268832	0.89	-11.861766978082374	-0.47447067912329494
17.13263989	0.87	-9.928484377476224	-0.39713937509904895
76.95806106	0.98	-8.730531197813093	-0.34922124791252374
76.957857	0.96	-20.097643102195264	-0.8039057240878106
76.957857	0.91	-7.809174518985473	-0.31236698075941893
76.9611	0.96	-15.905546017952172	-0.636221840718087
76.957056	0.98	-14.187817049422316	-0.5675126819768926
2.36172447	0.7	-10.785261138008183	-0.4314104455203273
2.36172433	0.72	-19.63532859341799	-0.7854131437367197
2.36172447	0.64	-31.970921011409295	-1.278836840456372
2.36172433	0.64	-2.011325735801418	-0.08045302943205672
23.92117039	1.43	-0.1276614295020555	-0.00510645718008222
23.9210408	1.43	-10.694587033127895	-0.42778348132511584
23.9210791	1.47	-7.806517158654784	-0.31226068634619136
23.92113	1.51	-4.1434758319570975	-0.1657390332782839
23.9210408	1.52	-6.7236581328293825	-0.2689463253131753
3.17060005	0.81	-17.267448471303474	-0.690697938852139
3.17060005	0.81	-17.323109839573384	-0.6929243935829353
3.17060005	0.95	-5.744332284762262	-0.22977329139049046
3.1705876	0.96	-20.611519408234336	-0.8244607763293734
3.17059731	0.96	-17.688710735838683	-0.7075484294335473
3.17060005	0.81	-10.832168253774661	-0.43328673015098645
0.81316636	0.88	-11.509246969082385	-0.46036987876329544
0.81316636	0.91	-7.96112015341267	-0.31844480613650683
5.18856176	0.56	-3.7790023922894367	-0.15116009569157748
5.18848874	0.74	-6.430574709516651	-0.25722298838066604
5.188548	0.71	-3.33415130874055	-0.133366052349622
5.18856368	0.74	-11.53797472018443	-0.4615189888073772
5.189	0.56	-6.928960371752567	-0.2771584148701027
8.041317	0.71	-8.217430910870805	-0.3286972364348322
8.04144001	0.56	-10.992006780590685	-0.4396802712236274
8.04134778	0.56	-6.068358029850776	-0.24273432119403104
8.04133834	0.74	-12.528403033180233	-0.5011361213272093
8.04133121	0.77	-0.9201155594587374	-0.03680462237834949
8.041	0.56	-15.989178997251631	-0.6395671598900653
8.04133121	0.56	-4.259239869901419	-0.1703695947960568
8.04134323	0.74	-12.851368355143286	-0.5140547342057314
8.04133121	0.56	-2.987381317133518	-0.11949525268534072
11.77613232	0.74	-7.832358597111021	-0.31329434388444083
11.77614238	0.74	-11.207324083877523	-0.44829296335510094
11.77613846	0.56	-7.825027396727195	-0.3130010958690878
11.77613846	0.77	-2.7314078323449147	-0.10925631329379659
11.776	0.56	-16.67759162548397	-0.6671036650193588
11.77613041	0.74	-18.777762334804525	-0.7511104933921811
24.0862707	0.76	-14.988492486094863	-0.5995396994437945
24.08638	0.87	-1.664496653061311	-0.06657986612245244
24.086176	0.78	-0.9754779621286493	-0.03901911848514598
24.0862707	0.74	-11.111019141577062	-0.4444407656630825
24.0862707	0.74	-4.236378929438509	-0.16945515717754034
24.08632177	0.74	-3.6482919051454514	-0.14593167620581807
2.34451194	0.97	-1.2476794069505597	-0.04990717627802239
2.34451194	0.97	-6.137115950410902	-0.24548463801643608
2.34451194	1.04	-10.303794404666492	-0.4121517761866597
2.34451194	1.01	-19.08145691282373	-0.7632582765129492
2.34450643	1.07	-12.238137330351567	-0.4895254932140627
2.34451259	1.07	-1.3777507375588727	-0.055110029502354906
2.34451194	0.97	-13.102431017390323	-0.5240972406956129
18.3027248	0.82	-3.149269984777182	-0.12597079939108727
18.30305301	0.97	-0.9916913002719652	-0.03966765201087861
18.30267831	0.97	-0.5162678176840434	-0.020650712707361737
18.3027235	0.97	-17.795967267590605	-0.7118386907036242
2.88890033	0.78	-2.2266694482124265	-0.08906677792849706
2.88890485	0.67	-3.577622976561784	-0.14310491906247136
2.88890444	0.82	-0.6342837654894209	-0.025371350619576835
2.88890485	0.67	-2.2843660799449252	-0.091374643197797
2.88887	0.72	-6.760761639130346	-0.27043046556521383
210.62945497	0.78	-6.957008310316458	-0.2782803324126583
210.630591	0.81	-14.992129499762191	-0.5996851799904876
210.630591	0.67	-0.5365826098036455	-0.02146330439214582
210.631486	0.78	-0.8179555895818926	-0.0327182235832757
17.14648756	1.01	-8.132287636156313	-0.3252915054462525
3.97076766	0.73	-9.619827581173844	-0.38479310324695376
3.97076766	0.73	-5.8724976518835454	-0.23489990607534184
3.97076404	0.83	-7.896417806326885	-0.3158567122530754
3.970805	0.77	-7.90812202392282	-0.3163248809569128
2.3522658	0.82	-4.721259103612027	-0.1888503641444811
2.3522658	0.82	-6.525650570410892	-0.26102602281643567
2.35227391	0.84	-16.245343798905775	-0.649813751956231
2.35227391	0.73	-5.357699135021927	-0.2143079654008771
10.62784997	1.04	-0.3901112635379622	-0.015604450541518489
10.62797683	1.01	-13.403602779915857	-0.5361441111966343
10.62784997	1.04	-2.756896998904349	-0.11027587995617395
10.62788695	1.04	-8.527186975621557	-0.3410874790248623
10.62788695	1.01	-2.6950148375498735	-0.10780059350199495
1.10446249	0.81	-8.323100688869856	-0.3329240275547942
1.1044547	0.73	-9.554326258210047	-0.3821730503284019
1.10446249	0.72	-4.6182650245154395	-0.18473060098061758
1.10446351	0.72	-14.16253107368225	-0.56650124294729
1.10446351	0.72	-7.998261763674538	-0.31993047054698154
3.73089898	0.97	-1.3772892627807831	-0.05509157051123133
3.73089898	0.97	-2.7890062748005744	-0.11156025099202298
3.73090026	1.01	-12.462142987497247	-0.4984857194998899
3.730927	0.98	-3.879368722969252	-0.1551747489187701
3.73089898	0.97	-12.340690413976102	-0.4936276165590441
2.4036433	1.04	-6.994631532901411	-0.27978526131605647
2.40366716	1.13	-7.000456264157451	-0.28001825056629803
2.4036433	1.0	-0.5847746959482294	-0.023390987837929176
2.403654	1.04	-6.730456363677979	-0.2692182545471192
2.4036407	1.13	-6.900045009303345	-0.2760018003721338
2.4036407	1.03	-7.775690026995464	-0.3110276010798185
8.99089293	1.13	-8.989984860136335	-0.3595993944054534
8.99090059	1.13	-11.58723548318343	-0.4634894193273372
8.99088871	1.07	-2.243844694476323	-0.08975378777905292
8.99088871	1.0	-9.736939167215155	-0.3894775666886062
2.78786839	0.95	-11.524419593025442	-0.4609767837210177
2.78787417	0.73	-4.975778000398575	-0.19903112001594303
2.78786839	0.95	-5.635876775925112	-0.2254350710370045
65.64785985	0.93	-20.579516845853064	-0.8231806738341225
65.6478424	0.84	-11.04182135663006	-0.44167285426520236
65.6478424	0.88	-22.046506249840146	-0.8818602499936059
65.6480892	1.01	-6.085048718923703	-0.24340194875694812
65.6462	0.94	-25.210752101229165	-1.0084300840491667
65.64823592	0.93	-8.217492746964687	-0.3286997098785875
65.6478424	0.84	-4.835329020550292	-0.19341316082201168
65.6478424	0.84	-4.760220667591993	-0.1904088267036797
1.64680191	0.56	-0.3723933861133819	-0.014895735444535277
1.64680191	0.56	-9.729596196882433	-0.3891838478752973
1.64680168	0.59	-15.780294981223795	-0.6312117992489518
1.64680168	0.54	-5.8984403922915645	-0.23593761569166258
1.64680079	0.59	-9.754040625406404	-0.3901616250162562
1.646819	0.55	-6.635600083129425	-0.265424003325177
1.75584356	0.93	-1.64824601033742	-0.0659298404134968
1.75583533	0.92	-6.491197376917558	-0.25964789507670233
1.75583533	0.91	-8.291563049912746	-0.33166252199650986
1.75583533	0.92	-15.006256202909181	-0.6002502481163673
1.75583533	0.92	-4.343717136159205	-0.17374868544636818
5.18560081	1.28	-5.209993078123567	-0.20839972312494268
5.1856142	1.09	-7.303432896968939	-0.2921373158787576
5.185444	1.08	-0.38471154245470585	-0.015388461698188234
8.45808312	1.09	-15.529079572184008	-0.6211631828873604
8.45805119	1.25	-9.829213707175512	-0.39316854828702047
8.45808312	1.09	-18.003276080234304	-0.7201310432093722
8.45808312	1.09	-2.106367240160441	-0.08425468960641765
8.45807302	1.28	-13.362074890287463	-0.5344829956114986
33.469743	1.03	-7.915368422788099	-0.316614736911524
33.469743	0.96	-13.55437665594329	-0.5421750662377316
33.4698571	0.96	-5.976670609532118	-0.2390668243812847
33.47025	0.97	-10.639294572535857	-0.42557178290143427
33.469743	0.96	-2.166277950085539	-0.08665111800342157
11.89520511	1.01	-1.133069633577253	-0.04532278534309012
11.89520436	0.92	-5.8100044429994675	-0.2324001777199787
11.89534	1.06	-4.952177742968921	-0.19808710971875684
11.89520511	0.86	-3.6888375057899125	-0.1475535002315965
11.89520511	1.01	-7.6560779489812845	-0.3062431179592514
4.45743164	0.76	-18.700510272829327	-0.7480204109131731
4.45743164	0.6	-18.303387170659647	-0.7321354868263859
4.457356	0.64	-2.8766830423168726	-0.1150673216926749
4.45743267	0.6	-9.60226262561731	-0.38409050502469244
4.45743164	0.6	-9.115837027807206	-0.36463348111228827
4.45743267	0.71	-16.49924348699397	-0.6599697394797588
4.4574239	0.71	-19.160331710686183	-0.7664132684274474
13.53996	1.16	-7.4325590417994345	-0.2973023616719774
13.5396293	1.41	-11.489579218995466	-0.45958316875981864
13.53953595	1.15	-5.015588976230419	-0.20062355904921678
13.53963003	1.15	-18.65858594886238	-0.7463434379544952
13.5396293	1.18	-20.79195230428212	-0.8316780921712849
13.5396293	1.18	-8.205554360513322	-0.32822217442053286
13.5396293	1.18	-1.3271705469504804	-0.05308682187801922
22.70816791	1.06	-0.24681876975141837	-0.009872750790056735
22.7082375	1.04	-6.130007368184607	-0.2452002947273843
22.70816791	1.19	-7.172397329658321	-0.28689589318633285
22.70817353	1.04	-7.4768578513413555	-0.2990743140536542
5.96872405	1.12	-17.601354378741384	-0.7040541751496554
5.9687219	1.23	-10.975839023282635	-0.4390335609313054
5.96871747	1.2	-0.9007207899537442	-0.03602883159814977
5.968741	1.21	-13.050202918424743	-0.5220081167369898
5.96872405	1.23	-10.873624048806407	-0.4349449619522563
13.07141889	1.12	-18.35449745058838	-0.7341798980235352
13.07161083	1.23	-10.491340335765749	-0.41965361343062996
13.071489	1.21	-2.506312353373147	-0.10025249413492589
13.071489	1.2	-13.851312407356296	-0.5540524962942519
13.071489	1.2	-11.405923933084171	-0.4562369573233669
13.071489	1.2	-12.986364039620678	-0.5194545615848272
7.97033985	0.95	-13.430937880266987	-0.5372375152106795
7.97034958	0.92	-3.538628382896495	-0.1415451353158598
10.71252541	0.59	-6.1266903226785505	-0.24506761290714202
10.71252541	0.53	-5.754146077537248	-0.23016584310148994
10.71243	0.68	-15.410472071588304	-0.6164188828635322
10.71253219	0.71	-1.8674368976887807	-0.07469747590755123
10.71252541	0.53	-21.117433693032215	-0.8446973477212886
10.71253475	0.71	-5.737463981347069	-0.22949855925388277
32.5635249	0.9	-11.210910716627476	-0.44843642866509903
32.56356274	0.9	-19.122934532803228	-0.7649173813121292
32.5637069	0.92	-6.525949266384215	-0.2610379706553686
32.5635249	0.86	-9.341019870603255	-0.3736407948241302
32.5637069	0.92	-5.417564813375961	-0.21670259253503843
59.284064	0.86	-11.875345344731134	-0.47501381378924534
59.2841571	0.92	-4.403340701784628	-0.1761336280713851
59.28408595	0.9	-3.8855746050856417	-0.15542298420342568
59.2841571	0.92	-16.738173098120836	-0.6695269239248335
59.28409958	0.86	-19.944873970007627	-0.7977949588003052
6.11786898	1.11	-3.5471861040577033	-0.14188744416230814
6.11786898	1.11	-8.315649340113833	-0.3326259736045533
6.117982	1.18	-17.452804364708264	-0.6981121745883305
6.11786898	1.15	-11.898378192879406	-0.47593512771517626
6.11784972	1.14	-4.075639275206915	-0.1630255710082766
6.11789109	1.22	-4.071988657301834	-0.16287954629207335
3.97599768	0.85	-7.05068271850515	-0.282027308740206
3.97599768	0.8	-2.2741781458080528	-0.09096712583232211
3.976032	0.77	-2.1835448366332226	-0.0873417934653289
3.97599629	0.8	-7.2717565039336485	-0.29087026015734596
3.97599768	0.8	-7.93774300942785	-0.317509720377114
3.97600484	0.88	-9.759066985570689	-0.39036267942282754
9.47876623	1.11	-3.7827534205087985	-0.15131013682035194
9.478522	1.13	-12.757662066145464	-0.5103064826458186
29.9686052	1.09	-11.513571829984835	-0.4605428731993934
29.9686205	1.11	-7.864956545428008	-0.3145982618171203
29.9685917	1.11	-7.121335719644588	-0.2848534287857835
29.9686052	1.09	-13.398567241957853	-0.5359426896783142
29.9686052	1.09	-3.330399296644357	-0.13321597186577427
29.96819	1.11	-4.18337743246084	-0.1673350972984336
33.2406882	0.9	-4.651431356010173	-0.18605725424040692
33.2406882	0.9	-5.014858201773642	-0.20059432807094568
33.24097603	0.94	-7.681020641400813	-0.3072408256560325
33.2407985	0.94	-8.848019397475433	-0.3539207758990173
1.003965	0.86	-4.929603769595449	-0.19718415078381796
1.00393374	0.79	-1.5163933941578756	-0.06065573576631502
1.00393374	0.71	-6.891234416195061	-0.2756493766478025
1.0039317	0.71	-7.215780751419041	-0.28863123005676167
55.8224775	0.82	-13.484851466255723	-0.5393940586502289
55.8224422	0.81	-9.218160525231433	-0.3687264210092573
55.8226539	0.87	-14.794183525524524	-0.5917673410209809
6.11009134	1.19	-8.970354782985158	-0.35881419131940634
6.11009134	1.24	-3.5887722260696338	-0.14355088904278535
6.11009134	1.13	-7.976326499817306	-0.31905305999269223
50.790364	1.15	-5.058144990040834	-0.20232579960163335
18.795909	1.18	-6.604505691228525	-0.264180227649141
18.79590048	1.21	-1.7690673007032922	-0.0707626920281317
18.79591276	1.15	-8.266802471125173	-0.3306720988450069
50.79034648	1.1	-9.305121880662703	-0.37220487522650814
50.79034619	1.21	-10.228927404937735	-0.40915709619750945
50.79034619	1.21	-0.5496064829118856	-0.021984259316475425
50.79034619	1.18	-2.773350643121508	-0.11093402572486032
50.790391	1.13	-2.4526246334191164	-0.09810498533676466
50.79034619	1.15	-7.063693904154575	-0.282547756166183
50.79034619	1.21	-5.912802586240693	-0.23651210344962775
9.98969327	0.91	-4.356552190810149	-0.17426208763240594
9.98962569	0.83	-18.206674768141735	-0.7282669907256694
9.98969327	0.8	-3.369133812112433	-0.13476535248449734
9.98969327	0.91	-19.398067292222926	-0.775922691688917
9.98965	0.91	-18.845916914518416	-0.7538366765807366
1.4425953	1.65	-0.7873577745981066	-0.031494310983924266
1.44259224	1.58	-4.818964716967427	-0.19275858867869708
1.44259231	1.54	-2.207144890986762	-0.08828579563947049
1.44259224	1.46	-12.47079891732415	-0.498831956692966
1.44259224	1.46	-10.452196566757062	-0.4180878626702825
26.0203329	1.03	-12.748380361559963	-0.5099352144623985
26.01879744	1.03	-7.538923909214212	-0.3015569563685685
26.0204423	1.0	-4.825501616740164	-0.19302006466960656
26.0204423	1.0	-13.19224037180864	-0.5276896148723457
26.0206	0.98	-6.8455183900944725	-0.2738207356037789
0.7698536	0.86	-9.09562878812335	-0.363825151524934
0.7698549	0.87	-16.132608952664206	-0.6453043581065683
0.7698536	0.85	-2.6144955825091785	-0.10457982330036714
0.7698536	0.88	-0.2601545024824874	-0.010406180099299497
0.76985446	0.85	-7.416062798931353	-0.29664251195725416
6.89226333	1.1	-3.6573221770083424	-0.1462928870803337
6.89226333	1.08	-3.0083882843677667	-0.12033553137471067
37.94584397	0.96	-15.891302694170351	-0.635652107766814
37.94563	0.96	-7.0358404759474205	-0.2814336190378968
37.94563	0.96	-2.9632256946402187	-0.11852902778560875
37.94563	0.9	-3.682252250327728	-0.1472900900131091
37.94523	1.0	-5.042298150686274	-0.20169192602745095
37.9456138	0.96	-17.396434015668987	-0.6958573606267595
37.94563	0.96	-19.969288827183924	-0.7987715530873569
24.1738579	0.86	-28.666405258083618	-1.1466562103233446
24.1738579	0.86	-5.443756877853068	-0.21775027511412273
24.1738244	0.99	-1.403897483805718	-0.05615589935222873
106.24827038	1.0	-3.629111144279585	-0.1451644457711834
106.247547	0.99	-4.027770864871034	-0.16111083459484135
106.249	0.99	-6.42378981952957	-0.2569515927811828
106.247547	0.99	-2.4257863781138775	-0.0970314551245551
106.247547	0.99	-17.896373240227128	-0.7158549296090851
106.247547	0.98	-6.713230949397683	-0.26852923797590733
31.8055128	0.85	-1.738703202529992	-0.06954812810119969
31.8055128	0.53	-5.494321285368091	-0.21977285141472366
31.80634	0.53	-0.5815674547058247	-0.02326269818823299
31.80634	0.8	-6.438071041634146	-0.2575228416653658
31.80634	0.53	-4.515882124442232	-0.1806352849776893
2.68505749	0.77	-3.1658209921030593	-0.12663283968412237
2.68505749	0.77	-22.35821023777523	-0.8943284095110091
2.68505749	0.79	-14.370251071200967	-0.5748100428480387
2.68505749	0.77	-11.63667493346891	-0.4654669973387564
2.68505445	0.89	-9.345159715005742	-0.3738063886002297
2.68505445	0.77	-14.119646688246174	-0.5647858675298469
2.68505683	0.89	-6.654155570506605	-0.2661662228202642
7.51854537	0.81	-2.4240929760368233	-0.09696371904147294
7.51866	0.77	-4.502126838757826	-0.18008507355031306
7.51842012	0.86	-10.733380838382232	-0.4293352335352893
7.51849479	0.86	-5.424328331399299	-0.21697313325597198
7.51849479	0.85	-1.7968659904687552	-0.07187463961875021
7.51849479	0.86	-21.20850019856065	-0.848340007942426
20.17202467	0.86	-0.9900136355419125	-0.0396005454216765
20.17202387	0.86	-6.562866063845595	-0.2625146425538238
20.17202387	0.86	-5.1997123527605025	-0.2079884941104201
20.17202326	0.86	-2.0078599995218003	-0.08031439998087202
20.17202387	0.85	-8.666755410619583	-0.34667021642478335
16.85983142	1.17	-4.410129055755481	-0.17640516223021924
16.8601286	0.91	-12.614978728119072	-0.5045991491247629
16.8600805	0.91	-6.743802522630255	-0.26975210090521023
16.85976251	1.17	-16.296927325151415	-0.6518770930060567
16.8600805	1.17	-1.674767428615923	-0.06699069714463693
4.89337519	1.33	-17.388195459340196	-0.6955278183736079
4.893489	1.24	-8.344025665175213	-0.3337610266070085
4.89336495	1.34	-1.6667288849694764	-0.06666915539877906
4.89343316	1.33	-4.612545086824985	-0.1845018034729994
4.89337519	1.17	-14.88282012208953	-0.5953128048835812
4.89336495	1.33	-9.551003119236677	-0.3820401247694671
4.89332736	1.33	-6.441765158100006	-0.25767060632400024
8.93490815	1.33	-16.498699498337785	-0.6599479799335114
8.93490815	1.33	-2.1479735103818833	-0.08591894041527534
8.93490982	1.34	-6.509193168853532	-0.26036772675414127
8.93484887	1.34	-7.619223290258719	-0.3047689316103488
11.1736	1.01	-5.021909280729308	-0.20087637122917235
11.17392077	1.06	-4.01419153360934	-0.1605676613443736
11.17394617	1.01	-3.0879397988259103	-0.12351759195303641
11.17392077	1.01	-8.008800489458729	-0.32035201957834913
28.5057189	1.0	-13.944140201291267	-0.5577656080516507
28.5057217	0.94	-2.4168049035856245	-0.09667219614342498
28.5057189	0.94	-9.308207903144034	-0.37232831612576134
28.50273	0.93	-18.137233108274447	-0.7254893243309779
28.50615646	0.96	-3.754804117246258	-0.15019216468985033
53.5991044	1.08	-26.2130902010654	-1.048523608042616
53.5991044	1.08	-3.481832258776897	-0.13927329035107588
53.5991044	1.08	-7.960537387449698	-0.3184214954979879
53.5991459	1.08	-2.5181878655878815	-0.10072751462351526
104.3518976	0.96	-3.8371492229754853	-0.15348596891901942
16.07677615	1.08	-15.734633078489997	-0.6293853231395999
16.07677615	1.08	-6.239203454287925	-0.24956813817151702
16.07671404	0.96	-7.30571620358534	-0.2922286481434136
16.07677615	1.08	-13.819299933084915	-0.5527719973233967
16.07673148	0.96	-11.0264065429986	-0.44105626171994405
18.87064068	1.03	-2.157219812056439	-0.08628879248225756
18.87064068	1.03	-10.396495330720676	-0.41585981322882704
18.87060067	1.07	-6.419028946650616	-0.2567611578660246
18.87064068	1.03	-19.605855633298876	-0.7842342253319551
17.1369543	1.1	-7.105367189909529	-0.2842146875963812
17.13756	1.09	-21.174087033870574	-0.846963481354823
17.1369543	1.1	-11.463656839021317	-0.4585462735608527
17.1369408	1.07	-12.655751029333985	-0.5062300411733593
17.1369408	1.11	-0.10137747250433171	-0.004055098900173268
17.1369543	1.04	-6.4401363095250765	-0.2576054523810031
3.788753	0.94	-9.706984970103893	-0.38827939880415574
3.78858982	1.09	-3.801952800394882	-0.15207811201579527
3.78858982	1.11	-19.50401758725802	-0.7801607034903207
3.78861833	0.94	-0.6844345227741495	-0.02737738091096598
3.78858982	1.09	-1.1082004806609027	-0.04432801922643611
2.42208445	0.91	-17.34423847550588	-0.6937695390202352
2.4220796	0.92	-9.48781359820657	-0.3795125439282628
2.42208458	0.99	-22.688194111945442	-0.9075277644778177
2.42208445	0.91	-24.495585358821216	-0.9798234143528487
2.42208359	0.99	-4.200045069026757	-0.1680018027610703
2.42208419	0.93	-18.218132361196798	-0.7287252944478719
4.12512093	0.91	-3.7016649268525326	-0.1480665970741013
4.12512093	1.01	-11.21085487325578	-0.44843419493023123
4.12511935	0.93	-3.43528889247587	-0.1374115556990348
4.12511935	0.99	-9.194712061341999	-0.36778848245367995
10.45843441	0.68	-13.743653819529774	-0.549746152781191
10.45847283	0.71	-21.054254750693136	-0.8421701900277254
10.45843441	0.68	-2.1507902914352623	-0.0860316116574105
10.45843441	0.68	-4.599179314168859	-0.18396717256675438
5.59979	0.88	-5.605187751260994	-0.22420751005043976
5.60014851	0.91	-5.796930985695039	-0.23187723942780156
25.2033	0.98	-10.501717904231377	-0.4200687161692551
25.2034128	0.97	-3.109485023017789	-0.12437940092071155
25.20335612	0.97	-6.457112554188822	-0.2582845021675529
25.2034787	1.02	-9.351640741366534	-0.3740656296546614
25.20299395	0.97	-0.2930687258640743	-0.011722749034562972
25.2034787	1.02	-20.381369619968414	-0.8152547847987366
2.832617	1.03	-9.056274865585571	-0.36225099462342286
16.22371307	0.94	-0.36818933521611363	-0.014727573408644546
16.22371307	0.9	-5.981005907991859	-0.23924023631967437
16.22371307	0.9	-13.523074181678181	-0.5409229672671273
16.22391	0.96	-13.284887625766533	-0.5313955050306614
8.49640437	0.71	-26.607515139540517	-1.0643006055816207
8.49642241	0.71	-1.228003707048773	-0.04912014828195092
8.49642241	0.71	-4.01878867509002	-0.1607515470036008
8.49642241	0.74	-14.247805427959227	-0.569912217118369
8.49640674	0.84	-1.7852050505975272	-0.0714082020239011
66.1849031	0.95	-1.0481389124537368	-0.041925556498149476
66.18404616	1.02	-4.2302798649904805	-0.16921119459961922
66.1849031	0.98	-7.614288767082087	-0.3045715506832835
2.03231886	0.76	-0.4628069413021305	-0.01851227765208522
2.03231886	0.72	-1.7808126598611633	-0.07123250639444653
2.03231603	0.72	-12.61669398986713	-0.5046677595946852
2.032317	0.66	-2.8154761309048952	-0.11261904523619581
7.6847716	1.01	-2.417638409752133	-0.09670553639008532
7.68493	0.88	-8.11022282952063	-0.3244089131808252
7.68478504	0.94	-18.266052927289117	-0.7306421170915647
7.68478504	0.88	-4.767885937731775	-0.190715437509271
7.68477502	0.94	-3.8690470900326717	-0.15476188360130688
15.0447098	0.9	-11.22940900530254	-0.44917636021210156
15.0447198	0.91	-22.314485504985313	-0.8925794201994126
15.0447198	0.94	-3.404888790292227	-0.1361955516116891
15.0447198	0.91	-15.46973156775572	-0.6187892627102288
15.0447198	0.91	-10.746173959141787	-0.4298469583656715
15.04463	1.08	-11.162116156802924	-0.446484646272117
15.0447198	0.85	-10.924895855289934	-0.4369958342115974
4.43796303	1.09	-0.6866717838686747	-0.027466871354746986
4.43796263	1.17	-10.393864179973692	-0.41575456719894766
4.43796303	1.09	-5.028759728135064	-0.20115038912540256
4.4379637	1.17	-10.847707803964322	-0.4339083121585729
4.43796293	1.09	-11.517446747513114	-0.4606978699005246
4.4379625	1.09	-14.66352880654184	-0.5865411522616737
4.4379637	1.16	-6.389586421964316	-0.25558345687857265
6.31250373	0.59	-14.32694373010802	-0.5730777492043209
6.31250853	0.71	-14.87851792516509	-0.5951407170066036
6.31250483	0.71	-5.23648375564289	-0.2094593502257156
6.31250638	0.71	-8.938732326928466	-0.3575492930771387
6.31250373	0.59	-3.5860931081425687	-0.14344372432570274
12.79397011	0.59	-4.36081221840581	-0.1744324887362324
12.7945474	0.59	-4.744722018261183	-0.18978888073044733
12.7945474	0.71	-7.751376087655259	-0.3100550435062103
12.79455062	0.59	-3.751355165846538	-0.15005420663386151
12.795	0.59	-13.426274982551964	-0.5370509993020786
12.79455062	0.59	-2.6541141152605014	-0.10616456461042006
1.118557	0.62	-0.47939512880617086	-0.019175805152246834
1.11854781	0.72	-11.49140993107947	-0.4596563972431788
1.11854972	0.72	-1.368957791584105	-0.0547583116633642
1.11854972	0.72	-6.47002685542349	-0.2588010742169396
1.11854972	0.74	-12.207462710636634	-0.48829850842546535
15.18725932	0.96	-5.041453127980226	-0.20165812511920905
15.18725932	1.15	-2.2254858509793323	-0.0890194340391733
15.18727049	1.08	-7.29640379540775	-0.29185615181631
15.18743529	1.08	-5.859828344422112	-0.2343931337768845
28.68559839	0.99	-21.375287348457654	-0.8550114939383062
28.68549	0.95	-3.3497372480951153	-0.1339894899238046
28.6853212	0.93	-8.564397075598443	-0.3425758830239377
28.6851324	0.92	-6.373509306984997	-0.25494037227939986
28.68550305	0.99	-5.982589573012767	-0.23930358292051068
28.6851324	0.92	-5.437769027388288	-0.21751076109553155
28.6851324	0.92	-0.8167514911800411	-0.03267005964720164
0.58800076	0.64	-1.139349469956462	-0.045573978798258474
0.58800105	0.63	-0.2359377184254785	-0.00943750873701914
0.58800105	0.58	-17.421937921029357	-0.6968775168411743
0.58800113	0.63	-0.9707683610669804	-0.03883073444267922
0.58800076	0.57	-7.374413443633676	-0.29497653774534704
85.7350285	1.03	-11.751986381869472	-0.4700794552747789
85.73629505	1.0	-10.682159152424193	-0.42728636609696774
85.7350285	1.05	-15.90314658973889	-0.6361258635895556
85.72950297	1.0	-8.522960032905006	-0.34091840131620027
85.7357202	1.0	-14.110177023862894	-0.5644070809545157
1.07838971	0.86	-0.7622032911215566	-0.030488131644862266
1.07839096	0.84	-1.3827099921287769	-0.055308399685151076
1.07839035	0.86	-18.87087852014876	-0.7548351408059505
1.07838971	0.84	-15.704306386551748	-0.6281722554620699
1.07839035	0.86	-6.307669738858712	-0.2523067895543485
1.21699766	0.8	-6.588595583225481	-0.26354382332901927
1.21699766	0.73	-16.31498602894461	-0.6525994411577843
1.21699766	0.73	-8.956930683182462	-0.35827722732729844
1.21700038	0.74	-17.0131472504968	-0.6805258900198721
1.21699766	0.73	-24.297957819301182	-0.9719183127720473
13.6823798	1.05	-2.552247171448972	-0.10208988685795888
13.68237119	1.06	-16.25728394981284	-0.6502913579925137
13.68237119	1.1	-1.9582005317612579	-0.07832802127045031
11.08507637	0.79	-10.936161391245887	-0.43744645564983553
11.08507637	0.79	-10.147236727941944	-0.40588946911767776
11.08507637	0.79	-4.398628315482208	-0.17594513261928832
11.08515076	0.79	-5.377353156770369	-0.21509412627081478
11.08507637	0.8	-8.851142147759703	-0.3540456859103881
11.08507658	0.79	-0.43689246871137444	-0.017475698748454976
25.369116	1.23	-10.72590391194105	-0.429036156477642
25.36900067	1.23	-8.510849304350177	-0.3404339721740071
25.369116	1.21	-19.396091328344095	-0.7758436531337638
3.17741442	0.77	-6.911182390007813	-0.2764472956003125
3.1774266	0.86	-8.967569291454637	-0.3587027716581855
3.1774146	0.92	-17.47102534160843	-0.6988410136643373
3.17741442	0.86	-5.495959526393369	-0.21983838105573475
3.17741442	0.77	-1.1951580241945106	-0.047806320967780425
3.17741077	0.92	-4.449137105767035	-0.1779654842306814
41.00812595	0.92	-10.75596701429369	-0.4302386805717476
41.0081183	0.77	-3.7386692327303876	-0.1495467693092155
41.0081183	0.77	-15.63465268632402	-0.6253861074529609
41.00812	0.86	-8.739630881798067	-0.3495852352719227
41.00820122	0.92	-24.240087561054743	-0.9696035024421897
8.07124073	0.87	-12.461366542538759	-0.49845466170155034
8.07123121	0.94	-15.047817334058603	-0.6019126933623441
8.07124073	0.87	-7.888173160644686	-0.31552692642578745
8.07124073	0.94	-8.295438960207083	-0.3318175584082833
11.01816836	1.05	-4.229007175224615	-0.16916028700898458
11.01816836	1.05	-5.7537136079852615	-0.23014854431941045
11.01816836	1.02	-0.10934258575847	-0.0043737034303388
11.01814619	1.03	-17.384223103041776	-0.6953689241216711
11.01819178	1.05	-11.321826781823228	-0.45287307127292914
11.01796683	1.03	-1.3134015846679272	-0.05253606338671709
12.94130146	1.01	-0.9945980345467174	-0.039783921381868696
12.94129069	1.11	-6.163139323558517	-0.24652557294234068
12.94123564	1.11	-1.6929747823382457	-0.06771899129352983
12.94126731	1.11	-4.661164835967906	-0.18644659343871625
12.94130146	1.01	-2.0495318899474686	-0.08198127559789875
5.34982412	1.02	-8.97888036507251	-0.3591552146029004
5.34982412	1.14	-25.97521604887182	-1.0390086419548727
5.34982412	1.0	-9.01282154109986	-0.36051286164399443
18.82634264	0.85	-9.721041204419983	-0.38884164817679934
18.8262877	0.79	-13.45185929751645	-0.538074371900658
18.82634264	0.79	-3.6551725138934734	-0.14620690055573893
18.82634264	0.79	-25.60317532422693	-1.0241270129690774
18.82735	0.95	-12.213018261438986	-0.48852073045755945
18.82634264	0.79	-9.061155499464423	-0.3624462199785769
18.8262877	0.83	-22.11508131313829	-0.8846032525255316
4.76703963	0.86	-12.710313936821702	-0.5084125574728681
4.76704451	0.95	-28.1306661278423	-1.125226645113692
4.76702759	0.95	-15.461890256930785	-0.6184756102772314
4.76703963	0.86	-18.97326482302486	-0.7589305929209944
4.76703963	0.95	-14.258295674370887	-0.5703318269748355
4.76703963	0.86	-8.482331573073322	-0.3392932629229329
4.37034536	1.12	-11.742438140212279	-0.46969752560849115
4.37034536	1.12	-14.11778190443612	-0.5647112761774448
4.37033233	1.01	-12.622300314761848	-0.5048920125904739
4.37034536	0.99	-3.9300717268815464	-0.15720286907526185
2.03232507	1.11	-3.230697482920209	-0.12922789931680836
2.03231664	1.06	-12.391588770485644	-0.49566355081942576
2.03231907	1.11	-1.7353087025414526	-0.06941234810165811
2.03231907	1.06	-3.1671734295791762	-0.12668693718316706
22.9221266	0.97	-20.572215554146037	-0.8228886221658415
22.9221266	0.97	-19.561829870872273	-0.782473194834891
22.9221266	1.06	-17.514292854735295	-0.7005717141894118
22.92295825	1.06	-0.4737369436718777	-0.018949477746875106
22.9221266	0.98	-16.006483896423486	-0.6402593558569395
22.92272	1.12	-18.004354461539258	-0.7201741784615703
22.9221181	0.97	-17.971479807377797	-0.7188591922951119
22.9221266	0.97	-3.564228345382503	-0.14256913381530012
16.10467749	0.99	-22.474112794558582	-0.8989645117823433
16.10438325	1.04	-6.0396533405831505	-0.24158613362332604
16.10474503	1.46	-1.0193180149823071	-0.04077272059929229
16.10474503	1.04	-14.65664064152421	-0.5862656256609684
16.10467749	1.45	-13.136996216319483	-0.5254798486527793
16.10467749	0.99	-14.502652283953138	-0.5801060913581255
5.76629009	1.11	-6.973187758218193	-0.27892751032872776
5.76616658	1.03	-5.175490483411875	-0.207019619336475
5.76616658	1.08	-10.855332816421262	-0.4342133126568505
12.46600439	1.11	-6.569061846376259	-0.26276247385505036
12.46599556	1.03	-5.337903478974402	-0.2135161391589761
12.466071	1.07	-0.9836241386745972	-0.03934496554698389
12.46600444	1.11	-14.180334304466736	-0.5672133721786695
12.46599556	1.03	-21.97650188385756	-0.8790600753543023
12.46606378	1.11	-10.889776885065157	-0.4355910754026063
21.58622462	1.11	-5.862534115705047	-0.23450136462820187
21.5878875	1.03	-11.609671563289453	-0.4643868625315781
21.58704822	1.11	-0.3064401664289651	-0.012257606657158604
21.58752788	1.11	-3.0513174391309774	-0.1220526975652391
21.5878875	0.98	-10.207310862418101	-0.40829243449672403
21.58752788	0.99	-11.86274918172201	-0.47450996726888045
21.58738	1.07	-7.820174425718441	-0.3128069770287376
37.99441	1.07	-23.3206087968455	-0.9328243518738201
37.9962369	0.99	-3.909708011119995	-0.1563883204447998
37.9963981	1.03	-14.470112137970048	-0.5788044855188019
37.9962369	1.11	-18.969657921410267	-0.7587863168564107
37.9963981	1.03	-20.369698691221725	-0.814787947648869
37.9963981	0.98	-11.43760250491094	-0.4575041001964376
38.0	1.03	-23.248795119739754	-0.9299518047895902
37.99487832	1.11	-4.420204137022406	-0.17680816548089623
56.2590881	1.11	-4.243047677756968	-0.1697219071102787
56.26038914	1.11	-2.9612897546378814	-0.11845159018551525
56.2587885	1.03	-16.44048935849476	-0.6576195743397903
56.25696	1.07	-1.65315199021448	-0.0661260796085792
56.2587885	1.03	-11.098187409875715	-0.4439274963950286
56.2587885	1.03	-16.7044033964266	-0.668176135857064
56.2587885	0.98	-7.086332685154032	-0.28345330740616126
7.42697378	0.96	-8.70086885024383	-0.34803475400975326
7.42690084	1.06	-1.2752355003424052	-0.05100942001369621
7.42693741	0.78	-8.894907244302864	-0.3557962897721146
7.42697378	1.06	-4.145909899983912	-0.16583639599935648
7.42693741	0.78	-3.5211555933588614	-0.14084622373435446
7.42693741	0.78	-0.5653658001126831	-0.022614632004507324
12.00089667	0.69	-3.2963843643940773	-0.1318553745757631
12.00095	0.82	-8.904824836854878	-0.35619299347419514
12.00096042	0.87	-0.1321425976218964	-0.005285703904875856
1.91694425	0.75	-18.535783352420303	-0.7414313340968122
1.91694425	0.84	-0.7933892564087446	-0.031735570256349786
1.91694207	0.86	-9.559388893724796	-0.38237555574899185
1.91694087	0.81	-7.524478564275656	-0.30097914257102626
1.91694425	0.75	-5.3146901436548255	-0.21258760574619304
16.301259	0.84	-4.593505746163771	-0.18374022984655086
16.3012727	0.84	-15.135519484049452	-0.605420779361978
16.30137438	0.74	-4.845201689556061	-0.19380806758224242
13.32354078	1.19	-17.745257101892655	-0.7098102840757062
13.32351601	1.01	-9.72476938182731	-0.3889907752730924
13.32360062	1.21	-4.318638557471149	-0.17274554229884598
13.32354078	1.21	-10.39972167842263	-0.4159888671369052
13.323565	1.13	-6.857819345307529	-0.2743127738123012
13.32358855	1.21	-12.46815662388822	-0.4987262649555288
13.32351601	1.18	-11.625441033853484	-0.46501764135413937
7.01074295	1.24	-3.4351054705855484	-0.13740421882342194
7.010723	1.16	-7.599731049052251	-0.30398924196209004
7.01075434	1.08	-23.597409315160508	-0.9438963726064203
7.01073928	1.17	-1.37935222437268	-0.0551740889749072
17.29184	1.1	-9.385007160271517	-0.3754002864108607
17.29250624	1.1	-2.7123807867456087	-0.10849523146982434
17.2923453	1.21	-4.312853208258358	-0.1725141283303343
17.2922631	1.12	-3.373165976813294	-0.13492663907253177
17.2923453	1.03	-18.21714165910395	-0.7286856663641581
94.289223	0.99	-23.309405306655492	-0.9323762122662197
94.289223	1.03	-9.412016171356768	-0.37648064685427074
94.2887577	0.86	-2.4271862259236596	-0.09708744903694638
94.28933423	0.99	-2.912024245666576	-0.11648096982666305
94.2887577	0.83	-6.384236407348501	-0.25536945629394003
0.57736958	0.67	-15.255009250011277	-0.6102003700004511
0.57736958	0.78	-5.715517503429435	-0.22862070013717742
0.57736917	0.81	-14.708168596670928	-0.5883267438668371
0.57736958	0.77	-8.110945416193504	-0.32443781664774013
0.57736934	0.81	-2.5793096492915835	-0.10317238597166334
0.57736958	0.77	-2.131411838675311	-0.08525647354701243
86.828989	0.43	-22.935442453247852	-0.9174176981299141
86.829519	0.56	-3.2787140221248725	-0.1311485608849949
86.829519	0.48	-28.217051023584975	-1.128682040943399
86.828989	0.54	-19.548420354690574	-0.781936814187623
86.828989	0.43	-25.930240107354834	-1.0372096042941934
17.23241934	1.25	-12.269396417380436	-0.49077585669521745
17.23233706	1.25	-19.157710304635327	-0.7663084121854131
17.23231686	1.12	-29.945603365078174	-1.197824134603127
17.23232894	1.25	-11.696029759122897	-0.4678411903649159
17.23232894	1.01	-19.119103549447736	-0.7647641419779094
26.69554763	1.25	-3.643800067829856	-0.14575200271319425
26.6951944	1.01	-7.088551489371696	-0.28354205957486783
26.6951659	1.01	-5.616899189872749	-0.22467596759490996
26.6951659	1.12	-4.886024973583472	-0.1954409989433389
26.69376	1.13	-2.166784331658421	-0.08667137326633684
9.95661537	1.05	-5.684693712798935	-0.2273877485119574
9.95663424	1.05	-9.515716610796193	-0.38062866443184773
9.95661537	1.05	-6.467497463174964	-0.25869989852699854
9.95679965	1.05	-5.496337556613571	-0.21985350226454284
9.95661537	1.05	-26.206346775778393	-1.0482538710311358
9.95667035	1.05	-4.711695185847194	-0.18846780743388777
10.41725184	1.01	-3.9517532958685764	-0.15807013183474306
10.41729	0.98	-20.281191991254204	-0.8112476796501682
10.41736773	0.98	-14.049022451836102	-0.5619608980734441
10.41728722	0.98	-3.160007058550116	-0.12640028234200465
26.7838935	0.87	-11.95064453289952	-0.47802578131598084
26.78397026	0.9	-7.0615120004096426	-0.2824604800163857
26.7839183	0.91	-22.40282178791997	-0.8961128715167987
26.7839183	0.84	-11.855071019144404	-0.4742028407657762
45.1263042	1.19	-3.8694998782355423	-0.1547799951294217
45.12575657	1.15	-3.042763004194593	-0.12171052016778372
45.1263042	1.19	-3.5296613957091396	-0.1411864558283656
45.1263042	1.19	-9.250427821838437	-0.3700171128735375
45.1263042	1.16	-21.989899404587096	-0.8795959761834838
45.12638103	1.15	-4.257689705973535	-0.1703075882389414
45.126216	1.15	-3.2266952802177262	-0.12906781120870905
11.94011823	0.78	-12.75216699861955	-0.5100866799447821
11.94019101	0.86	-12.274990544357841	-0.49099962177431367
11.93999	0.76	-2.786323871571949	-0.11145295486287797
11.94014029	0.83	-9.576741702227867	-0.3830696680891147
11.94019101	0.78	-15.156148375591634	-0.6062459350236654
11.94014029	0.83	-1.2925343277381902	-0.05170137310952761
11.94014029	0.8	-1.3399655519308393	-0.05359862207723357
4.16056658	0.91	-2.318949024013409	-0.09275796096053636
4.160693	0.89	-1.0149847489646737	-0.04059938995858695
4.16055856	0.87	-12.196642014691388	-0.48786568058765556
4.16055856	0.91	-15.409183193245479	-0.6163673277298192
4.16055856	0.91	-7.198316170707885	-0.28793264682831543
31.0571618	0.81	-21.52879463499531	-0.8611517853998124
31.0572947	0.89	-7.418819747716426	-0.29675278990865706
31.0571618	0.86	-5.398317868254836	-0.21593271473019343
31.05745	0.88	-7.996172243948412	-0.3198468897579365
31.05772543	0.89	-7.425867602064322	-0.2970347040825729
31.0571618	0.81	-8.934584766145317	-0.3573833906458127
84.5733226	0.94	-8.222661528227155	-0.3289064611290862
84.5733226	1.0	-3.248527944551151	-0.12994111778204603
84.5731	0.81	-7.220021472886581	-0.28880085891546325
84.5737797	0.87	-9.29713372729369	-0.37188534909174764
84.5733346	0.87	-0.4654171190641334	-0.018616684762565335
84.5733226	1.0	-8.363628691647225	-0.334545147665889
4.14787559	1.3	-17.27989273058917	-0.6911957092235669
4.147653	1.1	-1.0716189072187623	-0.04286475628875049
4.14789051	1.23	-9.462094291852107	-0.3784837716740843
4.14787559	1.26	-8.529014193798641	-0.34116056775194564
5.19104016	1.21	-13.284580631264626	-0.531383225250585
5.19103699	1.21	-9.857194891279757	-0.3942877956511903
5.1911006	1.07	-15.685892529386933	-0.6274357011754773
5.19119	1.09	-1.3036362417135463	-0.05214544966854185
5.19103699	1.07	-12.197202603671599	-0.48788810414686395
3.41045424	0.72	-3.9051935508628115	-0.15620774203451246
3.41045424	0.73	-5.989965290132754	-0.23959861160531015
3.41045424	0.71	-7.4578838370710905	-0.2983153534828436
3.41045424	0.72	-9.96132878689161	-0.3984531514756644
3.410505	0.84	-1.0007504801390672	-0.04003001920556269
3.41045981	0.71	-4.765537535648203	-0.19062150142592812
3.41045424	0.72	-11.304473357406675	-0.452178934296267
13.8214023	0.88	-9.644081816449827	-0.3857632726579931
13.82139306	0.72	-13.757367222860646	-0.5502946889144259
13.82142084	0.71	-11.39127358810101	-0.4556509435240404
13.82139306	0.72	-9.485801549988363	-0.3794320619995345
13.82142084	0.88	-11.286699815771344	-0.4514679926308538
13.82139306	0.73	-9.114490760309526	-0.364579630412381
30.9507608	0.71	-12.293686165833936	-0.49174744663335745
30.9505927	0.71	-1.101043068667688	-0.04404172274670752
30.9507608	0.73	-14.238144898207617	-0.5695257959283047
30.95088693	0.88	-5.018435199208067	-0.20073740796832268
30.9505927	0.88	-15.667728389585891	-0.6267091355834357
30.9507608	0.72	-2.3462854046216757	-0.09385141618486703
30.9507608	0.72	-4.591336744410305	-0.1836534697764122
4.8663815	0.86	-3.6906373315895515	-0.14762549326358207
4.86638504	0.99	-10.906851747224847	-0.43627406988899387
4.8663815	0.98	-12.902827141290842	-0.5161130856516337
4.86641452	0.99	-21.074611537660147	-0.8429844615064059
4.8663815	1.09	-18.955162400578164	-0.7582064960231266
4.8663815	0.86	-7.811581348042784	-0.31246325392171137
4.866591	0.89	-22.10335884829482	-0.8841343539317928
18.5525162	0.89	-8.145092863952666	-0.32580371455810664
18.5525701	0.92	-10.757483298957808	-0.4302993319583123
13.62798432	0.81	-5.688296187293027	-0.22753184749172106
13.62801048	0.81	-12.908373850196663	-0.5163349540078666
13.62798432	0.81	-20.736744067390696	-0.8294697626956279
13.62801048	0.79	-2.0806433976312295	-0.08322573590524918
16.8320729	0.9	-0.6062022610912892	-0.024248090443651567
16.8320729	0.9	-9.04012858154777	-0.3616051432619108
16.83203175	0.96	-8.1325461051848	-0.325301844207392
16.83203175	0.93	-23.066740415140384	-0.9226696166056154
16.8320729	0.9	-2.6784990550212044	-0.10713996220084818
3.70428172	1.46	-0.297894675647028	-0.011915787025881119
3.70429015	1.23	-6.17489520287383	-0.2469958081149532
3.70428172	1.14	-3.4014477738223894	-0.13605791095289557
3.70428172	1.14	-4.218857925811102	-0.1687543170324441
3.704297	1.34	-19.930549962275826	-0.797221998491033
3.70429015	1.36	-26.12665885208055	-1.045066354083222
4.354075	0.82	-17.47917398874936	-0.6991669595499744
2.93658468	0.8	-12.366541501944813	-0.4946616600777925
2.93658795	0.8	-1.826974915775121	-0.07307899663100484
11.32271513	0.63	-0.35484721656544904	-0.014193888662617962
11.32271513	0.63	-6.923135330426668	-0.2769254132170667
11.32306	0.65	-0.3882365771496068	-0.015529463085984272
11.32269749	0.63	-9.795105839318294	-0.3918042335727318
11.32269749	0.7	-18.268485477393956	-0.7307394190957582
11.32266345	0.7	-6.406392089306015	-0.2562556835722406
11.32271513	0.73	-11.0820089636136	-0.443280358544544
13.7122435	0.92	-4.7041097263036455	-0.18816438905214583
13.71220213	0.86	-13.386949893084733	-0.5354779957233893
13.71218522	0.92	-11.74396666007895	-0.469758666403158
13.71220213	0.92	-2.1947871344506864	-0.08779148537802746
7.46718958	1.25	-0.6204462425014481	-0.024817849700057924
7.46728	1.07	-10.363270748281602	-0.4145308299312641
7.46725407	1.13	-24.958742791374796	-0.9983497116549919
7.46725407	1.13	-9.859117940386163	-0.39436471761544656
24.3347127	1.04	-0.9622776855624529	-0.038491107422498116
24.33556	1.06	-17.361858658254743	-0.6944743463301898
24.3344939	1.12	-9.872564086295458	-0.39490256345181834
24.3347127	1.04	-1.708554028809024	-0.06834216115236096
4.164	0.5	-0.14698711963127398	-0.005879484785250959
4.16438309	0.54	-16.282815229169	-0.65131260916676
4.16438381	0.54	-10.847941921688003	-0.43391767686752014
4.16438531	0.54	-9.601426426731923	-0.3840570570692769
4.16438381	0.53	-2.8415338484630643	-0.11366135393852257
4.16438381	0.54	-0.9551447269588951	-0.038205789078355805
5.77442209	0.53	-4.324812252483322	-0.17299249009933287
5.77442209	0.54	-8.536775595417282	-0.3414710238166913
5.77442209	0.54	-11.761145460888187	-0.4704458184355275
5.77447	0.54	-4.084543333048524	-0.16338173332194095
5.7744684	0.54	-18.16852835884239	-0.7267411343536957
2.60754516	1.01	-7.098650258373417	-0.28394601033493666
2.60755	1.05	-12.103113522402435	-0.4841245408960974
2.60754383	0.99	-3.0921761181856877	-0.12368704472742752
2.60754383	1.2	-23.04430189374376	-0.9217720757497504
45.0909201	0.98	-2.0794624367845014	-0.08317849747138005
45.0910568	0.98	-1.9034149892881786	-0.07613659957152714
45.09041544	0.98	-9.959399917929606	-0.3983759967171842
45.0909201	1.0	-12.481464478067346	-0.4992585791226939
45.0904643	1.0	-0.28873656133742753	-0.011549462453497101
45.0904643	1.0	-3.20471633400246	-0.12818865336009838
15.05374004	1.0	-12.330854343682606	-0.49323417374730427
15.0540329	0.73	-6.533982064557417	-0.2613592825822967
15.0539886	0.73	-13.843809724364672	-0.5537523889745869
68.8861915	0.83	-15.032179477106018	-0.6012871790842408
68.8861017	1.01	-4.597560380910448	-0.1839024152364179
68.8861915	0.97	-6.183042142072448	-0.24732168568289795
68.8861915	0.83	-21.9883627409986	-0.8795345096399441
68.88621944	1.01	-7.565652861537278	-0.3026261144614911
68.8881	1.02	-3.401268239019888	-0.13605072956079553
68.8861915	0.87	-18.852758865604546	-0.7541103546241819
68.88687825	1.01	-6.03166627713956	-0.2412666510855824
68.8861915	0.83	-14.60964900926397	-0.5843859603705588
68.8861017	0.86	-17.550807463987297	-0.7020322985594919
9.99113313	0.79	-4.651521077903428	-0.18606084311613713
9.99115241	0.77	-13.306849556067583	-0.5322739822427033
9.99113313	0.79	-1.2377066577068387	-0.04950826630827355
9.99113313	0.78	-5.913168404865932	-0.23652673619463727
3.60082855	0.77	-8.585774406707001	-0.34343097626828006
3.60084276	0.79	-15.516891197275513	-0.6206756478910205
3.60084276	0.78	-5.676928751851987	-0.2270771500740795
3.60084276	0.79	-2.4436106172500898	-0.09774442469000359
3.60084276	0.79	-5.1249420884549926	-0.2049976835381997
5.72717226	0.79	-18.077237016018785	-0.7230894806407514
5.72717226	0.79	-2.3282686497231375	-0.0931307459889255
5.72716067	0.8	-1.594332116716227	-0.06377328466864908
5.72716067	0.77	-17.350899530361662	-0.6940359812144665
5.72717226	0.79	-1.2904615035413622	-0.05161846014165449
36.2919336	1.08	-12.064396033969004	-0.4825758413587602
36.292017	1.11	-10.002194805816877	-0.4000877922326751
36.2923179	1.08	-11.634492494282005	-0.46537969977128024
36.292017	1.08	-13.150890330332352	-0.5260356132132941
36.2919336	1.03	-3.06200782969751	-0.12248031318790041
36.2929	1.1	-1.7468621855604411	-0.06987448742241764
36.2919336	1.03	-6.810657469932369	-0.2724262987972948
12.41301	1.18	-0.4933184099816237	-0.019732736399264948
12.4127754	1.07	-25.219132164138557	-1.0087652865655423
12.4128684	1.14	-24.404383971589343	-0.9761753588635738
12.4128518	1.14	-7.796024170991807	-0.3118409668396723
2.66828119	0.93	-4.957574370546947	-0.1983029748218779
2.66831376	1.0	-5.610709551436267	-0.2244283820574507
2.66831376	1.0	-2.9926255616841626	-0.1197050224673665
2.668362	0.97	-20.352673170796546	-0.8141069268318618
2.66831376	0.9	-10.228903925566971	-0.4091561570226789
2.66831376	1.0	-6.41319752001143	-0.2565279008004572
0.98494017	0.83	-4.105155660236024	-0.16420622640944096
0.98494017	1.01	-7.368369191836479	-0.29473476767345913
0.9849449	1.03	-13.005775521058155	-0.5202310208423262
0.6630983	0.79	-7.666485063287444	-0.30665940253149776
0.66308526	0.8	-10.780937093913252	-0.4312374837565301
0.66308536	0.88	-9.680140256934507	-0.3872056102773803
0.66308526	0.87	-21.582971734263403	-0.8633188693705361
0.66308526	0.87	-11.996901696693305	-0.47987606786773224
10.49567752	1.19	-8.695121949846333	-0.34780487799385335
10.495634	1.2	-19.206740896051784	-0.7682696358420714
10.49567752	1.19	-9.826370632622305	-0.3930548253048922
10.49572707	1.2	-10.57674623887371	-0.4230698495549484
10.49568685	1.2	-14.555489717310335	-0.5822195886924134
10.49567752	1.11	-0.26729307859851237	-0.010691723143940495
10.495702	1.11	-22.734440750700244	-0.9093776300280098
10.49567752	1.11	-2.120260280786952	-0.08481041123147808
10.49567752	1.19	-19.377283943380746	-0.7750913577352299
21.86965714	1.06	-3.0055158560616766	-0.12022063424246707
21.86953056	1.2	-18.083085853117623	-0.7233234341247049
21.86969391	1.2	-11.28733439236433	-0.45149337569457326
21.86964	1.11	-1.1715979403858425	-0.0468639176154337
21.86967617	1.19	-3.0773420994038387	-0.12309368397615356
21.86967617	1.18	-1.3117791560868095	-0.05247116624347238
21.86967617	1.19	-11.7352055454307	-0.469408221817228
21.86965714	1.2	-3.6380324476320767	-0.14552129790528306
21.86967617	1.11	-2.364627157901372	-0.09458508631605489
100.2828693	1.19	-11.86821981109452	-0.4747287924437808
100.28208	1.2	-16.257589854467177	-0.6503035941786871
100.28284584	1.2	-27.760239498136155	-1.1104095799254463
100.28309792	1.2	-4.137381320349735	-0.16549525281398939
100.2834	1.11	-1.5306102893021882	-0.06122441157208753
100.2828693	1.11	-32.170744043208494	-1.2868297617283397
100.2828693	1.11	-3.2133481194660307	-0.12853392477864123
19.1187753	0.81	-8.654268727337232	-0.34617074909348927
19.1187425	1.03	-10.590337323501517	-0.4236134929400607
19.1185	1.02	-9.13730202214889	-0.36549208088595564
19.11893509	1.03	-15.730987898800205	-0.6292395159520082
19.1187753	0.81	-4.758321098473356	-0.19033284393893424
19.1187753	1.06	-14.700954688039705	-0.5880381875215882
48.4308991	0.88	-14.585347977059191	-0.5834139190823676
48.4308991	0.88	-11.36285784847372	-0.4545143139389488
48.4313003	0.79	-2.7374191223533773	-0.1094967648941351
48.4308991	0.88	-20.66722553122552	-0.8266890212490208
48.4308991	0.82	-19.04861778861152	-0.7619447115444608
48.4313003	0.78	-15.126289170477992	-0.6050515668191198
48.4308	0.74	-2.8655203137595877	-0.1146208125503835
8.67893385	1.01	-1.1897340599779296	-0.04758936239911719
8.679037	1.01	-14.090396251677198	-0.5636158500670879
4.55139271	0.87	-10.577264620421536	-0.42309058481686146
4.55139967	0.85	-23.81145662571549	-0.9524582650286196
4.55139967	0.85	-8.938659069635587	-0.3575463627854235
4.55139967	0.85	-23.67235718574496	-0.9468942874297984
0.96852602	0.88	-21.622801981421727	-0.8649120792568691
0.96852602	0.75	-6.924509427549228	-0.2769803771019691
0.96852768	0.99	-1.5860128263335738	-0.06344051305334295
6.49441464	0.73	-6.146115908580691	-0.24584463634322765
6.49454921	0.73	-19.00326135744061	-0.7601304542976245
6.49441289	0.71	-3.269334512249384	-0.13077338048997536
6.49441464	0.72	-7.131836703398903	-0.28527346813595617
6.49441289	0.72	-7.33147516077853	-0.2932590064311412
6.49441289	0.72	-3.6296371703326114	-0.14518548681330445
28.4750006	0.83	-5.446392694359877	-0.21785570777439506
28.474748	0.8	-2.0188654073159786	-0.08075461629263915
28.474748	0.85	-1.7465258139368873	-0.0698610325574755
28.4750006	0.79	-17.514904611375275	-0.700596184455011
28.474748	0.85	-18.537537092776212	-0.7415014837110485
4.86635506	0.85	-5.1538924647328725	-0.2061556985893149
4.86631012	0.79	-6.7531641727854295	-0.2701265669114172
4.86634094	0.79	-5.733686489809978	-0.22934745959239913
13.03106	0.99	-8.9611498225272	-0.35844599290108803
13.0313945	1.15	-16.10443427314859	-0.6441773709259436
13.03136776	0.98	-18.12743847117383	-0.7250975388469532
13.0313945	0.97	-12.704291170563515	-0.5081716468225406
13.03129902	0.98	-9.886465715482558	-0.3954586286193023
40.9905002	1.07	-5.486222673314563	-0.2194489069325825
40.9903986	1.08	-5.916961201567843	-0.23667844806271374
40.99093472	1.07	-6.890841334860955	-0.2756336533944382
40.989	1.15	-7.019894872283825	-0.280795794891353
40.9903986	1.06	-7.885610240065752	-0.3154244096026301
37.3331165	1.08	-1.0283957598494622	-0.04113583039397849
37.3331536	1.05	-0.6230948592901047	-0.024923794371604188
37.3331536	1.05	-8.964482691784575	-0.358579307671383
37.3331536	1.05	-3.622424410856933	-0.14489697643427732
37.3331165	1.1	-8.93723504773853	-0.35748940190954126
14.4359459	1.23	-24.655461132734697	-0.9862184453093878
14.43594397	1.24	-8.023581460161349	-0.320943258406454
14.4359459	1.13	-7.560681100371694	-0.30242724401486776
14.43594397	1.25	-18.150975622857494	-0.7260390249142998
14.43594397	1.24	-12.059124616645924	-0.482364984665837
14.43602503	1.13	-2.3508957098717738	-0.09403582839487096
29.39344	1.13	-11.601393502161418	-0.4640557400864567
29.39326982	1.24	-14.489713067872671	-0.5795885227149069
29.39326982	1.25	-7.107028921794576	-0.28428115687178307
29.39326982	1.24	-13.236365183749395	-0.5294546073499758
29.392404	1.27	-0.91047455729681	-0.036418982291872404
29.39326312	1.13	-7.060883888543409	-0.2824353555417364
29.39326982	1.24	-17.9878118906347	-0.719512475625388
48.63057	1.27	-13.598544591062634	-0.5439417836425053
48.63038976	1.25	-4.118326734789022	-0.1647330693915609
48.6303805	1.23	-17.999530591380775	-0.719981223655231
48.63038976	1.24	-2.4748486710446693	-0.09899394684178678
6.03356196	1.28	-12.685164182647535	-0.5074065673059014
6.03356196	1.28	-9.51228668780357	-0.3804914675121428
6.0331	1.38	-6.678467426874039	-0.2671386970749616
3.0255955	1.13	-10.877282648569055	-0.43509130594276224
3.02558494	1.07	-9.673753349762375	-0.386950133990495
3.02558494	1.13	-11.969552975336436	-0.47878211901345746
3.025534	1.09	-5.702892999639815	-0.2281157199855926
3.0255955	1.1	-1.4072131231082532	-0.056288524924330126
51.13233022	1.04	-11.592204102708935	-0.46368816410835745
51.1319346	1.04	-1.011197832895289	-0.040447913315811566
51.1309704	1.0	-9.596551205225174	-0.38386204820900693
28.62556002	0.95	-4.283311957778743	-0.17133247831114973
28.6253502	0.95	-3.5473555740636007	-0.14189422296254403
28.6253502	1.04	-14.702296558516636	-0.5880918623406655
6.98172324	1.1	-0.350792218291613	-0.014031688731664521
6.98152703	1.49	-7.040288599026075	-0.28161154396104304
6.98152703	1.42	-8.158381891175782	-0.3263352756470313
6.98152703	1.42	-5.074090883317663	-0.2029636353327065
6.98141327	1.43	-4.826132852499618	-0.1930453140999847
3.65691115	1.07	-11.665019990346948	-0.46660079961387796
3.65691115	1.23	-17.428074694056402	-0.6971229877622561
3.65691115	1.07	-6.809449299366398	-0.2723779719746559
3.65691115	1.07	-21.663054052566558	-0.8665221621026623
3.65690909	1.16	-0.6478484258768937	-0.02591393703507575
3.65690909	1.13	-3.063102903394592	-0.12252411613578368
3.656953	1.12	-11.634894522799794	-0.46539578091199174
12.57144	1.19	-13.13604907276116	-0.5254419629104464
12.5720095	1.14	-9.207432982295854	-0.3682973192918342
12.5722897	1.22	-11.764893724309557	-0.47059574897238227
12.5720095	0.99	-6.184711056475646	-0.24738844225902581
12.57252273	1.22	-11.134339184722856	-0.44537356738891426
40.8365012	0.94	-15.41263574061805	-0.616505429624722
40.8365012	0.77	-1.8573785904515552	-0.0742951436180622
40.8366307	0.89	-12.829675627151904	-0.5131870250860762
40.8365012	0.77	-13.208962422950279	-0.5283584969180112
40.8365012	0.77	-21.729399398125913	-0.8691759759250366
40.8364	0.96	-6.944130119938657	-0.2777652047975463
40.83655979	0.99	-12.069140270070346	-0.4827656108028138
3.239425	1.07	-0.6964124180822668	-0.027856496723290675
3.23941344	1.11	-12.658815596376689	-0.5063526238550675
3.23941344	1.09	-4.332915389224953	-0.1733166155689981
23.4774101	1.05	-1.6082643864679533	-0.06433057545871813
23.4774101	1.05	-21.640103597733287	-0.8656041439093315
23.47729412	1.12	-6.837900238042508	-0.2735160095217003
23.4772553	1.12	-0.16539213296932864	-0.0066156853187731455
23.47794	1.16	-15.484707142278127	-0.6193882856911251
15.092	1.18	-17.208469567516048	-0.6883387827006419
15.09	1.18	-20.82758221972514	-0.8331032887890056
15.08960174	1.16	-16.01276020175021	-0.6405104080700085
15.08960174	1.18	-12.491343770572533	-0.4996537508229013
15.08960174	1.18	-8.712729599806092	-0.3485091839922437
15.09	1.18	-3.576253091862572	-0.1430501236745029
15.0896415	1.14	-12.233336703601722	-0.4893334681440689
22.8029808	1.22	-10.241915928921259	-0.4096766371568504
22.8029808	1.16	-18.05214739189005	-0.722085895675602
22.79519	1.2	-5.2799359586279575	-0.2111974383451183
22.8030252	1.09	-12.269589006091541	-0.49078356024366165
22.80273125	1.14	-19.884897803726712	-0.7953959121490685
22.8030252	1.14	-15.107274138944307	-0.6042909655577723
22.804	1.18	-16.89018167192642	-0.6756072668770569
22.8029808	1.18	-6.973247468931095	-0.2789298987572438
66.5576728	1.1	-0.6133944030785894	-0.024535776123143577
66.5576728	1.65	-3.615673189601936	-0.14462692758407744
66.5579057	1.2	-10.674827944523285	-0.4269931177809314
66.5598	1.12	-11.442793571796868	-0.4577117428718747
66.55749772	1.1	-8.149637111909641	-0.32598548447638565
66.55792441	1.1	-9.302190163085154	-0.37208760652340617
3.11602791	0.98	-11.20360127370949	-0.4481440509483796
3.11602791	0.87	-15.018180228524745	-0.6007272091409898
3.11604194	0.98	-21.020800710006128	-0.8408320284002452
2.13194651	1.08	-12.412547276428688	-0.49650189105714754
2.13194505	0.95	-13.03812156569511	-0.5215248626278044
2.13194505	1.1	-10.246705984446903	-0.40986823937787614
2.13194651	0.92	-14.02300304728075	-0.56092012189123
2.13194651	1.08	-19.236256987584873	-0.769450279503395
12.9460978	0.95	-6.989895503112935	-0.2795958201245174
12.9462567	1.15	-3.358911012829446	-0.13435644051317783
12.94771	1.07	-2.1350937581133844	-0.08540375032453539
0.66407381	0.89	-0.3038337803631159	-0.012153351214524637
0.66407381	0.89	-2.42274404809993	-0.09690976192399721
0.66407414	0.81	-24.342513239135346	-0.9737005295654139
0.66407414	0.9	-1.9775821564393394	-0.07910328625757358
0.66407381	0.84	-9.352900291772444	-0.3741160116708978
14.79682827	1.12	-4.962069344851623	-0.19848277379406493
14.7966306	1.12	-5.421883897394078	-0.21687535589576315
14.7966306	1.24	-6.2029672129428555	-0.24811868851771424
14.7967458	1.25	-8.281450909179087	-0.3312580363671635
14.79763	1.02	-2.1100299792011246	-0.08440119916804499
14.7967458	1.25	-9.084903933183634	-0.36339615732734537
11.2545	0.99	-4.004229208387695	-0.16016916833550782
11.25397008	1.02	-7.372347903651581	-0.29489391614606325
11.25401871	1.02	-4.55427579076815	-0.182171031630726
11.25402929	1.0	-15.820137950899024	-0.632805518035961
11.25402929	1.02	-17.09790301158315	-0.683916120463326
11.47685909	1.01	-18.683335339397928	-0.7473334135759171
11.47685	1.04	-15.606455926836816	-0.6242582370734726
11.47685263	1.02	-3.499482617947745	-0.1399793047179098
11.47685909	1.01	-2.68402004367513	-0.1073608017470052
2.76121	1.05	-9.492749937335734	-0.3797099974934294
2.76122421	1.44	-10.402034775216405	-0.4160813910086562
2.76122421	1.44	-0.4900589895668457	-0.01960235958267383
7.99019627	0.95	-36.913874071918855	-1.4765549628767543
7.99019627	0.95	-9.738032446030669	-0.38952129784122674
7.990251	1.02	-10.261147082675935	-0.4104458833070374
7.99019627	0.95	-2.5388675083459606	-0.10155470033383843
15.79193725	1.2	-6.701529499998539	-0.26806117999994156
15.791619	1.02	-7.732951177106558	-0.3093180470842623
15.79193725	1.07	-4.693042486846737	-0.1877216994738695
15.79196594	1.25	-11.29412398163848	-0.4517649592655392
15.79193725	1.2	-6.137649248410031	-0.24550596993640125
82.2000105	1.2	-3.182087444118965	-0.12728349776475859
82.2000105	1.2	-12.51710711345354	-0.5006842845381416
82.2	1.18	-4.020055097548828	-0.16080220390195313
82.2001239	1.02	-14.402391588904083	-0.5760956635561633
82.2000105	1.2	-14.089805370447625	-0.563592214817905
82.2000105	1.07	-1.1546530304944762	-0.046186121219779046
1935.571324	1.24	-1.9210543394970419	-0.07684217357988167
2646.0	1.18	-7.50916345843552	-0.3003665383374208
4.69520223	1.0	-6.686599203876593	-0.26746396815506374
4.695153	1.03	-1.9837953540429614	-0.07935181416171845
4.69500134	1.04	-19.559384501090943	-0.7823753800436377
4.69500134	1.04	-10.501218764874448	-0.4200487505949779
4.69505576	1.04	-8.102007378296605	-0.3240802951318642
8.63043276	0.85	-1.155545592423792	-0.046221823696951686
8.63043276	0.85	-16.65964263955179	-0.6663857055820717
8.63043276	0.84	-10.407138229968867	-0.41628552919875467
8.63050092	0.86	-4.456322572497831	-0.17825290289991322
8.63043891	0.85	-1.7678827846429823	-0.07071531138571929
8.63050092	0.85	-9.845985600167086	-0.3938394240066835
3.27645723	1.08	-5.095889542958673	-0.20383558171834693
3.27646405	1.08	-13.980966680550422	-0.5592386672220169
3.27646405	1.08	-16.783356354154474	-0.671334254166179
3.27646405	1.08	-5.328274812739455	-0.2131309925095782
3.27645723	0.95	-5.118444958540358	-0.20473779834161435
3.27646405	0.95	-24.293505002676397	-0.971740200107056
3.27645	1.03	-15.987516223065013	-0.6395006489226005
5.57654782	1.23	-2.3530095161380378	-0.09412038064552151
5.57654784	1.18	-10.011311513403548	-0.4004524605361419
5.57654784	1.18	-11.96671137892865	-0.478668455157146
115.68617839	1.03	-20.14574209918782	-0.8058296839675129
115.6862258	1.01	-5.19861332445776	-0.20794453297831042
115.6863392	1.03	-4.092906174432342	-0.16371624697729367
115.6862258	1.01	-9.74507638918719	-0.3898030555674876
3.81371423	0.89	-8.15706403394768	-0.32628256135790723
3.81371974	0.92	-4.208988901753941	-0.16835955607015762
3.81372916	0.89	-16.260610387737568	-0.6504244155095027
3.81371423	0.92	-2.1211377743842887	-0.08484551097537155
8.38469	0.83	-14.060145684887773	-0.5624058273955109
8.38395796	0.92	-15.699048737745759	-0.6279619495098304
8.3839865	0.82	-14.448020726163314	-0.5779208290465325
1.68189002	0.97	-16.996937081874677	-0.6798774832749871
1.68191193	1.05	-1.4709741358987798	-0.05883896543595119
1.68189051	1.05	-16.688231226035633	-0.6675292490414253
1.681873	1.1	-19.336362553891256	-0.7734545021556503
1.68189002	0.99	-11.861496507371786	-0.47445986029487147
1.68189051	1.07	-9.733683853261294	-0.38934735413045174
1.68189002	0.97	-12.450341960818317	-0.4980136784327327
7.12811928	1.41	-6.456867185174486	-0.25827468740697945
7.12811928	1.25	-17.226220001510935	-0.6890488000604374
7.12805014	1.13	-2.8056322230603836	-0.11222528892241534
7.12815163	1.13	-6.501510353437042	-0.2600604141374817
7.12811928	1.45	-14.122693591283353	-0.5649077436513341
7.12815163	1.44	-3.254668662625415	-0.1301867465050166
19.9401211	0.85	-26.65263062628409	-1.0661052250513636
19.9401211	0.95	-3.479978986503949	-0.13919915946015798
19.93976793	0.95	-11.964357954160253	-0.4785743181664101
19.9400874	0.83	-23.780619562594158	-0.9512247825037663
19.9400874	0.94	-7.289735977828136	-0.29158943911312546
8.45744892	0.95	-5.38046576640994	-0.2152186306563976
8.45746707	0.93	-20.134049823227297	-0.8053619929290919
8.4574215	1.09	-0.8039218018800631	-0.03215687207520253
8.45746707	1.02	-8.922669437337792	-0.3569067774935117
8.45744892	1.09	-7.6388420580633465	-0.3055536823225339
8.45725	1.09	-5.114746857406258	-0.20458987429625033
27.50862867	1.09	-10.70665752915469	-0.4282663011661876
27.508686	1.09	-3.2139914219221515	-0.12855965687688606
27.50868	1.0	-11.23473904585771	-0.4493895618343084
27.50871575	1.09	-11.926346266532784	-0.47705385066131134
27.50867519	0.93	-6.023790470978169	-0.24095161883912677
27.50867519	1.02	-11.494694234805864	-0.4597877693922346
27.50869324	1.09	-12.324974614126614	-0.4929989845650646
27.508682	0.96	-4.074389075136056	-0.16297556300544222
27.50867519	0.93	-3.5163926890462047	-0.1406557075618482
27.50867519	0.93	-12.16433517379959	-0.4865734069519836
87.5187	0.96	-6.713835555915902	-0.2685534222366361
87.51756205	1.09	-23.461845330950343	-0.9384738132380137
87.5174361	0.93	-5.94095144951405	-0.237638057980562
87.5211	1.09	-12.106703789411265	-0.4842681515764506
87.5174361	1.02	-8.275412812205388	-0.33101651248821556
87.51731798	1.09	-16.201851011115753	-0.6480740404446301
87.5174361	0.93	-22.17423588019414	-0.8869694352077656
87.5174361	0.93	-6.972200026936252	-0.2788880010774501
22.24207899	1.15	-4.387670593443975	-0.175506823737759
22.24225587	1.15	-21.371053965672502	-0.8548421586269
22.24138	1.16	-6.821149972156984	-0.27284599888627936
22.2420032	1.22	-4.754712246129156	-0.19018848984516623
22.2419092	1.1	-2.088178420193344	-0.08352713680773377
22.2419092	1.05	-8.764348508275985	-0.3505739403310394
9.08237046	0.88	-1.5029475264315653	-0.06011790105726261
9.082386	0.84	-0.8293359677381535	-0.033173438709526146
9.08237046	0.88	-17.369975682691212	-0.6947990273076485
9.08237046	0.85	-12.539148331609097	-0.5015659332643638
8.83929462	0.85	-14.043649138722309	-0.5617459655488923
8.83922659	0.85	-6.006382448577128	-0.24025529794308512
8.83911087	0.85	-6.021790382027353	-0.24087161528109413
8.83915	0.79	-3.4364866942353562	-0.13745946776941426
8.83922659	0.85	-1.0417257068984604	-0.04166902827593842
7.56127224	1.01	-4.600488105384807	-0.18401952421539228
7.56126152	0.99	-14.23516023472719	-0.5694064093890876
7.56127224	0.99	-0.24704977723354715	-0.009881991089341886
7.56127224	0.99	-7.690618451867153	-0.30762473807468615
7.56126152	1.01	-3.183740459056197	-0.12734961836224787
7.56129533	1.01	-9.322323022008984	-0.37289292088035936
16.1288853	0.85	-3.435204103408829	-0.13740816413635318
16.1289679	0.89	-0.42629981336219447	-0.01705199253448778
13.5630972	0.99	-1.8115318207143818	-0.07246127282857527
13.5630972	0.99	-0.34142203073400434	-0.013656881229360174
13.5631157	0.99	-7.32409949086329	-0.2929639796345316
13.5631157	0.99	-9.586628457274582	-0.3834651382909833
13.5630972	0.97	-1.1553668394113488	-0.04621467357645395
13.5630972	0.99	-7.833952739293743	-0.3133581095717497
16.29595382	0.97	-14.096590569714598	-0.5638636227885839
16.29595382	0.97	-0.3943924767585898	-0.015775699070343593
16.2959916	0.93	-15.864884556910596	-0.6345953822764239
16.29595382	0.98	-0.3061694810733955	-0.01224677924293582
16.29582626	0.97	-17.80232824930568	-0.7120931299722273
16.29571	0.97	-6.293182830443651	-0.25172731321774605
18.0161227	0.99	-2.6820902497770165	-0.10728360999108066
18.01623092	0.99	-9.064107638936143	-0.36256430555744573
18.0166	1.1	-19.664730452238874	-0.786589218089555
18.01621096	1.06	-1.6455963307276227	-0.0658238532291049
18.01621096	1.05	-10.6933650990671	-0.427734603962684
2.104316	0.49	-16.92239441473648	-0.6768957765894592
2.10433534	0.48	-14.196120936561163	-0.5678448374624465
2.10433812	0.35	-3.5312558282259605	-0.14125023312903842
2.10433812	0.35	-0.5494021130408955	-0.02197608452163582
2.10433534	0.47	-3.4870059290551074	-0.1394802371622043
2.10434132	0.48	-7.763367309019167	-0.3105346923607667
28.8432647	0.76	-9.872479450677906	-0.39489917802711627
28.8432647	0.76	-13.428768767999172	-0.5371507507199669
28.8432647	0.76	-13.799524365601004	-0.5519809746240402
16.09197176	1.07	-7.309402721520168	-0.2923761088608067
16.091941	1.02	-4.128728508064473	-0.1651491403225789
16.09198058	1.03	-12.847597979123563	-0.5139039191649425
16.09197176	1.08	-10.20035861999617	-0.4080143447998468
16.09197176	1.04	-17.66488180138346	-0.7065952720553383
25.5169	1.02	-1.3258527661606754	-0.05303411064642702
25.5170646	1.07	-6.677653838471304	-0.2671061535388522
25.51704	1.02	-12.859869033008096	-0.5143947613203238
25.51571026	1.03	-13.1366046226681	-0.525464184906724
25.5172744	1.03	-7.991608465107584	-0.3196643386043034
25.5170646	1.08	-1.9762148164772464	-0.07904859265908985
0.67933627	0.88	-20.522387761487227	-0.820895510459489
0.67933627	0.91	-2.3708627185939237	-0.09483450874375696
11.1726723	1.02	-7.829042943276608	-0.3131617177310643
11.17230161	1.02	-4.4670023804064725	-0.1786800952162589
11.1726994	1.0	-22.540397217524568	-0.9016158887009827
11.1726723	1.03	-6.995279926100821	-0.27981119704403284
11.1726994	1.0	-8.432374301805357	-0.33729497207221426
11.17268	1.01	-6.073484920794286	-0.24293939683177143
11.1726994	1.09	-23.26746280954821	-0.9306985123819285
11.1726994	1.05	-1.659747946710926	-0.06638991786843704
2.53571657	1.02	-3.5071115100288637	-0.14028446040115455
2.53573284	1.02	-10.502881524876631	-0.42011526099506524
2.53573424	1.0	-12.61434486795952	-0.5045737947183808
2.53573284	1.03	-9.784568512639378	-0.39138274050557514
2.53574	1.01	-7.042639143797207	-0.2817055657518883
197.5110016	1.03	-9.090853447787858	-0.36363413791151433
197.5111484	1.03	-1.7730024537926403	-0.07092009815170562
197.5107678	1.0	-10.272844936420418	-0.4109137974568167
197.51034	1.01	-2.1493502143589382	-0.08597400857435754
197.5107678	1.0	-4.036039279312261	-0.16144157117249044
5.44832529	0.99	-2.699563472380895	-0.10798253889523579
5.44832108	0.98	-17.114413252757146	-0.6845765301102859
5.44832426	0.99	-18.578143107910897	-0.7431257243164359
5.44832529	0.85	-3.4373996241165594	-0.1374959849646624
5.44832529	0.99	-4.146585668973117	-0.16586342675892468
5.44832108	0.99	-10.6854145456056	-0.427416581824224
1.1161319	0.95	-4.617157965532558	-0.1846863186213023
1.116129	0.99	-3.534404045427837	-0.1413761618171135
1.116129	0.85	-7.33870190208971	-0.2935480760835884
1.116129	0.85	-2.089700955129268	-0.08358803820517072
1.11612717	0.98	-17.29393344319704	-0.6917573377278816
1.11611998	0.98	-1.493471236910748	-0.05973884947642992
3.83309118	0.85	-10.086413540727415	-0.4034565416290966
3.83308818	0.93	-0.1947126266976691	-0.007788505067906764
3.8330915	0.91	-22.928671040649853	-0.9171468416259941
3.83309118	0.85	-8.459736571883543	-0.3383894628753417
3.83309118	0.89	-5.586036425291382	-0.22344145701165527
3.83308764	0.93	-16.224589961104016	-0.6489835984441606
5.42474933	0.23	-3.9538812612625	-0.1581552504505
5.42474928	0.58	-7.295323767866761	-0.29181295071467045
5.42474928	0.58	-6.760429820141361	-0.27041719280565446
5.42474933	0.58	-4.327186875472215	-0.1730874750188886
5.42475029	0.23	-8.092918721222514	-0.32371674884890056
5.42474724	0.23	-1.9521528135068704	-0.07808611254027482
0.84338011	0.81	-14.456014811260914	-0.5782405924504366
0.84338011	0.8	-9.204854563316154	-0.3681941825326462
0.84338011	0.79	-0.6493684776581372	-0.02597473910632549
0.84338011	0.81	-9.213341139822074	-0.36853364559288293
6.56606941	0.81	-2.2672401838737435	-0.09068960735494974
6.566075	0.67	-8.672906108974008	-0.34691624435896035
6.56606941	0.75	-15.928307669295837	-0.6371323067718335
6.56606007	0.81	-0.5485184410471027	-0.021940737641884107
6.56606842	0.81	-2.336329116732845	-0.09345316466931379
6.56606842	0.81	-21.179703989992223	-0.847188159599689
87.9732136	0.94	-3.460374437833221	-0.13841497751332885
87.9724227	0.99	-19.447599809492147	-0.7779039923796859
87.9732136	0.94	-10.29731822417717	-0.4118927289670868
87.9732136	1.04	-10.913199411275087	-0.4365279764510035
87.97294	0.98	-14.451250855670391	-0.5780500342268157
87.9724227	1.16	-18.659899213045094	-0.7463959685218038
0.56887443	0.83	-7.931421380088235	-0.3172568552035294
0.5688763	0.81	-4.6671998737720335	-0.18668799495088134
0.56887443	0.87	-4.209239284732869	-0.16836957138931474
213.257663	0.66	-17.370966768290696	-0.6948386707316279
213.25904043	0.71	-7.439145018132447	-0.2975658007252979
213.258526	0.66	-17.619659957689795	-0.7047863983075918
213.2567	0.63	-7.628254016872079	-0.3051301606748832
213.257663	0.66	-4.556997655098353	-0.18227990620393414
213.257663	0.66	-17.347067589497	-0.69388270357988
2.8867624	0.41	-4.302838228078838	-0.17211352912315353
2.8867627	0.21	-2.1818300472776517	-0.08727320189110607
2.88676012	0.5	-3.027107514781626	-0.12108430059126506
2.88676368	0.5	-17.35575089551756	-0.6942300358207024
2.88676265	0.56	-19.42333863239871	-0.7769335452959485
2.88676265	0.27	-0.10151770398068338	-0.004060708159227335
6.17828255	0.92	-5.377887470245507	-0.21511549880982028
6.17828255	0.93	-14.584654328495272	-0.5833861731398109
6.178165	0.98	-0.969648788690143	-0.038785951547605724
6.17817366	0.93	-11.271232827615943	-0.4508493131046377
6.17828255	0.92	-0.18766401987662995	-0.007506560795065198
6.17828255	0.92	-8.881851932640128	-0.3552740773056051
6.41490515	0.92	-0.23104167204749038	-0.009241666881899615
6.41490515	0.92	-1.9431374703995399	-0.07772549881598159
6.41490515	1.03	-9.795657700352098	-0.39182630801408397
6.41490515	0.93	-1.2951072863523565	-0.051804291454094265
6.415	1.02	-10.473134644647258	-0.41892538578589034
6.41490515	0.92	-5.658624709981686	-0.22634498839926745
18.01001	0.98	-10.286094910656841	-0.41144379642627366
18.01017554	0.93	-2.6090341680509157	-0.10436136672203664
18.01017554	1.03	-5.43321099235233	-0.2173284396940932
18.01017554	0.92	-3.431532457756629	-0.13726129831026515
110.2869374	0.92	-6.6197599950008135	-0.26479039980003255
110.2867031	0.93	-6.070611058136761	-0.24282444232547043
110.2869374	0.92	-4.395545744751969	-0.17582182979007877
110.2869374	1.03	-1.9584749059714317	-0.07833899623885728
0.86838544	0.72	-10.733159497084214	-0.4293263798833686
0.86838635	0.72	-1.7360742355867609	-0.06944296942347043
0.8683865	0.68	-5.11709302556106	-0.2046837210224424
0.86838653	0.8	-11.985647383504958	-0.4794258953401983
11.12830596	0.63	-16.774755478809215	-0.6709902191523687
11.12830484	0.74	-2.245515754070915	-0.0898206301628366
11.128312	0.59	-4.7494044671509785	-0.18997617868603914
11.12827427	0.63	-7.883541727127575	-0.315341669085103
11.12832144	0.63	-1.9747456891764292	-0.07898982756705718
11.12827427	0.51	-5.14286823386171	-0.2057147293544684
11.12830484	0.74	-9.164027516822742	-0.3665611006729097
2.22649109	0.74	-11.132025949530401	-0.44528103798121604
2.226494	0.59	-17.785303190355794	-0.7114121276142318
2.22649109	0.74	-5.147933107548221	-0.20591732430192886
2.22649109	0.74	-0.16657777340290902	-0.006663110936116361
2.2264962	0.51	-14.124126749338506	-0.5649650699735402
2.2264962	0.63	-8.853996168692266	-0.35415984674769063
5.72087524	0.74	-8.81273602952044	-0.3525094411808176
5.72087524	0.74	-9.717883870013154	-0.38871535480052616
5.72084599	0.63	-4.033123073352817	-0.16132492293411269
5.72092009	0.51	-6.625673744359166	-0.26502694977436664
0.96286738	0.88	-9.109418907671412	-0.36437675630685645
0.96286738	0.88	-7.548816854120847	-0.3019526741648339
0.96286869	0.94	-8.647017907249475	-0.345880716289979
6.46008273	0.88	-5.118183826547436	-0.20472735306189743
6.45998001	0.9	-18.573685269646088	-0.7429474107858435
6.46008273	0.88	-5.2226202564542845	-0.2089048102581714
6.46004728	0.9	-16.56024719578245	-0.662409887831298
0.92990617	1.12	-0.6135527049398046	-0.024542108197592186
0.92990668	1.15	-3.514576911912164	-0.14058307647648657
4.11584468	0.78	-16.052650137566133	-0.6421060055026453
4.11585514	0.72	-10.29927347069496	-0.4119709388277984
4.11585514	0.8	-2.2968394084990504	-0.09187357633996202
4.11584445	0.72	-2.353848982745168	-0.09415395930980673
4.115847	0.67	-8.117745765626815	-0.3247098306250726
4.11584468	0.8	-14.549063828503224	-0.581962553140129
33.878639	0.93	-23.012226883254627	-0.9204890753301851
33.8786838	0.98	-12.861733856357672	-0.5144693542543068
33.878639	0.96	-14.224941651201283	-0.5689976660480514
33.8786838	0.98	-2.3474002185433496	-0.09389600874173398
42.3514267	1.45	-23.979720391687188	-0.9591888156674875
42.35120081	1.43	-7.829144529704059	-0.31316578118816235
42.35113	1.33	-10.330511281663883	-0.4132204512665553
42.3514267	1.31	-1.246111240724132	-0.04984444962896528
42.3514267	1.31	-12.659624918036165	-0.5063849967214467
42.3520039	1.43	-9.7495288898895	-0.38998115559558005
42.3520039	1.53	-5.3260161145354	-0.213040644581416
14.8877665	1.02	-7.976156145633761	-0.3190462458253504
14.88811	1.06	-7.093741829227292	-0.28374967316909167
14.88801098	1.0	-19.584460991501324	-0.7833784396600529
14.88801098	1.0	-8.926452059091417	-0.3570580823636567
4.52158614	1.0	-6.358543678025785	-0.2543417471210314
4.521577	1.01	-6.4090043737286235	-0.2563601749491449
4.52158888	0.92	-0.9725150460227141	-0.038900601840908565
4.52158137	1.0	-7.2533885676612035	-0.29013554270644815
9.33655775	0.7	-2.3652023105907296	-0.09460809242362919
9.33646594	0.64	-1.6665574543535988	-0.06666229817414396
9.336445	0.62	-7.619817208371569	-0.3047926883348628
9.33648141	0.64	-13.388359332023407	-0.5355343732809363
9.33646594	0.64	-2.1271311783500035	-0.08508524713400015
9.33648141	0.7	-15.145904200269005	-0.6058361680107602
8.129858	1.02	-1.2115407226318557	-0.04846162890527423
8.12999858	0.99	-5.2801006685628735	-0.21120402674251496
8.12997425	1.02	-8.86895800641279	-0.3547583202565116
8.13000457	1.18	-3.7230910027803503	-0.148923640111214
8.12998341	1.02	-10.918629932767814	-0.4367451973107126
31.51780202	1.0	-16.25849459656273	-0.6503397838625092
31.51779463	0.99	-2.515477364283637	-0.10061909457134549
31.5177783	1.02	-7.831606836580208	-0.3132642734632083
31.51780202	1.0	-14.017751071336525	-0.560710042853461
31.51780119	1.02	-7.552167013327383	-0.3020866805330953
31.51779463	1.02	-8.022240737398612	-0.32088962949594446
31.51789	1.02	-9.138217434646013	-0.3655286973858405
10.10769068	1.06	-6.263223640676815	-0.2505289456270726
10.10769068	1.06	-6.762818466989641	-0.27051273867958564
10.10762919	0.96	-11.816476965897882	-0.4726590786359153
10.10691725	0.96	-4.978711359771337	-0.1991484543908535
0.78916165	0.61	-5.91802886415124	-0.2367211545660496
0.78916165	0.61	-6.655139621177159	-0.26620558484708634
0.78916144	0.66	-1.6722900428904626	-0.0668916017156185
0.7891622	0.58	-5.112573009456494	-0.20450292037825976
11.87457664	0.91	-1.1294105951329856	-0.04517642380531942
11.874578	0.93	-4.695398214769673	-0.18781592859078694
11.87456832	0.95	-3.685420700116279	-0.14741682800465117
11.87470071	0.97	-5.98367440536553	-0.2393469762146212
11.87457664	0.97	-6.94394481291016	-0.2777577925164064
11.87456832	0.78	-11.456675649000427	-0.4582670259600171
11.87458418	0.97	-5.599692636587614	-0.22398770546350455
11.87456832	0.92	-22.61270705687532	-0.9045082822750128
11.87456832	0.78	-4.886105126841418	-0.19544420507365673
109.6471842	0.87	-11.156481870039952	-0.4462592748015981
109.64465727	0.96	-10.370977593879319	-0.41483910375517274
109.6471842	0.87	-4.506584989083733	-0.18026339956334933
109.6471842	0.94	-0.7267152281693472	-0.02906860912677389
109.64627833	0.96	-11.940315280217723	-0.4776126112087089
109.64811	0.94	-1.9089530162220647	-0.07635812064888259
15.64591713	0.94	-20.298655880167246	-0.8119462352066898
15.64588656	1.01	-6.918815112076491	-0.27675260448305966
15.645864	1.0	-6.829326277891198	-0.27317305111564794
15.64591713	1.01	-2.564548759102124	-0.10258195036408496
15.646068	1.01	-1.729198126647659	-0.06916792506590637
6.26404774	0.78	-3.3214097468579076	-0.1328563898743163
6.26404134	0.78	-1.9886493844791644	-0.07954597537916658
6.26407	0.72	-0.2120716723629954	-0.008482866894519816
6.26404774	0.79	-12.35779959998277	-0.49431198399931076
6.26406846	0.77	-2.13910392271819	-0.0855641569087276
6.26406846	0.79	-4.750130918764241	-0.19000523675056966
6.26406846	0.79	-7.9185574107007035	-0.31674229642802815
6.26406846	0.79	-10.295968898084256	-0.41183875592337027
23.19897496	0.95	-2.2378454004430317	-0.08951381601772126
23.1985852	1.0	-6.343773902854979	-0.2537509561141992
23.19899	0.95	-1.3043650491997347	-0.05217460196798939
23.198681	0.98	-8.538190743549514	-0.34152762974198053
23.198681	0.96	-8.751224971207348	-0.35004899884829394
23.1985852	0.95	-5.24729289031181	-0.2098917156124724
5.77721211	0.94	-23.067759267583778	-0.9227103707033512
5.77721211	0.96	-28.156938827196893	-1.1262775530878757
5.777213	0.95	-5.872994153758976	-0.23491976615035903
5.77721211	0.98	-5.496352033440283	-0.21985408133761133
5.77721211	0.96	-7.552350157022708	-0.3020940062809083
5.77721211	0.96	-21.864796047396318	-0.8745918418958527
5.77721259	0.95	-3.3800888240302673	-0.1352035529612107
24.4004378	0.69	-4.340077808163023	-0.1736031123265209
24.4002549	0.67	-7.1017878834036825	-0.28407151533614733
24.4002549	0.67	-12.988392482221661	-0.5195356992888664
24.40015	0.64	-11.840831622267636	-0.47363326489070545
0.93512001	1.04	-2.6875507366314313	-0.10750202946525725
0.9351186	1.0	-3.1825231341278872	-0.1273009253651155
0.93511806	1.11	-4.019139051607448	-0.16076556206429793
0.93511806	1.04	-5.03732170903802	-0.2014928683615208
0.93511806	1.01	-3.9560596116894025	-0.1582423844675761
0.93511806	1.01	-6.525584606263536	-0.26102338425054145
1.34155642	0.99	-0.6933217544999997	-0.027732870179999987
1.34155513	0.94	-13.015478481391847	-0.5206191392556739
1.3415547	0.99	-13.841063344288546	-0.5536425337715418
1.3415609	0.85	-5.573738140598838	-0.22294952562395354
1.34155513	0.94	-0.6406921452236463	-0.025627685808945852
1.34155513	0.94	-9.488800511143987	-0.3795520204457595
5.31744016	0.97	-11.707757920821164	-0.4683103168328466
5.317435	1.01	-7.146150692019473	-0.28584602768077894
5.31743891	1.05	-6.603074589996224	-0.264122983599849
5.31743938	1.05	-6.479587784475637	-0.25918351137902546
5.31743542	1.06	-5.839131495730122	-0.23356525982920487
5.31743542	1.26	-7.201082106604529	-0.2880432842641812
10.1056726	1.05	-7.291188426264359	-0.2916475370505744
10.10575384	1.05	-12.674205956042933	-0.5069682382417173
10.10575764	1.05	-7.192369120709227	-0.2876947648283691
10.10575303	1.26	-12.36261176384915	-0.494504470553966
10.10575764	0.97	-5.347787045626853	-0.2139114818250741
10.10575303	0.96	-2.3971585125337325	-0.0958863405013493
10.10575303	1.26	-0.4857763631969394	-0.019431054527877575
0.66502594	1.11	-5.882979890470166	-0.23531919561880663
0.6650251	1.01	-9.191401170103692	-0.3676560468041477
0.66502692	1.03	-10.55523046818376	-0.4222092187273504
0.66502692	1.27	-4.2394890830642105	-0.16957956332256843
0.66502594	1.07	-5.323197863476596	-0.21292791453906387
0.66502709	1.11	-6.835923330320431	-0.27343693321281726
0.66502692	1.06	-3.9870692847529763	-0.15948277139011904
132.9955503	0.71	-7.700768879942469	-0.3080307551976988
132.9955503	0.69	-7.77314070545066	-0.31092562821802644
132.9968322	0.79	-15.743210966779202	-0.6297284386711681
2.21571036	0.93	-1.7658138458978108	-0.07063255383591244
2.21571036	0.83	-5.835008820908762	-0.23340035283635047
3.35184153	1.03	-0.9361104037993249	-0.037444416151973
3.35183158	1.07	-6.11974870630608	-0.2447899482522432
3.35184041	1.07	-6.855170783226647	-0.2742068313290659
3.35183158	1.07	-3.950479306126827	-0.1580191722450731
3.35183158	0.95	-17.43305876384588	-0.6973223505538353
4.768313	1.11	-18.569847415251772	-0.7427938966100709
4.7683049	1.07	-6.607768414752477	-0.26431073659009907
4.76830227	1.05	-1.665236762787028	-0.06660947051148111
4.76831033	1.07	-14.741668317112547	-0.5896667326845019
4.7683049	0.98	-2.9525156298098105	-0.11810062519239242
4.7683049	1.09	-27.531349909881115	-1.1012539963952446
4.76831033	1.05	-0.9917405104254562	-0.03966962041701825
44.616751	1.13	-11.906663148895356	-0.47626652595581426
44.6169557	1.24	-6.04762339375075	-0.24190493575003
44.6169557	1.32	-2.5253813078691043	-0.10101525231476417
44.6169557	1.23	-2.7419261299776116	-0.10967704519910447
44.6169557	1.24	-15.078814150821286	-0.6031525660328514
3.40165617	0.98	-6.51373856423563	-0.2605495425694252
3.40165668	0.98	-16.621817000596657	-0.6648726800238663
3.40165617	1.01	-10.110713178783062	-0.4044285271513225
3.40165668	0.98	-9.19146401748375	-0.36765856069935
14.00947528	0.76	-9.756003445902113	-0.3902401378360845
27.5724	1.05	-5.018326429150549	-0.20073305716602197
27.5722742	0.89	-3.420928508501935	-0.1368371403400774
27.5722742	0.89	-2.437418761083742	-0.09749675044334968
27.5722144	1.08	-15.270366520606238	-0.6108146608242495
2.12823928	1.14	-5.373982700706838	-0.21495930802827354
2.12823928	1.14	-5.027973205153903	-0.20111892820615612
2.12823928	1.14	-22.031779487502213	-0.8812711795000885
2.12823928	1.16	-19.24653795549767	-0.7698615182199068
2.1282478	1.01	-5.753606388603483	-0.23014425554413934
2.12823928	1.18	-12.20492870208695	-0.48819714808347797
2.12822474	1.05	-15.127560917114545	-0.6051024366845819
6.00254829	1.1	-6.1168306515231725	-0.2446732260609269
6.00253594	1.19	-1.4970537862621551	-0.059882151450486205
6.00253766	1.1	-0.4153557910712631	-0.016614231642850523
6.00253594	1.05	-5.648005582819147	-0.2259202233127659
6.00253594	1.19	-3.3436108874031785	-0.13374443549612713
6.002551	1.14	-3.4645526800906987	-0.13858210720362796
6.00253594	1.19	-11.094755752007414	-0.44379023008029655
11.44865823	1.26	-2.2703048515400748	-0.090812194061603
11.4485422	1.1	-3.2661617839290176	-0.1306464713571607
11.44883	1.14	-10.095382222558937	-0.4038152889023575
11.4485946	1.19	-0.7680140688637125	-0.0307205627545485
11.4485946	1.25	-1.2508231841929023	-0.05003292736771609
11.4485946	1.05	-8.4949444666792	-0.33979777866716804
11.4485946	1.19	-6.115329434514377	-0.24461317738057511
11.4485946	1.19	-1.9962703659681815	-0.07985081463872726
4.49686066	0.46	-14.621626267470901	-0.5848650506988361
4.49686066	0.53	-7.5160248096303395	-0.3006409923852136
1.76678906	0.55	-6.039199248889667	-0.2415679699555867
1.76678951	0.53	-0.7524203150444697	-0.03009681260177879
1.76678951	0.46	-3.1992727132916934	-0.12797090853166773
1.76678906	0.47	-18.378069264209106	-0.7351227705683643
0.91614077	0.6	-9.365403923571712	-0.3746161569428685
0.91614181	0.68	-3.564947033069537	-0.14259788132278148
0.9161423	0.6	-14.460408097152314	-0.5784163238860925
0.91614077	0.6	-6.639404982270267	-0.26557619929081067
0.916139	0.61	-18.7756812819514	-0.751027251278056
0.91614077	0.7	-2.284983784105354	-0.09139935136421416
1.87788275	1.02	-5.950266531804702	-0.23801066127218806
1.87788275	0.91	-5.502406483059239	-0.2200962593223696
1.87787854	1.08	-2.121085347752159	-0.08484341391008636
24.7543966	0.78	-1.3675578611563464	-0.054702314446253855
24.7543966	0.78	-20.842291308537483	-0.8336916523414993
24.7543966	0.76	-3.9291390367414607	-0.15716556146965843
24.7543849	0.78	-19.872460925530188	-0.7948984370212075
24.7543966	0.78	-1.2791927500239841	-0.05116771000095937
24.7543849	0.75	-10.247085871627744	-0.4098834348651098
76.613377	0.99	-3.6043560833800212	-0.14417424333520085
76.6147	1.08	-10.926187848170885	-0.43704751392683544
76.61352894	1.05	-7.379892556421479	-0.29519570225685915
76.613377	0.99	-10.089277723324129	-0.40357110893296516
1.28959018	0.91	-17.4667156768032	-0.6986686270721281
1.28958811	0.9	-9.763780558322086	-0.3905512223328835
1.28959018	0.9	-8.304723078774153	-0.3321889231509661
1.28958811	0.9	-12.109319491618445	-0.4843727796647378
1.2895886	0.88	-4.062564938611872	-0.16250259754447488
0.63400294	0.84	-6.215113120402628	-0.24860452481610512
0.63400294	0.82	-17.67802832628922	-0.7071211330515688
0.634003	0.84	-1.392798116567085	-0.055711924662683404
0.63400294	0.84	-2.6866178075660923	-0.10746471230264369
0.634003	0.83	-12.46392630511953	-0.49855705220478125
3.009121	1.01	-8.850162890019106	-0.3540065156007643
3.00912491	0.99	-7.119535242761972	-0.2847814097104789
3.0091324	0.93	-10.698231150900932	-0.4279292460360373
7.06305749	0.87	-10.998328645969748	-0.4399331458387899
7.06317341	0.82	-29.033819168843173	-1.161352766753727
7.06317341	0.75	-1.6374939980593333	-0.06549975992237334
59.4970952	0.71	-12.99086299180785	-0.519634519672314
59.4970952	0.8	-11.846621651191597	-0.4738648660476639
59.4970952	0.78	-15.296221107816642	-0.6118488443126657
59.4969009	0.72	-3.8332193565010027	-0.1533287742600401
59.49786	0.88	-3.687007481214837	-0.1474802992485935
11.57887055	1.19	-16.034396778330546	-0.6413758711332218
11.57890926	1.19	-9.443463853243955	-0.3777385541297582
11.5789114	1.17	-2.8471091241512587	-0.11388436496605035
11.5789114	1.21	-2.595572705208456	-0.10382290820833824
11.57890926	1.19	-0.9311982764616786	-0.037247931058467146
16.39926461	1.19	-3.935355287963225	-0.15741421151852902
16.39926461	1.19	-4.788862712250414	-0.19155450849001657
16.3992561	1.17	-11.158048943814652	-0.4463219577525861
16.39926727	1.19	-3.707584309044826	-0.14830337236179303
40.5286413	1.24	-17.54094339276556	-0.7016377357106224
40.5289885	1.91	-16.92559115927616	-0.6770236463710464
40.52797	1.1	-14.433709262839335	-0.5773483705135734
40.5286413	1.24	-10.786682074123515	-0.43146728296494063
40.52965562	1.41	-0.701243742377319	-0.02804974969509276
3.57554956	0.83	-21.992408287046157	-0.8796963314818463
3.575547	0.76	-5.580223650918857	-0.22320894603675429
3.57551429	0.83	-17.89242463704751	-0.7156969854819005
3.57551429	0.84	-12.628309418086213	-0.5051323767234485
3.57554956	0.83	-2.719398023787714	-0.10877592095150856
3.57554956	0.83	-11.384936048349859	-0.45539744193399434
3.57555025	0.84	-6.854572665847657	-0.27418290663390626
136.205112	0.71	-1.2629975629557628	-0.05051990251823051
136.205626	0.7	-9.871273222195727	-0.3948509288878291
2.94194094	0.76	-2.0340642770680426	-0.0813625710827217
2.94194296	0.73	-13.116566277797581	-0.5246626511119032
2.94194094	0.73	-15.634364296019182	-0.6253745718407673
13.32196237	1.41	-15.415368773901886	-0.6166147509560754
13.32196237	1.41	-7.211967056820333	-0.2884786822728133
7.69994466	0.95	-5.948279806435925	-0.23793119225743697
7.69993485	1.08	-5.17478732527534	-0.2069914930110136
7.69994466	1.0	-3.76209176104185	-0.150483670441674
7.69993485	1.0	-5.008501899971813	-0.20034007599887255
7.69993485	1.02	-1.4669226779492814	-0.05867690711797126
4.77468005	1.02	-0.9078748099658225	-0.0363149923986329
4.77468005	1.02	-13.73128320025431	-0.5492513280101724
4.77466043	0.95	-9.044980388359846	-0.36179921553439387
4.77469244	1.0	-11.43553242205238	-0.45742129688209526
4.77468005	1.0	-11.349646119243445	-0.4539858447697378
2.16457097	0.55	-3.0608723108143607	-0.12243489243257444
2.16457097	0.55	-1.409375314429628	-0.05637501257718512
1.57409027	0.57	-20.14204209843127	-0.8056816839372507
1.57409032	0.63	-2.8591837754229825	-0.1143673510169193
1.57408483	0.63	-11.369845802462201	-0.45479383209848806
1.57409027	0.57	-4.275535837152912	-0.17102143348611648
0.67564698	1.0	-3.218287602892329	-0.12873150411569317
0.67564949	1.05	-3.393721809342399	-0.13574887237369596
0.675649	1.05	-2.652831135612305	-0.1061132454244922
0.67564949	1.07	-7.536935247813695	-0.3014774099125478
0.6756504	1.0	-8.629245398788445	-0.3451698159515378
25.87333	1.0	-6.1405743079416855	-0.24562297231766742
25.8730914	1.01	-17.16164293049913	-0.6864657172199652
25.873148	1.05	-2.825006019369906	-0.11300024077479623
8.43639364	0.91	-8.038018095027141	-0.32152072380108565
8.43639364	0.91	-4.666640468539096	-0.18666561874156382
8.43639364	0.91	-4.987917117920279	-0.19951668471681117
8.43639829	0.9	-27.034582618074946	-1.081383304722998
8.43639364	0.85	-8.657319095517952	-0.3462927638207181
8.43640661	0.9	-13.609375735100791	-0.5443750294040316
18.735721	0.91	-4.218784170887299	-0.16875136683549197
18.73575579	0.91	-29.177356041128018	-1.1670942416451207
18.73575579	0.87	-3.2778588432289943	-0.13111435372915978
18.73575579	0.91	-5.499947766063639	-0.21999791064254556
18.73577127	0.9	-11.97579620800266	-0.47903184832010637
18.73575579	0.91	-1.1145855875980648	-0.044583423503922595
20.2641684	1.27	-2.3978104590728258	-0.09591241836291303
20.2642023	1.08	-13.257538922277703	-0.5303015568911081
20.2641684	1.25	-1.710934499735112	-0.06843737998940448
20.2642023	1.2	-2.2022018703718595	-0.08808807481487438
20.2641684	1.19	-12.145662546065392	-0.48582650184261567
20.26416001	1.2	-11.063764215515889	-0.4425505686206356
7.44142113	1.25	-4.2508091870678255	-0.17003236748271303
7.44142113	1.19	-4.752193463577382	-0.19008773854309527
7.441406	1.1	-1.0431566782199369	-0.04172626712879748
7.44142113	1.27	-14.011587389843143	-0.5604634955937258
7.44142113	1.25	-0.6744643217846871	-0.026978572871387482
3.4462039	0.68	-4.459755341783888	-0.17839021367135552
3.4462039	0.68	-6.202334052800806	-0.24809336211203226
3.4462039	0.87	-12.358190088082093	-0.49432760352328375
3.4462125	0.93	-5.315415682133395	-0.2126166272853358
3.446207	0.84	-4.79531168208179	-0.19181246728327161
3.4462125	0.68	-15.771221356570567	-0.6308488542628227
2.00541269	0.68	-0.7629767814775485	-0.030519071259101943
2.00541429	0.93	-1.3022318091961131	-0.052089272367844525
2.00541269	0.68	-0.6150427403151277	-0.02460170961260511
2.00541429	0.68	-10.611537990419738	-0.4244615196167895
2.00541269	0.68	-17.156921317071287	-0.6862768526828515
2.005409	0.84	-13.778570821588339	-0.5511428328635336
1.31155891	1.07	-0.602129327576034	-0.02408517310304136
1.31156295	0.98	-7.614727999257473	-0.3045891199702989
1.31155891	0.98	-11.032391287388867	-0.44129565149555466
1.3115613	1.0	-13.802430806256867	-0.5520972322502747
1.31155557	1.07	-20.577010037458997	-0.8230804014983599
1.29123275	1.22	-6.662037395879628	-0.26648149583518516
1.29123275	1.4	-4.4729454549485235	-0.17891781819794095
1.29123901	1.25	-5.925675838195889	-0.23702703352783555
1.29123308	1.13	-8.949850959313517	-0.3579940383725407
10.652797	0.92	-4.6399402132054846	-0.18559760852821938
10.65292573	0.92	-5.165312405425729	-0.20661249621702915
10.65276707	0.91	-5.215157764601583	-0.20860631058406334
10.65276707	0.85	-6.445707917174239	-0.2578283166869696
10.65276707	0.91	-2.281763026135705	-0.0912705210454282
10.65275054	0.91	-12.442505714634445	-0.4977002285853778
10.65279281	0.92	-7.349555067284204	-0.29398220269136816
3.3004192	1.07	-6.609311997104795	-0.2643724798841918
3.30045211	1.35	-12.990120762856655	-0.5196048305142662
3.3004192	1.47	-10.347640199080542	-0.41390560796322173
3.30040818	1.28	-15.576909385195574	-0.623076375407823
3.30040818	1.35	-6.4652491336550115	-0.25860996534620045
5.30878648	0.97	-3.7656490860968814	-0.15062596344387527
5.308774	0.98	-23.581599742426626	-0.943263989697065
5.30880656	0.98	-13.011439352254271	-0.5204575740901709
0.74092842	0.86	-9.961741930737158	-0.39846967722948634
0.74092842	0.87	-6.471398157098905	-0.2588559262839562
0.74092636	0.87	-3.595459275733556	-0.14381837102934225
0.74092842	0.87	-19.80719242008997	-0.7922876968035988
0.74092636	0.9	-8.915558182670015	-0.3566223273068006
11.95396311	0.67	-32.84647130768315	-1.3138588523073262
11.95398936	0.65	-6.800781652704165	-0.27203126610816664
11.95398936	0.7	-3.400359843096442	-0.13601439372385768
11.95398936	0.65	-1.2178622506308656	-0.048714490025234626
11.95401876	0.67	-24.040476658235907	-0.9616190663294363
11.95401876	0.65	-7.9191271807895625	-0.31676508723158253
0.88184263	0.87	-18.041649097951012	-0.7216659639180405
0.88184263	0.88	-4.518157906162306	-0.18072631624649224
0.88184115	0.86	-4.847605608687589	-0.19390422434750357
0.8818403	0.88	-9.100656028374395	-0.36402624113497584
0.88184115	0.86	-10.019972061032442	-0.4007988824412977
10.31320643	0.56	-14.19599512516875	-0.56783980500675
10.31368	0.55	-10.758196188950489	-0.43032784755801956
10.3132068	0.47	-2.0447786790088878	-0.08179114716035552
10.3134	0.54	-8.728191704123251	-0.34912766816493007
10.31320643	0.52	-0.6287136070106254	-0.025148544280425015
10.31202	0.53	-1.1195491842190917	-0.044781967368763664
10.3126	0.52	-6.405699944569374	-0.25622799778277494
13.78109344	0.52	-13.359695126649784	-0.5343878050659914
13.78109344	0.52	-15.381952619705313	-0.6152781047882125
13.7810915	0.54	-16.10206332084273	-0.6440825328337093
13.78110882	0.47	-16.77903890283219	-0.6711615561132876
13.7813	0.52	-3.3978576752842033	-0.13591430701136814
13.7815	0.54	-5.557314110523944	-0.22229256442095774
13.78109344	0.56	-4.800114499077851	-0.19200457996311404
13.78109471	0.51	-12.68633246598296	-0.5074532986393184
13.781	0.59	-10.727428199045859	-0.42909712796183436
13.78104973	0.52	-23.99795344962454	-0.9599181379849816
23.0904007	0.52	-10.16918385262669	-0.4067673541050676
23.08901839	0.52	-6.932205710377436	-0.2772882284150974
23.08898875	0.54	-22.10976023806665	-0.884390409522666
23.09302	0.55	-5.025121930195308	-0.20100487720781232
23.0923	0.54	-12.10104869406004	-0.4840419477624016
23.08901839	0.52	-7.616998592719281	-0.3046799437087713
23.0889203	0.47	-0.1390041553226773	-0.005560166212907092
23.08902241	0.54	-7.699213770573652	-0.3079685508229461
23.089447	0.53	-8.93277681615562	-0.3573110726462248
10.3108245	0.97	-0.1361297953977132	-0.005445191815908528
10.3108245	0.97	-7.822234954599567	-0.3128893981839827
10.3108232	0.97	-13.174883345196672	-0.5269953338078669
10.3108245	0.97	-14.716400055819367	-0.5886560022327747
25.384175	1.01	-3.8575930482750627	-0.1543037219310025
25.384175	1.07	-7.709233585580433	-0.3083693434232173
25.3842686	1.07	-4.975039388013494	-0.19900157552053976
25.38403338	1.01	-16.376590043760864	-0.6550636017504345
25.3842686	1.07	-9.370783776755093	-0.37483135107020377
25.38408965	1.01	-2.5913104243923892	-0.10365241697569558
16.3583055	1.37	-0.944613183314472	-0.03778452733257888
16.3583055	1.11	-19.26108973614288	-0.7704435894457151
16.35824749	1.13	-23.91167571876781	-0.9564670287507124
16.3583482	1.38	-1.3379262138794623	-0.05351704855517849
16.3583055	1.11	-5.793560368110732	-0.2317424147244293
16.3583055	1.11	-16.678164919672064	-0.6671265967868826
13.9093583	0.93	-5.518983189147364	-0.22075932756589456
13.9095	1.16	-4.048960919388857	-0.16195843677555427
13.90910812	1.16	-5.200197756631365	-0.2080079102652546
13.9093544	1.16	-5.734344537947317	-0.22937378151789267
13.9093583	1.02	-15.615133329501196	-0.6246053331800479
2.88878583	1.14	-5.410275103504421	-0.21641100414017686
2.88879862	0.94	-1.5400700751683931	-0.06160280300673573
2.88879862	1.15	-6.644656896682704	-0.2657862758673082
2.88878583	0.98	-19.232236183727633	-0.7692894473491053
2.88879862	1.24	-3.151939126711256	-0.12607756506845025
2.88879862	0.94	-11.817926305312568	-0.4727170522125027
2.88879862	0.94	-12.038752961980792	-0.48155011847923174
2.88880143	0.98	-10.199138676922166	-0.40796554707688665
6.73998206	0.98	-4.430485860674184	-0.1772194344269674
6.73968289	0.98	-16.820575902991315	-0.6728230361196527
6.73968289	0.92	-8.580177565859778	-0.34320710263439114
6.739726	0.93	-16.180379395494633	-0.6472151758197854
6.73972381	1.0	-0.2117710044334551	-0.008470840177338203
2.27952666	0.76	-1.6915573740274032	-0.06766229496109613
2.27952666	0.76	-5.965784996792756	-0.23863139987171025
2.27952336	0.76	-8.53823592538801	-0.3415294370155204
2.27952336	0.82	-14.831067906469167	-0.5932427162587667
2.27952666	0.76	-5.241618767303906	-0.20966475069215623
12.2854718	0.6	-11.507654418005389	-0.46030617672021557
12.28566963	0.59	-0.6627087357340353	-0.026508349429361415
12.2854603	0.54	-18.690295022776407	-0.7476118009110563
12.2854603	0.54	-20.370861245104695	-0.8148344498041878
12.28549	0.52	-18.61136364496524	-0.7444545457986097
12.28546124	0.59	-16.817674296806395	-0.6727069718722558
12.2854603	0.63	-0.9819019891787835	-0.03927607956715134
5.53609368	0.6	-1.7828460070533225	-0.0713138402821329
5.53608151	0.54	-4.584870480477244	-0.18339481921908976
5.53609368	0.59	-8.038199177967108	-0.3215279671186843
5.53608151	0.54	-7.020873333825564	-0.28083493335302256
5.53610698	0.59	-11.715076631870701	-0.4686030652748281
20.95687154	0.59	-13.787082533228334	-0.5514833013291334
20.9568158	0.54	-2.8831360433497397	-0.11532544173398959
20.9569985	0.59	-9.73479892576435	-0.389391957030574
20.9569985	0.6	-3.4595736797036	-0.138382947188144
20.9568158	0.54	-12.477575614502246	-0.49910302458008987
37.63436421	0.59	-3.2518805209469273	-0.1300752208378771
37.6327084	0.54	-9.954038485889239	-0.39816153943556953
37.6333868	0.6	-4.178037939215521	-0.16712151756862084
99.2530951	0.76	-4.190603263241952	-0.1676241305296781
99.25095	0.78	-9.90136492639989	-0.3960545970559956
99.2530951	0.81	-8.361773171747707	-0.3344709268699083
99.2530951	0.76	-4.320061848340329	-0.17280247393361314
99.2530951	0.76	-4.0574437431950106	-0.16229774972780042
15.77111583	1.05	-10.826495270932131	-0.4330598108372853
15.77111067	0.98	-0.9571818938392946	-0.038287275753571784
15.77111583	1.04	-6.699371965542255	-0.2679748786216902
15.77111583	1.04	-10.30054312620681	-0.4120217250482724
15.77113394	0.98	-3.191248835164388	-0.12764995340657553
15.771019	1.08	-17.57409280793706	-0.7029637123174824
15.77111583	1.08	-12.483963785147843	-0.49935855140591373
157.0659976	0.98	-23.71540285576272	-0.9486161142305087
157.06511568	0.98	-4.304696995438931	-0.17218787981755726
157.0659976	1.02	-22.09579393131206	-0.8838317572524824
157.0654802	1.08	-3.4972719517055193	-0.1398908780682208
157.0654802	1.05	-3.7963910649616164	-0.15185564259846465
157.0654802	1.04	-9.048093713465214	-0.36192374853860854
157.0654802	1.04	-16.867863874157567	-0.6747145549663027
7.30571223	0.98	-13.665141654719795	-0.5466056661887918
7.30569992	1.08	-13.13266192853527	-0.5253064771414109
7.30569992	1.04	-16.402295341114968	-0.6560918136445987
7.30570633	1.02	-4.319499172189959	-0.17277996688759836
7.30569992	1.08	-13.669377472793695	-0.5467750989117478
6.4802138	0.94	-20.49416488558569	-0.8197665954234276
6.48021673	0.86	-7.718969001552519	-0.3087587600621008
54.4092333	0.98	-1.1241488434781388	-0.044965953739125555
54.4099612	0.98	-6.547069726348232	-0.26188278905392925
54.4092333	0.98	-11.951857702385533	-0.47807430809542134
54.4092333	1.22	-14.759698367594591	-0.5903879347037837
54.41015237	0.98	-19.897808856486655	-0.7959123542594663
54.4092333	1.03	-10.705729384480879	-0.42822917537923516
15.14112	1.04	-14.280167975232095	-0.5712067190092838
15.1410397	0.98	-4.897275168330102	-0.1958910067332041
15.1408916	0.98	-3.0688755526616704	-0.12275502210646683
2.44357812	0.95	-1.2971643307810103	-0.051886573231240414
2.44357812	0.91	-11.010947076463678	-0.44043788305854714
2.44357812	0.91	-1.2747917961142567	-0.05099167184457027
3.93766373	1.33	-13.66475992791317	-0.5465903971165268
3.9376496	1.36	-6.95897532459426	-0.2783590129837704
3.937713	1.32	-8.231676979683822	-0.3292670791873529
3.93766373	1.33	-3.445624141784329	-0.13782496567137317
3.93766373	1.33	-3.9400023054052173	-0.1576000922162087
3.93766786	1.36	-5.679783820071911	-0.22719135280287645
3.78470649	1.17	-9.663502064040435	-0.38654008256161737
3.78470649	1.15	-10.897401343269296	-0.43589605373077184
18.2206024	1.12	-5.307525569764648	-0.21230102279058594
18.2206024	1.06	-4.956925091269585	-0.1982770036507834
18.22078584	1.06	-5.759021321669836	-0.23036085286679345
18.2206421	1.18	-6.101647239219309	-0.24406588956877237
18.22066897	1.06	-20.20300616979785	-0.808120246791914
18.2206421	1.09	-4.112245457104814	-0.16448981828419257
18.22077	1.11	-18.899230982035448	-0.7559692392814179
18.2206421	1.09	-10.618212529911435	-0.42472850119645744
47.44949	0.98	-16.02558728168727	-0.6410234912674908
47.449955	1.02	-4.138053279523964	-0.16552213118095857
47.4497134	1.04	-12.897926400001888	-0.5159170560000755
47.4497134	1.19	-3.640384533024265	-0.1456153813209706
47.449955	0.87	-2.032923848504745	-0.0813169539401898
47.449955	1.09	-4.202668515344288	-0.16810674061377154
47.449955	0.87	-0.4520217048196813	-0.01808086819278725
47.4490883	1.19	-6.131610784884478	-0.24526443139537912
2.78814353	1.11	-3.8546512350563757	-0.15418604940225503
2.78815679	1.13	-13.810554134331255	-0.5524221653732502
2.78815679	1.02	-3.553877492647489	-0.14215509970589957
2.78815679	1.01	-5.95353164363425	-0.23814126574537
2.7881793	1.11	-24.04551701348313	-0.9618206805393252
2.788149	1.12	-2.7630800128524946	-0.11052320051409979
4.13827595	1.13	-4.130456532171701	-0.16521826128686803
4.13827684	1.03	-13.308369714285856	-0.5323347885714342
4.13827595	1.01	-0.528676160943391	-0.02114704643773564
4.138284	1.12	-1.3695912388914302	-0.05478364955565721
4.13827595	1.01	-10.091767273210472	-0.4036706909284189
1.638626	1.08	-12.769331381356366	-0.5107732552542547
1.63865252	1.04	-3.736121787426782	-0.14944487149707128
1.63865112	0.98	-21.687615209827555	-0.8675046083931023
1.63865306	1.04	-0.18844813955975326	-0.007537925582390131
1.63865252	0.98	-3.2799157668485206	-0.13119663067394083
1.63865306	1.04	-7.073554439885201	-0.282942177595408
6.7901208	1.31	-28.809025810414866	-1.1523610324165947
6.7901216	1.52	-8.461840205234633	-0.3384736082093853
6.7901216	1.39	-2.4412023246111687	-0.09764809298444675
6.7901216	1.39	-7.140680830992805	-0.28562723323971223
3.25427774	1.09	-8.424230286645722	-0.33696921146582887
3.25427405	1.15	-7.810265487411817	-0.3124106194964727
3.25427405	1.15	-12.89190468029871	-0.5156761872119484
3.25427405	1.15	-17.332221340566534	-0.6932888536226613
3.25426155	1.15	-2.558995335282159	-0.10235981341128636
3.25427607	1.15	-21.408301379757393	-0.8563320551902958
3.25427405	1.04	-0.7275079642817115	-0.02910031857126846
3.25427774	1.15	-3.6446397163099666	-0.14578558865239866
3.25427405	1.15	-21.780171517327695	-0.8712068606931078
91.3515867	1.15	-19.303825236689832	-0.7721530094675932
91.3514816	1.15	-9.558254965093067	-0.3823301986037227
91.3514816	1.09	-13.650315514861486	-0.5460126205944594
91.3515867	1.15	-4.60443456319321	-0.1841773825277284
91.35220192	1.15	-6.751954764313378	-0.2700781905725351
91.3525	1.21	-2.8531643049213096	-0.11412657219685239
91.3515867	1.15	-3.3329329270058765	-0.13331731708023506
9.06687613	0.8	-13.730459672528754	-0.5492183869011502
9.066878	0.93	-7.731782462305115	-0.3092712984922046
9.06689421	0.74	-1.920140040471625	-0.076805601618865
9.06684472	0.8	-25.959301712986985	-1.0383720685194795
9.06687613	0.74	-1.963847142421012	-0.07855388569684048
9.06689421	0.74	-3.1921200351950825	-0.1276848014078033
11.20058855	0.98	-5.071397923247562	-0.20285591692990249
11.19948	1.05	-17.30564728902578	-0.6922258915610313
11.20066445	0.98	-5.6367434306696484	-0.22546973722678595
11.20066445	0.98	-9.410721375281282	-0.3764288550112513
2.03387914	0.9	-12.629794013325363	-0.5051917605330145
2.03387483	0.91	-2.854068105697265	-0.1141627242278906
2.03388113	0.91	-8.36075934422082	-0.33443037376883283
2.033876	0.87	-6.785940573325854	-0.2714376229330342
5.19492202	1.31	-25.189281645847174	-1.007571265833887
5.19492747	1.11	-2.9856240903875815	-0.11942496361550325
5.19492202	1.11	-5.011546730699049	-0.20046186922796197
5.19492747	1.29	-16.998147765917594	-0.6799259106367037
5.19492202	1.31	-19.10251182162103	-0.7641004728648412
15.9314412	0.79	-1.8095862070446644	-0.07238344828178658
15.9314739	0.78	-9.365587859219666	-0.37462351436878666
15.93134	0.88	-4.07938002821252	-0.16317520112850079
15.93133217	0.86	-3.827345246486452	-0.15309380985945809
28.2274184	0.93	-22.360425052227956	-0.8944170020891182
28.2274184	1.05	-9.513124041613342	-0.38052496166453365
28.227413	1.0	-7.320875709337719	-0.2928350283735088
11.62905828	0.96	-0.4304100289777659	-0.017216401159110637
11.62905828	1.05	-1.1900768515275042	-0.04760307406110017
11.62904159	0.94	-10.348525067067069	-0.41394100268268275
20.07127131	1.04	-4.700501848193557	-0.18802007392774228
20.07113	1.09	-0.6608736646101605	-0.02643494658440642
20.0711504	1.1	-0.8659809840932102	-0.03463923936372841
20.0711504	1.1	-9.63088741297269	-0.3852354965189076
20.0711504	1.1	-24.136992241335843	-0.9654796896534338
20.0708757	1.04	-9.472255705607978	-0.3788902282243191
2.99793191	1.07	-1.884386388362481	-0.07537545553449924
2.99792926	1.14	-10.111104611835941	-0.40444418447343766
2.99793191	1.07	-5.780460712576007	-0.23121842850304028
2.997905	1.13	-4.360237037030631	-0.17440948148122523
2.99793191	1.07	-11.709978368106423	-0.4683991347242569
2.99793191	1.11	-5.11428041980912	-0.20457121679236479
0.76486352	0.81	-13.603794449311506	-0.5441517779724603
0.76486493	0.81	-15.933028336893704	-0.6373211334757481
0.7648651	0.77	-4.515602549693668	-0.18062410198774673
0.76486352	0.84	-8.460300371619207	-0.3384120148647683
3.10762684	0.79	-4.136573238796325	-0.16546292955185302
3.10763873	0.94	-4.98540932079691	-0.19941637283187638
3.10763873	0.84	-0.612983687529048	-0.024519347501161918
3.10763873	0.88	-1.8581520958131132	-0.07432608383252454
3.10763873	0.94	-10.683754000472398	-0.4273501600188959
7.01062745	0.88	-5.396124888003751	-0.21584499552015005
7.0106324	0.82	-14.948171482785092	-0.5979268593114037
7.01062916	0.79	-10.03406666650058	-0.40136266666002324
60.866168	0.54	-4.877798880691726	-0.19511195522766905
60.866168	0.54	-7.412623653992084	-0.29650494615968337
60.86628	0.59	-2.4589460985081146	-0.09835784394032458
86.1150888	1.15	-6.46955242230916	-0.2587820968923664
86.1150888	1.15	-2.9277989707142913	-0.11711195882857166
86.11579044	1.03	-6.972518430973284	-0.27890073723893133
86.1150888	1.15	-17.736021973410963	-0.7094408789364386
86.11573945	1.03	-24.802786142866438	-0.9921114457146576
86.1151	1.07	-20.05916154250556	-0.8023664617002224
3.6146051	0.86	-1.1324778914355689	-0.045299115657422756
3.6146051	1.0	-15.932444091486765	-0.6372977636594707
3.6146051	0.86	-8.726605157367192	-0.3490642062946877
13.1829642	0.93	-9.137679490113577	-0.3655071796045431
13.1829642	0.93	-1.7654031134737056	-0.07061612453894822
13.1829329	0.85	-20.723295200889172	-0.8289318080355669
13.1829642	0.93	-2.3408259531052	-0.09363303812420799
13.1829642	0.84	-7.086063621652546	-0.2834425448661018
13.1829329	0.93	-0.7771431658364778	-0.031085726633459113
13.18309	0.91	-16.02757329076058	-0.6411029316304232
3.51576315	0.83	-2.450589404136795	-0.0980235761654718
3.51576315	0.8	-15.330202394182415	-0.6132080957672966
3.51576315	0.83	-8.178015227326767	-0.3271206090930707
3.51575492	0.81	-4.240021022285925	-0.16960084089143698
0.6364255	0.78	-8.021729720820623	-0.32086918883282495
0.63642405	0.86	-2.3287409710024622	-0.0931496388400985
0.63642485	0.86	-2.1112070070995115	-0.08444828028398046
1.49514952	0.91	-1.3888079407500282	-0.05555231763000113
1.4951513	0.98	-3.285228677952351	-0.13140914711809404
1.49514952	0.91	-12.226741807142643	-0.48906967228570575
1.49514952	0.91	-7.749747220843724	-0.30998988883374895
20.3505213	0.94	-5.104975748456935	-0.2041990299382774
20.3505213	1.02	-6.653865030110679	-0.2661546012044272
20.3505213	0.94	-10.205233954275979	-0.40820935817103915
20.35094013	1.03	-17.34196744723737	-0.6936786978894948
20.3505213	0.9	-12.510894704214842	-0.5004357881685937
42.5215895	1.01	-1.7419585652840877	-0.0696783426113635
42.5215895	1.01	-3.561527543400964	-0.14246110173603857
42.5215895	1.01	-2.5399990421979286	-0.10159996168791714
42.52152413	1.01	-7.118226594208477	-0.28472906376833906
42.5215895	1.01	-13.425094058820166	-0.5370037623528067
2.02414559	1.06	-16.97913982640044	-0.6791655930560176
2.02414559	0.93	-14.977087313631282	-0.5990834925452513
2.02414638	1.04	-8.976208733921212	-0.3590483493568485
2.02414357	1.04	-13.953574519256804	-0.5581429807702721
4.7617059	1.04	-8.23197127014883	-0.32927885080595315
4.761697	0.99	-1.092676249184425	-0.043707049967377
4.76170526	0.93	-7.002337690228559	-0.28009350760914237
4.76170526	0.93	-16.65103668612412	-0.6660414674449647
4.76170526	0.98	-9.52970043727667	-0.3811880174910668
4.76170513	1.04	-10.29341628401043	-0.4117366513604172
4.76170534	1.04	-10.15320305573173	-0.4061281222292692
41.80965969	1.04	-4.509206832294698	-0.18036827329178792
41.8100441	1.04	-9.027047988787821	-0.36108191955151286
41.80925	0.99	-12.168668187538852	-0.4867467275015541
41.8085031	1.04	-16.013395660193112	-0.6405358264077244
41.8087668	0.93	-6.387543929269398	-0.25550175717077594
6.69960006	0.82	-9.271924602927355	-0.3708769841170942
6.699662	0.82	-3.950185131791842	-0.1580074052716737
6.69953681	0.93	-14.246554471038209	-0.5698621788415283
6.69958851	0.93	-3.5268690799660085	-0.14107476319864035
6.69958851	0.9	-3.523798108170239	-0.14095192432680956
6.9131112	1.25	-7.728485218824995	-0.3091394087529998
6.9131112	1.17	-7.034397249663337	-0.2813758899865335
18.6051942	1.31	-21.663246470583175	-0.866529858823327
18.6052046	1.12	-10.238128439744628	-0.40952513758978515
18.60503	1.09	-7.585376599334967	-0.3034150639733987
18.6051942	1.31	-25.17817274782462	-1.0071269099129847
23.955378	0.93	-1.9957423485972903	-0.07982969394389161
23.9553986	0.93	-4.4613660225053815	-0.17845464090021526
23.955378	0.93	-2.845741265302583	-0.11382965061210332
29.6091744	0.86	-12.391221725785593	-0.49564886903142374
29.6091744	1.05	-6.9763531931922875	-0.2790541277276915
29.60913	1.0	-17.03682574205661	-0.6814730296822644
29.6099055	0.98	-24.392039042708547	-0.9756815617083419
14.4541302	0.97	-14.677908480025975	-0.587116339201039
14.4540329	0.71	-0.24081446136432794	-0.009632578454573118
14.45414	0.89	-2.9465862175240387	-0.11786344870096155
14.4541302	0.71	-4.305463091222862	-0.17221852364891446
14.2563227	1.09	-4.327542752159845	-0.1731017100863938
14.2563272	1.09	-14.777945235399459	-0.5911178094159784
14.2563227	1.02	-1.575230192956122	-0.06300920771824489
0.96897238	1.07	-6.257097655030337	-0.2502839062012135
0.96897238	1.01	-5.894479009009642	-0.2357791603603857
10.6761592	1.39	-15.898505927884536	-0.6359402371153814
10.67607169	1.58	-1.7376648372092982	-0.06950659348837193
10.67607169	1.28	-11.54290711778124	-0.46171628471124965
10.676185	1.23	-4.552652329798576	-0.18210609319194304
10.67607169	1.15	-7.1766082881700894	-0.2870643315268036
4.48487493	1.09	-4.152427263050356	-0.16609709052201424
4.48494315	1.1	-1.26507531796708	-0.0506030127186832
16.00749754	0.99	-10.286326504980902	-0.4114530601992361
16.00749754	1.06	-1.0139436298604168	-0.04055774519441667
16.00754	1.01	-8.895903335611127	-0.3558361334244451
27.08247084	0.99	-16.61830265237835	-0.664732106095134
27.08247084	1.06	-3.651353322964905	-0.1460541329185962
27.08247084	0.98	-0.18942600686567035	-0.0075770402746268145
27.08239734	0.99	-3.5935740360826043	-0.14374296144330417
2.46050993	0.62	-2.4911150817264853	-0.09964460326905941
2.46050095	0.62	-2.9158267597723175	-0.1166330703908927
2.46050993	0.77	-5.623116135797995	-0.22492464543191978
2.46050993	0.62	-0.569376574431421	-0.02277506297725684
2.46050993	0.62	-3.845582498409959	-0.15382329993639837
5.86601526	1.03	-8.791893678758301	-0.35167574715033206
5.866033	1.0	-1.086867545740628	-0.04347470182962512
5.8660127	1.0	-15.345757740947242	-0.6138303096378896
5.86601526	1.05	-0.6154866101669487	-0.02461946440667795
23.90956133	1.07	-13.856129577217477	-0.5542451830886991
23.91103	1.14	-13.23004705878779	-0.5292018823515116
23.9109011	1.09	-2.2614708801366006	-0.09045883520546402
23.9109011	1.08	-8.103238117940974	-0.32412952471763895
23.9109011	1.08	-9.212088437473684	-0.36848353749894736
4.13592927	1.07	-20.152243605991536	-0.8060897442396615
8.05333618	1.58	-6.828917363122952	-0.2731566945249181
8.05333618	1.06	-2.1788389988516266	-0.08715355995406507
8.05334	1.23	-5.499833584344551	-0.21999334337378204
4.45343281	1.24	-1.010224792703207	-0.04040899170812828
4.453434	1.25	-2.620096715758489	-0.10480386863033957
4.45343281	1.09	-2.609008819761166	-0.10436035279044664
4.45343281	1.24	-5.962423162148573	-0.23849692648594292
4.45343281	1.24	-7.8444962276937	-0.313779849107748
4.45342368	1.26	-15.401928537191075	-0.616077141487643
4.45342418	1.09	-9.377523920868798	-0.3751009568347519
9.705716	0.97	-7.054513654862798	-0.28218054619451194
9.70542	1.1	-5.963964414956581	-0.23855857659826324
9.705716	1.06	-30.012563948621537	-1.2005025579448616
10.9295461	0.93	-1.246474193631717	-0.04985896774526868
10.92944	0.97	-4.666872589481091	-0.18667490357924366
10.9295461	0.97	-11.409155315687661	-0.45636621262750643
2.31942009	0.97	-11.66859284475962	-0.4667437137903848
8.07400586	0.44	-12.610866290359795	-0.5044346516143918
8.07397517	0.44	-18.09364648438689	-0.7237458593754756
8.07392849	0.4	-14.933586441030497	-0.5973434576412199
8.07394097	0.43	-7.591363673323546	-0.30365454693294186
8.07394097	0.44	-11.457177199402874	-0.458287087976115
5.88527364	1.07	-6.475487176085961	-0.25901948704343847
5.88528169	1.05	-4.58470655836076	-0.1833882623344304
5.88528169	1.06	-12.201873053817014	-0.48807492215268056
5.88528169	1.06	-14.990480393701285	-0.5996192157480514
5.885221	1.15	-31.927200140123293	-1.2770880056049319
5.88528169	1.24	-12.46543465233272	-0.4986173860933088
5.88528169	1.06	-12.596491135165225	-0.503859645406609
10.104648	1.15	-11.787395198923823	-0.47149580795695295
10.10463505	1.24	-10.940105059382432	-0.4376042023752973
10.10463505	1.05	-2.3043376360509833	-0.09217350544203934
10.10463505	1.06	-6.5745415578359125	-0.2629816623134365
10.105	1.13	-10.43408843840219	-0.4173635375360876
10.10463142	1.12	-14.366763505521984	-0.5746705402208794
10.10463142	1.07	-1.8024876826648872	-0.07209950730659549
10.10463505	1.06	-11.054877427002852	-0.44219509708011406
10.10460901	1.12	-23.2515212469112	-0.930060849876448
39.8573627	1.01	-15.296551146449804	-0.6118620458579922
39.859484	0.98	-1.1596076909674193	-0.046384307638696776
39.859484	0.95	-0.7788805685997886	-0.031155222743991545
39.859484	0.95	-2.2009372901314377	-0.0880374916052575
39.85969074	1.01	-3.148356557016463	-0.12593426228065852
39.4419839	1.0	-5.789422796984211	-0.23157691187936846
39.4420781	0.98	-10.414098726207058	-0.4165639490482823
39.4419839	0.91	-5.87365380695274	-0.2349461522781096
39.4420781	1.11	-11.803986443904167	-0.4721594577561667
39.44131	0.97	-7.655833203444626	-0.30623332813778503
39.4419839	0.91	-3.774937202406009	-0.15099748809624036
81.4160138	1.32	-3.95628403785856	-0.1582513615143424
81.41635082	1.31	-8.778607860750048	-0.35114431443000194
81.41765841	1.31	-2.1928485001971447	-0.0877139400078858
81.4162941	1.34	-10.842728470152766	-0.4337091388061106
2.41811321	1.03	-5.9503145178942365	-0.23801258071576947
2.41810661	1.26	-10.71255015871372	-0.4285020063485488
2.41810158	1.14	-7.803987630362801	-0.3121595052145121
2.41810158	1.26	-11.379756189732472	-0.4551902475892989
33.42035034	0.99	-4.3734458843380555	-0.17493783537352223
33.42044377	1.01	-19.839760376966993	-0.7935904150786798
33.42035034	1.09	-11.340985783134549	-0.453639431325382
33.42035034	0.99	-1.4439333988529468	-0.057757335954117875
33.42035034	1.03	-7.483798346953153	-0.2993519338781261
10.60052251	1.04	-5.344186813326032	-0.2137674725330413
10.60052251	1.01	-15.784015600893236	-0.6313606240357295
10.60052251	1.01	-20.680354588814186	-0.8272141835525675
10.60052251	1.01	-1.2208970332071796	-0.04883588132828719
10.60052083	1.18	-4.948770203875874	-0.19795080815503496
10.60052083	1.01	-1.7702611713455365	-0.07081044685382146
10.60052251	1.13	-1.5685981702368568	-0.06274392680947427
0.68996783	0.78	-4.4364207441127865	-0.17745682976451146
0.68996783	0.97	-8.073188699640193	-0.32292754798560774
0.68996787	0.77	-6.1445522796921095	-0.24578209118768438
0.68996783	0.81	-2.7687238630355453	-0.11074895452142182
56.6747285	0.97	-6.515382224008794	-0.2606152889603518
56.6747285	1.03	-11.691274561679146	-0.46765098246716585
56.6746666	0.94	-1.863571839967288	-0.07454287359869152
56.67466525	1.0	-0.29621831716178737	-0.011848732686471495
12.27065865	1.05	-8.448869109099956	-0.33795476436399824
12.27057043	1.04	-6.696651768389079	-0.2678660707355632
12.27078741	1.04	-3.3962205644411285	-0.13584882257764513
13.22742265	1.05	-7.607281491694498	-0.3042912596677799
13.2274753	1.05	-13.055502154393785	-0.5222200861757514
13.2274528	1.24	-10.699585986157231	-0.42798343944628925
13.2274528	1.24	-1.8542966974192006	-0.07417186789676802
13.2274528	1.08	-0.1453087368124133	-0.005812349472496532
22.95059544	1.14	-3.575884542592692	-0.1430353817037077
22.95102	1.14	-18.721564389791123	-0.7488625755916449
22.95068896	1.32	-6.837648161745628	-0.27350592646982513
22.95068896	1.37	-2.581847096947738	-0.10327388387790952
42.88247951	1.14	-0.16141659517963336	-0.006456663807185335
42.88232415	1.32	-20.98876264061817	-0.8395505056247268
42.88232415	1.31	-20.567057069635787	-0.8226822827854315
42.882	1.32	-3.2345222529541156	-0.12938089011816462
42.88254	1.14	-4.571947987159295	-0.18287791948637183
54.5094166	0.61	-7.281248947643707	-0.2912499579057483
54.5094166	0.61	-10.267531053493755	-0.41070124213975023
54.5094166	0.71	-25.063715348526344	-1.0025486139410538
54.5094166	0.61	-18.126524057195567	-0.7250609622878227
35.622233	0.97	-17.705508398128003	-0.7082203359251201
35.622233	1.0	-3.3840561724641662	-0.13536224689856666
35.6225528	0.98	-1.5877823344944424	-0.06351129337977769
35.62219812	0.98	-9.859750872513107	-0.39439003490052427
35.6225528	0.97	-6.229707517779942	-0.24918830071119769
35.622233	0.97	-2.8929268153169194	-0.11571707261267677
42.913751	1.41	-1.296269609524459	-0.051850784380978364
42.91376733	1.07	-4.651071693990497	-0.1860428677596199
42.913751	1.07	-4.3054477388952295	-0.17221790955580918
42.9136635	1.42	-7.244795054574669	-0.2897918021829868
42.91411148	1.07	-26.69921798960521	-1.0679687195842085
42.913751	1.07	-0.5292987499283597	-0.021171949997134388
42.913751	1.07	-5.9139411719761945	-0.2365576468790478
47.1611696	1.07	-8.821165464537419	-0.35284661858149674
47.1611696	0.97	-6.07934470377691	-0.24317378815107643
47.1607932	1.07	-4.6227391859531926	-0.1849095674381277
47.0319479	0.82	-3.6718769658667365	-0.14687507863466948
47.0320478	0.88	-11.172678727041333	-0.44690714908165335
47.03006322	0.94	-15.600773582505568	-0.6240309433002227
47.0319479	0.82	-5.149109466427616	-0.20596437865710462
47.0320478	0.94	-20.13610188780639	-0.8054440755122556
49.27676	0.57	-1.2179880694863914	-0.048719522779455654
49.27668	0.54	-13.886674492030057	-0.5554669796812023
49.276764	0.55	-11.900791463930682	-0.4760316585572273
49.276764	0.55	-5.218424070353798	-0.20873696281415194
49.276764	0.62	-5.1269048615704	-0.205076194462816
49.276764	0.55	-4.8250937243663055	-0.19300374897465222
49.2768448	0.53	-16.958371974453065	-0.6783348789781226
18.1373829	0.64	-7.5857407184372025	-0.30342962873748813
18.1373788	0.64	-6.633554947742473	-0.26534219790969893
51.1104797	0.97	-14.774010353579005	-0.5909604141431603
51.1104797	1.05	-15.42152889759655	-0.616861155903862
51.1110243	0.97	-7.760712165421607	-0.3104284866168643
51.11000858	1.05	-9.269750778184187	-0.3707900311273675
51.1110243	1.01	-4.907398797579421	-0.19629595190317684
51.1110243	0.97	-7.912328713301653	-0.3164931485320661
51.1110243	0.97	-10.04041797368861	-0.4016167189475444
47.9872764	0.9	-14.46202996328115	-0.578481198531246
47.9869119	0.98	-11.26605288166196	-0.4506421152664784
47.9872764	0.9	-31.820574353562908	-1.2728229741425163
62.86862572	0.76	-7.945810579937635	-0.3178324231975054
62.8691611	0.82	-6.714140692550439	-0.2685656277020176
62.8692915	0.76	-9.137671388846337	-0.3655068555538535
62.869463	0.76	-29.66819349077099	-1.1867277396308396
31.15879749	0.99	-5.423658823994407	-0.21694635295977627
31.15857	1.09	-9.555956254365194	-0.3822382501746078
31.15879749	0.99	-2.652978680644534	-0.10611914722578136
31.15877609	1.08	-2.0198988694227027	-0.08079595477690811
31.15879749	1.08	-16.472692000583546	-0.6589076800233419
31.15879091	1.08	-6.135086694696998	-0.24540346778787991
31.1588249	1.01	-9.835659500787191	-0.39342638003148767
76.7324556	1.01	-5.687626902536797	-0.2275050761014719
76.7325168	0.99	-14.069095771159727	-0.5627638308463891
76.7325168	0.99	-0.5437362656960645	-0.02174945062784258
76.7325168	1.08	-3.3270455980125866	-0.13308182392050347
76.7325168	0.99	-8.522140778122795	-0.3408856311249118
76.73246607	1.08	-6.156629423129291	-0.24626517692517166
76.7325168	1.1	-22.32209768828772	-0.8928839075315088
76.7324556	1.08	-1.4473038210839786	-0.05789215284335914
29.9633247	0.62	-5.522353466671716	-0.22089413866686866
29.96306597	0.68	-18.216753950591876	-0.7286701580236751
29.96310912	0.68	-1.9563445920495852	-0.07825378368198341
29.9633247	0.7	-2.0065543352999424	-0.08026217341199769
29.9632816	0.68	-10.056260753263441	-0.40225043013053763
29.9632816	0.62	-11.303802303836031	-0.45215209215344127
29.9633247	0.62	-13.74631024297182	-0.5498524097188728
29.9633247	0.62	-10.785456971640496	-0.43141827886561984
29.34926797	0.78	-8.308898929646702	-0.3323559571858681
29.3493852	0.78	-9.283209327446052	-0.37132837309784206
29.3494775	0.79	-2.2268597538721933	-0.08907439015488773
29.3494775	0.77	-2.664971117896428	-0.10659884471585712
29.34947388	0.78	-17.77632275695881	-0.7110529102783524
65.6491001	0.92	-4.468256629437674	-0.17873026517750695
65.6491001	0.94	-11.049093209742335	-0.4419637283896934
65.6488341	0.92	-3.7122604278855693	-0.14849041711542277
65.64866461	0.94	-15.272879354257652	-0.610915174170306
25.15864	1.02	-10.263407883937898	-0.41053631535751595
25.15864	1.02	-17.63559654495112	-0.7054238617980448
25.15731341	0.98	-4.7511315351031955	-0.19004526140412784
25.15864	0.96	-9.61230736551437	-0.3844922946205748
31.7785901	0.77	-16.7654310493164	-0.670617241972656
31.7785901	0.77	-1.0147945325709569	-0.040591781302838276
31.7785901	0.77	-1.9607223809202727	-0.07842889523681092
31.7787564	0.77	-21.085993779115057	-0.8434397511646023
31.7785901	1.02	-21.59553294878377	-0.8638213179513509
31.77865569	1.0	-20.77188732652002	-0.8308754930608008
31.7785901	1.07	-7.89909927781523	-0.3159639711126092
5.32786292	0.77	-10.949981505236686	-0.43799926020946744
5.32784157	1.0	-3.7319481161531787	-0.14927792464612716
5.32786292	0.77	-13.92853860541913	-0.5571415442167652
31.82763672	0.72	-2.6753756617014366	-0.10701502646805747
31.8277111	0.75	-2.22133243623312	-0.08885329744932481
31.8277111	0.67	-13.217403301955546	-0.5286961320782219
31.827649	0.96	-14.17698855904722	-0.5670795423618888
31.8277111	0.67	-8.791805262563932	-0.35167221050255726
31.1748311	1.0	-10.605943015726249	-0.42423772062904996
31.1749846	1.0	-15.385229416566304	-0.6154091766626522
31.1750448	0.8	-6.1676110093128935	-0.24670444037251574
31.1750448	1.0	-7.909517244434239	-0.31638068977736955
31.1748311	1.0	-3.0652339178876007	-0.12260935671550403
47.05710359	0.91	-3.8013390933051676	-0.15205356373220671
47.0569043	0.82	-20.44030817198975	-0.81761232687959
47.05670887	0.91	-18.490572667250238	-0.7396229066900095
47.0569043	0.86	-5.555411444472609	-0.22221645777890436
47.0569043	0.82	-7.76367701247916	-0.3105470804991664
8.23977161	1.03	-6.162368620041109	-0.24649474480164438
8.23984869	1.02	-23.89648643228002	-0.9558594572912008
8.23984869	1.02	-8.49939939699761	-0.3399759758799044
8.23984869	1.04	-11.205047354716825	-0.448201894188673
3.54553077	1.03	-9.450208468003815	-0.3780083387201526
3.54553021	1.04	-24.937559640497437	-0.9975023856198975
3.54549347	1.03	-12.216679949148226	-0.48866719796592906
3.54553021	1.02	-5.694031708011354	-0.22776126832045418
19.59059906	1.07	-4.508875528814418	-0.1803550211525767
19.5906103	1.03	-8.707507084576138	-0.34830028338304553
21.8635301	0.88	-2.464721899588964	-0.09858887598355857
21.8635301	0.88	-3.2260959481023357	-0.12904383792409344
21.8634638	0.89	-10.861818351207425	-0.434472734048297
21.8635301	0.88	-5.246543256842942	-0.2098617302737177
21.86355817	0.88	-17.50752403399958	-0.7003009613599832
21.8635301	0.92	-7.701063991437161	-0.30804255965748645
21.8634638	0.88	-12.159926761203398	-0.4863970704481359
12.6119685	1.07	-18.478599072981172	-0.7391439629192469
12.61105742	1.07	-4.995135295887992	-0.19980541183551967
12.6109708	1.14	-1.118352011006546	-0.044734080440261836
12.6109708	1.1	-2.2721707322065927	-0.0908868292882637
12.6119685	1.11	-5.470692841246954	-0.21882771364987819
12.6109708	1.1	-18.660389486086416	-0.7464155794434566
33.418	0.98	-16.901872116157783	-0.6760748846463114
33.4160553	1.07	-1.227598903030004	-0.049103956121200165
33.4160034	1.1	-5.0506337286046055	-0.2020253491441842
33.4160034	1.1	-7.349074680314513	-0.2939629872125805
33.41573724	1.07	-6.777017789103085	-0.2710807115641234
33.4160553	1.11	-3.158841168549702	-0.12635364674198807
33.4160034	1.14	-21.865131828915906	-0.8746052731566363
33.41600279	1.07	-7.3922075526635	-0.29568830210654
16.2950903	0.78	-3.2435080852074645	-0.12974032340829858
16.2950903	0.78	-11.259217908235943	-0.4503687163294377
16.2950903	0.78	-17.015131510750514	-0.6806052604300206
16.2951259	0.8	-1.2013442313243985	-0.04805376925297594
3.63899398	0.79	-5.572675657793974	-0.22290702631175896
3.63899398	0.79	-5.595265273917416	-0.22381061095669666
3.63899398	0.95	-15.575378742101385	-0.6230151496840555
3.63901687	0.96	-7.494714524661008	-0.29978858098644035
3.63898953	0.93	-13.58031459711956	-0.5432125838847824
11.6044694	0.79	-6.680639934569752	-0.26722559738279006
11.6044881	0.93	-1.3299427064742868	-0.05319770825897147
11.6044694	0.79	-16.34449861636151	-0.6537799446544604
11.60449982	0.93	-12.064340783450909	-0.4825736313380364
11.6044881	0.96	-0.34745228542308904	-0.013898091416923561
38.1303324	1.14	-27.20162818064619	-1.0880651272258477
38.1312831	1.16	-2.7200631590488737	-0.10880252636195495
38.1312831	1.17	-9.939732573973611	-0.39758930295894446
38.1312831	1.17	-30.72617361421273	-1.2290469445685093
14.4273551	1.0	-2.1574450018794207	-0.08629780007517683
14.4273551	1.0	-1.9484916947074873	-0.0779396677882995
14.42735088	1.07	-8.610515238901623	-0.34442060955606496
14.4273551	1.0	-13.783919572607125	-0.551356782904285
14.42735088	1.0	-5.6885344391898185	-0.22754137756759274
36.4337867	0.94	-0.8875087307049079	-0.035500349228196316
36.4333452	1.04	-11.999968638432547	-0.4799987455373019
36.4333452	1.12	-3.538968876554319	-0.14155875506217278
36.4337867	0.99	-10.533574350849321	-0.42134297403397286
36.43381407	0.99	-7.138308316077035	-0.2855323326430814
36.43311097	0.99	-8.274534208672309	-0.33098136834689235
82.177374	1.02	-7.3482705558687265	-0.2939308222347491
82.175197	1.02	-4.47798045284504	-0.1791192181138016
10.35863224	1.0	-3.340768373254777	-0.1336307349301911
10.35857039	0.96	-6.250532332101523	-0.2500212932840609
10.35863224	1.0	-4.413180328318868	-0.1765272131327547
10.35857039	1.0	-14.624716819845656	-0.5849886727938263
11.55532445	0.85	-16.77531440754292	-0.6710125763017167
11.55638904	0.85	-5.178222440132879	-0.20712889760531517
11.55530021	0.76	-19.03808237589572	-0.7615232950358288
26.0840594	0.93	-9.288620425199223	-0.37154481700796893
26.0841212	0.93	-17.49781698905734	-0.6999126795622936
26.0840594	1.04	-1.0117419462244017	-0.04046967784897607
14.53260546	1.05	-3.2206956341764337	-0.12882782536705734
14.53253029	1.05	-3.522291204509076	-0.14089164818036304
14.53260546	1.02	-4.756725478504823	-0.19026901914019292
14.53261362	0.92	-7.285989652311955	-0.2914395860924782
14.53255917	1.05	-10.857556245498015	-0.4343022498199206
14.53261362	1.02	-5.403626250590657	-0.21614505002362627
14.53261362	1.02	-2.2647699982346845	-0.09059079992938739
14.53261362	1.02	-24.563875352472053	-0.9825550140988821
1.7293718	0.78	-9.744928307352602	-0.38979713229410407
1.72937253	0.83	-11.486906898061822	-0.45947627592247287
1.72936647	0.89	-1.2870869874928537	-0.05148347949971415
4.18004808	0.83	-6.59471993671739	-0.2637887974686956
4.18004955	0.89	-11.955089838074135	-0.47820359352296543
4.18004979	0.83	-27.15250597199411	-1.0861002388797645
4.1801057	0.83	-21.54041498649328	-0.8616165994597311
4.18004955	0.86	-3.1174340880996967	-0.12469736352398787
4.18004808	0.88	-2.885608739483613	-0.11542434957934453
51.8468788	0.83	-3.966806949751563	-0.1586722779900625
51.84688575	0.89	-5.4381461943718055	-0.21752584777487222
51.8468915	0.83	-14.651207152990656	-0.5860482861196262
51.84688575	0.89	-19.283716825317388	-0.7713486730126955
51.84688575	0.89	-2.0696453131645605	-0.08278581252658242
22.12672854	0.83	-16.102091269342942	-0.6440836507737177
22.12679948	0.85	-5.936079654647401	-0.23744318618589602
22.1270885	0.96	-4.2947447184942025	-0.1717897887397681
22.1270885	0.83	-15.570416209142536	-0.6228166483657015
5.94220998	0.77	-9.768345972184747	-0.3907338388873899
5.94220998	0.8	-8.700561755840635	-0.3480224702336254
5.94227462	0.75	-7.525651133260202	-0.30102604533040805
5.94228603	0.75	-21.912816271795467	-0.8765126508718187
5.94220998	0.77	-2.1675262939957505	-0.08670105175983002
12.25384348	0.93	-11.427715506362942	-0.4571086202545177
12.25384348	0.98	-2.134448123001167	-0.08537792492004669
12.25383217	0.88	-15.639018691477741	-0.6255607476591096
12.25383217	0.71	-2.2137826473816773	-0.0885513058952671
12.25383217	0.88	-3.406995262890062	-0.13627981051560248
12.25383217	0.71	-5.3481187811458355	-0.21392475124583343
12.2538907	0.98	-10.876341651351398	-0.43505366605405593
9.5084871	1.3	-3.56055953834925	-0.14242238153397
9.5084871	1.18	-5.64559124930959	-0.2258236499723836
9.50852238	1.18	-14.091917311630333	-0.5636766924652133
30.4549136	1.05	-19.484634626097698	-0.779385385043908
30.4544418	1.05	-3.5897030457840744	-0.143588121831363
19.9158863	1.1	-0.5909976061491211	-0.023639904245964845
19.91586679	1.1	-12.30360910616366	-0.49214436424654645
19.9158863	1.06	-4.910427628095635	-0.19641710512382543
19.9157725	1.07	-4.5712544684141125	-0.1828501787365645
19.9157725	1.11	-20.169065068893843	-0.8067626027557537
54.6493679	1.03	-8.50302451193178	-0.34012098047727124
54.6495759	1.08	-0.8343070528573135	-0.033372282114292544
54.64975591	1.03	-18.625957290792563	-0.7450382916317025
54.6495759	1.08	-7.768319222528263	-0.31073276890113055
54.65379888	1.03	-8.107594983141103	-0.3243037993256441
54.6495759	1.08	-3.675510240553313	-0.14702040962213253
54.6493679	1.03	-4.206777643297448	-0.16827110573189794
7.31945294	1.8	-6.284710790505583	-0.25138843162022334
7.31891492	1.29	-8.872791114586107	-0.3549116445834443
7.31946363	1.03	-0.677711903865855	-0.0271084761546342
7.31946363	1.38	-3.597749028757735	-0.1439099611503094
7.31945294	1.29	-11.59060523943415	-0.46362420957736605
35.80035721	1.29	-20.119576145958558	-0.8047830458383424
35.8022845	1.03	-10.753394332874313	-0.43013577331497255
35.8022845	1.03	-12.825026082048923	-0.513001043281957
39.818832	1.03	-2.090265873598596	-0.08361063494394384
39.8189932	0.99	-13.29082678640261	-0.5316330714561044
39.8189932	1.18	-0.6812362784036048	-0.02724945113614419
6.15828666	1.0	-17.79394513465353	-0.7117578053861412
6.15827512	0.99	-11.135672857210432	-0.4454269142884173
6.15827512	0.99	-1.1964911711251418	-0.047859646845005675
6.15827512	0.99	-12.249378766752315	-0.4899751506700926
82.294751	0.9	-1.6563793350662197	-0.06625517340264879
0.680741	0.98	-19.246334020599217	-0.7698533608239687
29.1989838	0.85	-1.166850665871162	-0.04667402663484648
29.1989838	0.85	-8.433780641572092	-0.33735122566288367
29.19895464	0.93	-15.886385079908834	-0.6354554031963534
29.1989838	1.01	-18.90444455764184	-0.7561777823056736
29.1989838	0.92	-4.237359294712672	-0.16949437178850688
29.19899219	0.93	-16.95724952831334	-0.6782899811325337
29.19899219	0.93	-4.129631891450572	-0.16518527565802288
29.1989838	0.85	-1.8445100032517088	-0.07378040013006835
55.3285813	0.85	-0.8520165121903829	-0.034080660487615315
55.32914263	0.93	-3.128762129060714	-0.12515048516242858
55.3285	0.91	-29.433152761991963	-1.1773261104796786
55.3291399	0.93	-7.926082682578368	-0.31704330730313474
55.3285813	1.01	-7.626375153799317	-0.3050550061519727
55.3285813	0.85	-22.667907257397662	-0.9067162902959065
55.3290939	0.93	-11.16728642744166	-0.4466914570976664
160.0200597	0.85	-3.9729583556673953	-0.15891833422669582
160.0192407	0.93	-6.458914807913777	-0.25835659231655106
160.0172	0.91	-2.553749810077602	-0.10214999240310409
160.0200597	0.85	-9.83153828457359	-0.3932615313829436
160.01936173	0.93	-10.399876737742805	-0.4159950695097122
160.0200597	1.01	-8.432604671389523	-0.33730418685558095
92.436978	0.96	-20.725174525986766	-0.8290069810394707
92.4362973	0.81	-4.343298595241263	-0.17373194380965054
92.4362973	0.81	-1.043874793721352	-0.04175499174885408
92.43665886	0.96	-11.120354613066537	-0.44481418452266147
16.5861762	1.01	-2.882116675081809	-0.11528466700327236
16.5860329	0.99	-8.326664690494074	-0.33306658761976293
16.5861762	1.0	-12.631515138065614	-0.5052606055226245
16.58589758	0.98	-27.68167557354615	-1.107267022941846
61.5685997	0.99	-4.7385777965445435	-0.18954311186178174
61.569462	1.01	-19.777934773676996	-0.7911173909470799
61.569765	0.99	-11.967941854957997	-0.4787176741983199
16.75247397	0.71	-16.366558123148437	-0.6546623249259375
16.7525077	0.71	-11.32527418420343	-0.4530109673681372
16.75255007	0.95	-6.018680558792162	-0.24074722235168647
15.0217983	0.71	-0.542213170241473	-0.02168852680965892
15.0219784	1.01	-13.500375417259685	-0.5400150166903874
15.0217983	0.71	-24.053032047901212	-0.9621212819160485
15.0217983	0.71	-7.140539098273597	-0.2856215639309439
91.080482	1.01	-0.3750412088073123	-0.015001648352292491
91.07862718	1.01	-4.76344454908995	-0.19053778196359802
91.08184518	1.01	-3.5419651700065833	-0.14167860680026334
91.078624	1.01	-14.146063381746046	-0.5658425352698419
91.078624	1.01	-3.7032297646303762	-0.14812919058521506
91.080482	1.01	-16.36535391543541	-0.6546141566174164
85.273256	0.91	-12.221423800750744	-0.48885695203002977
85.273256	0.91	-0.6533395051447473	-0.026133580205789892
85.273256	0.91	-7.2257779567459774	-0.2890311182698391
64.6588017	1.18	-3.173244264712196	-0.12692977058848784
64.6589166	1.05	-3.3198484089485736	-0.13279393635794295
64.6588017	1.1	-6.648499997759475	-0.26593999991037903
64.6588017	1.1	-17.36272032949455	-0.694508813179782
64.6589166	1.05	-15.607494228162846	-0.6242997691265139
64.6584379	1.05	-13.295499520485334	-0.5318199808194134
8.74199772	1.0	-2.94044511631545	-0.11761780465261801
8.74199772	1.0	-1.0132669010428113	-0.04053067604171245
8.74192361	0.95	-20.77293331631622	-0.8309173326526488
8.74199772	1.0	-9.801668218962902	-0.3920667287585161
48.051405	0.83	-3.573259663460131	-0.14293038653840526
48.051405	0.83	-25.610888276610215	-1.0244355310644087
48.0506878	0.93	-0.4175590760796144	-0.016702363043184575
48.051405	0.83	-1.9585658843510108	-0.07834263537404043
44.20412551	0.81	-14.579702327260252	-0.5831880930904101
44.2018402	0.81	-17.821871862141414	-0.7128748744856566
44.2018402	0.72	-5.969877913215342	-0.23879511652861368
44.2008	0.85	-5.6021665871891235	-0.22408666348756495
44.2008	0.82	-20.667190425702586	-0.8266876170281034
44.2008	0.72	-2.074234818237711	-0.08296939272950844
4.94278327	1.13	-0.7959019145578663	-0.03183607658231465
4.9427834	1.0	-25.02652520340189	-1.0010610081360756
4.942782	1.08	-8.153280407512192	-0.3261312163004877
4.9427834	1.0	-7.508420958674063	-0.3003368383469625
4.9427834	1.05	-14.823024190562954	-0.5929209676225182
4.94278342	1.0	-6.164796794399074	-0.24659187177596295
4.942782	1.02	-3.8756355492341816	-0.15502542196936728
3.42806306	0.9	-9.163962580671287	-0.36655850322685146
3.42806306	0.97	-13.565610981241676	-0.5426244392496671
3.42804168	0.96	-16.724474396474477	-0.6689789758589791
3.42804168	0.96	-1.516224019950849	-0.06064896079803396
3.42804168	0.94	-5.301086792573874	-0.21204347170295496
3.42804989	0.97	-2.529249172757013	-0.10116996691028053
3.42804168	0.96	-8.556262489884382	-0.3422504995953753
7.381996	0.97	-13.344942855451716	-0.5337977142180687
7.38197725	0.96	-8.932739015134924	-0.357309560605397
7.38197725	0.94	-6.239499746794558	-0.24957998987178234
7.38197725	0.96	-0.15608186821002556	-0.006243274728401023
7.38197725	0.96	-7.720816539776136	-0.30883266159104544
7.38198021	0.97	-8.042594312527495	-0.32170377250109977
12.56096618	0.9	-5.427733684780629	-0.21710934739122514
12.56096618	0.97	-5.361222197806555	-0.2144488879122622
12.56092703	0.97	-3.637919915144315	-0.1455167966057726
12.56092796	0.96	-25.302995075204596	-1.012119803008184
30.8261043	0.9	-1.721235929227027	-0.06884943716908108
30.82701	0.97	-5.656374045855367	-0.22625496183421467
30.8264713	0.96	-12.376925418945188	-0.4950770167578075
30.8264713	0.96	-7.05367065757227	-0.2821468263028908
30.82583565	0.97	-24.013455459191682	-0.9605382183676673
637.2093	0.97	-6.347675245189972	-0.2539070098075989
15.0330105	0.84	-2.1138825832211334	-0.08455530332884534
15.0330623	1.08	-2.250137007677188	-0.09000548030708752
15.0330105	0.84	-8.631114546810043	-0.3452445818724017
15.0330105	1.0	-3.0819828092526467	-0.12327931237010586
15.0330105	0.84	-7.123647578206314	-0.2849459031282526
14.5565618	1.16	-17.840277358464167	-0.7136110943385667
14.5564533	0.98	-6.092769759734581	-0.24371079038938323
14.5565618	1.2	-5.930066327227799	-0.23720265308911195
14.5564533	1.2	-4.4268534076243755	-0.177074136304975
14.55664151	1.2	-8.241279134243172	-0.3296511653697269
41.7083629	1.17	-2.216318373437023	-0.08865273493748092
41.70964786	1.44	-11.466871483663809	-0.4586748593465524
41.7084063	1.44	-9.71896272579314	-0.38875850903172565
41.7084063	1.17	-1.7083084504657478	-0.06833233801862991
96.16900198	0.77	-10.777121074991898	-0.4310848429996759
96.16987	0.76	-13.624661619356536	-0.5449864647742614
96.16987	0.77	-11.906259119637827	-0.4762503647855131
96.169569	0.77	-10.353401763557297	-0.4141360705422919
96.169569	0.78	-11.31512552035246	-0.4526050208140984
96.16987	0.76	-2.581856524719194	-0.10327426098876777
96.16664672	0.77	-7.419430595634466	-0.2967772238253787
82.30962532	0.97	-5.740503551967981	-0.22962014207871925
82.304003	0.89	-1.516170814564537	-0.06064683258258148
82.303914	0.97	-11.01108099681321	-0.44044323987252837
82.304003	0.85	-17.153709576125785	-0.6861483830450313
82.303914	1.0	-12.070077640665358	-0.4828031056266143
82.304003	0.89	-2.05376209415596	-0.08215048376623839
30.8609366	0.97	-7.8621333705773	-0.31448533482309204
30.8609366	0.93	-1.2719556736788051	-0.05087822694715221
30.8609783	0.9	-9.741590365252524	-0.38966361461010096
30.860888	0.99	-8.9030137713012	-0.356120550852048
14.0328775	1.0	-12.748225515695218	-0.5099290206278088
14.0329154	1.08	-3.117274484304439	-0.12469097937217756
14.0329154	0.95	-9.867357704031654	-0.39469430816126616
14.0329154	1.08	-2.2748248089662186	-0.09099299235864874
14.03208101	1.0	-0.5956374600742698	-0.023825498402970793
16.0505464	0.92	-8.432643773715887	-0.33730575094863546
16.05050834	0.92	-10.367429667810967	-0.4146971867124387
16.0506213	0.8	-4.647482562574265	-0.1858993025029706
20.7056504	0.82	-4.209966943189874	-0.16839867772759498
20.7056504	0.82	-0.37158726372370765	-0.014863490548948307
20.7056504	0.82	-4.244955245650217	-0.16979820982600866
20.7057153	1.12	-6.883202305658855	-0.27532809222635424
25.4338197	1.07	-2.3071954639938035	-0.09228781855975214
25.4338197	1.07	-9.222065795362388	-0.36888263181449554
25.4338197	1.0	-5.163244969340484	-0.20652979877361938
25.4338197	1.07	-2.066629689517759	-0.08266518758071037
15.22895514	0.91	-23.28246363045651	-0.9312985452182604
15.22895514	0.88	-11.534794241525377	-0.4613917696610151
15.228997	0.86	-5.605455216547385	-0.22421820866189543
15.22896598	0.91	-1.8553895941996321	-0.07421558376798529
15.22895698	0.87	-8.898341532942498	-0.35593366131769993
24.67464211	0.87	-23.68109042583425	-0.94724361703337
24.67424	0.86	-4.386890576612775	-0.17547562306451098
24.67486397	0.91	-3.3002227483738293	-0.13200890993495318
24.67458244	0.88	-22.923428535158806	-0.9169371414063523
24.67464211	0.87	-13.782404958068488	-0.5512961983227396
84.703921	1.09	-0.7913136095327145	-0.03165254438130858
84.70362945	1.13	-2.7923859007415572	-0.1116954360296623
84.703921	1.09	-19.161150424860743	-0.7664460169944297
84.703921	1.09	-7.2775224203870685	-0.29110089681548273
84.70686888	1.13	-3.1500733905242213	-0.12600293562096884
84.704139	1.27	-3.8861345902424604	-0.15544538360969842
84.703921	1.19	-8.185528100874906	-0.32742112403499624
84.704139	1.13	-9.640788740908423	-0.38563154963633695
23.23801825	1.41	-12.22098613393119	-0.4888394453572476
23.23853558	1.41	-5.395063575217723	-0.2158025430087089
23.2382792	1.33	-19.073957836956797	-0.7629583134782719
23.2385587	1.41	-13.007038623227219	-0.5202815449290887
20.35972599	0.82	-21.237927208523345	-0.8495170883409339
20.359722	0.42	-6.355645448564137	-0.2542258179425655
20.35972599	0.7	-4.415904059598401	-0.17663616238393606
20.35972599	0.7	-6.508003318075161	-0.26032013272300647
20.35971899	0.35	-2.5375515792030416	-0.10150206316812167
160.88465087	0.82	-21.427082842103168	-0.8570833136841267
160.88451966	0.95	-3.649947009034608	-0.1459978803613843
160.88451966	0.82	-2.151234158799078	-0.08604936635196313
160.88465087	0.95	-15.07819436996037	-0.6031277747984148
160.88465087	0.82	-1.2912755563644	-0.051651022254576004
160.88465087	0.99	-15.293771224381679	-0.6117508489752672
217.8317626	1.09	-12.596932408750266	-0.5038772963500107
217.83184293	1.21	-12.329722775103074	-0.49318891100412293
217.8317626	1.09	-7.608923306515007	-0.3043569322606003
217.8317626	1.19	-19.573227446059835	-0.7829290978423934
217.8317626	1.21	-6.891476583352565	-0.2756590633341026
217.83184	1.2	-1.574652517232088	-0.06298610068928352
10.5141	1.18	-2.42422143897081	-0.0969688575588324
10.51421162	1.21	-7.918199424961595	-0.31672797699846383
10.51420148	1.09	-2.0358669687806805	-0.08143467875122722
10.51421162	1.18	-0.5222582881210542	-0.02089033152484217
10.514181	1.2	-10.707528052625133	-0.4283011221050053
10.51420148	1.19	-1.21979234392831	-0.0487916937571324
10.51420148	1.09	-3.0455237495764034	-0.12182094998305613
214.3114164	1.24	-11.34931761423822	-0.4539727045695288
214.3114164	1.2	-12.304674261342901	-0.49218697045371607
214.3120439	1.3	-7.525833234810767	-0.30103332939243066
214.3114164	1.2	-23.009138879158265	-0.9203655551663306
214.3120439	1.31	-6.067727703779653	-0.24270910815118613
214.3114164	1.2	-13.190904898802277	-0.5276361959520911
7.25931979	0.94	-3.763040407935802	-0.15052161631743208
7.25922435	1.03	-8.247550960890187	-0.3299020384356075
7.25933784	1.03	-0.9391843761757361	-0.03756737504702944
7.25931979	0.94	-7.706315942043628	-0.3082526376817451
7.25931979	1.04	-2.2902284832216178	-0.0916091393288647
5.54608309	1.53	-1.098851573274044	-0.04395406293096176
5.54608367	2.05	-13.101188900902741	-0.5240475560361096
5.54608309	2.05	-18.608123590631976	-0.744324943625279
5.54608431	1.53	-4.124990700560125	-0.164999628022405
5.54608367	2.05	-20.799956999950616	-0.8319982799980247
5.54608449	1.53	-18.538200581493047	-0.7415280232597219
5.11177904	1.06	-9.787589460015377	-0.3915035784006151
5.11177904	1.06	-15.209950541484432	-0.6083980216593773
5.1117547	1.06	-6.897744144243639	-0.2759097657697456
9.6310258	1.49	-8.877637304813906	-0.3551054921925562
9.630953	1.06	-10.581379619129905	-0.4232551847651962
9.630953	1.06	-13.615263322386335	-0.5446105328954535
240.7989397	0.94	-1.7764327692060025	-0.0710573107682401
240.7989397	0.97	-7.3615059640138245	-0.294460238560553
18.20796067	0.84	-9.043021508311114	-0.36172086033244455
18.208009	0.83	-5.1936888802876515	-0.20774755521150606
18.20795693	0.85	-6.207122608266653	-0.24828490433066613
18.20795693	0.85	-7.947941123169852	-0.3179176449267941
18.20795693	0.78	-3.681088676757194	-0.14724354707028778
88.25556297	0.84	-11.61931866509701	-0.4647727466038804
88.2553729	0.83	-14.564975018486242	-0.5825990007394497
88.2553544	0.83	-35.418790995389834	-1.4167516398155935
88.2553544	0.78	-18.846521430271565	-0.7538608572108626
88.2553729	0.84	-10.570157035171604	-0.42280628140686416
88.2553544	0.85	-0.555665754410529	-0.02222663017642116
88.2553544	0.85	-11.85362905197572	-0.4741451620790288
0.65355357	0.67	-15.198223729096688	-0.6079289491638675
0.65355357	0.76	-5.224335621794596	-0.20897342487178386
0.65355361	0.67	-1.255368430221437	-0.05021473720885748
0.65355357	0.67	-7.170627741868871	-0.28682510967475483
47.14840805	1.03	-15.465879363956608	-0.6186351745582643
47.14840805	1.03	-0.46473089032494386	-0.018589235612997756
47.14848476	0.82	-10.45591305568129	-0.4182365222272516
47.14840805	0.78	-6.709123345745549	-0.26836493382982196
47.1484324	0.82	-5.740755424713215	-0.2296302169885286
47.14845936	0.82	-8.568861620379446	-0.34275446481517785
47.14840805	1.03	-4.295898151688988	-0.1718359260675595
1.84788917	0.94	-22.185848677220733	-0.8874339470888293
1.84789274	0.94	-13.62246016052212	-0.5448984064208848
0.93875022	0.96	-15.913181057874562	-0.6365272423149825
0.93875077	1.02	-3.568775906892843	-0.14275103627571373
0.93875077	1.02	-25.96482140459011	-1.0385928561836044
0.93875077	0.98	-5.574427869374357	-0.2229771147749743
0.93875022	0.96	-13.803297625839528	-0.5521319050335811
0.93875077	0.97	-3.1504565699334846	-0.12601826279733938
0.93875077	1.02	-1.5809195384376178	-0.06323678153750471
70.96709728	1.04	-9.779646238425212	-0.39118584953700847
70.9672087	1.03	-12.445342314673823	-0.49781369258695296
70.9672087	1.04	-19.316580451632383	-0.7726632180652954
70.9674603	0.88	-10.037685797914998	-0.40150743191659993
2.41660118	1.07	-18.244216940796594	-0.7297686776318638
2.41660149	1.07	-10.747303827427777	-0.4298921530971111
2.41660118	1.01	-3.9952817010181434	-0.15981126804072573
2.41660118	1.01	-4.02738843118315	-0.161095537247326
2.41660149	0.98	-4.524157420749721	-0.18096629682998885
3.908632	0.64	-10.162560826197327	-0.4065024330478931
3.90863457	0.72	-9.60931689489845	-0.38437267579593803
3.908632	0.64	-16.3534131555162	-0.654136526220648
3.9086427	0.72	-19.78255455516081	-0.7913021822064324
3.908632	0.73	-9.371483089586011	-0.37485932358344043
3.908632	0.64	-15.805664303250374	-0.632226572130015
160.130899	1.28	-6.415431290414543	-0.2566172516165817
160.13146407	1.08	-1.7082197755745283	-0.06832879102298113
160.129918	0.99	-4.4872360162198	-0.179489440648792
1.79110997	1.03	-4.162590796584764	-0.16650363186339057
1.79111595	1.03	-10.52945466066868	-0.4211781864267472
1.79111021	1.03	-6.362691600939831	-0.25450766403759323
5.33905686	0.68	-4.738384133228074	-0.18953536532912296
5.33905686	0.68	-12.649238932810498	-0.5059695573124199
5.33905686	0.68	-30.7808628735827	-1.231234514943308
5.33905606	0.8	-4.727296725731705	-0.1890918690292682
5.33905606	0.68	-6.27764548369422	-0.2511058193477688
18.87021566	0.76	-8.353774825584551	-0.3341509930233821
18.870214	0.82	-4.31069063722229	-0.17242762548889162
18.87021252	0.91	-11.226980211745238	-0.44907920846980953
18.87020444	0.91	-2.7918037735326826	-0.11167215094130731
18.87021566	0.77	-4.8148963250511905	-0.19259585300204762
18.87022157	0.91	-1.4627373554488743	-0.058509494217954976
18.87021566	0.77	-2.8627538259806595	-0.11451015303922639
18.87021566	0.83	-0.5803252828323915	-0.02321301131329566
46.9025112	0.77	-1.6748599095614272	-0.06699439638245709
46.9025112	0.83	-5.7310057599549085	-0.22924023039819635
46.9025112	0.77	-17.731757949066633	-0.7092703179626654
46.9025112	0.76	-0.4380844246819755	-0.01752337698727902
46.90191	0.82	-9.009737012081548	-0.3603894804832619
2.5904434	0.92	-4.49603081337125	-0.17984123253485
2.5904434	0.89	-11.8602898922419	-0.474411595689676
2.5903958	0.92	-7.0044414656247795	-0.28017765862499117
2.5904434	1.01	-5.117774046100312	-0.20471096184401247
2.59040738	0.92	-5.760508810033025	-0.23042035240132103
2.5904434	1.01	-21.731970130914522	-0.869278805236581
2.59033584	0.92	-3.3957184739866078	-0.13582873895946432
5.3227406	0.92	-2.26989301569591	-0.0907957206278364
5.3235335	0.92	-2.4597987923644498	-0.098391951694578
5.3227406	1.01	-11.555119341438038	-0.46220477365752155
5.3227406	0.89	-0.6557864255542525	-0.0262314570221701
5.32456633	0.92	-3.1912893816485925	-0.1276515752659437
5.3227406	1.01	-8.744292988440371	-0.3497717195376148
9.2075634	0.92	-5.383296289659627	-0.21533185158638507
9.20761013	1.01	-0.8127245296095129	-0.03250898118438052
9.2077989	1.01	-16.56252324784946	-0.6625009299139784
9.2075634	1.01	-0.82493134813586	-0.0329972539254344
9.2077989	1.01	-8.88812106815502	-0.3555248427262008
9.20809062	0.92	-17.343647304888428	-0.6937458921955372
1.13854589	1.2	-13.848790430475358	-0.5539516172190143
1.13854338	1.05	-18.354905455599823	-0.734196218223993
1.13854338	1.1	-0.7764695623008337	-0.03105878249203335
1.13854338	1.05	-6.462489215019043	-0.25849956860076173
1.13854821	1.2	-8.990673543341583	-0.35962694173366333
1.09366356	0.96	-2.58480856018241	-0.1033923424072964
308.5471	1.08	-21.53735440322051	-0.8614941761288205
308.5471	1.31	-6.776878567285226	-0.27107514269140903
308.544422	1.32	-16.7401928773733	-0.669607715094932
308.5471	1.08	-24.25261889355596	-0.9701047557422385
5.71668787	0.88	-1.2774024968281816	-0.051096099873127264
5.71668872	0.88	-5.857073638073947	-0.2342829455229579
5.71668872	0.88	-22.209866180908975	-0.888394647236359
5.71668872	0.9	-8.37052693427853	-0.3348210773711412
138.9442	0.93	-14.459248114586448	-0.5783699245834579
138.9442	0.93	-13.771625794895414	-0.5508650317958166
138.9442	1.08	-0.42150684920124304	-0.016860273968049722
138.9442	0.93	-14.491068208501577	-0.5796427283400631
364.758031	0.71	-1.0741857488855182	-0.04296742995542073
364.758031	0.62	-7.757985478581675	-0.310319419143267
1.44445234	0.83	-6.189835961027857	-0.24759343844111428
1.44445463	0.83	-11.46543150732294	-0.4586172602929176
1.44445234	0.94	-9.249282607252011	-0.36997130429008046
1.4444538	0.94	-1.046703179083548	-0.04186812716334192
1.4444538	0.81	-7.760873049169294	-0.31043492196677175
1.4444538	0.94	-4.78145250924705	-0.191258100369882
175.138819	1.11	-22.7010664926643	-0.908042659706572
175.138819	1.11	-3.676095322785729	-0.14704381291142915
175.14020053	1.04	-7.053678093122019	-0.28214712372488077
175.13892	0.98	-6.299319597468171	-0.25197278389872685
175.13796456	1.04	-1.2886039046658957	-0.051544156186635826
133.3036741	0.84	-15.225314224663451	-0.6090125689865381
133.303247	0.84	-0.415259906852119	-0.01661039627408476
133.3036741	0.82	-3.9959372171459577	-0.1598374886858383
33.0405635	0.93	-11.935027989220199	-0.477401119568808
33.0405635	0.92	-11.829410933453293	-0.4731764373381317
33.0405635	0.98	-9.112770956827877	-0.3645108382731151
33.0405509	0.9	-12.942905282216476	-0.5177162112886591
62.3026877	1.03	-0.6216082424596407	-0.02486432969838563
62.3027873	0.92	-18.189252389790802	-0.7275700955916321
62.3026877	0.9	-18.22536313972574	-0.7290145255890296
62.3027873	0.92	-25.14313022279125	-1.00572520891165
62.3027873	0.93	-18.829469320515663	-0.7531787728206265
62.30261745	1.03	-6.114545684097333	-0.24458182736389333
62.3027873	0.98	-19.373642464162113	-0.7749456985664845
20.5498079	1.03	-0.3054577145880719	-0.012218308583522876
20.54981883	0.98	-0.3553229543179295	-0.014212918172717179
20.5498184	0.9	-12.286203994260903	-0.49144815977043615
20.54981883	0.92	-1.9141451539212768	-0.07656580615685107
3.93276627	1.03	-3.8320168440576667	-0.15328067376230667
3.93276465	0.98	-1.9345344884953997	-0.07738137953981598
3.93276465	0.92	-12.214824846513395	-0.4885929938605358
3.93276627	0.9	-7.500730705419413	-0.3000292282167765
3.93276465	0.92	-23.08234060285715	-0.9232936241142861
3.93276465	0.93	-6.194610784765444	-0.24778443139061776
3.93276465	0.92	-26.09514910258251	-1.0438059641033004
9.91935684	0.92	-10.755048578948832	-0.4302019431579533
9.91923796	1.03	-4.208595159237853	-0.16834380636951413
9.91937693	0.9	-5.791439602680139	-0.23165758410720558
9.91935684	0.92	-8.997023481486744	-0.3598809392594698
9.91937693	1.03	-7.69485599455211	-0.30779423978208437
9.91935684	0.98	-11.32357481460264	-0.45294299258410564
125.4131177	0.63	-21.366087160358376	-0.8546434864143351
125.4131177	0.63	-3.6001647403026484	-0.14400658961210594
125.4132302	0.68	-25.34927984277956	-1.0139711937111824
125.4132302	0.73	-7.73462122016164	-0.3093848488064656
8.40693068	0.91	-5.075672562810751	-0.20302690251243005
8.40693068	0.9	-14.32384319233471	-0.5729537276933884
8.40691199	0.9	-2.912821924064512	-0.11651287696258049
3.95116882	0.87	-5.878966224420047	-0.2351586489768019
3.95116882	0.87	-13.799721988595488	-0.5519888795438196
2.89223021	0.92	-2.5076185200390726	-0.1003047408015629
2.89223021	0.87	-0.15930664024146024	-0.00637226560965841
2.89223021	0.87	-28.234204351405292	-1.1293681740562118
2.89223021	0.94	-8.785204758584635	-0.35140819034338544
5.99273738	0.87	-1.0428325035729706	-0.041713300142918824
5.99273265	0.93	-1.9675584944268414	-0.07870233977707365
5.99218093	0.99	-10.359304182521353	-0.41437216730085413
5.99273265	0.99	-7.108536668489706	-0.28434146673958827
5.10115756	0.87	-14.614653968490808	-0.5845861587396324
5.10110666	0.99	-16.956890650719792	-0.6782756260287917
6.96704926	1.79	-12.061635798400806	-0.48246543193603225
6.96740698	1.39	-12.399120307557439	-0.49596481230229755
6.96704926	1.39	-19.07254084404473	-0.7629016337617892
6.96710269	1.43	-2.157510662967783	-0.08630042651871132
6.96710269	1.39	-12.849137289491546	-0.5139654915796619
168.8116	0.74	-24.92118538840046	-0.9968474155360184
168.81133	0.77	-2.938342565113303	-0.11753370260453211
168.81128288	0.77	-0.7510710087039041	-0.030042840348156165
168.811174	0.73	-5.507411347476933	-0.22029645389907732
168.811174	0.81	-7.371718725618417	-0.2948687490247367
168.811174	0.76	-10.015462106948377	-0.40061848427793506
163.692349	0.89	-6.977512023032406	-0.27910048092129625
163.692349	0.89	-1.9455142150687894	-0.07782056860275158
163.69225235	0.86	-24.320994666924022	-0.9728397866769609
163.692349	0.84	-9.10582688039036	-0.36423307521561443
163.692349	0.89	-18.041226343371953	-0.7216490537348781
19.5974971	0.95	-5.669359032691423	-0.22677436130765694
19.597317	0.88	-10.437778993342032	-0.4175111597336813
19.5974971	0.88	-8.317020269120597	-0.3326808107648239
19.5974971	0.88	-5.32164258835794	-0.2128657035343176
0.69297968	0.98	-3.7130378473021723	-0.1485215138920869
0.69297846	1.24	-3.7609054663252977	-0.1504362186530119
124.828679	0.94	-10.484952230555097	-0.4193980892222039
124.828679	0.94	-6.934109978292085	-0.2773643991316834
124.82850669	0.99	-4.59811385210719	-0.1839245540842876
124.827797	0.99	-1.0804051634616765	-0.04321620653846706
214.88715896	0.87	-16.918249786116736	-0.6767299914446694
214.886545	0.97	-7.415888637033311	-0.2966355454813325
214.881456	0.87	-4.311748957286413	-0.17246995829145653
5.93119294	0.56	-22.624365753519243	-0.9049746301407697
5.9311924	0.54	-21.590768935099682	-0.8636307574039873
5.931217	0.64	-5.672919406429803	-0.22691677625719212
5.93119656	0.68	-16.340191218155507	-0.6536076487262202
5.93120384	0.56	-10.7546406224921	-0.43018562489968404
5.93119656	0.56	-0.8198112737521539	-0.032792450950086156
5.93119294	0.56	-18.366197343261412	-0.7346478937304565
5.93119294	0.72	-5.489929253384614	-0.21959717013538455
52.6615266	0.68	-1.0490456528995336	-0.04196182611598134
52.66187	0.64	-3.3010970613274777	-0.13204388245309912
52.66160633	0.68	-4.058584888352183	-0.1623433955340873
52.66156	0.54	-1.6960521072546815	-0.06784208429018726
52.66161107	0.68	-4.922606650938864	-0.19690426603755457
52.6615836	0.56	-10.11559758181964	-0.40462390327278563
52.6615266	0.56	-9.485924693182156	-0.37943698772728623
225.582809	1.07	-14.475955577033	-0.57903822308132
225.585245	1.19	-4.413307072739104	-0.17653228290956416
225.582809	1.03	-4.5361261405608815	-0.18144504562243527
24.49722314	1.22	-5.018319789703077	-0.2007327915881231
24.4973698	1.22	-12.656874231651493	-0.5062749692660597
24.4973698	1.22	-3.580352396362842	-0.1432140958545137
24.4973698	1.22	-7.471239314705347	-0.2988495725882139
24.4972683	1.23	-0.10269751837552898	-0.00410790073502116
184.771853	0.85	-4.582676379324242	-0.1833070551729697
184.77028256	0.79	-9.647567705051728	-0.3859027082020691
4.24263096	0.9	-0.9998575748422778	-0.03999430299369111
4.24261881	0.88	-5.698300140672849	-0.22793200562691396
4.24261651	0.9	-12.47467148883545	-0.498986859553418
4.24261881	0.85	-20.726311723666946	-0.8290524689466778
4.24261881	0.88	-1.0882777979686242	-0.04353111191874497
198.08756422	0.88	-19.43795793987832	-0.7775183175951328
198.088774	0.72	-3.243145652719364	-0.12972582610877456
198.088774	0.84	-10.244794220017402	-0.4097917688006961
198.088774	0.83	-8.76633769629957	-0.3506535078519828
198.088873	0.85	-0.7934215189050873	-0.031736860756203494
198.088774	0.83	-11.137894538771969	-0.44551578155087873
8.10488985	1.05	-2.284943394169333	-0.09139773576677332
8.10503551	1.06	-13.203026779392697	-0.528121071175708
8.10501635	1.07	-3.757135223015236	-0.15028540892060943
8.10501635	1.07	-6.246027693021141	-0.24984110772084564
8.82715783	0.97	-10.072448845549665	-0.4028979538219866
8.8271987	0.98	-18.161332972214815	-0.7264533188885927
8.82713457	0.97	-2.0183641089327744	-0.08073456435731098
8.82713457	0.94	-14.599240446049153	-0.5839696178419661
8.82713457	0.94	-24.367921360017146	-0.9747168544006859
3.74032511	1.07	-3.477349897461672	-0.13909399589846688
3.74032496	1.09	-0.6722574457445436	-0.026890297829781744
3.74031708	1.07	-4.957165222070927	-0.19828660888283708
3.50470358	0.8	-6.249708869772032	-0.2499883547908813
3.50470358	0.83	-0.4115336263245504	-0.016461345052982017
3.50470358	0.8	-4.732688335229126	-0.18930753340916504
3.50472344	0.8	-4.985593881823473	-0.1994237552729389
0.97191596	0.89	-20.92428096489791	-0.8369712385959165
0.97191543	0.93	-4.706440581423228	-0.18825762325692913
0.97191543	0.87	-3.6218902792162178	-0.14487561116864872
0.97191543	0.93	-8.000836385694651	-0.32003345542778605
4.97345141	0.84	-6.709173587760642	-0.26836694351042567
4.97345141	0.8	-1.2392804674495383	-0.049571218697981534
4.97344827	0.84	-0.8668977181595852	-0.03467590872638341
4.97345147	0.84	-5.879326586932876	-0.23517306347731506
15.90687787	0.84	-14.796111706127109	-0.5918444682450844
15.906811	0.74	-3.719255001972897	-0.1487702000789159
15.90688891	0.83	-7.428083622112797	-0.29712334488451186
15.90688891	0.84	-2.3744156757763	-0.09497662703105202
15.90686437	0.86	-6.1701368867287645	-0.24680547546915058
15.90686437	0.84	-4.680099160680674	-0.18720396642722698
3.03195744	0.91	-9.835114202245794	-0.39340456808983176
3.03195744	1.02	-14.584181160872642	-0.5833672464349057
3.03195744	1.05	-4.776397189426833	-0.1910558875770733
3.03196812	1.0	-11.834064353567358	-0.47336257414269434
3.03195744	0.91	-8.080377764029947	-0.3232151105611979
1.00520701	0.96	-16.189694501242826	-0.6475877800497131
1.00520701	0.96	-13.313004526119068	-0.5325201810447627
1.00520779	1.01	-24.2155030364458	-0.9686201214578319
1.00520701	1.07	-9.474600636291896	-0.37898402545167587
1.00520589	1.01	-5.440653280040982	-0.21762613120163926
1.00520701	0.96	-1.0402741877498558	-0.04161096750999423
64.2737752	1.02	-12.097152844671642	-0.4838861137868657
64.2729088	1.03	-9.548122139586319	-0.3819248855834528
64.2729088	1.17	-11.115731911383435	-0.4446292764553374
64.2737752	1.2	-1.0659400921966409	-0.042637603687865636
3.43276598	0.97	-2.4044907382906087	-0.09617962953162434
3.43276598	0.97	-11.922354145763396	-0.47689416583053584
3.4327371	0.97	-1.16918380982537	-0.0467673523930148
18.0540381	0.95	-10.77408822634519	-0.43096352905380764
18.0540381	0.95	-3.146259372056888	-0.12585037488227552
18.0540381	0.95	-0.7264330816087958	-0.029057323264351835
18.0541469	0.95	-4.43344578049458	-0.1773378312197832
18.0541469	0.95	-8.366166917760498	-0.3346466767104199
18.05369046	0.95	-6.284896966575393	-0.2513958786630157
18.0540381	0.93	-25.402985878301834	-1.0161194351320735
1.53818844	0.78	-3.6398658062278786	-0.14559463224911515
1.53818532	0.79	-6.379734390883502	-0.25518937563534005
1.53818532	0.79	-0.25309809435579655	-0.010123923774231863
0.53991503	0.85	-16.79531573891604	-0.6718126295566417
0.53991503	0.81	-5.281182185720374	-0.21124728742881493
0.53991524	0.78	-0.5438874199596393	-0.021755496798385572
0.53991524	0.75	-19.020618123804788	-0.7608247249521916
0.53991524	0.84	-1.062138541741803	-0.04248554166967212
153.979578	0.95	-7.4928684930502705	-0.29971473972201085
153.979578	0.94	-9.79535789653547	-0.39181431586141885
153.98498743	0.98	-4.009500340440168	-0.1603800136176067
153.979578	0.94	-0.9934572273191713	-0.03973828909276685
153.979362	0.98	-3.925684851405425	-0.157027394056217
153.979578	0.94	-9.015448541003035	-0.3606179416401214
20.925392	1.02	-17.134349136877283	-0.6853739654750913
20.9254083	1.02	-3.571982313747056	-0.14287929254988224
20.92596372	1.09	-0.16015526423898074	-0.0064062105695592295
5.79180156	1.25	-5.514128407197932	-0.22056513628791727
5.79179934	1.14	-2.7888052238108427	-0.11155220895243372
5.79179934	1.11	-1.6328301420319733	-0.06531320568127894
5.79180156	1.04	-10.28777044117746	-0.41151081764709846
5.79180156	1.18	-8.440188589748967	-0.3376075435899587
1.73234549	1.02	-2.009177831713257	-0.08036711326853029
1.73234549	0.95	-15.126474779849794	-0.6050589911939918
1.732323	1.03	-18.079417109285885	-0.7231766843714355
1.73233798	1.02	-22.34104517977528	-0.8936418071910112
1.7323464	0.92	-8.341541324474875	-0.333661652978995
1.7323464	1.02	-15.825796404933728	-0.6330318561973491
1.73234549	1.02	-12.840478687864632	-0.5136191475145853
13.54056874	1.02	-6.441905163131072	-0.2576762065252429
13.54057461	0.92	-7.251970081032052	-0.2900788032412821
13.54058999	1.02	-7.117462374370493	-0.2846984949748197
7.0257409	0.92	-14.89268573202345	-0.595707429280938
7.02573812	1.02	-0.5386797694366392	-0.02154719077746557
7.02573474	0.95	-0.10515433483317382	-0.004206173393326953
7.0257409	1.02	-10.783285932317868	-0.4313314372927147
7.02573474	1.02	-20.28084519895874	-0.8112338079583497
7.02573474	1.02	-8.362576734338099	-0.334503069373524
26.548955	1.07	-4.06928874942359	-0.1627715499769436
26.548955	0.92	-5.188826227153045	-0.20755304908612182
26.548955	0.88	-15.58255776433017	-0.6233023105732068
26.548955	1.07	-2.4289704719155063	-0.09715881887662026
26.54851189	0.99	-3.5352021908131634	-0.14140808763252655
3.38556402	0.99	-13.212696214863108	-0.5285078485945244
3.38555488	1.23	-4.199101127742121	-0.16796404510968482
3.38555488	0.92	-9.162435716548778	-0.3664974286619511
3.38557445	0.94	-8.507248961799148	-0.3402899584719659
3.38555488	0.94	-21.56091391256696	-0.8624365565026784
3.38555488	0.94	-1.3661681837596573	-0.054646727350386295
5.49548533	1.02	-3.8302495384447783	-0.15320998153779114
5.49548533	1.08	-2.6220527524095267	-0.10488211009638107
5.49548621	1.02	-1.4944693155235986	-0.05977877262094394
5.49548621	1.02	-7.903958310710939	-0.31615833242843755
2.6157554	0.93	-16.414529682508963	-0.6565811873003585
2.61576515	0.93	-2.8466234645214112	-0.11386493858085645
2.6157554	0.93	-0.7933656447123227	-0.03173462578849291
2.6157554	0.93	-0.10781552451651555	-0.004312620980660622
2.61575399	1.02	-15.492096636119912	-0.6196838654447965
6.9424334	1.13	-11.575771776954962	-0.4630308710781985
6.9424334	1.13	-0.2629056115018418	-0.010516224460073671
6.94245216	1.13	-6.1959982247673615	-0.24783992899069446
2.55314213	1.0	-5.684360953143086	-0.22737443812572344
6.98472143	1.01	-2.9622437504523487	-0.11848975001809395
6.98471973	1.05	-3.7203519458109584	-0.14881407783243833
6.98471973	1.02	-13.205567730729278	-0.5282227092291711
6.98471973	1.05	-4.0009959995347115	-0.16003983998138846
6.98471012	1.01	-20.640344522892565	-0.8256137809157026
6.30560247	0.78	-3.1363713331449037	-0.12545485332579615
6.30560247	0.95	-16.119338477083396	-0.6447735390833359
6.30558387	0.75	-5.949441941044733	-0.23797767764178931
6.30560247	0.95	-2.2345851130997905	-0.08938340452399161
1.45088984	1.01	-13.86179728411548	-0.5544718913646193
1.45088691	1.01	-0.3306787516900884	-0.013227150067603537
1.45088691	1.01	-13.899590640917504	-0.5559836256367001
1.45088691	0.9	-11.494749051848855	-0.4597899620739542
1.45089312	0.98	-0.42163635934446186	-0.016865454373778475
0.84990789	0.5	-5.823822643347	-0.23295290573388003
0.84990673	0.5	-2.3855298308031028	-0.09542119323212411
0.84990789	0.75	-4.597439792115429	-0.18389759168461717
0.84990789	0.5	-15.957677692672643	-0.6383071077069057
16.70920692	0.66	-1.8161491268025252	-0.07264596507210101
16.7092398	0.73	-5.951658812313144	-0.23806635249252575
16.70920692	0.75	-1.2445379732438602	-0.04978151892975441
16.70920628	0.73	-9.973331327279904	-0.3989332530911962
16.70924	0.66	-8.726009852962079	-0.34904039411848314
28.55156868	0.75	-6.57309267196009	-0.2629237068784036
28.55156868	0.66	-14.13356961407892	-0.5653427845631568
28.55142	0.66	-23.068844726282844	-0.9227537890513138
28.55158187	0.73	-13.763261042353568	-0.5505304416941427
28.55148736	0.73	-9.949883585204343	-0.3979953434081738
56.644452	1.4	-22.219364878201883	-0.8887745951280753
56.644452	1.16	-13.552159625024974	-0.5420863850009989
56.64676651	1.16	-1.8620787662032923	-0.0744831506481317
56.6449279	1.57	-9.694434062415747	-0.38777736249662986
56.6449279	0.98	-9.831062240129574	-0.393242489605183
56.6449279	0.98	-7.924100106379328	-0.3169640042551731
6.28385491	1.07	-12.279022399721203	-0.49116089598884816
6.28384079	1.04	-5.808013365960716	-0.23232053463842864
6.28385491	1.07	-6.2760178006123715	-0.25104071202449485
6.28377223	1.1	-7.1105129949739245	-0.284420519798957
6.28385491	1.12	-0.701927745530706	-0.02807710982122824
4.8381493	0.18	-1.828973104497467	-0.07315892417989868
4.83817712	0.13	-6.378227193516482	-0.2551290877406593
4.83809469	0.18	-11.709984945412394	-0.46839939781649576
9.3281912	0.94	-14.889478738455997	-0.5955791495382399
9.3281912	0.97	-10.608650123634144	-0.4243460049453658
9.32807355	0.88	-4.843213202946501	-0.19372852811786004
9.32807355	0.94	-1.252100849281508	-0.05008403397126032
9.32802207	0.97	-20.10871156281887	-0.8043484625127547
9.32807355	1.0	-0.22202280466952207	-0.008880912186780884
13.3997099	1.24	-15.618583130392672	-0.6247433252157069
13.39942875	1.12	-12.875964007860892	-0.5150385603144357
13.3997555	1.18	-7.556398575464126	-0.30225594301856507
13.3997555	1.12	-12.720968012349925	-0.508838720493997
13.3997099	1.24	-11.387697444321013	-0.4555078977728405
3.5827463	0.94	-24.18767042595052	-0.9675068170380209
3.58273837	0.88	-2.0138465682190807	-0.08055386272876323
3.58273837	0.91	-8.542581961220776	-0.341703278448831
3.5827463	0.91	-8.975011173347175	-0.359000446933887
3.5827463	0.91	-5.898546884591804	-0.23594187538367217
15.60481412	1.19	-13.885736794719135	-0.5554294717887654
15.6049212	1.2	-7.405532954928848	-0.2962213181971539
15.604841	1.11	-18.52482953433349	-0.7409931813733397
15.6049212	1.2	-0.18809374492200814	-0.007523749796880326
15.6049212	1.45	-7.2479008740218145	-0.2899160349608726
9.4060467	1.02	-18.663704572541413	-0.7465481829016565
9.40610618	1.08	-10.0079079819242	-0.40031631927696804
9.4061364	1.08	-1.5016846252350144	-0.06006738500940058
9.4060467	1.01	-2.0620058484834023	-0.0824802339393361
7.84931739	0.96	-9.922656066719185	-0.3969062426687674
7.84931739	0.83	-5.481968233006415	-0.2192787293202566
7.84931739	0.83	-4.209116638316662	-0.16836466553266646
7.84931877	1.01	-12.728318726401088	-0.5091327490560436
7.84931739	0.83	-1.0475617907627326	-0.0419024716305093
0.99165965	1.17	-0.821777679862117	-0.03287110719448468
0.99166527	1.13	-4.095415737185178	-0.1638166294874071
10.13961841	0.52	-0.4686274797491734	-0.018745099189966936
10.13958818	0.7	-2.3134587151278003	-0.09253834860511201
10.13961841	0.52	-3.900660515531456	-0.15602642062125824
10.139614	0.63	-7.556807995146155	-0.3022723198058462
10.13961841	0.76	-12.970094818181483	-0.5188037927272593
10.13962027	0.7	-12.14424694112462	-0.48576987764498486
10.13958818	0.52	-1.0313942822145523	-0.04125577128858209
10.13961841	0.69	-17.405053640702647	-0.6962021456281059
43.5859419	0.52	-0.7835694935016317	-0.03134277974006527
43.62049866	0.52	-6.6869545676834266	-0.2674781827073371
43.58642609	0.76	-19.21078359127296	-0.7684313436509185
43.58642609	0.52	-9.09248338916636	-0.3636993355666544
7.61760804	1.05	-9.124733799120122	-0.36498935196480486
7.61758198	1.11	-13.468751075282398	-0.5387500430112959
7.61764438	1.11	-5.455152301237297	-0.2182060920494919
7.61760804	0.83	-15.779688937849661	-0.6311875575139865
7.61760804	1.05	-9.680178408780925	-0.38720713635123705
8.18504859	1.11	-1.3889751322664103	-0.05555900529065642
8.18504949	0.99	-15.581199265101244	-0.6232479706040498
3.05710069	0.91	-20.291221381314372	-0.8116488552525749
3.0570982	0.92	-9.453310145040737	-0.3781324058016295
3.0570982	1.15	-6.379050157879071	-0.25516200631516284
174.510276	0.72	-13.779204522119135	-0.5511681808847654
174.509835	0.75	-7.320835060259118	-0.29283340241036476
174.509835	0.81	-0.6332953318685637	-0.025331813274742546
174.5085	0.72	-17.771965652572618	-0.7108786261029048
174.51072015	0.72	-9.289943552299231	-0.3715977420919693
174.509835	0.49	-4.895895663191814	-0.19583582652767256
2.71603169	1.06	-5.948853898177782	-0.23795415592711128
2.71603664	1.06	-4.1269701266889065	-0.16507880506755626
2.71603809	1.07	-6.7501545883539995	-0.27000618353416
2.71603809	1.06	-10.24842860338689	-0.4099371441354756
2.71603809	1.07	-1.4221718929794671	-0.056886875719178685
2.71603664	1.12	-9.688844062629503	-0.38755376250518014
2.71603809	1.07	-16.219133139121237	-0.6487653255648494
4.56383697	0.87	-13.658918888237963	-0.5463567555295186
4.56380468	0.85	-1.5420789576642733	-0.06168315830657093
4.56380468	0.84	-2.899692372260562	-0.11598769489042247
4.56383697	0.85	-8.159276819269996	-0.32637107277079985
4.56380468	0.85	-20.519109433710142	-0.8207643773484057
4.56374756	0.87	-12.335707304564659	-0.4934282921825864
4.56380468	0.85	-0.43704692479453655	-0.017481876991781463
66.373379	1.01	-3.4265115434030875	-0.1370604617361235
66.373379	1.01	-5.4320644220839185	-0.21728257688335675
66.373379	0.95	-20.638897001311456	-0.8255558800524583
66.36684948	1.01	-5.99886959474925	-0.23995478378997
66.373298	1.01	-6.2437527372879575	-0.2497501094915183
66.373298	1.03	-2.374920219417602	-0.09499680877670408
2.94654179	1.09	-0.4822402185279002	-0.01928960874111601
2.94654179	1.2	-7.527944765440546	-0.30111779061762184
2.94654179	1.25	-7.270611098524781	-0.2908244439409912
2.94648935	1.27	-6.568910752646243	-0.2627564301058497
2.94648935	1.19	-4.159026796704787	-0.1663610718681915
2.94654179	1.2	-13.021793408145044	-0.5208717363258017
4.34198014	1.04	-16.107574746987595	-0.6443029898795039
4.34195123	1.07	-7.211729358208088	-0.28846917432832353
4.34195123	1.03	-18.47964575815457	-0.7391858303261829
4.34195123	1.03	-7.20096813220269	-0.2880387252881076
4.34195312	1.04	-2.5597006257849246	-0.10238802503139699
122.35374922	1.02	-9.388053355070513	-0.37552213420282055
122.358116	1.0	-0.11180400318740391	-0.004472160127496156
122.35412342	1.02	-3.240155596772265	-0.1296062238708906
122.358116	1.02	-0.32019520944614577	-0.012807808377845831
122.363553	1.0	-15.718954092362612	-0.6287581636945044
226.0	0.66	-6.83203091775821	-0.27328123671032845
4.309405	0.99	-10.60797112417189	-0.4243188449668756
4.30920108	1.0	-1.3148796341253637	-0.05259518536501455
4.30938198	0.99	-3.164325185412321	-0.12657300741649283
4.30920108	0.89	-12.283231148909254	-0.4913292459563702
4.30940223	0.99	-22.54283314314521	-0.9017133257258084
4.30938198	0.93	-10.20441505154494	-0.4081766020617976
13.69941722	1.0	-4.778308101771879	-0.19113232407087516
13.69941722	0.97	-3.6575558414901663	-0.14630223365960665
13.699138	0.99	-1.5321424034481277	-0.06128569613792511
13.69941722	0.89	-13.123587880319247	-0.5249435152127699
386.370512	0.86	-9.351059028961211	-0.37404236115844847
386.370548	0.86	-12.85640525929433	-0.5142562103717733
386.370548	0.93	-19.312346185229686	-0.7724938474091875
7.2981458	0.93	-10.642118685387278	-0.4256847474154911
7.2981458	0.93	-3.8313817043677245	-0.153255268174709
7.298142	0.86	-2.4064120552924155	-0.09625648221169662
7.2981458	0.93	-7.562372893848266	-0.30249491575393067
7.298142	0.82	-0.34515037552924555	-0.013806015021169822
7.29804993	0.82	-3.3906288952997654	-0.1356251558119906
2.20923119	1.08	-2.52004338008524	-0.1008017352034096
2.20921951	1.03	-25.780529722499377	-1.0312211888999752
2.20921951	0.96	-8.844127081297382	-0.35376508325189526
11.17931581	1.17	-2.157184282528945	-0.08628737130115781
11.17938495	1.17	-12.89381615927351	-0.5157526463709404
2.27163926	1.21	-12.561797541806746	-0.5024719016722698
0.68368426	0.79	-22.117694287275178	-0.8847077714910071
0.68368426	0.81	-7.128275004011958	-0.2851310001604783
0.68368426	0.81	-16.841071292255634	-0.6736428516902254
0.68368426	0.81	-15.414620629961913	-0.6165848251984766
0.34184202	0.78	-1.970451518411864	-0.07881806073647456
85.7565495	1.66	-6.445375668841734	-0.25781502675366935
85.7565495	1.66	-5.2857473461530535	-0.21142989384612215
196.436796	0.94	-7.3612716757845105	-0.2944508670313804
196.435224	0.9	-5.83513127496469	-0.23340525099858758
196.4356	0.92	-6.1370901401543065	-0.24548360560617227
196.436796	0.92	-7.769850582555262	-0.31079402330221045
196.435224	0.9	-0.48838350925889884	-0.019535340370355952
196.435224	0.9	-2.5097224121862975	-0.1003888964874519
13.6471211	0.89	-21.91427403808818	-0.8765709615235272
13.6473676	1.23	-0.3184160387871944	-0.012736641551487776
13.6473676	0.89	-4.274423132251911	-0.17097692529007646
13.6471211	1.07	-5.339460427421246	-0.21357841709684983
16.473474	0.7	-20.32438859467753	-0.8129755437871012
16.4735686	0.75	-14.125960703273682	-0.5650384281309473
114.34219	1.23	-1.5219199706801811	-0.06087679882720725
114.34219	1.23	-4.354812010839215	-0.17419248043356858
114.336052	1.04	-1.7514642350892493	-0.07005856940356997
114.33930495	1.05	-8.955448770284717	-0.3582179508113887
114.34219	1.18	-13.378859561042239	-0.5351543824416896
114.34219	1.23	-12.499140677595902	-0.4999656271038361
114.3371399	1.05	-7.614479749687269	-0.3045791899874908
4.92135468	0.82	-3.218701596227227	-0.12874806384908907
4.92135587	0.83	-0.5470298249338339	-0.021881192997353357
4.9213639	0.83	-11.445741248257228	-0.45782964993028913
4.9213639	0.83	-0.3253445506874857	-0.013013782027499428
4.92135468	0.86	-6.972595663301262	-0.2789038265320505
4.92135468	0.85	-2.547443688851147	-0.10189774755404589
4.92133512	0.83	-2.879151210876375	-0.115166048435055
7.06425644	0.86	-7.632926174894049	-0.30531704699576195
7.064271	0.78	-7.142203148349416	-0.28568812593397663
7.06425644	0.85	-15.954425423893591	-0.6381770169557437
7.064	0.82	-1.4593401931093188	-0.05837360772437276
7.06425202	0.83	-2.0878339276929387	-0.08351335710771755
7.06426677	0.83	-11.698787504538489	-0.4679515001815395
8.70181574	0.82	-16.8919070592691	-0.675676282370764
8.70181928	0.86	-16.734479640176282	-0.6693791856070513
8.70179611	0.86	-8.305541680299607	-0.33222166721198426
8.70181574	0.82	-13.104860333348096	-0.5241944133339238
44.9851882	0.82	-16.556290854334968	-0.6622516341733987
44.9851885	0.86	-0.5167166473684606	-0.02066866589473842
44.9851882	0.82	-5.459654950610428	-0.21838619802441714
44.9851882	0.82	-13.892465033912377	-0.5556986013564951
5.1762429	0.79	-3.0038682686401685	-0.12015473074560674
3.91795101	0.96	-2.8672952618480023	-0.11469181047392009
3.91794676	0.96	-19.65603888770976	-0.7862415555083904
3.91795101	0.89	-20.574639372019718	-0.8229855748807887
3.91795101	0.89	-1.058312846953387	-0.042332513878135476
3.91794676	0.97	-3.6644908649939114	-0.14657963459975645
3.91794852	0.96	-17.07070376793318	-0.6828281507173272
1.5184181	1.06	-14.490853999228559	-0.5796341599691424
1.5184181	1.11	-9.819513221581154	-0.39278052886324616
1.5184299	1.08	-2.802134681036204	-0.11208538724144816
1.5184299	1.21	-24.22899594398653	-0.9691598377594612
1.51852186	1.11	-7.871754511204882	-0.3148701804481953
1.5184299	1.06	-7.268926863474288	-0.29075707453897154
3.94665133	0.86	-15.168625083413904	-0.6067450033365561
3.9466141	0.9	-7.660175172149009	-0.30640700688596034
3.94660745	0.86	-7.91605500388384	-0.3166422001553536
3.94660745	0.9	-8.034709273351229	-0.32138837093404915
3.9466141	0.9	-13.461872144561587	-0.5384748857824635
47.31239762	1.01	-10.407320721993326	-0.41629282887973307
47.3126192	1.03	-6.454030526662097	-0.2581612210664839
47.3128645	1.29	-9.916685908514308	-0.39666743634057233
47.3126192	1.03	-13.674323138807738	-0.5469729255523096
47.3126192	1.03	-5.836671556508155	-0.2334668622603262
47.3126192	1.04	-3.9951081468432914	-0.15980432587373167
6.76289308	1.29	-11.313609285516916	-0.45254437142067666
6.76284377	1.14	-8.953121471360214	-0.3581248588544086
6.76289308	1.19	-4.959202617121871	-0.19836810468487487
6.76284377	1.21	-18.01836203659318	-0.7207344814637273
6.76260204	1.19	-16.9655921552277	-0.6786236862091081
27.48042152	1.1	-13.921506935774094	-0.5568602774309638
27.4785572	1.15	-3.9530452671713143	-0.15812181068685258
27.4784659	1.1	-6.58241623182671	-0.2632966492730684
27.4785572	1.08	-16.674693971230287	-0.6669877588492115
27.4785572	1.08	-16.976956868444727	-0.6790782747377891
27.4784659	1.05	-4.129983896923148	-0.16519935587692594
6.10826019	1.28	-3.2950568083627623	-0.1318022723345105
6.10826019	1.28	-1.3226436717958354	-0.052905746871833415
6.10826019	1.28	-1.5364848851599135	-0.06145939540639654
6.1082945	1.28	-7.593375685864065	-0.3037350274345626
6.10826692	1.28	-4.66111490533293	-0.1864445962133172
6.10826019	1.28	-28.041939969387442	-1.1216775987754977
6.1082945	1.26	-7.391074840940371	-0.29564299363761487
23.6225913	0.97	-0.7220938910646215	-0.02888375564258486
23.6223571	1.02	-8.06691798702757	-0.32267671948110277
23.6223571	1.0	-6.360151248280228	-0.25440604993120913
6.91986734	1.12	-10.583231580377287	-0.4233292632150915
6.919723	0.95	-13.782649544194811	-0.5513059817677924
6.91986734	0.88	-19.718732210155597	-0.7887492884062239
6.91986734	0.88	-1.8087635930469281	-0.07235054372187713
6.91986734	1.05	-13.244569089084573	-0.5297827635633829
6.91986988	0.88	-9.216631243968717	-0.3686652497587487
6.91986988	1.03	-28.129537152289835	-1.1251814860915934
19.4464086	1.03	-16.93650310192507	-0.6774601240770027
19.44638698	0.88	-1.0416261134932974	-0.041665044539731896
19.446313	0.95	-11.464961594032467	-0.45859846376129865
19.44639139	0.88	-0.5196289065494804	-0.020785156261979215
19.44638698	0.88	-2.948043060549562	-0.11792172242198248
19.44639139	1.03	-13.421040330197435	-0.5368416132078975
19.44638698	1.12	-10.781033292845965	-0.4312413317138386
19.44638698	0.88	-11.400826610271196	-0.45603306441084784
101.951829	1.03	-8.158970719079056	-0.32635882876316225
92.26195246	1.26	-3.186491772452266	-0.12745967089809063
92.263714	1.21	-7.945300320079441	-0.3178120128031776
92.263742	1.26	-1.0743615570069545	-0.04297446228027818
92.263714	1.21	-5.777772947855727	-0.23111091791422908
10.8118737	1.16	-7.334917825479982	-0.2933967130191993
10.8118317	1.12	-8.494509401223361	-0.33978037604893446
10.8118737	1.31	-13.8545770580705	-0.55418308232282
10.8118737	1.16	-13.980015232738637	-0.5592006093095455
10.8118737	1.16	-2.8694138300508714	-0.11477655320203485
4.36130068	0.98	-8.006810342512665	-0.32027241370050663
4.36128348	1.0	-2.56681909614611	-0.1026727638458444
4.36128348	1.06	-11.16347866955978	-0.4465391467823912
3.29030452	0.17	-10.148031363466698	-0.40592125453866795
3.29030844	0.56	-20.73149917994351	-0.8292599671977403
3.2903041	0.56	-1.2153786257586572	-0.048615145030346286
3.29030452	0.17	-3.3594864339808037	-0.13437945735923215
287.378949	0.86	-5.364796952444726	-0.21459187809778904
287.378949	1.09	-5.727183022495339	-0.22908732089981357
287.377314	1.08	-4.184211843080993	-0.1673684737232397
287.378949	0.86	-8.248731186422832	-0.3299492474569133
287.378949	0.96	-4.241659315179714	-0.16966637260718856
4.13962966	1.18	-13.539105010970225	-0.541564200438809
4.13952681	1.42	-17.32424491354028	-0.6929697965416112
4.13960513	1.42	-3.754493763700498	-0.15017975054801994
7.20281185	0.68	-3.0099019746278692	-0.12039607898511477
7.20283653	0.68	-2.601692742711919	-0.10406770970847676
7.20283653	0.87	-13.613486654316944	-0.5445394661726778
7.20280608	0.99	-16.114603185935646	-0.6445841274374259
7.20283653	0.68	-3.977186438198321	-0.15908745752793282
76.377855	0.59	-1.4997069530340232	-0.05998827812136093
76.378033	0.55	-1.480956655028908	-0.05923826620115632
76.378033	0.59	-8.583195714166646	-0.3433278285666658
3.87594316	1.01	-11.163028420009635	-0.4465211368003854
3.87595807	1.01	-22.87228395342224	-0.9148913581368896
3.87594316	1.01	-3.529214853727418	-0.14116859414909674
7.81100952	0.88	-6.485171756157804	-0.25940687024631215
7.81104673	0.98	-2.813736338225487	-0.11254945352901949
7.81104769	0.94	-7.359411822849668	-0.2943764729139867
7.81100952	0.94	-16.35677970870556	-0.6542711883482224
7.81104673	1.0	-8.231872897709216	-0.32927491590836866
21.3473612	1.0	-6.887808129802222	-0.2755123251920889
21.34739582	0.94	-2.7847422449365125	-0.1113896897974605
21.3473612	0.98	-2.2381527877003853	-0.08952611150801541
21.34735877	0.94	-16.287026504847955	-0.6514810601939182
21.34736612	0.88	-1.1201706349288836	-0.044806825397155345
21.3473612	1.0	-6.54788665303596	-0.2619154661214384
509.997402	0.66	-6.96342186336323	-0.2785368745345292
509.997402	0.72	-17.107499220355024	-0.684299968814201
509.997402	0.75	-4.708027271566152	-0.1883210908626461
4.09513932	1.06	-3.447554451478779	-0.13790217805915117
4.09513876	1.06	-1.2921815977002433	-0.051687263908009734
448.303558	1.12	-3.6734136261294346	-0.1469365450451774
224.150923	1.1	-32.4770266401255	-1.29908106560502
186.404271	1.01	-19.542108630908814	-0.7816843452363526
186.404271	1.2	-9.857384549838194	-0.39429538199352776
62.134919	1.18	-8.485655566570573	-0.3394262226628229
186.40424173	1.18	-1.8327621180473523	-0.0733104847218941
186.40772738	1.18	-8.257255845830583	-0.3302902338332233
374.876239	0.92	-3.9423326158429193	-0.15769330463371678
374.876239	1.1	-10.44262303435684	-0.4177049213742736
374.876239	1.1	-7.376086625675981	-0.29504346502703926
469.61309	0.89	-12.519889310461467	-0.5007955724184587
469.63111	0.83	-33.29098535599849	-1.3316394142399395
425.47785	1.13	-4.178315148615294	-0.16713260594461177
425.47785	1.01	-17.027741527932587	-0.6811096611173035
6.10968225	0.76	-5.454759775372128	-0.21819039101488513
6.10960324	0.76	-11.357244467810625	-0.45428977871242504
259.365	0.82	-6.335286441112405	-0.25341145764449624
259.33683	0.77	-2.781402000492329	-0.11125608001969317
259.34304	1.59	-2.9009057051728284	-0.11603622820691314
259.34304	1.03	-4.352445460353026	-0.17409781841412106
9.87895944	1.18	-5.722238414237209	-0.22888953656948835
9.87892482	1.18	-21.260106351058255	-0.8504042540423302
9.878482	1.11	-15.589795861947817	-0.6235918344779127
9.878482	1.12	-1.1014120824547424	-0.044056483298189696
5.03506543	1.04	-17.219507202631412	-0.6887802881052565
5.03506543	1.08	-8.406495072540356	-0.3362598029016142
5.03505665	0.97	-7.892163012608835	-0.3156865205043534
5.03506543	1.08	-5.279922854528063	-0.21119691418112255
5.03506543	1.09	-1.5605453315445752	-0.06242181326178301
10.94577222	1.09	-15.638040198569001	-0.62552160794276
10.94577783	1.14	-3.3777603965542062	-0.13511041586216826
10.94575474	1.14	-15.265614999470841	-0.6106245999788337
10.94577222	1.08	-22.495018879646953	-0.8998007551858781
10.945729	1.15	-16.634290577342384	-0.6653716230936954
10.94577222	1.04	-6.804338180582563	-0.2721735272233025
28.98687	1.15	-5.654794848498542	-0.2261917939399417
28.98671115	1.14	-0.4144604555755309	-0.016578418223021238
28.9868326	1.09	-4.990735103451117	-0.19962940413804467
28.9869016	1.14	-17.72893272272909	-0.7091573089091636
94.886902	1.14	-3.0290658086955213	-0.12116263234782086
94.886902	0.97	-2.494411647416859	-0.09977646589667437
94.878	1.15	-0.8454683716341322	-0.03381873486536529
7.5844126	1.34	-16.37761676377413	-0.6551046705509653
7.5844126	1.34	-2.893670926012004	-0.11574683704048017
7.5844126	1.27	-6.183395758677305	-0.2473358303470922
7.5844241	1.35	-1.8948746947195334	-0.07579498778878134
19.672266	1.12	-14.766955609863215	-0.5906782243945287
19.672266	1.1	-1.4754643148426467	-0.05901857259370587
19.672324	1.13	-3.186363233790127	-0.1274545293516051
32.657212	1.1	-10.134476797606537	-0.4053790719042615
32.657212	1.12	-6.840390744329187	-0.2736156297731675
32.657035	1.1	-11.613732805936117	-0.46454931223744467
32.657212	1.1	-14.548729275953857	-0.5819491710381542
12.2057513	0.94	-15.380221308073924	-0.615208852322957
12.20598063	0.85	-3.916345574315261	-0.15665382297261043
12.2057513	0.94	-9.868347739942763	-0.39473390959771054
6.6513189	0.94	-12.282850993079693	-0.4913140397231877
6.6513802	0.88	-3.3895461733797543	-0.13558184693519018
6.6513802	0.94	-6.719080674423135	-0.2687632269769254
6.6513189	0.85	-17.41450726774542	-0.6965802907098169
6.6513802	0.94	-9.90459386986738	-0.3961837547946952
5.34264143	0.7	-15.95824104302404	-0.6383296417209616
5.34264143	0.79	-1.8626526241611432	-0.07450610496644573
5.34260504	0.79	-0.38612846974654014	-0.015445138789861606
5.34264507	0.92	-20.593483951325723	-0.8237393580530289
5.34264507	0.7	-18.446934907881484	-0.7378773963152594
21.0907758	0.86	-6.026476590878246	-0.24105906363512983
21.0907758	0.86	-2.4773738534197225	-0.0990949541367889
21.0907909	0.86	-4.092412853914167	-0.1636965141565667
16.17803	1.01	-8.249923262488007	-0.3299969304995203
16.1779561	1.08	-4.04252732554114	-0.1617010930216456
4.48558383	0.18	-3.769715374344604	-0.15078861497378415
4.48558383	0.24	-14.525065867250301	-0.5810026346900121
4.48556296	0.36	-17.035114460431203	-0.6814045784172481
4.48559215	0.17	-0.8831828141973825	-0.0353273125678953
1107.5923	1.22	-0.4143382833219844	-0.016573531332879376
8.68907042	0.1	-29.325203604169317	-1.1730081441667728
8.68907042	0.1	-8.19745274801927	-0.3278981099207708
8.68910764	0.2	-7.7512859600139485	-0.31005143840055793
8.68910764	0.1	-11.493468769571487	-0.45973875078285953
8.68907042	0.1	-18.702584441292167	-0.7481033776516867
19.53527	0.2	-5.7703948392170545	-0.23081579356868218
19.5352551	0.2	-6.376597462547497	-0.25506389850189987
8.18086953	0.73	-13.791291232083452	-0.5516516492833381
8.18086953	0.75	-14.81201084063379	-0.5924804336253516
8.1808949	0.87	-7.479823294206665	-0.2991929317682666
8.18086953	0.8	-11.375859118651126	-0.4550343647460451
8.18086953	0.73	-10.031846510595589	-0.40127386042382357
8.180896	0.79	-2.3144911437092635	-0.09257964574837053
8.18086126	0.87	-1.0115514728512691	-0.04046205891405077
8.18086953	0.73	-0.8398668091869761	-0.033594672367479046
8.18087248	0.87	-1.6689916105306133	-0.06675966442122454
15.31296388	0.87	-12.028939637448905	-0.48115758549795623
15.31307	0.79	-12.269154743447945	-0.4907661897379178
15.312909	0.87	-2.2821765562761422	-0.09128706225104569
15.31297659	0.8	-16.77525945007237	-0.6710103780028948
15.31289808	0.87	-8.353721632894798	-0.3341488653157919
1.53818001	0.33	-18.876281324385992	-0.7550512529754397
1.5381625	0.49	-5.181041807256177	-0.2072416722902471
9.8851553	0.32	-6.6366549677255815	-0.26546619870902327
9.8851553	0.32	-7.235136922223656	-0.28940547688894624
9.8786461	0.45	-9.316614499929504	-0.37266457999718017
38.0972378	0.36	-5.102398019252693	-0.2040959207701077
38.09824	0.52	-4.338244491953887	-0.17352977967815547
38.0970717	0.43	-14.661727114123302	-0.5864690845649321
38.0972378	0.36	-4.963869714108064	-0.19855478856432257
38.0972378	0.36	-23.89778285260971	-0.9559113141043883
140.252515	0.68	-4.656577939733598	-0.1862631175893439
140.252515	0.68	-1.7140274470225594	-0.06856109788090238
140.2524	0.72	-6.077257627831998	-0.24309030511327995
140.252515	0.68	-4.53458470164875	-0.18138338806595003
1047.8356	1.01	-21.686318799461027	-0.8674527519784411
11.8728787	1.03	-5.367639423284426	-0.21470557693137704
11.87290083	1.03	-7.910790757062799	-0.316431630282512
11.87290083	1.03	-0.7186329782000644	-0.02874531912800258
11.87290083	1.03	-2.4525636248798364	-0.09810254499519346
11.87290814	1.01	-12.537137406231164	-0.5014854962492465
11.87290814	1.12	-5.2691365169861495	-0.210765460679446
11.87290396	1.12	-13.589186085269612	-0.5435674434107844
31.57865122	0.99	-12.064429744679186	-0.48257718978716746
31.57868	0.98	-12.348489870798955	-0.4939395948319582
31.57865226	1.01	-15.20339960694372	-0.6081359842777488
31.578659	1.03	-2.5765291144913984	-0.10306116457965595
31.57865934	1.04	-6.302887803953162	-0.2521155121581265
31.57865934	1.04	-0.3652384923906753	-0.014609539695627012
3.84937174	1.05	-27.383631870331882	-1.0953452748132753
3.84937174	1.48	-13.321501105314214	-0.5328600442125686
3.8493715	1.48	-7.543735128283452	-0.3017494051313381
7.65024351	0.89	-8.688429865564785	-0.3475371946225914
7.650262	0.88	-15.255895200890652	-0.6102358080356262
7.65024192	0.82	-1.9361056772151737	-0.07744422708860695
7.65023579	0.89	-18.854069604917882	-0.7541627841967153
7.65024192	0.88	-0.759983088651452	-0.030399323546058083
7.65024351	0.83	-1.9423471349994268	-0.07769388539997707
7.65024192	0.82	-6.668331535085698	-0.2667332614034279
7.65024192	0.82	-11.040617330396598	-0.44162469321586395
7.6502438	0.89	-10.334699431989248	-0.41338797727956994
34.25951372	0.81	-17.768159936762807	-0.7107263974705123
34.25951372	0.82	-2.4834267899405886	-0.09933707159762355
34.25951418	0.83	-36.10854265301631	-1.4443417061206523
34.25951372	0.82	-8.076737480781627	-0.3230694992312651
34.25951372	0.88	-0.8081280510376287	-0.03232512204150515
34.25951372	0.82	-29.439234794190405	-1.1775693917676162
34.25955106	0.89	-10.900252182510345	-0.4360100873004138
34.26062	0.88	-6.319292228162437	-0.2527716891264975
34.25954112	0.89	-14.94270794018011	-0.5977083176072044
1.554001	0.88	-7.336787125895036	-0.29347148503580145
1.55400393	0.82	-6.722413181518582	-0.26889652726074326
1.55399806	0.89	-7.066575350569236	-0.28266301402276944
1.55400389	0.89	-2.2390089614466735	-0.08956035845786695
1.55400393	0.88	-0.5367259240749951	-0.021469036962999805
237.68977	1.21	-1.959561433973674	-0.07838245735894696
239.5044	1.14	-4.5812353424370045	-0.18324941369748018
175.06	0.84	-7.012293178667382	-0.2804917271466953
17.6046	0.61	-13.320044214288012	-0.5328017685715205
17.60459942	0.61	-10.680569416128485	-0.4272227766451394
17.60460628	0.51	-0.5646464281529908	-0.022585857126119633
17.60461401	0.61	-9.076247404275096	-0.3630498961710038
17.60460628	0.51	-7.952358627948112	-0.3180943451179245
14.38682567	0.94	-5.88055120600599	-0.2352220482402396
14.3868109	1.08	-6.638621390541234	-0.26554485562164937
14.3868109	1.08	-20.16220334335572	-0.8064881337342289
14.386786	0.94	-17.3377281523698	-0.693509126094792
11.95475464	0.84	-1.8374512384188075	-0.0734980495367523
11.95475266	0.75	-5.355971954886514	-0.21423887819546056
11.95474513	0.95	-15.985185865548056	-0.6394074346219223
11.95475266	0.75	-2.356240582988284	-0.09424962331953136
11.954776	0.75	-9.407011146563466	-0.37628044586253867
11.95475266	0.82	-8.2692243765555	-0.33076897506221997
25.84781795	1.23	-2.216960148594313	-0.08867840594377252
25.8474596	1.08	-2.79997180470501	-0.1119988721882004
25.84723	1.14	-3.25117910295847	-0.1300471641183388
25.8474596	1.08	-9.88204789228462	-0.39528191569138477
25.8474958	1.08	-1.1989304996129115	-0.047957219984516464
40.7155403	1.08	-15.566974656005383	-0.6226789862402153
40.7155403	1.08	-17.845416521448932	-0.7138166608579573
40.7157	1.23	-1.084011729403798	-0.043360469176151925
40.71652	1.14	-10.465519549895156	-0.4186207819958062
83.5783259	1.09	-13.469999641821724	-0.538799985672869
83.57858781	1.09	-2.7628135835590486	-0.11051254334236195
83.5783259	0.88	-3.201726274330377	-0.12806905097321508
83.5781976	1.47	-8.537877304295517	-0.3415150921718207
83.5783259	1.09	-14.603143816443485	-0.5841257526577394
83.5783259	1.09	-10.263099911792128	-0.41052399647168514
83.5781976	1.09	-14.303569986307753	-0.5721427994523102
15.43396148	0.98	-22.921977220259038	-0.9168790888103615
15.43400996	0.98	-1.2818241631432898	-0.05127296652573159
15.43400996	1.06	-1.4726009718323052	-0.05890403887329221
15.434	0.98	-20.68233090320031	-0.8272932361280124
9.51216177	0.67	-23.853694548358128	-0.9541477819343251
9.51221128	0.57	-3.382872694547231	-0.13531490778188926
9.51221128	0.57	-2.809510779771131	-0.11238043119084525
9.51221128	0.57	-4.894481592141371	-0.19577926368565485
1.60932168	0.57	-6.951388375684639	-0.27805553502738556
1.60932168	0.57	-4.598492664357723	-0.18393970657430891
1.60932194	0.67	-17.061036752629335	-0.6824414701051734
4.729344	0.58	-19.54931688580207	-0.7819726754320828
4.72946978	0.61	-8.12247384689664	-0.3248989538758656
4.72941177	0.67	-5.195885917746727	-0.2078354367098691
4.72941969	0.57	-10.217062464686624	-0.40868249858746497
4.3931632	0.77	-2.193444122810409	-0.08773776491241636
4.39315652	0.8	-14.929535726632102	-0.597181429065284
4.39315652	0.77	-15.311556477496547	-0.6124622590998618
4.39316278	0.78	-5.613723343855215	-0.2245489337542086
4.39315768	0.78	-3.292351178784399	-0.13169404715137595
4.39315983	0.78	-5.766805327689799	-0.23067221310759195
4.39315652	0.77	-5.36978482157065	-0.214791392862826
7.40610054	0.78	-16.37504072175267	-0.6550016288701067
7.40610775	0.78	-16.13270347527171	-0.6453081390108685
7.40610257	0.78	-25.039711457536708	-1.0015884583014683
7.40610775	0.77	-13.192323864523278	-0.5276929545809311
7.40610775	0.8	-5.894989539504109	-0.23579958158016434
7.40611676	0.78	-14.883761099241228	-0.5953504439696492
7.40610775	0.77	-15.926435721074235	-0.6370574288429695
7.40611676	0.78	-13.408154231726089	-0.5363261692690435
7.40610775	0.77	-3.1209526682620607	-0.12483810673048243
21.8038763	0.77	-11.507831735007732	-0.4603132694003093
21.8038763	0.77	-6.4351184094621345	-0.2574047363784854
21.80353249	0.78	-3.4757587258953944	-0.13903034903581576
21.803708	0.78	-0.559982003903877	-0.02239928015615508
21.8038763	0.8	-9.986781290685151	-0.39947125162740604
21.80428	0.71	-16.1186793517546	-0.644747174070184
21.80379	0.78	-8.961537494975454	-0.3584614997990182
21.803855	0.77	-7.901023612519227	-0.3160409445007691
1071.232624	0.78	-0.2855748138204697	-0.011422992552818787
1071.23228	0.77	-2.9997157439724935	-0.11998862975889975
1071.23308	0.78	-1.4250210296221357	-0.05700084118488543
1071.23205	0.78	-13.349291055470905	-0.5339716422188362
20.4999636	1.05	-20.132308455340997	-0.8052923382136399
20.4998373	1.09	-0.7184241450831177	-0.02873696580332471
20.4998	1.05	-21.89009836217983	-0.8756039344871933
20.4998373	1.09	-4.392148907543756	-0.17568595630175027
20.4998763	1.13	-10.947024999256332	-0.43788099997025326
4.16788529	0.87	-6.37850892259467	-0.2551403569037868
4.16787814	0.91	-4.569155185956884	-0.18276620743827537
4.16789251	0.93	-12.884477493264109	-0.5153790997305644
4.16789251	0.77	-0.8984849835548312	-0.03593939934219325
150.8779906	0.94	-2.8202599979372613	-0.11281039991749045
150.8811	1.14	-5.714534900902132	-0.2285813960360853
150.8779906	0.99	-1.1509863016392516	-0.046039452065570065
150.8783198	1.1	-8.267179323355354	-0.3306871729342142
33.78882	1.1	-3.0219592892245197	-0.12087837156898079
33.7888028	1.11	-4.6364804236319905	-0.18545921694527961
33.78882491	1.14	-4.826975027079192	-0.1930790010831677
33.78882491	1.1	-3.1991301358100586	-0.12796520543240233
33.7888	1.11	-5.761156815690863	-0.23044627262763454
62.56160747	0.96	-11.946869011348475	-0.477874760453939
62.561528	0.93	-6.787149685917246	-0.27148598743668984
62.5611	0.96	-15.928918485199368	-0.6371567394079748
62.56259	0.94	-1.2686108083478334	-0.050744432333913334
62.561528	0.93	-10.489256579543877	-0.4195702631817551
63.0380366	0.98	-2.0673369712447465	-0.08269347884978986
63.0381121	1.12	-2.480361855033409	-0.09921447420133635
63.0381121	1.14	-1.6046376808402578	-0.06418550723361031
29.92205802	1.07	-6.115288374036543	-0.2446115349614617
29.92208104	1.11	-0.16415010198100677	-0.006566004079240271
22.06399693	1.11	-16.15255770175464	-0.6461023080701855
22.064	1.11	-8.15840803044322	-0.32633632121772876
22.06402	1.17	-1.4740081541229442	-0.05896032616491777
22.0641	1.09	-9.896434311966942	-0.3958573724786777
22.0640623	1.2	-7.015454711362075	-0.280618188454483
147.973027	0.96	-1.595693518261992	-0.06382774073047968
147.97391	0.91	-0.15379375005228968	-0.006151750002091587
147.97292294	1.03	-9.012830233928259	-0.3605132093571304
147.973027	0.96	-0.2755556308786147	-0.011022225235144588
9.75369069	1.0	-22.480950683814573	-0.899238027352583
9.75376	0.96	-13.726868463282706	-0.5490747385313083
9.75374033	1.0	-9.972715205686882	-0.39890860822747526
9.75369069	1.0	-19.83364072925408	-0.7933456291701632
4.42534621	1.09	-9.342874553274875	-0.373714982130995
4.42535352	1.12	-2.0472055502808084	-0.08188822201123235
4.42534621	1.09	-20.648520196759396	-0.8259408078703758
13.19320021	1.12	-13.655667649974855	-0.5462267059989943
13.19322809	1.12	-4.398520966810869	-0.17594083867243476
13.1932092	1.09	-18.857689414400994	-0.7543075765760398
8.77426218	0.83	-17.427901687291758	-0.6971160674916703
8.77419863	0.83	-5.177913301671766	-0.20711653206687064
8.77426218	0.83	-3.143506224455216	-0.12574024897820865
8.77406	0.92	-21.44686025002407	-0.8578744100009628
8.77424	0.83	-10.298243604044483	-0.41192974416177935
69.8941	0.9	-7.59649757739829	-0.30385990309593164
14.83339324	0.93	-5.939993091667148	-0.2375997236666859
14.8322	0.93	-29.7600914343266	-1.190403657373064
14.83340944	0.88	-16.90660699644276	-0.6762642798577104
14.8334	0.99	-16.047608513013486	-0.6419043405205395
14.83340944	0.99	-17.090636498448227	-0.6836254599379291
15.03343	0.83	-11.805255292228544	-0.4722102116891418
15.03366411	0.97	-4.876945670882208	-0.19507782683528832
15.03366571	0.91	-5.450418912884608	-0.21801675651538432
15.0337	0.95	-12.142285196613363	-0.4856914078645345
47.7054612	0.67	-12.399832731657108	-0.4959933092662843
47.7045936	0.75	-13.537934438020422	-0.5415173775208169
20.4904029	1.04	-11.389140696646056	-0.45556562786584226
20.49013	1.01	-1.9633637011549208	-0.07853454804619683
20.4904029	1.04	-7.913146960058344	-0.31652587840233376
20.4904029	1.04	-5.604990200400424	-0.22419960801601696
20.49041	0.96	-8.967245782807996	-0.35868983131231985
9.30955	1.07	-16.18040285921179	-0.6472161143684716
9.30989826	1.0	-7.818000979828324	-0.31272003919313296
9.30989826	1.0	-18.902088751652215	-0.7560835500660886
9.30989826	1.0	-22.61429009654431	-0.9045716038617724
5.77955922	0.56	-3.315253630804026	-0.13261014523216105
5.77957133	0.6	-4.931170854124985	-0.19724683416499939
5.77954	0.65	-6.159490626218615	-0.24637962504874458
5.77955922	0.56	-6.359848192464739	-0.25439392769858954
8.48299282	0.94	-14.170503288927009	-0.5668201315570803
8.48293296	0.92	-6.189929771921405	-0.24759719087685622
8.48293296	0.89	-3.464331496281222	-0.13857325985124888
8.48299282	1.02	-10.842643456369002	-0.4337057382547601
3.25058053	0.85	-10.235145988391544	-0.4094058395356618
3.25058201	0.81	-28.899465261733507	-1.1559786104693404
3.25058053	0.85	-7.830880693288228	-0.3132352277315291
3.25058053	0.84	-15.82353540086812	-0.6329414160347249
3.25058053	0.85	-1.0808956133509433	-0.04323582453403773
3.25058644	0.81	-5.579992539451894	-0.22319970157807575
6.19543693	0.84	-2.954634884850239	-0.11818539539400956
6.19543693	0.85	-8.3351252561239	-0.333405010244956
6.19543693	0.82	-12.247252180728166	-0.48989008722912664
6.1954595	0.81	-10.04860557959054	-0.4019442231836216
6.19543693	0.85	-5.943058133496578	-0.23772232533986312
6.1954595	0.81	-7.460170416633705	-0.2984068166653482
6.195544	0.92	-6.086837787951436	-0.24347351151805743
8.34818817	0.85	-0.4251323419752775	-0.0170052936790111
8.34818817	0.84	-13.721854891434083	-0.5488741956573633
8.34820746	0.81	-11.38005442010742	-0.4552021768042968
8.34819209	0.81	-15.483712489973225	-0.619348499598929
13.767145	0.92	-5.474634161381737	-0.2189853664552695
13.76710058	0.81	-9.241294320967695	-0.3696517728387078
13.76708539	0.84	-33.08489055690758	-1.3233956222763033
13.76708539	0.85	-25.35956085673819	-1.0143824342695278
13.76708181	0.81	-6.980353239233823	-0.27921412956935293
13.76706856	0.81	-8.199766708296318	-0.3279906683318527
13.76708539	0.85	-8.46855034052372	-0.3387420136209488
87.09086	0.92	-21.63956207455929	-0.8655824829823716
87.0905994	0.85	-11.63387671808791	-0.4653550687235164
87.0905994	0.84	-5.398699169791728	-0.2159479667916691
87.09046342	0.81	-2.2389382239330176	-0.0895575289573207
87.09056794	0.81	-12.79062126402774	-0.5116248505611096
87.0905994	0.82	-5.540968379530265	-0.2216387351812106
87.0905994	0.85	-11.007322044198284	-0.4402928817679314
234.63454522	0.94	-6.411114572721872	-0.2564445829088749
234.635652	0.94	-23.525324873417794	-0.9410129949367118
234.635379	0.88	-16.468775757647926	-0.6587510303059171
234.635379	0.88	-9.666281250975478	-0.3866512500390191
234.636	0.94	-7.861356126291847	-0.3144542450516739
234.6356	0.91	-10.749769906394524	-0.42999079625578096
3.8482213	1.22	-19.31604726760367	-0.7726418907041468
3.8482213	1.22	-7.225256071996721	-0.2890102428798689
3.84822189	1.11	-2.323169351708783	-0.09292677406835133
5.95958637	0.87	-19.93354248933341	-0.7973416995733363
5.95960845	1.01	-4.9149844889855725	-0.19659937955942292
5.95966	0.87	-14.716262947403843	-0.5886505178961537
5.95960845	1.01	-7.099444970577572	-0.28397779882310287
5.959585	0.82	-27.245499193850677	-1.089819967754027
12.0999	0.95	-10.809841038354747	-0.4323936415341899
12.0999065	0.95	-2.671106340431911	-0.10684425361727645
12.10001	0.94	-1.4822614075737912	-0.05929045630295165
12.09997831	0.95	-10.87515796593635	-0.435006318637454
12.09997831	0.95	-2.429959484465294	-0.09719837937861175
5.36370993	0.94	-2.0655763691748814	-0.08262305476699526
5.36374214	0.95	-9.761892180677279	-0.39047568722709114
5.36375016	0.94	-5.492085961690274	-0.219683438467611
3.89524296	0.8	-18.549127035713063	-0.7419650814285226
3.89523349	0.68	-20.963298112792806	-0.8385319245117122
3.895233	0.78	-7.436455893215866	-0.29745823572863467
4.73292085	0.86	-13.101152299351849	-0.5240460919740739
4.73292085	0.86	-12.301213514160407	-0.4920485405664163
4.73292085	0.86	-3.3285767178235304	-0.1331430687129412
4.732914	0.92	-2.1655490001285562	-0.08662196000514225
4.7329	0.96	-5.197741692084899	-0.20790966768339597
4.73292061	0.89	-4.343412012804115	-0.1737364805121646
65.9409	1.02	-15.92467026946954	-0.6369868107787816
65.941326	1.05	-14.129236888151562	-0.5651694755260624
65.9412549	1.02	-0.6053016075371294	-0.024212064301485176
65.941326	1.05	-17.64813889348285	-0.705925555739314
65.9407869	1.02	-1.9304162793478419	-0.07721665117391367
33.4976313	0.96	-11.244494968011722	-0.44977979872046886
33.4976313	0.96	-3.6406167224737755	-0.14562466889895104
33.4969115	0.96	-6.097028666744037	-0.2438811466697615
33.49803036	0.75	-7.283266903178445	-0.2913306761271378
1.2107	0.82	-11.99626627103951	-0.4798506508415804
1.21069487	0.82	-2.39607103671464	-0.0958428414685856
1.21069328	0.72	-13.620942278485662	-0.5448376911394265
1.21069328	0.72	-7.202370972869771	-0.2880948389147908
1.21069328	0.72	-6.959384265109664	-0.27837537060438655
1.21069328	0.8	-16.851594551787187	-0.6740637820714875
3.49078834	0.79	-14.128729988552951	-0.5651491995421181
3.49078588	0.81	-12.710065658947794	-0.5084026263579118
3.49078834	0.79	-7.49837360772586	-0.2999349443090344
1.48571092	1.04	-3.5218411016852382	-0.14087364406740954
1.48571095	1.02	-3.2411067313210715	-0.12964426925284286
1.4857108	1.04	-3.4677358953119954	-0.13870943581247983
1.48571091	1.16	-1.533301453449062	-0.061332058137962484
1.48571099	1.04	-6.5725100126212865	-0.2629004005048515
1.48571095	1.02	-12.99806543272342	-0.5199226173089369
1.48571099	1.02	-6.035619082374129	-0.24142476329496518
7.93057525	0.96	-18.161173348435522	-0.7264469339374209
7.93058352	0.96	-0.8303512839609322	-0.03321405135843729
7.930563	1.09	-3.3240270656691244	-0.13296108262676498
7.93058775	1.08	-0.7256702496939016	-0.029026809987756065
7.93058775	1.07	-5.91192224560569	-0.2364768898242276
7.9305715	0.96	-6.9102904526867945	-0.2764116181074718
16.66591162	1.08	-1.4990775842092625	-0.059963103368370504
16.666	1.08	-22.90137839546362	-0.9160551358185448
16.6659163	0.96	-5.003976936073309	-0.20015907744293238
234.244257	1.25	-8.715095511814043	-0.3486038204725617
234.244257	1.07	-8.320789551978365	-0.3328315820791346
234.240739	1.12	-10.288047887109578	-0.4115219154843831
234.244257	1.25	-8.874348350359025	-0.354973934014361
169.133455	0.86	-12.314103986737369	-0.4925641594694948
169.133455	0.86	-2.167560545108355	-0.0867024218043342
169.133455	0.88	-1.271124179080159	-0.05084496716320636
169.13399905	0.87	-18.91347729562938	-0.7565390918251752
169.135056	0.87	-9.920219971308395	-0.39680879885233583
18.5010197	0.83	-2.579863647472577	-0.10319454589890308
18.5010197	0.83	-11.92251272536598	-0.4769005090146392
18.5010197	0.83	-4.320778076312398	-0.17283112305249593
18.5010898	0.81	-14.802197046742712	-0.5920878818697085
18.5010898	0.85	-13.79482179534732	-0.5517928718138928
988.8811177	1.1	-0.7000938870659432	-0.02800375548263773
988.88112	1.13	-6.533705593791289	-0.26134822375165156
988.8811177	1.02	-20.856682332541876	-0.834267293301675
988.8811177	1.21	-13.240159552954388	-0.5296063821181756
600.0	1.17	-1.285122834236669	-0.05140491336946676
9.0194714	1.27	-1.2468030689029572	-0.04987212275611829
9.03502	1.14	-5.812422598674574	-0.23249690394698294
65.70459747	1.0	-5.18003042394135	-0.207201216957654
65.70462	1.08	-4.0491197340268235	-0.16196478936107295
65.7045487	1.04	-4.83933938109202	-0.1935735752436808
65.70460002	1.06	-0.9050861980140603	-0.03620344792056241
4.16696628	0.91	-2.3716323456529307	-0.09486529382611723
4.166937	0.93	-2.41651342670317	-0.0966605370681268
4.16696217	0.91	-14.941670539309552	-0.597666821572382
4.16696217	0.91	-2.0594651050635537	-0.08237860420254216
4.16696961	0.97	-3.6188943043782333	-0.14475577217512933
11.4634736	1.07	-14.052044831454008	-0.5620817932581603
11.463527	0.93	-11.08060831776942	-0.44322433271077677
11.4634736	0.91	-9.66375026762517	-0.38655001070500683
11.46344672	0.97	-5.493124361487102	-0.2197249744594841
39.5968655	0.97	-7.012467465955317	-0.2804986986382127
39.6027551	0.91	-4.250643057564265	-0.1700257223025706
39.6027551	1.07	-0.32915899648106395	-0.013166359859242558
39.6034	0.91	-6.696346213512813	-0.26785384854051253
39.6027551	0.98	-11.133400950944951	-0.44533603803779803
14.91095177	0.98	-9.57816445611516	-0.38312657824460644
14.91095177	0.93	-32.77534003756938	-1.3110136015027751
14.91095504	0.98	-2.9796038191034	-0.119184152764136
14.91094205	0.95	-6.447453050784513	-0.2578981220313805
21.06075647	0.95	-16.922371623223682	-0.6768948649289473
21.06075647	0.95	-16.224795434744564	-0.6489918173897826
21.06075303	0.94	-17.378199258697812	-0.6951279703479125
21.06080055	0.94	-9.338131580856754	-0.37352526323427016
13.815058	0.53	-8.558466041557178	-0.3423386416622871
13.81505213	0.51	-7.850564144478401	-0.31402256577913606
13.81504449	0.52	-12.493867446636667	-0.49975469786546667
13.81505213	0.51	-16.647583960155586	-0.6659033584062235
18.01167665	1.17	-23.433405950599614	-0.9373362380239846
18.01167665	1.32	-4.809862455536425	-0.19239449822145702
18.01134	1.24	-15.25863904709716	-0.6103455618838864
18.01164974	1.3	-19.090641442474826	-0.763625657698993
10.27530003	1.45	-8.77644731552272	-0.3510578926209088
10.27531708	1.48	-9.782126176291426	-0.39128504705165706
10.27531708	1.49	-6.2575330193825165	-0.25030132077530065
10.27532513	1.14	-4.391991110034308	-0.17567964440137232
35.59713982	1.11	-8.8954373718434	-0.355817494873736
35.5969684	1.12	-9.290101153803798	-0.3716040461521519
35.59718657	1.12	-8.694480442121664	-0.3477792176848666
35.59743	1.23	-18.378162350711833	-0.7351264940284733
35.59713982	1.19	-12.15932115889922	-0.4863728463559688
35.58059621	0.78	-11.366944336331569	-0.45467777345326277
35.58355458	0.67	-1.5313356025903215	-0.06125342410361286
35.58355458	0.7	-11.341434140455428	-0.4536573656182171
35.58355458	0.67	-10.145283206138764	-0.40581132824555055
35.58944	0.7	-12.215274385847483	-0.4886109754338993
35.58349688	0.78	-2.4558699216961517	-0.09823479686784607
35.58349688	0.75	-6.0388267536961955	-0.24155307014784783
35.58355458	0.67	-4.917170333173757	-0.19668681332695026
30.6528935	1.16	-14.335309122360664	-0.5734123648944266
30.6529373	1.32	-3.1917154001831927	-0.1276686160073277
30.65299127	1.37	-9.969419622415991	-0.39877678489663965
135.18805549	1.05	-5.552214390047293	-0.22208857560189174
135.1878234	0.78	-14.48874069332421	-0.5795496277329685
135.1898	0.84	-4.296134616471438	-0.17184538465885751
135.1878234	0.83	-7.94000729685518	-0.3176002918742072
135.1878234	0.78	-0.5451992835928017	-0.021807971343712068
6.14955299	1.08	-4.120219313886362	-0.16480877255545448
6.14955931	1.03	-2.7654559524547477	-0.11061823809818991
6.14955931	1.08	-24.982709223145307	-0.9993083689258123
6.14955299	1.08	-24.53476964696242	-0.9813907858784968
6.149362	1.09	-11.678123444239805	-0.46712493776959224
2.94030411	0.9	-17.32136040846045	-0.692854416338418
2.94030411	0.9	-3.860560232573721	-0.15442240930294884
2.94030482	0.95	-13.019836668970157	-0.5207934667588063
6.38901755	0.9	-13.614802716478916	-0.5445921086591566
6.38901755	0.9	-21.16236274447963	-0.8464945097791852
6.38901755	0.9	-21.49330391328096	-0.8597321565312385
6.38901755	1.08	-14.311842166004572	-0.5724736866401829
14.62698952	1.08	-13.80572686249799	-0.5522290744999195
14.62698952	0.9	-16.464473809006776	-0.6585789523602711
14.62698952	0.9	-12.423743594015619	-0.4969497437606248
14.62677024	0.95	-2.0989848447584083	-0.08395939379033633
14.62707812	0.95	-0.28627008211667526	-0.011450803284667011
14.62709685	0.96	-2.4783958688799443	-0.09913583475519777
14.62698952	1.0	-0.2883482119206	-0.011533928476824001
14.62719	0.85	-13.066713912673862	-0.5226685565069544
14.62709685	0.95	-9.35620619727863	-0.3742482478911452
35.1188577	0.95	-5.814538440745362	-0.23258153762981448
35.1185226	0.9	-15.450790970598279	-0.6180316388239312
35.1184432	0.96	-10.159310564990705	-0.4063724225996282
35.1185226	1.08	-5.349022306539787	-0.21396089226159148
35.1185226	1.0	-24.97855646258535	-0.999142258503414
12.70636123	0.94	-16.793969222820124	-0.671758768912805
12.706784	0.91	-4.142780782857427	-0.16571123131429707
12.70637048	0.94	-1.638866471338293	-0.06555465885353172
12.70637048	0.94	-6.9056070896074	-0.276224283584296
4.59239084	0.89	-21.845297665218784	-0.8738119066087514
4.59239084	0.89	-4.230122425640633	-0.1692048970256253
4.59238514	0.87	-5.08834607865823	-0.2035338431463292
4.59239382	0.87	-17.385561877204125	-0.695422475088165
4.59238005	0.89	-6.5002986633057995	-0.260011946532232
4.59239382	0.89	-14.702090858582611	-0.5880836343433045
4.592392	0.85	-7.088901383371854	-0.28355605533487416
9.17856979	0.88	-4.63861616616786	-0.18554464664671438
9.1785703	0.94	-3.6624426920897712	-0.14649770768359086
9.17858057	0.86	-10.895804935969108	-0.43583219743876433
9.178475	0.9	-4.890608037742876	-0.19562432150971504
39.7530284	0.96	-11.189889894281322	-0.4475955957712529
39.75062	1.04	-20.47447063458554	-0.8189788253834216
39.75266676	1.01	-27.573069148856643	-1.1029227659542657
39.7530284	0.96	-3.4098031681388097	-0.1363921267255524
39.7529915	1.01	-6.655073157575661	-0.26620292630302644
6.45442931	1.02	-8.221272690603598	-0.32885090762414393
6.45441745	1.02	-5.258791519498316	-0.21035166077993264
6.45443377	1.02	-2.769451077917008	-0.11077804311668032
6.45442009	1.02	-6.3726158586306045	-0.2549046343452242
6.45442931	1.02	-14.447118704684112	-0.5778847481873645
16.71990013	1.05	-0.7917909841325699	-0.031671639365302796
16.71979	1.18	-13.047345423968121	-0.5218938169587248
16.71987303	1.17	-28.194140057174877	-1.127765602286995
16.71987223	1.13	-0.6948755596094975	-0.027795022384379902
16.71987223	1.11	-8.41486528435264	-0.3365946113741056
16.71987223	1.13	-15.94418783272171	-0.6377675133088684
16.71987223	1.13	-3.6734924906092523	-0.1469396996243701
18.39629744	0.92	-10.157479203395546	-0.40629916813582184
18.39628156	0.85	-2.9866906501018944	-0.11946762600407577
18.39628156	0.85	-1.1201847455122171	-0.04480738982048869
18.39628156	0.82	-4.9313526781905574	-0.1972541071276223
18.396319	0.83	-3.7427967634744963	-0.14971187053897986
18.39629936	0.88	-10.044553773655586	-0.40178215094622344
18.39626843	0.92	-3.5673876748282707	-0.14269550699313083
9.02930689	0.91	-3.3313985971652906	-0.13325594388661163
9.02929974	0.82	-20.853382249059788	-0.8341352899623915
9.02930689	0.82	-16.65531974999546	-0.6662127899998184
4.7830027	0.83	-4.563994949303487	-0.18255979797213948
4.22096578	0.69	-4.624825102100654	-0.18499300408402616
4.22096715	0.55	-13.21816909848022	-0.5287267639392088
4.22096735	0.69	-11.310274664567448	-0.4524109865826979
4.26374098	1.0	-7.737626905370801	-0.30950507621483203
4.26374847	1.07	-25.81986661133341	-1.0327946644533363
4.26374847	0.79	-9.835958596880367	-0.3934383438752147
4.26374378	0.79	-8.275513554020662	-0.3310205421608265
4.26374378	1.0	-3.4308842199098013	-0.13723536879639206
4.263756	1.06	-0.3951024048733125	-0.0158040961949325
4.26374847	1.04	-3.1167821839791428	-0.12467128735916572
8.00579096	1.0	-12.7008372996418	-0.5080334919856719
8.00578366	0.79	-5.448122684064012	-0.21792490736256048
8.005798	1.06	-3.843897394885024	-0.15375589579540097
8.00578366	0.79	-8.55825021168542	-0.34233000846741685
13.81020318	0.99	-3.138513007097911	-0.12554052028391643
13.81019974	1.01	-9.368197717872935	-0.3747279087149174
13.80994	0.97	-23.455145221473643	-0.9382058088589458
13.81020094	1.01	-6.2499318782829505	-0.24999727513131803
13.81020094	1.01	-5.005116057355589	-0.20020464229422355
13.81019506	0.99	-13.911707295457232	-0.5564682918182893
21.76129812	0.78	-4.877771317198045	-0.1951108526879218
21.76129394	0.72	-14.890909296595883	-0.5956363718638353
21.76129812	0.81	-10.661582674046636	-0.42646330696186546
21.76129394	0.72	-0.5385642833192406	-0.021542571332769624
21.76129913	0.78	-20.313018857957406	-0.8125207543182963
21.761277	0.71	-3.738027387743032	-0.14952109550972129
21.76129394	0.77	-2.771661075006879	-0.11086644300027515
32.3122867	1.04	-2.5160020205408777	-0.10064008082163511
32.31153	1.01	-1.3509810589088265	-0.05403924235635306
32.3123975	1.04	-6.783427378443574	-0.27133709513774296
32.3123975	1.04	-6.318622869159112	-0.2527449147663645
9.22961384	1.23	-3.232740660457691	-0.12930962641830765
9.22958009	1.08	-11.430302055258895	-0.4572120822103558
9.22969	1.17	-8.617657838179554	-0.3447063135271822
6.79684436	1.05	-16.3851789773274	-0.655407159093096
6.79684436	1.05	-6.201909253844798	-0.24807637015379194
7.71790675	0.55	-3.436812556755103	-0.13747250227020413
7.71792984	0.54	-0.8261874416232657	-0.03304749766493063
7.71797	0.55	-11.767315314983307	-0.47069261259933226
7.71792296	0.54	-5.008246066450443	-0.20032984265801773
7.71792296	0.54	-2.9018765648763853	-0.11607506259505541
37.8102649	0.98	-14.912032637279864	-0.5964813054911946
37.8101174	0.98	-10.775524021153643	-0.4310209608461457
37.81029892	0.98	-10.320251072887393	-0.4128100429154957
37.8101174	0.98	-3.095240659977378	-0.12380962639909512
37.81062	1.06	-14.2543845739301	-0.570175382957204
64.6174465	0.83	-13.016711244497353	-0.5206684497798941
64.6174465	0.83	-0.5555964408172	-0.022223857632688002
64.61635	0.72	-12.03657152169743	-0.48146286086789725
7.67465618	1.08	-15.463820498982637	-0.6185528199593054
7.6746614	1.08	-5.148356338584904	-0.20593425354339615
7.67465618	1.08	-3.051723379228852	-0.12206893516915408
7.34372823	0.84	-0.36974750013094004	-0.014789900005237602
7.343692	0.98	-3.8967704229254796	-0.15587081691701918
7.34372823	0.84	-10.761205856583915	-0.4304482342633566
7.34373964	1.02	-28.432736558441082	-1.1373094623376434
7.34370995	0.86	-3.255783843238535	-0.1302313537295414
7.34373964	0.86	-19.396573402386675	-0.775862936095467
7.34372823	0.84	-0.8683201550010855	-0.034732806200043424
13.981814	0.6	-2.1539791773451196	-0.08615916709380478
13.98178008	0.76	-5.8834832553788665	-0.23533933021515466
13.98174705	0.76	-7.670500072173498	-0.30682000288693995
13.98177228	0.58	-0.9297438120854065	-0.03718975248341626
44.00045	0.6	-16.87835816226414	-0.6751343264905656
44.0003975	0.76	-13.650773824747544	-0.5460309529899018
44.0004287	0.58	-5.869183219162299	-0.23476732876649195
44.0003975	0.64	-4.112302269077665	-0.16449209076310659
44.0004287	0.58	-8.167738541995663	-0.3267095416798265
44.00028934	0.76	-8.940069638201264	-0.3576027855280505
44.00055963	0.76	-23.335550185148403	-0.9334220074059362
247.354265	0.58	-5.974325162099847	-0.2389730064839939
247.3545	0.76	-11.045094251860759	-0.44180377007443034
247.353682	0.76	-5.929133345047845	-0.2371653338019138
247.354265	0.58	-13.766344808253404	-0.5506537923301361
247.354265	0.71	-1.7864304587656687	-0.07145721835062675
247.354265	0.58	-2.297753473157318	-0.09191013892629273
247.354914	0.64	-22.54998259170777	-0.9019993036683108
8.17242018	1.09	-19.702996005669014	-0.7881198402267606
8.17242644	1.02	-9.372844123892754	-0.37491376495571016
8.17240047	0.94	-8.196459813859446	-0.3278583925543779
8.17242018	1.09	-9.81075884919233	-0.3924303539676932
8.17248	1.04	-5.383267902574589	-0.21533071610298357
8.17244521	1.02	-12.80653097166001	-0.5122612388664004
2.75759006	0.45	-3.312744792633789	-0.13250979170535157
2.757567	0.54	-9.586768468722113	-0.38347073874888454
2.75758462	0.45	-1.8459137222064115	-0.07383654888825646
2.75759025	0.48	-6.387313541654271	-0.2554925416661708
2.75759025	0.48	-2.336905385129435	-0.09347621540517739
2.75758462	0.59	-13.306045017708094	-0.5322418007083237
49.4781446	0.94	-3.8624521415707553	-0.15449808566283021
49.4781649	0.94	-6.039740375102463	-0.24158961500409853
7.64972303	1.35	-5.092795257519656	-0.20371181030078625
7.64970832	1.27	-4.082335295452577	-0.16329341181810306
7.64972303	1.23	-4.006513631169497	-0.16026054524677988
7.64972303	1.23	-8.342606952719358	-0.3337042781087743
7.64970832	1.0	-17.41507828865417	-0.6966031315461667
37.101107	0.89	-10.901620715757987	-0.4360648286303195
37.1011418	0.89	-12.651789299532092	-0.5060715719812837
37.101107	0.89	-0.4186649591720939	-0.016746598366883757
37.1011418	1.0	-6.570497838931243	-0.2628199135572497
3.01618319	1.06	-1.6836665120417216	-0.06734666048166886
3.016148	1.03	-9.56954148431543	-0.3827816593726172
3.01618319	1.06	-5.635922300823497	-0.22543689203293987
321.2125073	1.07	-2.167571556808745	-0.0867028622723498
321.2139	1.14	-16.816627537400564	-0.6726651014960225
321.2124365	1.09	-11.358739512835783	-0.45434958051343133
321.2124365	1.22	-12.75712703687429	-0.5102850814749716
321.2125073	0.87	-5.088703141528621	-0.20354812566114483
6.23033032	0.98	-0.43793403878218706	-0.017517361551287483
6.23031998	0.98	-9.32655401357217	-0.3730621605428868
6.230227	0.86	-11.79512635763081	-0.4718050543052324
6.23033082	0.88	-13.836560381681387	-0.5534624152672555
5.82348911	0.92	-16.233218163902954	-0.6493287265561182
5.82349237	0.92	-10.327107336089686	-0.41308429344358744
5.82352757	0.93	-26.057226433626067	-1.0422890573450427
5.82352018	0.92	-9.771721867439961	-0.39086887469759846
5.82349237	0.92	-1.995826302420551	-0.07983305209682204
5.82349237	0.92	-7.437867895603493	-0.29751471582413974
14.53410833	0.55	-11.756619014897296	-0.47026476059589184
14.53410194	0.59	-17.44165959321289	-0.6976663837285156
14.53410194	0.59	-15.860558212653116	-0.6344223285061247
14.53398	0.57	-4.1737222352208585	-0.16694888940883434
14.53399886	0.66	-22.049912143747484	-0.8819964857498994
11.90350858	1.08	-2.9438358066323635	-0.11775343226529454
11.90352088	1.08	-3.6334643813596275	-0.1453385752543851
11.90352088	1.02	-7.707285636405192	-0.3082914254562077
11.90362	1.04	-1.408852984610304	-0.056354119384412156
11.90350858	1.08	-8.87156806419435	-0.35486272256777396
11.90350858	1.12	-11.228912911987756	-0.4491565164795102
11.90350858	1.08	-5.628561397128529	-0.22514245588514115
34.0350559	1.08	-2.5100889495917458	-0.10040355798366983
34.0350559	0.97	-7.321197807446079	-0.2928479122978431
34.0350559	1.12	-8.328057635389138	-0.33312230541556553
34.03517103	1.02	-7.291096735300128	-0.2916438694120051
34.0350559	1.08	-0.615308312209597	-0.024612332488383883
34.0350559	1.08	-6.598624208225184	-0.2639449683290074
34.03524271	1.02	-12.571340357173353	-0.5028536142869341
34.0350605	1.08	-14.37011927235846	-0.5748047708943385
205.912735	0.96	-6.498581170606386	-0.2599432468242554
205.91087869	0.96	-8.186686906248937	-0.3274674762499575
205.9172	0.98	-12.20577922945086	-0.4882311691780344
205.912082	0.85	-3.2074772485952194	-0.1282990899438088
205.912082	0.85	-16.340909675733407	-0.6536363870293362
7.01734994	0.97	-1.1565504658394168	-0.04626201863357667
7.01733571	1.02	-3.1462634545168395	-0.12585053818067357
7.01731014	0.97	-6.338529842635419	-0.2535411937054167
7.01734994	0.97	-19.661735895731965	-0.7864694358292786
7.01773	1.04	-0.8563458386731002	-0.03425383354692401
56.3592236	0.82	-5.603920187106137	-0.2241568074842455
56.36391	0.85	-4.713246091470935	-0.1885298436588374
56.35876458	0.89	-9.001045784362343	-0.36004183137449375
56.3587987	0.82	-11.613880072790167	-0.4645552029116067
16.00460392	0.86	-17.290280579501925	-0.691611223180077
16.00451	0.78	-6.5659343844401	-0.262637375377604
16.00464016	0.83	-6.870491710638863	-0.2748196684255545
16.00454026	0.85	-8.438016720181636	-0.33752066880726544
16.00454026	0.85	-10.23460411829716	-0.4093841647318864
8.19596647	0.72	-8.905783119036162	-0.3562313247614465
8.19587445	0.72	-5.513925738301806	-0.22055702953207224
8.19596647	0.73	-11.35977294520797	-0.4543909178083188
8.19593235	0.73	-14.460518007048938	-0.5784207202819576
24.81097206	1.2	-18.240408764240254	-0.7296163505696102
24.81209946	1.0	-3.634266576397943	-0.14537066305591773
24.81093193	1.0	-0.27879246734882024	-0.01115169869395281
24.81097206	1.0	-12.255426181838807	-0.4902170472735523
24.81093193	1.0	-6.565226894957598	-0.2626090757983039
2.35574505	0.78	-1.0500540152903919	-0.04200216061161568
2.35575008	0.78	-6.997397234408506	-0.27989588937634025
19.65644811	0.82	-9.657875362091822	-0.3863150144836729
19.65640068	0.83	-8.01243422829394	-0.3204973691317576
19.65667	0.84	-12.273742010538047	-0.49094968042152193
19.65639342	0.87	-5.3174466088001395	-0.21269786435200558
9.97726191	0.94	-4.057449272658288	-0.16229797090633152
9.97721004	1.03	-18.2774061603004	-0.7310962464120161
9.97741	0.98	-8.74401562186429	-0.34976062487457166
9.97726191	0.94	-4.606758365310428	-0.18427033461241712
9.97716876	1.1	-8.35787308154219	-0.3343149232616876
3.72020708	0.8	-9.345572496970359	-0.37382289987881434
3.72020177	0.76	-11.314869773255808	-0.4525947909302323
3.72020708	0.76	-10.47034125369193	-0.4188136501476772
3.72020177	0.76	-14.9781312454479	-0.599125249817916
5.43312169	0.83	-10.845401816650956	-0.4338160726660382
5.43312937	0.84	-2.9780115312954747	-0.119120461251819
12.75934489	0.79	-6.12971376440434	-0.2451885505761736
12.75934834	0.83	-2.055840242323794	-0.08223360969295175
12.760082	0.77	-24.334852744020523	-0.973394109760821
12.75935099	0.84	-7.649214871749102	-0.3059685948699641
25.75274977	0.84	-5.39292467584925	-0.21571698703397002
25.75274977	0.79	-10.005510690463977	-0.4002204276185591
25.75260028	0.83	-6.3866429253168535	-0.2554657170126741
25.75260028	0.83	-12.60631913743227	-0.5042527654972908
25.75260028	0.87	-8.819908442411467	-0.3527963376964587
25.75101	0.77	-1.9974680389147756	-0.07989872155659103
25.75279064	0.84	-10.565777492034378	-0.42263109968137513
25.75	0.85	-0.9298002853370326	-0.03719201141348131
25.752	0.83	-12.539257441389472	-0.5015702976555789
51.16579	0.87	-3.6226361513298944	-0.14490544605319577
51.16579	0.83	-1.5344309572748167	-0.06137723829099267
38.32527	0.85	-21.133505843845427	-0.8453402337538171
38.326218	0.98	-8.339404566581553	-0.3335761826632621
38.326218	0.98	-7.410028145138281	-0.29640112580553124
38.3262237	0.82	-0.5337884231324579	-0.021351536925298314
38.326218	0.98	-6.024176059934643	-0.24096704239738573
4.04355245	0.57	-6.445289399291959	-0.25781157597167836
4.04355143	0.49	-7.2923597518472505	-0.29169439007389003
4.043539	0.53	-17.223328931505762	-0.6889331572602305
4.04355143	0.49	-14.051670909092264	-0.5620668363636906
29.5391328	1.31	-1.0434822836949411	-0.04173929134779764
29.53921293	1.19	-3.030664833216793	-0.12122659332867172
29.5390897	1.19	-0.34138961628991105	-0.013655584651596442
29.53910065	1.3	-9.232477964487522	-0.3692991185795009
29.5391328	1.31	-11.908055791194903	-0.47632223164779613
29.5390897	1.3	-2.4637069915632974	-0.09854827966253189
1.48028346	1.03	-0.27161324603965387	-0.010864529841586154
1.48028059	1.03	-2.8733221426520026	-0.11493288570608011
1.48028059	1.03	-8.343750317035841	-0.33375001268143367
1.48028346	1.1	-3.261466517221271	-0.13045866068885084
70.4654	1.19	-9.050822899985754	-0.36203291599943016
70.46829987	1.16	-10.422601859204326	-0.41690407436817306
70.468171	1.14	-14.969039739215118	-0.5987615895686047
70.4680266	1.16	-1.2435339536113714	-0.04974135814445486
70.4680266	1.16	-13.343762992292643	-0.5337505196917057
10.41890782	0.95	-11.461711964398562	-0.4584684785759425
10.41890782	0.95	-15.335269407630275	-0.613410776305211
10.41889954	0.95	-3.823639943860482	-0.15294559775441927
10.4188915	0.95	-6.467581078473642	-0.25870324313894566
10.4188915	1.01	-13.731050081585595	-0.5492420032634238
10.41890782	0.95	-10.145378974444723	-0.4058151589777889
105.0145774	1.04	-0.5498998091397462	-0.02199599236558985
105.0149994	0.92	-7.940705405460531	-0.31762821621842124
105.01465499	1.04	-12.139055234510327	-0.48556220938041306
105.0141157	0.92	-9.675935032089427	-0.3870374012835771
105.0141157	0.92	-10.774636239095805	-0.4309854495638322
59.65943	0.75	-23.769348602904252	-0.9507739441161701
59.6585348	0.89	-4.493022979692629	-0.17972091918770516
59.65943	0.75	-12.574726743311956	-0.5029890697324783
59.65943	0.75	-7.593137997694471	-0.30372551990777885
15.13589954	1.24	-8.862190133406356	-0.35448760533625423
15.13590922	1.22	-23.15364343110671	-0.9261457372442683
15.13591895	1.2	-5.121957627812684	-0.20487830511250735
15.1358	0.9	-6.131945952713697	-0.2452778381085479
15.13590453	1.24	-11.195565165672827	-0.4478226066269131
89.19284	1.12	-8.877723468870869	-0.35510893875483474
89.1934705	1.03	-3.2162589642307786	-0.12865035856923115
89.1934967	1.06	-20.801160250732686	-0.8320464100293075
89.19354375	1.18	-5.320138497742617	-0.2128055399097047
36.8568008	0.92	-9.164973067866889	-0.36659892271467553
36.855	1.0	-19.112509706184976	-0.7645003882473991
36.8568008	1.07	-15.282888307956869	-0.6113155323182747
49.40926	0.92	-6.728216602653011	-0.26912866410612046
49.412	1.0	-4.37384216150658	-0.1749536864602632
49.41117582	0.92	-6.870628074972089	-0.27482512299888356
49.4112273	1.04	-4.673434213151297	-0.1869373685260519
49.41243	1.09	-3.952385444228309	-0.15809541776913236
49.41117582	1.07	-5.195034717224161	-0.20780138868896644
16.84193466	0.97	-2.628379695357277	-0.10513518781429108
16.84183355	0.94	-4.583077041110338	-0.18332308164441352
16.84192204	0.94	-1.9148329762096794	-0.07659331904838718
16.84183355	0.97	-8.65889114476569	-0.3463556457906276
88.64578	0.99	-10.635439251113896	-0.4254175700445558
88.6442364	0.97	-13.18485967746875	-0.5273943870987501
88.6442364	0.97	-4.75978422126701	-0.1903913688506804
88.6442364	0.97	-14.695742159223604	-0.5878296863689442
88.64399719	0.94	-1.5717179645961354	-0.06286871858384542
3.21510634	1.1	-4.735893237295448	-0.18943572949181792
3.21510634	1.09	-0.29215390487408643	-0.011686156194963458
3.21508917	0.99	-2.1456570998666136	-0.08582628399466455
3.21510938	0.94	-5.47823823666352	-0.2191295294665408
3.21509004	0.94	-19.75819612073263	-0.7903278448293053
3.21510938	0.99	-10.24617176569183	-0.4098468706276732
40.80957622	1.23	-8.568671253155632	-0.3427468501262253
40.80957622	1.11	-12.063575154543454	-0.4825430061817382
59.77085391	1.09	-13.424804737739526	-0.536992189509581
59.7711437	1.1	-10.149417625868615	-0.40597670503474464
59.7711437	1.1	-7.203746202050632	-0.28814984808202526
59.7711437	1.1	-4.888279085758433	-0.19553116343033733
59.7711437	0.96	-9.4202706998019	-0.37681082799207605
59.7711433	1.09	-6.135674054719936	-0.24542696218879745
59.7711433	1.1	-7.912715946635949	-0.316508637865438
85.6535849	1.07	-3.315284568066523	-0.1326113827226609
85.6542476	1.08	-9.015582123993234	-0.36062328495972934
85.6535849	1.07	-4.555460857384329	-0.18221843429537316
85.6535849	1.07	-9.41494221705253	-0.37659768868210125
35.01198	1.15	-26.531754512866428	-1.0612701805146572
35.01190875	1.04	-13.393606430732742	-0.5357442572293097
35.01198785	1.07	-2.162834678343058	-0.08651338713372232
35.01190186	1.04	-5.942802791492739	-0.23771211165970957
35.01198785	1.07	-7.1222834855962365	-0.2848913394238495
12.184118	1.35	-5.865662439062647	-0.2346264975625059
12.18416331	1.19	-2.363189583280123	-0.09452758333120492
12.18420029	0.98	-2.1330396329733787	-0.08532158531893515
12.18416331	0.98	-3.711785883051369	-0.14847143532205476
12.18416331	1.19	-8.886438140783063	-0.35545752563132255
10.08744556	1.14	-15.577966583161638	-0.6231186633264655
16.34355902	1.02	-0.44298124306345765	-0.017719249722538306
16.34355902	1.01	-12.48681888030755	-0.49947275521230206
16.34356	1.02	-7.2329774443825094	-0.2893190977753004
16.34359932	1.01	-4.483629991389488	-0.17934519965557955
9.57666394	0.94	-9.493852390816583	-0.3797540956326633
9.57666498	0.94	-6.946368799210674	-0.27785475196842696
9.57665962	0.89	-9.459601590506665	-0.3783840636202666
9.576715	0.89	-3.162993152176782	-0.1265197260870713
9.57666498	0.86	-11.650853149054004	-0.4660341259621602
20.55280311	0.94	-10.459302565185475	-0.41837210260741897
20.55274141	0.94	-11.491465558492338	-0.45965862233969357
20.55280793	0.94	-1.3862504943268308	-0.055450019773073234
20.55280311	0.89	-2.0063941243110532	-0.08025576497244213
20.55280793	0.86	-0.568505856709774	-0.022740234268390964
96.6781852	0.89	-9.294591761050473	-0.37178367044201893
96.6781926	0.86	-6.4054023391905215	-0.2562160935676209
96.67821518	0.94	-4.1980762623809955	-0.1679230504952398
96.6781926	0.86	-5.431711301345259	-0.21726845205381037
109.4449997	0.87	-12.515871874670019	-0.5006348749868008
109.44538491	0.93	-9.422447555060087	-0.3768979022024035
109.4449666	0.84	-16.144351928461848	-0.6457740771384739
109.4449666	0.84	-2.9563380029873176	-0.11825352011949271
109.4449666	0.84	-8.25393053015871	-0.33015722120634844
109.4450597	0.87	-8.332492646146951	-0.33329970584587804
4.88753368	0.88	-6.795869921494653	-0.2718347968597861
4.88753111	0.88	-4.415066044919256	-0.17660264179677027
4.88753526	1.04	-10.846772461023845	-0.4338708984409538
4.88753526	1.04	-11.039274919725045	-0.4415709967890018
4.88753111	1.05	-12.237035524153788	-0.4894814209661515
5.756239	0.72	-15.440069054973314	-0.6176027621989326
5.75624255	0.79	-8.6632706011334	-0.346530824045336
5.75622988	0.79	-18.80292702583708	-0.7521170810334832
5.75624255	0.79	-13.942996341844003	-0.5577198536737601
5.75624524	0.79	-15.412520929727897	-0.6165008371891159
5.75624524	0.79	-11.814803172871667	-0.4725921269148667
8.27744313	0.89	-1.4668982923479843	-0.058675931693919374
8.27745764	0.86	-7.527812213971352	-0.3011124885588541
8.27745764	0.89	-2.813633664561326	-0.11254534658245303
8.27741559	0.86	-6.007369713349024	-0.24029478853396097
8.27744313	0.89	-11.278704066284782	-0.4511481626513913
8.27744313	0.85	-15.569995589624195	-0.6227998235849678
13.59049988	0.89	-0.8625134611458463	-0.03450053844583385
13.59056583	0.89	-11.572021391447251	-0.46288085565789006
13.59051547	0.96	-0.4966018064403177	-0.01986407225761271
13.59056583	0.89	-7.091171337718197	-0.28364685350872787
13.59056583	0.89	-6.607460718306651	-0.26429842873226606
19.58550072	0.91	-4.023839599847728	-0.1609535839939091
19.58579	1.04	-9.316755408097503	-0.3726702163239001
19.58555801	1.02	-2.2988540657703456	-0.09195416263081382
78.5461106	1.02	-13.263519480634088	-0.5305407792253635
78.5461638	1.05	-3.829989937704066	-0.15319959750816264
78.5461638	1.05	-10.076938540874854	-0.4030775416349942
78.5461638	0.98	-12.644124637548911	-0.5057649855019565
78.54583023	1.02	-15.509360926528464	-0.6203744370611386
78.5461638	1.05	-2.92678896805702	-0.11707155872228081
39.3135699	1.01	-9.601530605262159	-0.3840612242104864
39.3134832	1.01	-5.038787899337528	-0.20155151597350113
39.31370163	1.01	-3.5095119549718743	-0.14038047819887498
39.3134832	1.01	-3.7648554494612094	-0.15059421797844838
39.31373887	1.04	-10.684250025128646	-0.4273700010051459
2.80011127	0.74	-14.359338429209929	-0.5743735371683972
2.80011127	0.69	-9.988536612104465	-0.3995414644841786
2.80011878	0.74	-18.459663772644436	-0.7383865509057774
2.80011812	0.69	-11.869168686888042	-0.47476674747552167
2.800131	0.69	-7.566468624819442	-0.3026587449927777
2.80012011	0.69	-8.75821276080936	-0.35032851043237445
80.2321467	0.96	-3.574840859881473	-0.14299363439525892
80.23182358	0.96	-1.3480161524716687	-0.05392064609886675
80.23190308	0.92	-5.9607377976507845	-0.23842951190603137
80.23247	0.91	-11.177173223134648	-0.44708692892538593
2.73590337	0.85	-7.839543438591184	-0.3135817375436474
2.73590337	0.91	-1.7146656486301493	-0.06858662594520597
2.73590007	0.86	-12.576753707311369	-0.5030701482924548
2.73590337	0.85	-9.085064045666243	-0.36340256182664976
2.73589	0.84	-1.3747296434230125	-0.0549891857369205
2.73590007	0.89	-3.801548947476797	-0.15206195789907187
6.4001418	0.89	-7.058851248629782	-0.2823540499451913
6.40014739	0.85	-11.025613850335718	-0.4410245540134287
6.40014739	0.89	-0.9019679021796498	-0.03607871608718599
6.40014739	0.85	-7.840724186342109	-0.31362896745368435
6.4001571	0.89	-8.156600384116514	-0.32626401536466054
6.40014739	0.85	-18.33491267661406	-0.7333965070645624
6.400104	0.84	-9.649021131580268	-0.38596084526321073
31.58889961	1.02	-23.310070488668416	-0.9324028195467366
31.58844	1.05	-9.839800693967648	-0.39359202775870594
31.5888952	1.13	-11.90483975988614	-0.4761935903954456
31.5888952	1.13	-12.670562565898056	-0.5068225026359222
31.5888979	1.02	-4.861782697396188	-0.19447130789584752
31.5888952	1.24	-2.625840089099421	-0.10503360356397684
7.72084349	0.97	-7.4051991679873925	-0.29620796671949573
7.72084349	0.97	-12.41416195517041	-0.49656647820681643
4.19577538	0.88	-11.71759977306689	-0.4687039909226756
4.1957798	0.88	-15.725575099760182	-0.6290230039904072
4.19577385	0.88	-5.306953251375906	-0.21227813005503623
4.19577385	0.82	-7.872668176446625	-0.31490672705786504
8.77998204	0.91	-11.611551121150157	-0.4644620448460063
8.77997349	0.85	-5.090524900959038	-0.20362099603836153
8.77999973	0.85	-3.0728274278511183	-0.12291309711404473
8.77995434	0.84	-7.568820404728419	-0.3027528161891368
9.76293188	0.81	-0.4533547961410438	-0.018134191845641752
9.76293284	0.77	-0.7275319457706602	-0.029101277830826406
9.7629522	0.77	-12.33536420580594	-0.4934145682322376
9.76293284	0.81	-11.127235159887373	-0.44508940639549494
9.76298046	0.77	-7.829388709005851	-0.31317554836023404
9.7629522	0.77	-0.14041420885613665	-0.005616568354245466
13.36019993	0.77	-3.395928574739674	-0.13583714298958696
13.36020599	0.76	-9.926293833939354	-0.3970517533575742
13.36011	0.63	-6.138451819109694	-0.24553807276438774
13.36020599	0.76	-13.136077478114322	-0.5254430991245729
29.4557841	1.02	-5.203950447298261	-0.20815801789193045
29.4557154	1.02	-1.4167281880186442	-0.056669127520745766
29.4557841	1.15	-2.778918115245025	-0.111156724609801
29.4556	1.04	-2.90915481468826	-0.1163661925875304
23.3593998	1.07	-21.63275918809076	-0.8653103675236303
23.3594822	1.07	-10.78247102405622	-0.4312988409622488
23.35986	1.12	-7.6199740507876665	-0.3047989620315067
23.3594822	1.07	-8.514202943480207	-0.3405681177392083
16.85597874	0.65	-4.165286380092017	-0.16661145520368068
16.85593514	0.57	-2.642576661767531	-0.10570306647070124
16.85481	0.56	-3.405016538515998	-0.13620066154063992
16.85593514	0.57	-8.023719131849406	-0.32094876527397626
11.92979348	0.97	-8.491914011645155	-0.33967656046580624
11.92960247	0.97	-2.569372625299634	-0.10277490501198536
11.92976844	1.02	-2.504290562531066	-0.10017162250124263
11.92976844	1.02	-6.197669502457791	-0.24790678009831166
11.92957	0.98	-4.000786442100615	-0.16003145768402463
11.92976844	1.02	-1.324533504854473	-0.052981340194178925
11.92979348	1.02	-3.2071535392618458	-0.12828614157047383
3.50468755	0.98	-11.174410002098435	-0.4469764000839374
3.50468755	0.88	-2.3391443629155577	-0.0935657745166223
3.50471307	0.93	-3.3275878343027387	-0.13310351337210954
3.50472662	0.93	-0.14849774989320697	-0.005939909995728279
3.50469125	0.93	-10.388096249374753	-0.41552384997499014
3.504761	0.94	-11.268353705290284	-0.4507341482116114
3.50468755	0.98	-6.404392120306092	-0.2561756848122437
3.50468755	0.88	-13.977875710486936	-0.5591150284194775
3.50468755	0.94	-7.036666074464837	-0.2814666429785935
3.504725	0.97	-15.384885171403795	-0.6153954068561518
3.50468755	0.88	-19.86534588274253	-0.7946138353097013
7.64156759	0.93	-8.914849217404813	-0.35659396869619253
7.6415706	0.94	-0.21778492262466465	-0.008711396904986585
7.64157153	0.88	-11.242733818548619	-0.44970935274194473
7.64159	0.97	-9.19363777500768	-0.3677455110003072
7.64157153	0.98	-20.44885633739814	-0.8179542534959257
7.64157153	0.88	-18.173847372509147	-0.7269538949003659
7.64157153	0.88	-12.976363950544464	-0.5190545580217786
14.85891269	0.94	-15.150433786660232	-0.6060173514664092
14.85891269	0.88	-9.380859573573012	-0.3752343829429205
14.85894	0.94	-7.094863410003207	-0.28379453640012825
14.85890852	0.93	-0.5040032338262734	-0.020160129353050938
14.85890852	0.88	-13.378698325482157	-0.5351479330192863
14.859	0.88	-2.214379564564695	-0.0885751825825878
14.85891269	0.98	-0.6616129137692375	-0.0264645165507695
14.85888	0.97	-23.825050592834295	-0.9530020237133718
14.85891269	0.98	-2.4841484364222155	-0.09936593745688863
14.85891873	0.93	-22.082143978786547	-0.8832857591514619
14.859	0.9	-19.057808120630757	-0.7623123248252303
13.81731817	0.88	-19.44145843912358	-0.7776583375649432
13.81752	0.91	-14.31734873425909	-0.5726939493703637
13.81746648	0.95	-3.5683399135564184	-0.14273359654225673
13.81731817	0.88	-8.433735043414906	-0.3373494017365962
41.8854433	0.88	-13.166228215328855	-0.5266491286131543
41.88574	0.91	-11.404984111421143	-0.4561993644568457
41.8854433	0.95	-14.448871697101463	-0.5779548678840586
41.8854834	0.88	-8.856927823787801	-0.35427711295151204
41.8853868	0.95	-17.759965368395417	-0.7103986147358167
41.8854834	0.88	-7.82723789043401	-0.3130895156173604
4.5620407	0.89	-15.314334788057065	-0.6125733915222826
4.56204856	0.9	-4.6312638435885685	-0.18525055374354274
4.562143	0.91	-8.728033708632193	-0.34912134834528774
4.56204856	0.85	-8.48906290503248	-0.3395625162012992
10.44091127	0.94	-10.183035363186963	-0.40732141452747855
10.44089985	0.94	-7.5311192954179305	-0.3012447718167172
10.44087398	0.95	-33.82593191181473	-1.353037276472589
10.440887	0.91	-6.743895665344378	-0.2697558266137751
10.44091127	0.94	-19.894035709556764	-0.7957614283822706
10.44087398	0.94	-7.216007257071516	-0.28864029028286065
10.44091127	0.94	-19.01000273762957	-0.7604001095051828
116.583183	0.94	-9.633700422269387	-0.38534801689077547
7.72515184	0.62	-9.125059454538125	-0.365002378181525
7.72515184	0.62	-0.7508862738455464	-0.030035450953821857
33.13610077	0.65	-7.8039350096837	-0.312157400387348
33.1364259	0.62	-0.8687818578649082	-0.034751274314596334
33.13733	0.6	-9.462993627418491	-0.3785197450967397
12.2882885	0.79	-8.276615122151773	-0.3310646048860709
12.28850922	0.93	-11.51079456835317	-0.46043178273412677
12.28849983	0.93	-7.944094876021195	-0.3177637950408478
12.28859	0.92	-21.674172334054152	-0.8669668933621661
12.28850922	0.93	-6.956558446556858	-0.27826233786227433
12.2885046	0.93	-1.957976928873024	-0.07831907715492097
12.2885046	0.79	-9.939457056961693	-0.39757828227846775
8.84786839	0.47	-17.85009402113954	-0.7140037608455816
8.847813	0.54	-11.508484983694046	-0.46033939934776186
8.84784273	0.59	-5.804766109275617	-0.23219064437102468
8.84794045	0.58	-10.077012219855286	-0.40308048879421143
8.84784273	0.58	-4.185453268132101	-0.16741813072528405
9.03326435	0.85	-7.082024520872085	-0.2832809808348834
9.03322647	0.88	-5.104800685820667	-0.2041920274328267
10.86060638	1.09	-9.130551017164354	-0.36522204068657416
10.86060047	1.09	-7.644265856220425	-0.305770634248817
10.86062378	1.27	-1.0369331552116665	-0.04147732620846666
23.34014628	0.96	-6.166596752438273	-0.2466638700975309
23.34036251	0.96	-4.074243264214979	-0.16296973056859915
23.34031664	0.77	-7.656418124410449	-0.306256724976418
23.34036251	0.77	-10.923542895269417	-0.4369417158107767
23.34031664	0.77	-7.775671597727644	-0.3110268639091058
3.7572916	0.79	-16.601519455253097	-0.6640607782101239
3.7572916	0.83	-10.870298663209757	-0.4348119465283903
3.7572947	0.81	-2.729922395797469	-0.10919689583189877
3.7572916	0.79	-9.911239642649251	-0.39644958570597005
3.137852	0.85	-2.0757128875815694	-0.08302851550326278
3.13784591	0.81	-13.51502619609417	-0.5406010478437668
3.13784883	0.84	-5.150995547613764	-0.20603982190455056
3.13784883	0.84	-1.1602746717526289	-0.046410986870105156
3.13784883	0.81	-23.71137602879756	-0.9484550411519024
3.13784883	0.84	-16.038395050818202	-0.6415358020327281
3.13784591	0.87	-15.983168142959745	-0.6393267257183898
4.302163	0.85	-20.708684671601027	-0.8283473868640411
4.30214379	0.87	-6.8386068790977745	-0.273544275163911
4.30213934	0.87	-5.205439267691288	-0.2082175707076515
4.30214363	0.84	-3.885090906763172	-0.1554036362705269
4.30214363	0.84	-14.061361634737164	-0.5624544653894866
101.1326568	0.99	-8.011031661908557	-0.3204412664763423
101.1326568	0.99	-6.803791765963727	-0.27215167063854906
101.1323475	0.92	-0.8275975114672351	-0.033103900458689405
101.1337	0.93	-10.69770704873079	-0.4279082819492316
76.42230225	0.95	-5.823448901193668	-0.23293795604774672
76.421501	0.95	-13.732802407589663	-0.5493120963035866
76.4217472	1.04	-4.969864743851836	-0.19879458975407346
76.42284931	1.02	-5.8277901134186685	-0.23311160453674673
76.4217472	1.04	-13.053754391737868	-0.5221501756695147
7.16521372	1.16	-0.3383397430417714	-0.013533589721670855
7.16521372	1.16	-16.947406166972307	-0.6778962466788923
7.16521978	1.16	-17.397208323531828	-0.6958883329412732
2.81814715	0.81	-0.46005850542887994	-0.018402340217155196
2.818125	0.84	-5.201911286179358	-0.20807645144717435
2.81816006	0.81	-14.680189332885467	-0.5872075733154187
2.935346	0.85	-3.699416099109084	-0.14797664396436336
2.93536207	0.79	-19.60449196765543	-0.7841796787062173
2.93535933	0.79	-7.653823924971979	-0.3061529569988792
2.93535933	0.82	-7.5309725958984535	-0.30123890383593815
2.93535996	0.79	-10.656275060507125	-0.426251002420285
0.62628177	0.77	-6.62510160316506	-0.2650040641266024
0.62628138	0.79	-13.692066076705643	-0.5476826430682258
0.62628177	0.79	-34.61299071442966	-1.3845196285771864
0.62628138	0.82	-7.154611494111297	-0.2861844597644519
0.62628198	0.79	-14.076654617660074	-0.563066184706403
0.62628138	0.79	-20.09223801178982	-0.8036895204715928
12.19138811	0.86	-7.8218698758208305	-0.3128747950328332
12.19139957	0.86	-13.148877731585426	-0.525955109263417
12.19138811	0.86	-1.791858703248114	-0.07167434812992456
12.191471	0.83	-6.812599995270199	-0.272503999810808
91.5009237	0.8	-9.099325576227379	-0.3639730230490952
91.5009237	0.72	-6.673907890258478	-0.2669563156103391
91.5009237	0.8	-2.079354551438401	-0.08317418205753604
91.500873	0.79	-2.0140923445121803	-0.08056369378048721
91.500873	0.8	-19.960074109542283	-0.7984029643816913
91.5009237	0.8	-11.490305368486474	-0.459612214739459
44.29893228	0.92	-10.151881803235172	-0.4060752721294069
44.2994477	0.8	-24.19870373005298	-0.9679481492021192
44.2993483	0.88	-5.342989958801818	-0.21371959835207271
4.64493642	1.02	-0.4505276968315828	-0.01802110787326331
4.64495172	1.07	-12.222823463066803	-0.4889129385226721
4.64490986	1.02	-23.782256897754163	-0.9512902759101666
16.48688002	1.16	-8.000182222408945	-0.3200072888963578
16.48686712	1.01	-5.970408635648605	-0.2388163454259442
16.48688002	1.16	-20.87198713478559	-0.8348794853914236
16.48689469	1.01	-22.283626004702153	-0.8913450401880861
16.48688002	1.16	-15.317650369538661	-0.6127060147815465
9.82578435	1.11	-0.5286516429654669	-0.021146065718618674
9.82578435	1.2	-6.967015303357288	-0.2786806121342915
9.826141	1.07	-14.584241029705954	-0.5833696411882382
9.82578435	1.2	-9.246674034901844	-0.3698669613960738
9.82578435	1.2	-5.619282500290947	-0.22477130001163786
9.82578435	1.16	-28.752626647118714	-1.1501050658847485
9.82578495	1.18	-3.0567103703499767	-0.12226841481399907
9.82578495	1.07	-5.520416255140876	-0.22081665020563507
20.68420772	1.07	-10.056915904127656	-0.4022766361651063
20.68422311	1.11	-9.825773583577858	-0.39303094334311434
20.68422311	1.2	-1.4544678079454934	-0.058178712317819736
20.68438	1.1	-5.118837655707631	-0.20475350622830527
20.68426877	1.07	-4.159760971709131	-0.16639043886836524
31.0325991	0.98	-9.06166600050558	-0.3624666400202232
31.03249931	1.05	-10.11973408742397	-0.4047893634969588
31.03255293	0.98	-5.7064581812420645	-0.2282583272496826
31.032699	1.05	-0.5765472476604356	-0.023061889906417426
31.032699	1.05	-0.600204427377133	-0.02400817709508532
31.032699	1.05	-1.237990701782195	-0.0495196280712878
16.4588	0.98	-3.4853127937586317	-0.13941251175034527
16.45819349	0.97	-18.48518671196271	-0.7394074684785085
16.4581861	0.97	-22.92147491001184	-0.9168589964004735
16.4581861	0.95	-30.209705894846344	-1.2083882357938538
16.45819349	0.97	-15.01619025228431	-0.6006476100913725
16.45809937	0.95	-15.904968821809815	-0.6361987528723926
22.1334224	0.78	-2.5333795233345953	-0.10133518093338381
22.1339	0.82	-9.917134365567158	-0.3966853746226863
22.13345106	0.76	-4.93679516638794	-0.1974718066555176
22.13368238	0.92	-12.191159814796505	-0.4876463925918602
22.13345106	0.76	-10.596968123903283	-0.4238787249561313
22.1334224	0.92	-2.5810761798951427	-0.10324304719580571
22.13345106	0.76	-4.155571375858591	-0.16622285503434361
21.1032488	1.19	-16.523461333953207	-0.6609384533581283
21.1033014	1.07	-16.77961312715272	-0.6711845250861089
21.10325899	1.12	-3.759177818790113	-0.15036711275160453
21.10339928	1.07	-6.720338497013716	-0.2688135398805487
95.609845	1.07	-7.659703215126185	-0.3063881286050474
95.6114617	1.14	-21.07083908737864	-0.8428335634951456
1.02586997	0.83	-13.965772742396137	-0.5586309096958455
1.02585798	0.83	-8.674790991757197	-0.3469916396702879
1.02585798	0.83	-1.11298643869836	-0.0445194575479344
1.0258577	0.75	-15.223996832698026	-0.608959873307921
1.61535781	0.59	-10.396705657431603	-0.41586822629726417
1.615349	0.55	-7.738143985774271	-0.3095257594309708
1.61535973	0.51	-14.20628665797102	-0.5682514663188408
1.61535781	0.49	-17.233009559307277	-0.6893203823722911
3.70062174	0.84	-16.063777706841556	-0.6425511082736622
3.70061994	0.92	-4.592193521964317	-0.18368774087857268
3.700563	0.92	-0.40943353575315355	-0.016377341430126143
3.70062174	0.84	-13.93017857699756	-0.5572071430799025
10.27377201	0.94	-3.4997345272834095	-0.13998938109133638
10.2737999	1.0	-9.32421740113082	-0.3729686960452328
5.186781	0.8	-6.885207104777089	-0.27540828419108354
5.18674073	0.87	-2.1946607835200362	-0.08778643134080145
5.18674073	0.87	-6.43191686843206	-0.2572766747372824
5.68808357	1.01	-5.703208562892337	-0.2281283425156935
5.6879831	1.0	-5.590808155530214	-0.22363232622120854
5.68799383	1.01	-9.812252079943281	-0.39249008319773127
5.6879831	0.99	-9.927258474140363	-0.3970903389656145
5.68798675	1.01	-12.525932077635156	-0.5010372831054063
5.6879831	1.04	-9.334720480453191	-0.37338881921812767
5.688	1.04	-19.33508479829689	-0.7734033919318756
5.6879831	1.04	-9.051652542329496	-0.3620661016931798
11.63701734	1.0	-15.888717100013565	-0.6355486840005427
11.637026	0.99	-4.588660627196015	-0.1835464250878406
11.63701734	1.04	-3.9802625025306337	-0.15921050010122537
11.637	1.04	-8.12570823819139	-0.3250283295276556
11.6370303	1.01	-8.934042179090394	-0.35736168716361577
11.63704713	1.01	-7.284642980320888	-0.2913857192128355
11.63708083	1.01	-6.946163932445467	-0.2778465572978187
11.63701734	1.04	-15.59068396089177	-0.6236273584356709
56.49330139	1.44	-18.78319008409891	-0.7513276033639563
56.4932269	1.08	-11.788517495846836	-0.4715406998338735
56.4932269	1.34	-14.983860605044546	-0.5993544242017819
56.4932269	1.08	-14.97238595968304	-0.5988954383873216
56.4931698	1.22	-7.564437198000231	-0.30257748792000927
56.4931698	1.44	-10.350493720344913	-0.4140197488137965
56.4932269	1.08	-13.504471306831816	-0.5401788522732727
5.78387049	1.12	-1.637418117311773	-0.06549672469247092
5.78387022	1.12	-13.27426226637194	-0.5309704906548776
5.783926	1.03	-1.487503986323171	-0.05950015945292684
3.13878989	0.68	-13.225799027782774	-0.529031961111311
3.138781	0.68	-17.128895129235804	-0.6851558051694322
3.138691	0.8	-4.919724852843902	-0.19678899411375608
3.138781	0.68	-2.378007314684991	-0.09512029258739965
3.138781	0.68	-29.23665951388472	-1.1694663805553889
6.89213244	1.15	-0.33521103334866176	-0.013408441333946471
6.89204	1.12	-3.8702365541437183	-0.15480946216574873
6.89208596	1.15	-5.343115389849974	-0.21372461559399894
6.8921299	1.29	-6.957424983936057	-0.2782969993574423
4.602996	0.75	-8.999749338472334	-0.3599899735388934
4.602996	0.72	-7.096574056568517	-0.2838629622627407
4.60300256	0.78	-5.267508592310156	-0.21070034369240623
0.76668953	0.72	-9.265561032523696	-0.37062244130094785
0.76669198	0.77	-7.562257875463481	-0.30249031501853924
11.96721766	0.92	-3.6862916151590364	-0.14745166460636147
11.96721766	0.92	-0.514439432676977	-0.02057757730707908
11.96407399	0.92	-5.492328822359537	-0.21969315289438146
11.96409988	0.92	-1.4120332546477536	-0.056481330185910145
11.96407399	1.01	-4.386287063363552	-0.1754514825345421
5.25419589	1.05	-20.293584481341735	-0.8117433792536695
5.25419736	1.05	-8.932409515571745	-0.35729638062286984
5.25416994	1.05	-4.028658100562556	-0.16114632402250223
5.25419736	1.05	-3.0920234686118526	-0.12368093874447411
5.90609759	1.05	-8.676881531139138	-0.34707526124556554
5.90608978	1.05	-0.5971353234685175	-0.0238854129387407
12.14692791	1.23	-8.360417659244177	-0.3344167063697671
12.14692791	1.08	-6.146537457627037	-0.2458614983050815
12.14684625	1.19	-22.675619493690736	-0.9070247797476294
12.14690704	1.12	-15.44397525494728	-0.6177590101978911
12.14680004	1.19	-18.15578699936036	-0.7262314799744144
12.14692791	1.08	-8.560927059688312	-0.3424370823875325
12.14684625	1.12	-3.353960750147034	-0.13415843000588137
12.14664	1.07	-5.834941906420465	-0.2333976762568186
5.05661845	1.03	-9.03230110482179	-0.36129204419287164
5.05661845	1.03	-1.0488063080627528	-0.04195225232251011
5.056739	1.0	-3.9640406493686076	-0.1585616259747443
10.68757871	0.95	-1.2694214387367455	-0.05077685754946982
10.68757479	0.87	-4.298737015712884	-0.17194948062851537
10.68757479	0.97	-8.0303256386028	-0.321213025544112
10.68758211	0.95	-7.574748037703142	-0.3029899215081257
10.68758769	0.95	-1.9104242601238486	-0.07641697040495395
10.687549	0.97	-18.669702193348648	-0.7467880877339459
10.68757479	0.87	-17.41405435044826	-0.6965621740179304
10.68758211	0.88	-5.702302963205204	-0.22809211852820815
20.30302457	0.87	-3.707742400242017	-0.1483096960096807
20.30302457	0.87	-9.521602315128085	-0.38086409260512344
20.30305035	0.95	-5.271928447983289	-0.21087713791933155
20.303	0.87	-2.0697927775882725	-0.0827917111035309
20.30307267	0.95	-8.883390440028599	-0.35533561760114396
20.30291	0.97	-9.769566860097985	-0.3907826744039194
29.02235261	0.87	-9.497203153912857	-0.3798881261565143
29.02252305	0.95	-0.3654075900181799	-0.014616303600727196
29.02231937	0.95	-10.183584145832283	-0.40734336583329134
29.02235261	0.87	-20.084256166889624	-0.803370246675585
29.02235261	0.87	-14.149174657283195	-0.5659669862913278
29.02277	0.97	-1.4944669551341763	-0.05977867820536705
29.023	0.87	-3.253195565047019	-0.13012782260188074
131.187711	0.7	-9.095132881640872	-0.36380531526563487
131.187921	0.77	-18.7346766732909	-0.7493870669316359
131.187921	0.75	-3.145626029647361	-0.12582504118589444
131.187711	0.76	-12.54358984100887	-0.5017435936403548
131.187711	0.7	-9.456477318633803	-0.37825909274535213
25.88648226	0.92	-8.93336587512556	-0.3573346350050224
25.88599968	0.82	-6.748129434319793	-0.2699251773727917
25.886129	0.82	-6.353075236237753	-0.25412300944951016
25.88898	0.84	-2.589614831851045	-0.1035845932740418
25.886129	0.82	-12.158754539588541	-0.48635018158354165
25.8859397	0.92	-1.8737634564732117	-0.07495053825892847
14.02633933	0.98	-11.62481343768774	-0.46499253750750963
14.02634692	1.06	-20.817853619720164	-0.8327141447888066
14.02625	0.97	-6.37803757906498	-0.2551215031625992
14.02634692	0.98	-20.33589261465211	-0.8134357045860844
14.02635723	1.06	-18.84802402347293	-0.7539209609389173
25.5434289	0.93	-10.57125979247526	-0.4228503916990104
25.5434289	1.17	-6.1398274162697115	-0.24559309665078846
25.5434289	0.93	-18.434083530027436	-0.7373633412010975
25.54339981	1.02	-13.631091562774593	-0.5452436625109838
3.92458	0.97	-7.456967579870326	-0.29827870319481303
3.92453009	1.0	-4.542984549403184	-0.18171938197612736
3.9245216	0.94	-1.8484771661968085	-0.07393908664787234
11.60656196	0.79	-25.350567144187025	-1.014022685767481
11.60656196	0.79	-0.7416848543355594	-0.029667394173422377
11.60649967	0.69	-20.476445802415633	-0.8190578320966253
14.8200596	0.79	-2.242644874242165	-0.08970579496968661
14.8200454	0.82	-0.5778791082616543	-0.023115164330466172
14.8200454	0.78	-3.9226340287390635	-0.15690536114956255
14.8200454	0.78	-13.447486064992955	-0.5378994425997182
14.820259	0.8	-9.21456863064823	-0.3685827452259292
14.8200596	0.8	-17.852075527187836	-0.7140830210875134
11.12968583	1.04	-15.995779104814057	-0.6398311641925623
11.12968583	1.04	-23.92140563380419	-0.9568562253521676
11.12956	1.07	-9.064521824161545	-0.3625808729664618
11.12968583	1.04	-5.100632998540499	-0.20402531994162
11.1296971	1.04	-9.696446057443682	-0.3878578422977473
11.12969971	1.04	-10.64823571847547	-0.42592942873901884
5.60401852	0.95	-4.544009355642035	-0.1817603742256814
5.60402307	0.76	-5.175293279908251	-0.20701173119633004
5.60402307	0.77	-11.819371006556866	-0.4727748402622746
5.60401852	0.95	-20.77906744933452	-0.8311626979733808
57.2932309	0.75	-10.359407115986233	-0.4143762846394493
57.2932309	0.71	-8.474343680924362	-0.3389737472369745
57.293155	0.71	-1.2855965329767243	-0.051423861319068974
57.29290009	0.71	-21.48594709890324	-0.8594378839561295
57.29373924	0.75	-4.616863633807046	-0.18467454535228187
1.63291642	0.81	-2.1609494205473894	-0.08643797682189558
1.632916	0.77	-3.9839238270469153	-0.1593569530818766
1.63291885	0.81	-19.788428766939262	-0.7915371506775705
1.63291885	0.81	-4.158884350746481	-0.16635537402985925
1.63291885	0.82	-5.069183026511331	-0.20276732106045323
1.63291885	0.76	-11.998444164198636	-0.47993776656794546
1.63291885	0.81	-7.157972468518041	-0.28631889874072164
20.72913358	0.76	-4.410383659478696	-0.17641534637914785
20.72913358	0.81	-7.929874689103159	-0.3171949875641264
20.72913358	0.81	-10.95821575763835	-0.438328630305534
20.72904234	0.85	-3.8767872659597273	-0.1550714906383891
20.72903996	0.85	-16.607671999088012	-0.6643068799635204
1.38578774	0.68	-9.558071602583365	-0.3823228641033346
1.38578774	0.61	-6.0567105727781625	-0.24226842291112652
1.38578596	0.59	-13.012448467130291	-0.5204979386852117
12.02295362	0.97	-1.5209342594005715	-0.06083737037602286
12.02289963	0.97	-5.457323556603781	-0.21829294226415127
12.02298773	0.97	-4.414193162333692	-0.1765677264933477
12.02298	1.03	-4.242782272601861	-0.16971129090407444
12.02298773	0.97	-14.060261449468769	-0.5624104579787508
7.97094011	0.93	-2.493830349689005	-0.0997532139875602
7.97098825	0.93	-5.283345153006369	-0.21133380612025476
7.9709719	0.81	-0.8379116159393092	-0.033516464637572366
48.8874292	0.71	-1.0466427902865896	-0.04186571161146358
48.8874292	0.71	-2.36342863039632	-0.0945371452158528
48.8874292	0.71	-2.0110599497744595	-0.08044239799097838
48.88848017	0.77	-19.711149614004277	-0.7884459845601711
48.8882668	0.77	-0.8330967758270766	-0.03332387103308307
39.8313153	0.71	-5.675738100241959	-0.22702952400967835
39.8312536	0.8	-2.4441635755093234	-0.09776654302037294
39.83110046	0.8	-8.384468261848815	-0.3353787304739526
0.727315	0.49	-12.103956046388156	-0.48415824185552625
0.72733043	0.28	-12.781711402385794	-0.5112684560954317
0.72733098	0.39	-4.09661567332485	-0.163864626932994
0.72733043	0.28	-4.305782037642107	-0.17223128150568429
0.72733175	0.39	-12.784746244816478	-0.5113898497926591
1.30201747	0.78	-5.331483056375894	-0.21325932225503574
1.301993	0.76	-2.4879879636906397	-0.09951951854762559
1.30201573	0.65	-5.739844328425989	-0.22959377313703958
1.30200005	0.78	-13.230498099616424	-0.529219923984657
8.94343618	0.87	-16.28620530810289	-0.6514482123241156
8.94343618	0.95	-0.91110000826508	-0.0364440003306032
8.94326	1.06	-2.4697783053418556	-0.09879113221367422
8.94337724	0.87	-15.543326475645943	-0.6217330590258378
88.0712696	0.84	-11.039227118704979	-0.44156908474819917
88.0712769	0.79	-5.2198425193399665	-0.20879370077359866
88.07122544	0.84	-3.9428885341573565	-0.15771554136629426
88.0712696	0.84	-17.535389286946927	-0.7014155714778771
88.0708	0.79	-12.311693529746542	-0.4924677411898617
88.0712769	0.84	-6.456333363582639	-0.25825333454330557
2.72960336	1.02	-0.48760915475483624	-0.01950436619019345
2.72959995	1.09	-1.8377042901020066	-0.07350817160408027
2.7296036	1.09	-20.60218194396525	-0.82408727775861
2.72960336	1.02	-13.815195201046915	-0.5526078080418766
3.5964055	1.02	-2.8075418317324057	-0.11230167326929623
3.5964055	1.02	-6.366079111185793	-0.25464316444743174
3.59643006	1.09	-6.505882081915412	-0.2602352832766165
3.887	0.51	-3.879552732591127	-0.1551821093036451
3.886795	0.54	-10.569705503004228	-0.4227882201201691
3.88678897	0.54	-2.82833332643895	-0.113133333057558
3.88678936	0.51	-15.34165767765162	-0.6136663071060648
3.88678936	0.48	-4.972320133107972	-0.19889280532431886
3.886795	0.45	-6.842967342358927	-0.2737186936943571
3.8867907	0.48	-21.858165014973142	-0.8743266005989258
3.88678936	0.48	-6.417851378320312	-0.2567140551328125
3.88677934	0.54	-0.8352618433227972	-0.03341047373291189
3.88675809	0.48	-7.327411297436609	-0.29309645189746436
3.88678936	0.48	-2.754541932182976	-0.11018167728731904
7.267311	0.55	-2.629628626198563	-0.10518514504794252
7.26737224	0.54	-1.7213740415180974	-0.0688549616607239
7.26731094	0.54	-16.959055348979884	-0.6783622139591954
7.26730023	0.54	-17.81087590612037	-0.7124350362448147
7.26730117	0.51	-1.2277981162628762	-0.049111924650515046
7.26733017	0.48	-1.5394237856552253	-0.06157695142620901
7.26730117	0.48	-18.620911761954698	-0.7448364704781879
13.34300789	0.48	-0.3390964680894868	-0.013563858723579472
13.34302938	0.54	-13.171226404595028	-0.5268490561838012
13.343025	0.55	-3.1356584456376844	-0.12542633782550738
13.34300789	0.48	-2.9402866513290773	-0.1176114660531631
13.34295116	0.54	-10.580990993390763	-0.42323963973563056
13.3430025	0.54	-22.155950387577413	-0.8862380155030966
13.3430025	0.45	-11.505588273485191	-0.46022353093940765
13.34305036	0.54	-7.165630748848423	-0.28662522995393697
13.34331036	0.48	-14.84555413001999	-0.5938221652007996
22.407	0.51	-7.521174306940699	-0.30084697227762797
22.407688	0.55	-5.395305359195477	-0.2158122143678191
22.407704	0.48	-8.10338221656773	-0.32413528866270924
22.40777444	0.48	-26.80502175802173	-1.0722008703208692
22.407791	0.54	-5.5773948102458295	-0.22309579240983318
22.40777833	0.45	-5.021523178169971	-0.20086092712679887
129.945392	0.54	-11.00778852901513	-0.4403115411606052
129.9459	0.48	-0.6616207374455614	-0.026464829497822456
129.945392	0.45	-8.009799687873937	-0.32039198751495745
12.73726137	0.97	-15.275955140812734	-0.6110382056325093
12.73726137	0.98	-10.683291939519313	-0.4273316775807725
12.73719978	0.87	-30.085888719492473	-1.203435548779699
12.7372371	0.96	-13.432089839532322	-0.5372835935812929
12.7372371	0.87	-7.03095088790531	-0.2812380355162124
12.73672	0.93	-29.86749706925008	-1.1946998827700033
12.73726137	0.97	-1.0076298241993074	-0.040305192967972296
40.0306267	1.16	-12.545972568569715	-0.5018389027427886
40.030989	1.16	-8.118666031377158	-0.32474664125508634
40.030989	1.16	-4.386034192816808	-0.17544136771267232
40.0311126	1.04	-7.957437700105267	-0.3182975080042107
40.030989	1.16	-19.555699472165557	-0.7822279788866223
16.05730057	0.9	-1.386606679294017	-0.05546426717176068
16.0572928	0.94	-2.9573404098948277	-0.11829361639579311
16.0573732	0.9	-4.238413766483995	-0.1695365506593598
16.0573291	0.9	-1.0331266603892686	-0.041325066415570745
44.9977604	1.05	-6.382575198898681	-0.25530300795594724
44.9995	1.06	-3.1406454753422812	-0.12562581901369124
44.9977478	0.95	-1.3830540763478796	-0.055322163053915185
44.9977478	0.87	-7.775056410398881	-0.31100225641595525
3.88151002	1.03	-1.087579066902123	-0.04350316267608492
3.88151335	1.18	-24.380830319373487	-0.9752332127749395
3.88151335	1.18	-21.433678380815152	-0.8573471352326061
3.88148385	1.03	-0.28080542122892194	-0.011232216849156878
3.881501	0.99	-2.179418644709339	-0.08717674578837356
2.524074	0.82	-14.74226252856389	-0.5896905011425556
2.52401752	0.85	-12.955235237681597	-0.5182094095072639
2.52400994	0.85	-6.304691427247982	-0.2521876570899193
2.52401812	0.85	-0.9971408730247695	-0.03988563492099078
2.52401752	0.87	-13.69160150004771	-0.5476640600019084
11.6601366	1.12	-6.78899533373566	-0.2715598133494264
11.6601667	1.04	-3.512855551556187	-0.14051422206224748
11.66009998	1.03	-16.47858970369563	-0.6591435881478251
11.6601667	1.03	-2.4159880830046183	-0.09663952332018473
11.6601366	1.12	-6.290410837110471	-0.25161643348441887
9.88735962	0.91	-20.174679435037604	-0.8069871774015042
9.88744	0.95	-11.458526356513598	-0.45834105426054395
9.88736112	0.89	-1.244389885991443	-0.049775595439657726
211.032819	0.74	-1.9721922027244143	-0.07888768810897658
211.0338741	0.68	-2.161577200319551	-0.08646308801278205
211.0338741	0.68	-4.491407657017613	-0.17965630628070453
211.03814	0.67	-12.757523590312166	-0.5103009436124867
211.0338741	0.72	-4.274856717889449	-0.17099426871557796
8.16735028	1.24	-11.198726334463789	-0.44794905337855156
8.167335	1.12	-12.796280844777684	-0.5118512337911073
8.16735028	1.24	-18.71831504221753	-0.7487326016887011
8.16734776	1.03	-6.409555446315466	-0.2563822178526186
8.16733851	0.99	-1.4898522531612763	-0.05959409012645105
8.16733851	1.03	-6.962461030589336	-0.2784984412235734
1.71683172	1.24	-2.664943990368461	-0.10659775961473844
1.7168283	0.99	-4.255617590910782	-0.17022470363643127
1.71684003	0.99	-17.56407058241562	-0.7025628232966249
4.93883135	1.12	-3.4656657772327337	-0.13862663108930937
4.93886507	1.08	-2.901113234407773	-0.11604452937631092
4.93886507	0.9	-21.2547159226267	-0.8501886369050681
10.64022272	1.11	-3.9662284325319948	-0.1586491373012798
10.64022272	0.9	-13.91080685053834	-0.5564322740215336
10.64049898	1.12	-8.911529896421042	-0.3564611958568417
10.64021008	1.12	-17.266999546036157	-0.6906799818414463
10.64030282	1.12	-7.955778286448697	-0.3182311314579479
3.6069424	0.86	-28.057793687656947	-1.1223117475062778
3.60694038	0.93	-13.930720251863637	-0.5572288100745455
3.60694153	0.81	-13.372593409870529	-0.5349037363948211
3.60694153	0.94	-7.455013337181517	-0.29820053348726067
3.60694003	0.95	-14.794380131914536	-0.5917752052765815
1.95271006	1.02	-19.010609271301604	-0.7604243708520642
1.95270002	1.02	-17.130091891501863	-0.6852036756600746
1.95271116	1.02	-0.7818900162387483	-0.031275600649549935
1.95271006	1.02	-13.417784483336206	-0.5367113793334483
1.95271116	0.92	-17.005786792746218	-0.6802314717098488
3.82591009	0.91	-13.011518162671246	-0.5204607265068498
3.82590987	0.91	-6.05367611598065	-0.242147044639226
3.825904	0.94	-14.27712831154524	-0.5710851324618096
3.82590987	0.91	-8.857058513364228	-0.35428234053456914
3.8259005	0.91	-20.573071461299378	-0.8229228584519751
0.558842	0.9	-12.560651495776188	-0.5024260598310475
0.55884131	0.9	-16.53317177900233	-0.6613268711600933
0.55884123	0.83	-3.327879272509452	-0.13311517090037808
0.55884131	0.9	-7.317239742887273	-0.2926895897154909
56.57320023	0.76	-13.167162897907286	-0.5266865159162915
56.5735997	0.67	-14.13465216015126	-0.5653860864060504
56.57372	0.65	-3.912821118225571	-0.15651284472902285
56.5732318	0.76	-11.982681142878787	-0.4793072457151515
34.4585495	0.95	-5.961988363495529	-0.23847953453982115
34.4584231	0.95	-26.355644733345624	-1.054225789333825
34.4585495	1.15	-14.08569294871992	-0.5634277179487969
6.99205491	1.27	-16.191449042192012	-0.6476579616876805
6.99205491	1.27	-3.1344046979099534	-0.12537618791639812
6.99205491	1.27	-0.4037592751107937	-0.016150371004431747
6.99205	1.19	-1.3442036670966688	-0.05376814668386676
6.99205021	1.07	-1.9552134340320495	-0.07820853736128199
6.992042	1.23	-17.19865772113821	-0.6879463088455284
6.99205021	1.08	-5.144732749869181	-0.20578930999476724
6.99205491	1.13	-2.870783020287422	-0.11483132081149687
2.37756991	1.02	-14.257080881938522	-0.5702832352775409
2.37752442	0.95	-0.583535738830107	-0.02334142955320428
2.37752442	1.02	-1.1989108028946938	-0.047956432115787755
2.37752807	0.9	-25.594370951874446	-1.0237748380749778
2.3775217	0.93	-7.405885741995828	-0.29623542967983313
4.445911	1.02	-3.283084928083124	-0.13132339712332494
4.44587994	0.96	-11.793342599028046	-0.47173370396112185
4.44588291	0.95	-4.930651756998593	-0.1972260702799437
4.44589508	0.96	-26.754500125788383	-1.0701800050315353
10.61340046	1.02	-9.620284190342673	-0.38481136761370693
10.61340671	1.06	-8.837679743460436	-0.35350718973841744
10.61345435	1.01	-0.4179661278692661	-0.016718645114770645
10.61345435	1.01	-19.93278567122875	-0.79731142684915
10.61345435	1.04	-14.451926566748302	-0.5780770626699321
2.06190736	1.02	-2.3592476270431586	-0.09436990508172635
2.06187	1.01	-1.109708599217137	-0.044388343968685476
2.06190671	1.02	-6.3461189978907715	-0.2538447599156309
2.06190736	0.99	-10.623357082840984	-0.42493428331363936
2.06190736	0.99	-26.369671789504842	-1.0547868715801938
2.06190864	1.02	-12.57726885766358	-0.5030907543065432
2.06190736	0.99	-8.09600134991657	-0.32384005399666277
2.06190864	0.96	-3.5688549634943234	-0.14275419853977295
2.06190736	0.98	-3.796528334987369	-0.15186113339949475
5.99653711	1.02	-17.09296618341311	-0.6837186473365244
5.996535	0.98	-1.8263128886559572	-0.07305251554623829
5.99653432	1.02	-0.36377791527195824	-0.01455111661087833
5.996557	1.01	-0.37002033610025364	-0.014800813444010146
5.996535	0.99	-4.853036893261107	-0.1941214757304443
5.99653344	1.02	-6.407277537706912	-0.2562911015082765
6.30922043	0.52	-6.251392467460928	-0.25005569869843713
6.30922043	0.7	-10.521904106316494	-0.4208761642526598
6.30923438	0.52	-2.7357468689461055	-0.10942987475784423
159.388788	0.81	-7.405635196821573	-0.2962254078728629
159.388788	0.87	-6.441004561048513	-0.25764018244194054
159.3909	0.86	-4.66269839466929	-0.1865079357867716
159.388051	0.91	-11.857715226430416	-0.47430860905721667
159.3939972	0.81	-5.480352328829909	-0.21921409315319637
159.388051	0.8	-15.920439739677445	-0.6368175895870978
13.7872627	1.07	-12.035292637823108	-0.48141170551292434
13.78730011	1.07	-17.939742452334453	-0.7175896980933781
13.7870681	0.98	-10.531836115250815	-0.42127344461003263
13.7872576	1.34	-1.6140397828017505	-0.06456159131207002
13.7872627	0.98	-13.070274764066763	-0.5228109905626706
103.427188	1.09	-17.569993787909404	-0.7027997515163762
103.4269873	1.09	-9.81120400093377	-0.39244816003735083
103.427188	1.09	-1.5032454091789327	-0.06012981636715731
103.42742336	1.01	-3.194735023256224	-0.12778940093024896
8.98826122	1.12	-0.6981264230051671	-0.027925056920206685
8.98825111	0.99	-3.9210618693360035	-0.15684247477344015
8.9881	1.03	-21.024280481270218	-0.8409712192508088
2.52259057	0.98	-17.916904305250604	-0.7166761722100242
2.52258863	0.98	-15.240865046803762	-0.6096346018721505
2.52258863	0.98	-0.7128715583180454	-0.028514862332721817
2.52255988	0.98	-12.016326688461586	-0.48065306753846343
24.2762373	0.92	-2.609928831571777	-0.10439715326287108
24.27684	0.97	-7.010998157852699	-0.28043992631410797
24.2758007	0.93	-4.700870177337948	-0.18803480709351791
24.2758992	0.93	-8.315846475798294	-0.33263385903193177
24.2762373	0.92	-21.408049352060385	-0.8563219740824154
19.94752664	0.94	-2.814309050218016	-0.11257236200872064
19.94774345	0.95	-1.4315254749532733	-0.057261018998130936
19.94752664	0.94	-29.286726937823783	-1.1714690775129513
19.94738	0.96	-3.0888366709195023	-0.12355346683678009
19.94752664	0.94	-31.096281965809418	-1.2438512786323768
11.39169531	0.95	-17.925989376458084	-0.7170395750583234
11.39169531	0.9	-3.3906314436624996	-0.1356252577465
11.39170568	1.07	-0.804327577715588	-0.03217310310862352
37.30304	1.0	-12.148675249792127	-0.4859470099916851
37.3033197	1.12	-14.7332180686066	-0.5893287227442641
37.30429277	1.12	-26.66822843834884	-1.0667291375339536
37.3037619	0.85	-9.59131116999831	-0.3836524467999324
10.40006	0.82	-13.462161732343926	-0.5384864692937571
10.39990194	0.84	-10.779889352343064	-0.43119557409372256
10.39990194	0.84	-13.804597707336576	-0.5521839082934631
10.39975603	0.85	-6.193642924027597	-0.2477457169611039
10.39986173	0.79	-9.676107448406746	-0.3870442979362699
10.39990194	0.84	-9.939408426657385	-0.3975763370662954
20.13490007	0.79	-6.849716870956843	-0.2739886748382737
20.13488968	0.84	-13.725535113770453	-0.5490214045508182
20.13493	0.82	-0.6588927614234168	-0.026355710456936673
20.13490007	0.85	-12.979084004883122	-0.5191633601953248
20.13486027	0.85	-5.491184228957193	-0.21964736915828773
20.13488968	0.83	-1.0747419427707086	-0.042989677710828345
20.13488968	0.84	-4.172792617787875	-0.166911704711515
20.13488968	0.8	-0.17897521252422766	-0.007159008500969106
4.82051088	1.1	-15.149319060220911	-0.6059727624088365
4.82052932	1.16	-0.5592316749378279	-0.022369266997513116
4.02230933	0.88	-2.958323205655818	-0.11833292822623273
4.02229023	0.87	-10.938483893451561	-0.43753935573806246
4.0223109	0.87	-18.029600653366774	-0.721184026134671
4.0223109	0.96	-4.016368299221245	-0.1606547319688498
6.3312784	0.85	-7.044656319471782	-0.2817862527788713
6.33127	0.87	-1.9338900375098669	-0.07735560150039468
6.3312784	0.85	-19.032551788750233	-0.7613020715500093
6.33125228	0.93	-11.755734753032176	-0.47022939012128706
6.3312784	0.85	-1.8697010059901558	-0.07478804023960624
4.17938195	0.93	-3.8362428350686875	-0.1534497134027475
4.17938195	0.93	-10.380516514824047	-0.41522066059296187
4.179393	0.86	-2.6966070430014573	-0.1078642817200583
4.17938195	0.93	-21.22137119815123	-0.8488548479260491
4.17939037	0.97	-1.624577648381584	-0.06498310593526335
2.76263737	1.0	-7.7035338167654315	-0.30814135267061726
2.76263462	1.0	-13.024108946294648	-0.520964357851786
2.76263737	0.96	-4.224752129551285	-0.16899008518205139
2.76263462	1.0	-5.780872376233475	-0.231234895049339
2.762634	0.96	-7.740397566306596	-0.30961590265226385
5.05366499	1.0	-6.473194392415923	-0.25892777569663694
5.05366499	1.0	-3.588402171762967	-0.14353608687051866
5.05368985	0.96	-26.20485949830165	-1.048194379932066
5.05368985	1.0	-14.967514789214167	-0.5987005915685667
6.0703203	0.85	-16.01059913793041	-0.6404239655172164
6.070332	0.77	-1.0622230362168608	-0.04248892144867443
6.0703203	0.85	-9.03155970428934	-0.3612623881715736
6.07032548	0.86	-3.141334708009281	-0.12565338832037123
6.0703203	0.85	-16.48933058617411	-0.6595732234469643
6.07032548	0.8	-1.0868603482445298	-0.04347441392978119
44.8686	1.05	-2.46947895721266	-0.09877915828850639
44.8698382	1.07	-12.180449193842676	-0.48721796775370707
44.8702042	1.08	-9.993729988987772	-0.3997491995595109
24.2204192	0.82	-9.30287951149612	-0.37211518045984476
24.2204192	0.86	-4.695202282344731	-0.18780809129378923
24.2204586	0.86	-10.940685231288748	-0.43762740925154997
24.22030067	0.86	-7.794043481416034	-0.31176173925664136
4.76559056	0.84	-13.632814836047551	-0.5453125934419021
4.76559135	0.84	-23.363794409416393	-0.9345517763766558
4.76559135	0.84	-18.19932206832404	-0.7279728827329616
4.76559	0.78	-1.1700934294505272	-0.04680373717802109
4.09577947	0.76	-7.848785247108832	-0.3139514098843533
4.09578199	0.76	-4.825851524008866	-0.19303406096035464
4.095826	0.68	-21.36921405281554	-0.8547685621126216
4.09578199	0.76	-10.772096085690935	-0.4308838434276374
4.09577947	0.76	-4.48307812394659	-0.1793231249578636
9.287009	0.91	-10.121279298399388	-0.40485117193597553
9.28696883	0.9	-5.708617258965226	-0.22834469035860905
9.28697348	0.97	-26.208744809786744	-1.0483497923914697
9.28696883	0.89	-4.511109309476805	-0.1804443723790722
9.28696883	0.9	-0.8428046726721985	-0.03371218690688794
9.28696883	0.92	-12.710270704943156	-0.5084108281977262
9.2869944	0.94	-3.192296732995606	-0.12769186931982424
9.28696883	0.89	-5.931742751760006	-0.23726971007040024
28.519071	0.9	-8.18422690927984	-0.3273690763711936
160.0	0.94	-4.175552523738175	-0.16702210094952702
62.95	0.94	-15.701441348854908	-0.6280576539541963
2.02000128	0.85	-9.764200613973493	-0.39056802455893974
2.01999701	0.85	-25.40490507130852	-1.0161962028523408
2.01999701	0.82	-3.1860753424374644	-0.12744301369749858
2.01998259	0.85	-9.34146559391382	-0.37365862375655284
3.76304153	0.85	-7.967317319389633	-0.3186926927755853
3.76304236	0.86	-3.5358458020712495	-0.14143383208285
3.76304236	0.83	-4.576917535442792	-0.18307670141771168
3.763008	0.8	-6.321680107838905	-0.2528672043135562
3.76304153	0.82	-20.592984631332726	-0.823719385253309
3.76304236	0.87	-6.708008521362833	-0.26832034085451334
3.76304236	0.87	-4.782244561086492	-0.1912897824434597
3.76304236	0.87	-0.32003055818658144	-0.012801222327463257
3.76303652	0.85	-5.4492824254716306	-0.21797129701886522
2.98616791	1.1	-12.964664663192023	-0.518586586527681
2.98616791	1.1	-5.926351578152255	-0.23705406312609023
2.9862299	1.1	-5.02553619571602	-0.20102144782864081
3.48412874	1.02	-0.5474143445045347	-0.02189657378018139
3.484149	1.03	-6.024916813093136	-0.24099667252372545
3.48412991	1.02	-1.5430941530259066	-0.061723766121036264
3.82223397	0.6	-15.13728316215851	-0.6054913264863404
3.82222009	0.52	-1.3176057480704852	-0.05270422992281941
3.82222231	0.53	-12.814353466190958	-0.5125741386476383
3.82222231	0.53	-8.824631798709724	-0.35298527194838897
17.0678997	1.05	-0.472094446327727	-0.01888377785310908
17.0675877	1.06	-3.023120651957199	-0.12092482607828796
17.0675877	1.06	-8.049481133527607	-0.3219792453411043
17.0675877	1.06	-3.3561057756413555	-0.13424423102565422
4.57699384	0.53	-7.202070162463167	-0.2880828064985267
4.577026	0.56	-1.760718736381466	-0.07042874945525865
4.5770016	0.53	-8.494202545018092	-0.3397681018007237
3.423896	1.02	-8.024347033502936	-0.32097388134011745
3.42391461	1.0	-8.373464529163877	-0.3349385811665551
3.42391461	1.0	-3.4388055436894156	-0.13755222174757661
3.42392993	1.04	-12.680394625451301	-0.5072157850180521
7.36272124	1.02	-3.299841866449313	-0.13199367465797252
7.36272058	0.99	-5.564421514042234	-0.22257686056168935
5.65243986	0.75	-3.1938932763989336	-0.12775573105595733
5.652507	0.76	-13.927894710457586	-0.5571157884183034
5.65243986	0.75	-4.630224113548412	-0.18520896454193647
5.65245008	0.75	-10.58208350821862	-0.4232833403287448
5.65245733	0.75	-8.110219640350053	-0.3244087856140021
5.65243986	0.75	-9.377991047249886	-0.3751196418899954
5.65243986	0.67	-4.607372820100371	-0.18429491280401486
14.86398	0.76	-9.264125039889837	-0.37056500159559347
14.86386959	0.75	-9.800257072604994	-0.39201028290419976
14.86386959	0.75	-6.275957631462417	-0.2510383052584967
14.8638496	0.83	-5.948086684077507	-0.23792346736310027
2.39161966	0.82	-10.591300545846728	-0.42365202183386913
2.39162484	0.66	-1.9299444872387814	-0.07719777948955125
2.39162484	0.66	-1.961070870786867	-0.07844283483147468
2.39160991	0.66	-16.188926608209417	-0.6475570643283767
2.39161966	0.66	-3.0261279867372015	-0.12104511946948807
2.39162484	0.66	-5.6662478981531885	-0.22664991592612754
9.93962361	0.87	-10.348076549342117	-0.4139230619736847
9.93970078	0.87	-6.106598373233628	-0.24426393492934512
9.93951745	0.87	-1.567863481682791	-0.06271453926731164
9.93967857	0.84	-7.323405839083022	-0.2929362335633209
9.939543	0.83	-3.2057167233485733	-0.12822866893394294
9.93967857	0.88	-10.078925710153017	-0.4031570284061207
17.73852054	0.88	-6.733264491186561	-0.26933057964746243
17.73852054	0.86	-3.3461096551785605	-0.13384438620714242
17.73852054	0.84	-11.772584149552612	-0.47090336598210447
5.94504355	0.81	-0.3687774328890816	-0.014751097315563264
5.94504348	0.87	-1.39267283811504	-0.0557069135246016
5.94504102	0.84	-5.088768503851642	-0.20355074015406568
5.94504102	0.88	-11.732623811883695	-0.4693049524753478
5.94504203	0.87	-16.881365101173778	-0.6752546040469511
5.94504102	0.86	-11.410995567439727	-0.4564398226975891
5.945053	0.83	-13.850353772544258	-0.5540141509017703
5.68882689	0.64	-15.463463559126374	-0.618538542365055
5.68882689	0.64	-12.049460026664061	-0.4819784010665625
5.68879083	0.64	-2.819234988885682	-0.11276939955542728
5.99077497	1.11	-13.070092307755463	-0.5228036923102185
5.99077497	1.11	-11.111503978411385	-0.4444601591364554
6.05922662	1.09	-3.4354580748596435	-0.13741832299438575
14.19593863	1.11	-0.5500341904395984	-0.02200136761758394
14.19593863	1.11	-4.894040971658988	-0.19576163886635953
30.8277926	1.05	-3.522002440425718	-0.14088009761702874
30.8277926	1.05	-5.797480584507099	-0.23189922338028396
30.8278245	1.05	-5.524481367019643	-0.22097925468078572
30.8278245	1.01	-12.83858127521749	-0.5135432510086996
30.8277926	1.05	-10.376927074459081	-0.41507708297836327
13.8354142	1.03	-2.2946575080942178	-0.09178630032376871
31.2543238	1.18	-1.9403589373952224	-0.0776143574958089
31.2548347	1.2	-0.16374608538881974	-0.00654984341555279
31.2548347	1.2	-2.9065134458034785	-0.11626053783213915
31.25429916	1.18	-3.253700481259151	-0.13014801925036604
12.90237151	0.86	-12.391487781491179	-0.4956595112596472
12.90240002	0.88	-12.523276607118055	-0.5009310642847222
12.90237151	0.86	-19.851253119208316	-0.7940501247683327
47.05726492	0.93	-4.292146624270837	-0.17168586497083346
47.0564003	0.97	-13.60848996002899	-0.5443395984011596
47.0564621	0.97	-19.607478950178898	-0.7842991580071559
47.0563327	0.93	-10.301336629208004	-0.41205346516832014
37.8869482	0.87	-11.807941620569578	-0.4723176648227831
37.8869482	0.87	-4.997526233180134	-0.19990104932720534
37.8869482	0.87	-13.528102163611983	-0.5411240865444793
37.8862977	0.87	-2.1260421254068538	-0.08504168501627415
9.92670905	0.96	-1.798181621043463	-0.07192726484173852
9.92672514	0.89	-9.404788368030896	-0.37619153472123584
9.92672514	0.94	-2.5734523288870363	-0.10293809315548146
9.9267215	0.95	-13.873181356275195	-0.5549272542510079
21.22347296	0.94	-0.3358235382719714	-0.013432941530878857
21.22347296	0.89	-5.054746963846427	-0.2021898785538571
21.22347296	1.03	-0.9396475774058817	-0.03758590309623527
21.22355695	0.96	-7.538317606879604	-0.30153270427518414
21.22349325	0.96	-11.75646693183781	-0.4702586772735124
21.22347296	0.89	-7.1010367389547495	-0.28404146955819
21.22349086	0.96	-0.6845999074400773	-0.027383996297603092
21.22349325	0.95	-2.379801128646911	-0.09519204514587644
6.47029641	0.96	-16.813624316247658	-0.6725449726499063
6.47027706	0.96	-10.683317191520898	-0.42733268766083593
6.47027579	1.03	-18.829813793560646	-0.7531925517424258
6.47027579	0.89	-7.107068313772651	-0.2842827325509061
6.47052	0.91	-18.574478994244338	-0.7429791597697735
30.25420641	1.25	-6.500237960587406	-0.26000951842349623
30.25420641	1.25	-12.898701804509408	-0.5159480721803763
30.2541008	1.24	-2.8828454245107644	-0.11531381698043058
20.034708	1.25	-7.585706420218395	-0.3034282568087358
20.0349456	1.25	-7.328883221616344	-0.2931553288646538
20.0349456	1.25	-31.003844300506273	-1.240153772020251
20.03479958	1.25	-18.022176446750084	-0.7208870578700034
20.0349456	1.32	-21.934723055837182	-0.8773889222334873
20.03519202	1.17	-11.51726302421429	-0.46069052096857166
3.15721824	1.25	-0.10619283086725684	-0.0042477132346902735
3.15722086	1.17	-0.9582566889060813	-0.038330267556243254
3.15721824	1.25	-2.2716450346061126	-0.09086580138424451
3.15722086	1.25	-11.202539242939471	-0.44810156971757886
13.2226208	0.95	-24.42175540683506	-0.9768702162734024
13.2226149	1.0	-15.304904616133548	-0.612196184645342
13.2226208	0.95	-2.8679881494987822	-0.11471952597995129
13.2226149	0.95	-9.895505768178467	-0.3958202307271387
13.22259998	0.95	-3.4053084920562338	-0.13621233968224936
52.6095103	1.11	-9.287374161192815	-0.3714949664477126
52.607947	0.83	-4.07695915391308	-0.1630783661565232
15.3317719	1.02	-12.840423444305733	-0.5136169377722293
15.3317719	1.01	-5.156657760274397	-0.2062663104109759
15.33170033	1.02	-5.91249927696095	-0.23649997107843798
46.7169344	1.02	-2.8459949614130857	-0.11383979845652344
46.7169344	1.02	-11.849730362710918	-0.47398921450843673
46.7169344	1.02	-5.994008885157356	-0.23976035540629426
46.71608632	1.02	-2.4502784859984152	-0.09801113943993661
46.7162336	1.06	-4.546384533048938	-0.18185538132195753
42.8774173	0.77	-1.7493519204649521	-0.06997407681859809
42.87749034	0.83	-8.211267542106928	-0.3284507016842771
42.8774173	0.77	-18.076671235481825	-0.723066849419273
42.8774173	0.77	-16.771164529938865	-0.6708465811975546
42.8774169	0.83	-4.246806738701393	-0.1698722695480557
42.87770081	0.77	-12.465875661432406	-0.49863502645729624
73.7506501	0.99	-3.3815784267367768	-0.13526313706947107
73.7506501	0.99	-6.286351690945995	-0.25145406763783984
73.75039673	1.41	-6.15424598106081	-0.2461698392424324
73.75004569	1.11	-3.9382080968745665	-0.15752832387498267
73.7506501	1.42	-14.955022268338247	-0.5982008907335299
19.57780075	0.97	-3.4737130926553803	-0.13894852370621522
19.5777657	0.89	-1.9707047428699471	-0.07882818971479788
19.5777657	0.99	-9.896538330404585	-0.3958615332161834
19.57783279	0.99	-26.18956825955529	-1.0475827303822116
19.57783279	0.97	-4.465284798717798	-0.17861139194871192
59.3627946	1.01	-5.352373526115686	-0.21409494104462745
59.3627199	1.68	-12.80797583352187	-0.5123190333408748
59.3627199	1.11	-4.128169753640842	-0.16512679014563367
59.36219524	1.01	-6.9691666559350445	-0.27876666623740176
59.3627946	1.01	-1.9992906877041219	-0.07997162750816487
59.3627199	1.68	-5.843081639840255	-0.2337232655936102
11.38838111	1.12	-2.2715012233732903	-0.09086004893493162
11.38840217	1.09	-10.12976241971678	-0.4051904967886712
11.38839971	1.14	-7.603005341495156	-0.30412021365980624
11.38841954	1.12	-15.349986702868266	-0.6139994681147306
11.38840217	1.12	-7.183653098737924	-0.287346123949517
11.38839971	1.05	-0.88524352895665	-0.035409741158266
11.38839971	1.21	-9.419602836871366	-0.37678411347485463
11.38839971	1.21	-15.573158909861952	-0.6229263563944781
50.69818825	1.12	-9.515434406341532	-0.38061737625366127
50.6985408	1.09	-5.419152422228932	-0.2167660968891573
50.69852	1.14	-10.519962284283048	-0.4207984913713219
50.6984448	1.21	-8.236495165751863	-0.32945980663007457
50.6984448	1.21	-1.5485054829782503	-0.06194021931913001
50.6985408	1.12	-10.445875151145621	-0.41783500604582485
13.02678441	0.84	-17.032008668795452	-0.6812803467518181
13.02680016	0.84	-9.555513968608423	-0.3822205587443369
13.02678441	0.84	-3.625962428343791	-0.14503849713375164
38.5763483	1.17	-4.672636629331787	-0.1869054651732715
38.57610826	1.19	-20.820859220123015	-0.8328343688049207
38.5763483	1.19	-2.7459653093190957	-0.10983861237276382
0.5241758	0.86	-21.73446009292726	-0.8693784037170904
0.5241758	0.91	-7.343474579348758	-0.2937389831739503
0.52417609	0.98	-13.005646536670682	-0.5202258614668273
0.52417702	0.91	-16.00295478335444	-0.6401181913341776
0.52417609	0.9	-5.796876492476935	-0.2318750596990774
0.52417609	0.98	-3.4240007338828677	-0.1369600293553147
4.94328533	0.96	-4.606475177784697	-0.18425900711138787
4.94328533	0.94	-20.780042628219775	-0.831201705128791
4.94330596	1.03	-0.6396036891566685	-0.025584147566266743
4.94328533	0.94	-3.2482935469610608	-0.12993174187844242
4.94329023	0.96	-13.71134907530696	-0.5484539630122783
4.94328929	1.03	-5.217562587761309	-0.20870250351045236
1.41974915	1.06	-0.8845042232310403	-0.03538016892924161
1.41975831	0.97	-10.36642957382857	-0.41465718295314286
1.41974915	0.99	-23.39781840750222	-0.9359127363000889
1.41975999	0.97	-4.757863062378321	-0.19031452249513284
1.41975831	1.06	-19.43256309987787	-0.7773025239951149
3.95140004	0.84	-9.205806672806226	-0.36823226691224903
3.9513822	0.84	-20.06594857348402	-0.8026379429393609
3.95138314	0.84	-6.281129359575918	-0.25124517438303673
3.95138314	0.99	-9.736041800680216	-0.38944167202720864
3.9513822	0.84	-1.0923082470289156	-0.04369232988115662
126.557522	1.42	-1.5841412854478154	-0.06336565141791262
126.5569992	1.42	-9.034739320287201	-0.36138957281148804
126.557522	1.42	-0.8619694521716126	-0.0344787780868645
126.55615355	1.28	-2.9352541377468957	-0.11741016550987583
9.6887216	1.18	-7.7406790157015966	-0.3096271606280639
9.6886646	1.18	-9.739083963038581	-0.3895633585215433
9.68859959	1.19	-1.657045831442558	-0.06628183325770232
9.6887216	1.19	-10.950607477882064	-0.43802429911528257
9.6886646	1.09	-10.827664629285273	-0.43310658517141093
13.06242496	0.65	-0.25427941544208155	-0.010171176617683263
13.06240734	0.72	-5.53649534810549	-0.2214598139242196
13.06243545	0.72	-15.655240090809773	-0.626209603632391
2.79064348	0.71	-7.979420646829492	-0.3191768258731797
2.79064934	0.64	-0.9450553961776453	-0.037802215847105816
2.79064934	0.64	-5.734726908190107	-0.2293890763276043
2.09226999	0.96	-16.084590076350718	-0.6433836030540288
2.092282	1.05	-15.236190896642876	-0.609447635865715
2.09229035	1.02	-6.005559133804781	-0.24022236535219127
2.09226999	0.96	-11.366498236574834	-0.4546599294629934
2.09226999	0.96	-10.89287739128492	-0.43571509565139677
2.09226999	0.94	-2.0092876577881515	-0.08037150631152606
2.09227115	1.02	-11.161482899961028	-0.44645931599844113
17.30797625	0.96	-3.6153651056997336	-0.14461460422798936
17.30797625	0.96	-2.8638530639058226	-0.1145541225562329
17.30795548	0.99	-12.96369845456511	-0.5185479381826044
17.30797625	0.94	-0.3515604642522683	-0.014062418570090732
17.30801526	1.02	-2.9457607633164926	-0.11783043053265971
17.30797625	0.96	-11.975808700268264	-0.4790323480107306
17.30795548	1.02	-8.532622343401282	-0.34130489373605133
52.8147284	0.96	-7.604331139364421	-0.3041732455745768
52.81478933	1.02	-19.855265778354163	-0.7942106311341666
52.81502997	1.02	-5.683665123464116	-0.22734660493856462
52.8147284	0.94	-5.257462146410123	-0.21029848585640495
52.8148051	1.02	-24.38518379337477	-0.9754073517349909
4.95062352	0.78	-9.685400313229986	-0.38741601252919944
4.95062352	0.78	-13.776488146450996	-0.5510595258580399
4.95060632	0.9	-4.071579675844593	-0.16286318703378372
4.95061016	0.8	-1.5677488815727185	-0.06270995526290875
31.3351397	1.24	-9.45211191443872	-0.37808447657754884
31.3351094	1.18	-5.9764846309366515	-0.23905938523746606
31.3351094	1.23	-9.815962597832549	-0.39263850391330196
31.33452785	1.23	-3.8628362854719906	-0.15451345141887962
4.62602725	0.85	-9.117204337554172	-0.3646881735021669
4.62602867	0.85	-2.241999869841283	-0.08967999479365131
4.62602725	0.85	-3.0078224221705527	-0.12031289688682212
4.62604999	0.85	-9.150094649750613	-0.36600378599002453
4.85026423	1.05	-8.66652563561755	-0.346661025424702
4.85018015	1.05	-7.699137862056465	-0.3079655144822586
4.85018974	1.02	-28.284569755951146	-1.1313827902380458
9.84261195	1.07	-3.4540089435031702	-0.1381603577401268
9.84262076	1.06	-9.321367122194198	-0.37285468488776796
9.84257984	1.06	-9.39152736410924	-0.37566109456436964
9.84262076	0.93	-14.372023694153322	-0.5748809477661329
6.08004821	0.77	-10.824092384522036	-0.4329636953808814
6.08003714	0.77	-4.292817785295223	-0.1717127114118089
3.03520869	0.89	-13.118024571499545	-0.5247209828599818
3.03520869	0.89	-5.177418932466368	-0.20709675729865473
3.0351901	0.89	-1.9457206815510786	-0.07782882726204314
3.03520869	0.89	-9.941129657269311	-0.39764518629077245
3.03520617	0.9	-16.4629604490749	-0.6585184179629959
6.9636302	0.98	-22.96840358110056	-0.9187361432440224
6.96355103	1.1	-18.412024936867432	-0.7364809974746973
6.96355103	0.98	-4.188594999470027	-0.1675437999788011
15.5714121	0.61	-0.213595364806896	-0.00854381459227584
2.20828009	1.19	-6.484402975266807	-0.2593761190106723
2.20829637	1.08	-7.408518951781143	-0.2963407580712457
2.20829412	1.01	-0.8409611426130934	-0.033638445704523734
8.30784498	0.88	-6.351130869230043	-0.2540452347692017
8.30783912	0.88	-4.830014315128661	-0.19320057260514645
8.30784498	0.83	-10.621082960723095	-0.4248433184289238
8.307832	0.84	-21.436843689098005	-0.8574737475639203
34.0963441	0.89	-22.516022052981967	-0.9006408821192787
34.09696515	0.89	-13.07082505884273	-0.5228330023537092
34.0962295	0.83	-10.576306694738044	-0.42305226778952176
34.0962295	0.87	-9.29131373801657	-0.3716525495206628
34.0963441	0.88	-14.379752171766414	-0.5751900868706565
10.7770462	0.76	-10.838400019260854	-0.4335360007704342
10.7770462	0.76	-8.422850085971529	-0.3369140034388612
10.77690029	0.76	-0.5998857690458073	-0.02399543076183229
10.7770462	0.76	-10.714774322434334	-0.42859097289737336
20.6579443	0.92	-6.735328621264064	-0.26941314485056256
20.6577602	0.78	-0.5825561544786613	-0.02330224617914645
20.6577602	0.78	-1.505952918649061	-0.06023811674596244
27.21080017	0.92	-8.711558274038989	-0.34846233096155954
27.2111385	0.92	-9.322514308806278	-0.37290057235225116
27.2111385	0.92	-20.058479429456003	-0.8023391771782401
6.24563503	0.76	-17.261412762518013	-0.6904565105007205
6.24564633	0.79	-4.251966817170511	-0.17007867268682045
6.24563503	0.76	-5.413928437811363	-0.2165571375124545
6.24563503	0.76	-1.7314334131091103	-0.06925733652436442
5.88350251	1.07	-4.379954249458784	-0.17519816997835136
5.88350251	0.94	-2.3908427331755706	-0.09563370932702282
5.88346916	0.94	-11.536225768115385	-0.4614490307246154
5.88343	0.94	-20.54008087273442	-0.8216032349093769
5.88346916	0.94	-5.2587507896454255	-0.21035003158581703
14.2652558	1.12	-3.0637400735231397	-0.1225496029409256
14.26519966	1.05	-4.128302212441241	-0.16513208849764965
14.2651545	1.05	-11.041679683271264	-0.4416671873308506
5.94373492	0.67	-10.444362347947092	-0.4177744939178837
5.94375659	0.67	-2.4880241043794733	-0.09952096417517893
5.94371986	0.67	-0.5921126959795677	-0.02368450783918271
5.94373492	0.66	-0.4690818581042626	-0.018763274324170506
2.18660188	0.74	-11.572751996539544	-0.4629100798615818
9.32867332	0.95	-5.906336458468803	-0.2362534583387521
9.32867952	0.96	-5.38356690909609	-0.2153426763638436
6.38671206	0.77	-33.24920157172092	-1.3299680628688366
6.38671206	0.83	-4.5011424524520445	-0.18004569809808177
6.3867289	0.77	-7.318762180034665	-0.2927504872013866
6.3867289	0.77	-16.35272578565504	-0.6541090314262016
20.73991798	0.84	-25.024305077028945	-1.0009722030811579
20.73989406	0.81	-27.705392840997252	-1.10821571363989
20.73991798	0.93	-16.477926388878046	-0.6591170555551219
20.73989166	0.87	-8.708073636620313	-0.3483229454648125
20.73991798	0.93	-13.861220189278413	-0.5544488075711366
20.73989406	0.87	-0.2890484519901193	-0.011561938079604773
20.73991798	0.93	-11.422390854223455	-0.4568956341689382
20.74011	0.78	-8.080950319801428	-0.3232380127920571
47.42783322	0.87	-2.4216451408641517	-0.09686580563456607
47.42693	0.78	-1.185695005438411	-0.04742780021753644
47.42766	0.93	-8.812890956140897	-0.3525156382456359
47.42766	0.93	-8.75872264234165	-0.35034890569366606
47.42766	0.84	-10.23550140065436	-0.40942005602617443
122.0799221	0.84	-9.484192370255638	-0.37936769481022553
122.0799221	0.93	-2.9639474842662645	-0.11855789937065059
122.0804953	0.87	-4.9891148046965945	-0.1995645921878638
122.0804953	0.81	-2.5516544787362117	-0.10206617914944847
2.29794819	1.08	-8.720530720146726	-0.3488212288058691
2.29792825	1.08	-8.651790929544433	-0.3460716371817773
2.29792825	1.08	-0.7742849651913237	-0.03097139860765295
5.60473269	0.86	-5.117604601570727	-0.20470418406282906
5.60473115	0.87	-6.831199415544026	-0.27324797662176104
5.60473269	0.86	-8.840316162052751	-0.35361264648211005
5.60473115	0.88	-3.3242292433355747	-0.132969169733423
5.60473269	0.86	-7.4024111700103035	-0.29609644680041214
7.99144696	1.03	-5.257004097697503	-0.2102801639079001
7.99144696	1.0	-6.5024253497117535	-0.2600970139884701
7.99147383	0.93	-3.0289328087295426	-0.12115731234918171
7.99147383	0.93	-0.39350504302533884	-0.015740201721013553
7.99145985	1.0	-8.93429120846847	-0.35737164833873875
1.96228263	0.96	-12.558063819575308	-0.5023225527830123
1.96227924	0.92	-3.0711085887940284	-0.12284434355176113
1.96227924	0.92	-14.070739700185278	-0.5628295880074111
1.96228263	0.92	-7.87286508620772	-0.3149146034483088
1.96227924	0.92	-12.29428811132278	-0.4917715244529112
2.4408364	0.73	-8.26682957778727	-0.3306731831114908
2.44082999	0.75	-11.450596153592475	-0.458023846143699
2.4408364	0.73	-3.763089194986061	-0.15052356779944245
41.8673672	0.93	-8.832505671823224	-0.35330022687292895
41.8681996	0.93	-8.506378914194016	-0.3402551565677607
41.8673672	0.93	-8.023428102764568	-0.3209371241105827
8.61742738	0.8	-9.784396957123617	-0.3913758782849447
8.61742738	0.77	-2.7942339590512826	-0.1117693583620513
8.61735417	0.67	-13.045028734626046	-0.5218011493850419
8.61735417	0.67	-10.335500721247032	-0.41342002884988127
7.28170196	0.75	-11.92397886979113	-0.4769591547916452
7.28171395	0.78	-0.818615115454008	-0.03274460461816032
7.28171395	1.0	-5.51703006218954	-0.2206812024875816
7.28122373	0.84	-0.3815689966832245	-0.015262759867328982
7.2810998	0.84	-12.448056945194747	-0.49792227780778986
7.28116667	0.76	-15.03899299697935	-0.601559719879174
7.28116667	0.84	-9.46313926352843	-0.37852557054113717
6.64752007	1.11	-1.38678968522528	-0.055471587409011196
6.64752101	1.11	-24.024648015174936	-0.9609859206069975
6.64752101	1.11	-5.091157987488755	-0.2036463194995502
6.64754478	1.11	-4.212578374516708	-0.16850313498066832
5.59931543	1.09	-0.6820845539113576	-0.027283382156454303
5.59931973	0.92	-14.4228549804489	-0.5769141992179561
5.59931973	0.86	-12.416535161440878	-0.4966614064576351
5.59931543	0.9	-13.74664838032651	-0.5498659352130604
5.599293	1.09	-14.730898637338381	-0.5892359454935353
5.59931973	0.92	-15.340376988445282	-0.6136150795378112
5.59934848	1.09	-0.7708145552977168	-0.030832582211908672
10.34974585	1.09	-6.42213674510322	-0.2568854698041288
10.34971385	0.92	-7.759737487728151	-0.31038949950912603
10.349678	0.86	-10.192322077026159	-0.40769288308104634
10.34973276	0.9	-12.462626472808843	-0.49850505891235375
10.34971385	0.92	-18.258293173798386	-0.7303317269519355
10.34971385	1.01	-17.166892421631054	-0.6866756968652422
10.349711	1.09	-5.99862420720298	-0.23994496828811918
15.67756112	0.92	-2.1835298389159448	-0.08734119355663779
15.67787	1.09	-18.539093833225234	-0.7415637533290094
15.67757	0.86	-25.947872671965882	-1.0379149068786353
15.677	0.92	-13.531549910834187	-0.5412619964333675
15.67756112	0.92	-1.6630878956305977	-0.06652351582522391
15.67756112	0.92	-5.317881445034379	-0.21271525780137515
15.67756112	0.86	-1.615439500590488	-0.06461758002361952
15.6775466	1.09	-1.9627905783848243	-0.07851162313539298
25.20971	0.86	-6.442090720139267	-0.25768362880557066
25.2099845	0.92	-12.63338330753978	-0.5053353323015912
25.2099845	0.86	-0.9263946791113173	-0.037055787164452694
25.2099845	0.92	-11.22230584671452	-0.4488922338685808
25.21031419	1.09	-1.8860110715482472	-0.07544044286192989
25.2100146	1.09	-0.9382386893967696	-0.037529547575870785
25.2097	1.09	-2.222707347742107	-0.08890829390968427
7.54592204	1.08	-5.777581699431505	-0.23110326797726022
7.5459119	1.17	-25.309706101096822	-1.012388244043873
7.5459119	1.17	-8.574803567703801	-0.3429921427081521
7.54592204	1.04	-11.320433790979255	-0.4528173516391702
11.3220104	1.17	-0.6534614529334184	-0.026138458117336737
11.3220104	1.08	-4.14780009603867	-0.16591200384154678
11.3220104	1.17	-16.217940400014513	-0.6487176160005805
11.3220104	1.2	-0.650899995714578	-0.026035999828583123
4.95931924	0.98	-2.5932467122638236	-0.10372986849055295
4.95931945	1.1	-13.764126340337391	-0.5505650536134956
4.95931945	1.01	-12.13163733025802	-0.4852654932103208
4.95931924	1.02	-8.46284696941961	-0.3385138787767844
4.9593195	1.02	-17.15390439062255	-0.686156175624902
4.53700111	0.75	-15.40984412109751	-0.6163937648439004
4.53702121	0.77	-3.382151081298596	-0.13528604325194385
4.53700111	0.75	-6.671024580021086	-0.2668409832008435
4.536993	0.72	-7.889655266606048	-0.3155862106642419
4.53702121	0.73	-5.942314129370074	-0.23769256517480297
10.84969477	0.87	-10.502571573814945	-0.4201028629525978
10.84962391	0.87	-4.726837406891482	-0.18907349627565928
10.84965239	0.88	-11.716732901363217	-0.4686693160545287
10.84965239	0.88	-1.0318342476690188	-0.041273369906760754
10.849813	0.82	-12.388532240432937	-0.4955412896173175
10.84969477	0.87	-3.6593897179895585	-0.14637558871958234
10.84969997	0.87	-8.729167565830387	-0.3491667026332155
18.5084526	1.03	-11.325701671529185	-0.4530280668611674
18.5084405	1.03	-4.1229009079406005	-0.16491603631762403
18.50687	1.01	-10.785095735401576	-0.43140382941606303
18.5084526	1.01	-6.68118663069403	-0.2672474652277612
17.789742	0.96	-19.17597798577748	-0.7670391194310991
17.79002419	0.95	-5.481217391182942	-0.2192486956473177
17.79002419	0.95	-2.6670380037013675	-0.1066815201480547
17.79001678	0.94	-23.09056813139297	-0.9236227252557189
17.78999569	0.98	-15.854091667500317	-0.6341636667000127
17.79002419	0.95	-15.469585185262362	-0.6187834074104945
17.79002419	0.99	-2.490194307519645	-0.09960777230078581
17.79002419	0.97	-1.415933717716972	-0.05663734870867888
49.5675359	0.95	-7.346760877534146	-0.29387043510136585
49.5675359	0.95	-6.808772781000787	-0.27235091124003147
49.56786126	0.98	-18.316947867464	-0.7326779146985599
1.3118451	0.96	-6.461853653614327	-0.2584741461445731
1.31184297	0.98	-13.893395546993426	-0.555735821879737
1.31184609	0.98	-7.1041879868986495	-0.284167519475946
1.31184443	0.95	-3.2539179692858733	-0.13015671877143492
1.31184297	0.94	-14.319081464043173	-0.5727632585617269
1.31184443	0.95	-25.12292242747542	-1.0049168970990168
1.31184443	0.97	-35.372388154108265	-1.4148955261643306
33.0256807	0.9	-0.4918790219349025	-0.0196751608773961
33.0257179	1.01	-19.987191794609743	-0.7994876717843897
33.02645384	1.01	-8.861564897907154	-0.3544625959162862
33.0257179	1.05	-13.774377111518055	-0.5509750844607222
33.0257988	1.05	-11.93117976389841	-0.4772471905559364
33.0256807	0.9	-8.944918313777158	-0.35779673255108635
453.54212	1.07	-23.586714707720496	-0.9434685883088199
453.54212	1.52	-4.174896148482262	-0.1669958459392905
3.82316376	1.31	-12.7629470060444	-0.510517880241776
3.82316376	1.15	-12.1067788267444	-0.484271153069776
3.82316376	1.31	-9.190970650149227	-0.3676388260059691
3.82316376	1.31	-20.84515483779722	-0.8338061935118889
7.32849062	0.8	-15.303230702158032	-0.6121292280863213
7.32851947	0.83	-17.840487317793283	-0.7136194927117313
7.32849062	0.8	-3.7148742603443434	-0.14859497041377373
7.32851982	0.81	-29.581974879486452	-1.1832789951794582
1.99281228	0.42	-5.304870481738402	-0.2121948192695361
1.99281234	0.45	-17.922959325623516	-0.7169183730249407
1.99281228	0.42	-4.444252242854968	-0.17777008971419872
1.99285996	0.45	-0.5768995948091482	-0.023075983792365928
3.420638	0.99	-9.5451135264063	-0.38180454105625206
3.42063861	0.92	-5.033329086818895	-0.20133316347275582
19.5489365	0.78	-18.093908520481676	-0.7237563408192671
19.54929924	0.78	-11.444992912429088	-0.4577997164971635
19.5489666	0.78	-5.51941597276513	-0.2207766389106052
19.5489365	0.78	-9.989401800027794	-0.3995760720011118
2.34586	0.8	-10.883496751631881	-0.43533987006527525
2.34585858	0.78	-25.530458815235367	-1.0212183526094147
2.34587	0.74	-6.97479697937883	-0.2789918791751532
3.64829642	0.78	-3.1783533745678403	-0.12713413498271361
3.64830183	0.8	-13.895735959727693	-0.5558294383891077
3.64826989	0.8	-1.9922087081604805	-0.07968834832641922
3.64829642	0.78	-0.5260031773969218	-0.021040127095876875
5.64491523	0.78	-0.4706350343847019	-0.018825401375388077
5.64491415	0.75	-6.338238984142705	-0.2535295593657082
5.64491415	0.8	-10.404898204274494	-0.4161959281709797
5.644954	0.74	-3.5056250430915235	-0.14022500172366095
5.64490356	0.75	-8.465390414910335	-0.33861561659641337
5.64491523	0.78	-9.303391016587407	-0.37213564066349625
5.64491523	0.78	-10.437168453321563	-0.4174867381328625
8.74287133	0.78	-8.843420997255238	-0.35373683989020954
8.74287133	0.78	-7.106709470738808	-0.28426837882955236
8.74292005	0.8	-4.3589672272276045	-0.17435868908910418
8.74292005	0.75	-9.916449312438278	-0.39665797249753115
8.74294266	0.75	-15.73945870275171	-0.6295783481100684
8.74287133	0.78	-6.134926090707692	-0.2453970436283077
11.49499989	1.13	-0.4518321045115328	-0.01807328418046131
10.16103226	1.0	-2.780340705420471	-0.11121362821681885
10.16102981	1.09	-3.065332361547784	-0.12261329446191135
10.160956	1.08	-12.133277659422529	-0.48533110637690113
23.64219092	0.97	-11.144350029341009	-0.44577400117364036
23.64219092	0.98	-9.981922665107662	-0.3992769066043065
23.64219092	0.98	-8.855135336720691	-0.35420541346882767
23.64219092	0.98	-2.4727762827153907	-0.09891105130861563
23.636883	1.0	-14.077753308334781	-0.5631101323333912
67.0932997	0.97	-3.3741363274962968	-0.13496545309985186
67.0932997	0.98	-12.810944686141937	-0.5124377874456775
67.0932997	0.98	-12.130121257826012	-0.4852048503130405
67.0930642	1.01	-2.359635463446776	-0.09438541853787104
67.0932997	0.96	-8.209869752728675	-0.328394790109147
67.0930642	0.98	-15.945704506203352	-0.6378281802481341
1.73512995	1.03	-2.839385432230774	-0.11357541728923096
1.73513619	1.03	-2.401156131026094	-0.09604624524104376
1.73513603	1.02	-13.872118246756212	-0.5548847298702485
4.06844201	1.08	-9.418026983804115	-0.3767210793521646
4.06844957	1.03	-3.7750673803023904	-0.1510026952120956
4.06844201	1.02	-3.916600701848581	-0.15666402807394325
4.06844957	1.08	-12.34260774982467	-0.49370430999298676
4.068545	1.11	-4.924570062566181	-0.19698280250264724
13.26080036	0.91	-4.486404114619961	-0.17945616458479843
13.26084292	0.95	-1.2444478918360409	-0.049777915673441635
13.26084292	0.94	-4.563023873548344	-0.18252095494193377
13.26084292	0.95	-7.349679315239026	-0.29398717260956103
13.26084292	0.95	-4.532425724054038	-0.18129702896216152
13.26079792	0.91	-8.86051919220743	-0.3544207676882972
22.79021423	0.94	-0.6752377019727678	-0.027009508078910713
22.79009217	0.96	-6.825997164767274	-0.27303988659069095
22.79021423	0.95	-11.324045823907133	-0.45296183295628534
22.79020351	0.91	-5.476544237039817	-0.21906176948159267
22.79020351	0.96	-17.26432310021966	-0.6905729240087863
15.6113	0.83	-0.6951232859366447	-0.02780493143746579
15.611223	0.82	-7.998736269394347	-0.31994945077577386
15.611223	0.82	-2.0767346065528796	-0.08306938426211519
15.6112238	0.87	-10.759067886006397	-0.4303627154402559
26.6565574	1.37	-5.666798724735012	-0.22667194898940046
26.6565574	1.37	-4.8897028823840465	-0.19558811529536185
26.6565737	1.37	-13.816586038576036	-0.5526634415430415
26.6565574	1.26	-14.825092236070484	-0.5930036894428193
26.6565574	1.37	-16.82572362375827	-0.6730289449503308
4.61225043	0.92	-24.863143172298948	-0.994525726891958
4.61231995	0.93	-6.159074719743155	-0.2463629887897262
4.61226344	0.82	-2.3431461990829856	-0.09372584796331943
4.612264	0.83	-1.343438652875133	-0.05373754611500532
73.7579317	0.85	-5.9812363636584465	-0.23924945454633786
73.7579317	0.85	-15.366603781519599	-0.614664151260784
73.75794221	0.75	-8.265465539804609	-0.33061862159218436
73.7579317	0.85	-4.369820367485835	-0.17479281469943342
32.376183	0.71	-7.278688368756538	-0.2911475347502615
32.3767	0.64	-0.5638836775955767	-0.022555347103823068
32.3763405	0.65	-10.223866997483851	-0.4089546798993541
32.376183	0.75	-0.9780296808108977	-0.039121187232435906
32.37642916	0.71	-1.8068572876084938	-0.07227429150433975
32.3763405	0.65	-7.405049495087866	-0.29620197980351465
32.3763405	0.65	-16.441749850781918	-0.6576699940312767
92.72949982	0.75	-15.85602073289119	-0.6342408293156476
92.7297248	0.75	-7.442208084822976	-0.29768832339291906
92.725	0.64	-1.5841163676000247	-0.06336465470400099
92.7296775	0.65	-9.82259503592278	-0.39290380143691117
26.75902695	1.12	-11.6427397726837	-0.46570959090734804
3.03267135	0.98	-10.232482084993737	-0.4092992833997495
3.03267135	0.96	-9.79047118729146	-0.39161884749165843
3.03266154	0.87	-4.525365465442025	-0.181014618617681
3.03266154	0.87	-19.70904191297584	-0.7883616765190337
8.7393272	0.63	-8.202247618126204	-0.3280899047250482
8.7396758	0.63	-2.853540148372656	-0.11414160593490624
8.73945046	0.63	-1.708205269048602	-0.06832821076194408
3.69611967	0.94	-11.231626571792118	-0.4492650628716847
3.6961049	0.93	-18.281407613199814	-0.7312563045279926
3.69611757	0.96	-19.528285421909228	-0.7811314168763691
3.69612127	0.96	-9.626542010610903	-0.3850616804244361
3.69610487	0.96	-4.420459604609193	-0.17681838418436774
3.69611967	0.88	-0.2103176570899461	-0.008412706283597844
3.69611967	0.94	-5.34662486718733	-0.2138649946874932
3.6961219	0.91	-1.7413484343084646	-0.06965393737233859
3.69611967	0.95	-1.3660067763364165	-0.05464027105345666
10.8540894	0.9	-10.948457385591851	-0.4379382954236741
10.85409593	0.96	-16.56006839887234	-0.6624027359548935
10.85409783	0.88	-1.3941504730659005	-0.05576601892263602
10.85409783	0.88	-4.041813224296991	-0.16167252897187964
10.854092	0.91	-1.5721957249579672	-0.06288782899831868
10.85409784	0.94	-14.354541471332885	-0.5741816588533154
10.85409783	0.88	-6.9212788684152295	-0.2768511547366092
10.85409089	0.95	-7.365615206444118	-0.2946246082577647
10.85407744	0.96	-1.7889280377825203	-0.07155712151130081
77.6115987	0.95	-10.95781222271233	-0.43831248890849317
77.6115987	0.94	-6.97173734158711	-0.2788694936634844
77.6115987	0.88	-0.9001200532624616	-0.03600480213049846
77.6115987	0.88	-17.42966305652728	-0.6971865222610911
77.6114427	0.88	-3.1116825148699796	-0.12446730059479919
77.61184	0.91	-10.049417904327171	-0.4019767161730869
77.61154162	0.96	-3.9790769029743047	-0.15916307611897218
77.61130017	0.95	-3.23071780659394	-0.1292287122637576
6.09855603	0.96	-1.5917392687348033	-0.06366957074939214
6.09853672	0.88	-9.750040769922823	-0.3900016307969129
6.0984882	0.93	-2.24785128201913	-0.08991405128076521
6.09853672	0.94	-6.5041135962154994	-0.26016454384862
6.098493	0.91	-13.605223268896756	-0.5442089307558703
6.09853672	0.88	-1.7973209937063968	-0.07189283974825587
6.09855603	0.88	-13.884053236560629	-0.5553621294624251
19.5776073	0.96	-0.9233881578257563	-0.03693552631303026
19.5776286	0.95	-10.976982192783709	-0.43907928771134835
19.5776286	0.88	-11.677457536998746	-0.46709830147994985
19.57832769	0.96	-16.779775449533638	-0.6711910179813455
19.5776073	0.88	-1.7448849818871488	-0.06979539927548595
19.57758478	0.95	-3.263881616164986	-0.13055526464659944
19.5776286	0.88	-12.441011863046013	-0.4976404745218405
19.5776286	0.88	-10.957038169440452	-0.43828152677761806
34.951009	0.94	-11.994734453226375	-0.479789378129055
8.59479202	0.98	-0.14729238350704432	-0.005891695340281773
8.59479202	0.97	-3.812956295900886	-0.15251825183603543
8.59479202	1.04	-3.0519321426893717	-0.12207728570757487
8.59490775	1.05	-16.13731943153079	-0.6454927772612317
8.594777	1.04	-7.960426294761211	-0.31841705179044844
10.22215697	0.88	-26.34986723959474	-1.0539946895837897
10.22214214	1.04	-7.408160438521245	-0.2963264175408498
10.22219028	1.05	-4.010609841503146	-0.16042439366012584
10.22214214	0.97	-5.95807282941232	-0.2383229131764928
6.38316346	0.59	-26.203825489797094	-1.0481530195918838
6.38315913	0.63	-12.915044705991555	-0.5166017882396622
6.38315913	0.58	-10.798113851556304	-0.43192455406225216
6.3831501	0.58	-2.350102540132265	-0.0940041016052906
6.38316403	0.63	-8.846184549565464	-0.35384738198261856
20.6181066	0.59	-15.355099018341585	-0.6142039607336635
20.61867	0.55	-16.17805049989427	-0.6471220199957708
20.61811848	0.63	-0.647648533853233	-0.025905941354129318
20.6182003	0.58	-0.727346983993802	-0.029093879359752082
20.6181066	0.59	-21.759310184313303	-0.8703724073725322
20.6181066	0.59	-8.538456825733796	-0.34153827302935186
1.09001333	0.86	-7.74178455766509	-0.3096713823066036
1.090011	0.86	-11.44011575071444	-0.45760463002857765
1.09003997	0.86	-4.398901179630467	-0.1759560471852187
1.090011	0.79	-29.351557411988324	-1.174062296479533
14.09258319	0.86	-4.500010289971985	-0.1800004115988794
14.09688902	0.79	-9.392125970902903	-0.37568503883611615
14.0926796	0.86	-5.299370614402561	-0.21197482457610245
14.09449959	0.86	-6.221688334756551	-0.24886753339026205
14.09258319	0.79	-1.464097744660739	-0.058563909786429565
14.0926796	0.86	-4.039042488996463	-0.16156169955985852
14.0926796	0.86	-6.6096171472766665	-0.2643846858910667
25.6721559	1.16	-8.24950189596403	-0.3299800758385612
25.6721	1.18	-5.706344686329595	-0.22825378745318378
25.67212848	1.1	-6.752015066685136	-0.2700806026674054
25.67212848	1.1	-20.210680122089602	-0.8084272048835841
151.8861943	1.1	-22.828691554424914	-0.9131476621769966
151.8851881	1.16	-5.119716633963955	-0.2047886653585582
151.88454263	1.21	-12.184396260343362	-0.4873758504137345
151.8861943	1.1	-2.5200909925587367	-0.10080363970234947
151.88558569	1.21	-19.845088125988315	-0.7938035250395327
4.0694284	0.76	-3.8269511063692443	-0.15307804425476979
4.0694284	0.78	-16.919405252538237	-0.6767762101015294
4.0694284	0.76	-6.674986741780201	-0.2669994696712081
4.0694284	0.76	-0.3733750696995539	-0.014935002787982156
4.069402	0.68	-12.292633242176862	-0.4917053296870745
4.06942712	0.73	-1.6492675713719689	-0.06597070285487876
4.0694284	0.7	-17.07708093680428	-0.6830832374721711
4.06942564	0.73	-3.0530614227838226	-0.12212245691135291
16.28248353	0.78	-14.472147376222297	-0.5788858950488919
16.28247625	0.73	-18.30600058613626	-0.7322400234454505
16.28248353	0.76	-0.16057047939230062	-0.006422819175692025
16.28247625	0.75	-9.664829073732887	-0.3865931629493155
16.28248353	0.76	-21.790107158473486	-0.8716042863389395
16.28248353	0.7	-10.780066997506564	-0.43120267990026256
16.28247	0.68	-5.536115870987851	-0.22144463483951404
16.282491	0.73	-4.889680782471308	-0.19558723129885233
16.28249175	0.73	-4.717272891338887	-0.18869091565355547
3.16269124	1.01	-15.372274400847777	-0.6148909760339111
3.16269124	1.01	-17.276301495734543	-0.6910520598293818
3.16269124	1.0	-25.1100477049611	-1.004401908198444
3.16269458	1.06	-6.562908836578165	-0.26251635346312663
3.16268993	1.06	-6.135441662313308	-0.24541766649253233
5.370639	1.01	-2.554205263212157	-0.10216821052848628
5.3706416	1.06	-0.9515439772373424	-0.0380617590894937
5.371	1.01	-5.032822370966184	-0.20131289483864737
5.37063855	1.06	-4.356617228171771	-0.17426468912687085
5.37063954	0.97	-3.9530733312395645	-0.15812293324958257
5.37064587	1.01	-9.402465647159154	-0.37609862588636617
5.37064587	1.01	-3.4510732675913163	-0.13804293070365264
11.3295929	1.06	-7.629737818047012	-0.3051895127218805
11.32975018	1.0	-4.940546337195675	-0.19762185348782701
11.32977062	1.06	-9.409724685246438	-0.37638898740985754
11.33	1.01	-0.3323821811860246	-0.013295287247440984
11.32975018	1.01	-4.224550711761173	-0.16898202847044694
11.32967235	1.06	-21.785396345758	-0.8714158538303199
11.32975018	1.01	-11.888554209716819	-0.47554216838867275
14.40090414	0.98	-0.9606228572449971	-0.03842491428979988
14.40092576	1.04	-12.43892856019249	-0.4975571424076996
14.40094471	1.04	-23.193381038663578	-0.9277352415465431
14.40094471	1.03	-9.399907420819755	-0.3759962968327902
14.40090414	1.04	-17.72588931005938	-0.7090355724023752
25.661658	0.99	-8.675025341134285	-0.3470010136453714
25.661658	0.99	-5.296182742213296	-0.21184730968853185
25.661658	0.99	-15.819007124055139	-0.6327602849622056
25.66136126	1.04	-2.680600958594596	-0.10722403834378383
25.66180924	1.04	-18.776477513284156	-0.7510591005313663
2.75563888	0.67	-9.947047342562126	-0.39788189370248506
2.7556281	0.59	-10.305980662223488	-0.41223922648893957
2.75560188	0.51	-4.8798493515812424	-0.1951939740632497
20.30655662	0.51	-14.341950305254851	-0.5736780122101941
20.30652862	0.57	-0.8593318073032663	-0.034373272292130656
20.30655662	0.6	-10.90036802636677	-0.4360147210546708
20.30707932	0.51	-11.268528822231888	-0.4507411528892755
20.30651261	0.67	-7.529781540542778	-0.3011912616217111
20.30655662	0.51	-12.288815783290277	-0.4915526313316111
20.30652965	0.67	-21.08187074471334	-0.8432748297885335
20.30652862	0.67	-4.700398789750786	-0.18801595159003145
20.306591	0.59	-1.9916304157503357	-0.07966521663001343
7.78200916	1.05	-18.84002044921076	-0.7536008179684304
7.7822	1.02	-9.444634552779366	-0.37778538211117463
7.78199072	0.99	-5.968085574281478	-0.23872342297125912
7.78200916	0.98	-1.8169441109855522	-0.07267776443942209
7.78200916	0.98	-5.080141089366605	-0.2032056435746642
7.78199862	0.98	-0.5799030891734986	-0.023196123566939945
13.13742	1.02	-4.619439581768823	-0.18477758327075294
13.13745719	0.98	-15.55529619032755	-0.622211847613102
13.13745719	1.05	-4.492508670422221	-0.17970034681688885
13.13747785	0.98	-12.299786717646633	-0.49199146870586535
13.13745719	0.98	-6.910061808513901	-0.27640247234055604
13.13746337	0.99	-3.8163579520732416	-0.15265431808292967
23.4432353	0.98	-12.736179848044651	-0.5094471939217861
23.4432353	0.98	-6.930264967014407	-0.2772105986805763
23.44194	1.02	-5.387318429822001	-0.21549273719288004
23.4432353	1.05	-16.674137947143738	-0.6669655178857495
23.44248595	0.99	-17.57018999364714	-0.7028075997458857
23.4433748	0.99	-2.2818929037206654	-0.09127571614882662
1.61188718	1.06	-12.151952898253265	-0.4860781159301306
1.61188718	1.06	-17.341426231799847	-0.6936570492719939
1.61189046	1.09	-5.598333166363942	-0.2239333266545577
1.61188718	1.2	-0.8792163622250186	-0.03516865448900074
3.071563	1.04	-4.044461528915894	-0.16177846115663577
3.0715454	1.31	-7.881462486855792	-0.3152584994742317
3.07155284	1.18	-4.955879682667388	-0.1982351873066955
3.07155284	1.09	-0.9821746469406563	-0.03928698587762625
3.0715454	1.06	-22.73886417486726	-0.9095545669946904
5.86806802	1.06	-6.769007507454354	-0.27076030029817416
5.86807026	1.09	-2.4444176849855928	-0.0977767073994237
5.86806802	1.06	-9.39128578812994	-0.3756514315251976
5.86806628	1.18	-1.8560024745559478	-0.07424009898223792
5.86806802	1.31	-25.44999731191023	-1.0179998924764093
5.86806802	1.06	-12.190250453078013	-0.48761001812312055
5.86806628	1.09	-9.005077270283667	-0.3602030908113467
4.22865217	1.11	-7.393688315770553	-0.2957475326308221
4.22864988	1.12	-8.847000054022999	-0.35388000216091997
4.22864988	1.08	-20.41045009112037	-0.8164180036448149
4.22865217	1.21	-2.661921628583073	-0.10647686514332293
4.22864988	1.12	-2.295345212564189	-0.09181380850256757
4.2286322	1.11	-27.692565657909327	-1.1077026263163732
7.46662068	1.11	-4.319229862438114	-0.17276919449752456
7.466408	0.96	-10.675240713417368	-0.4270096285366947
7.46662197	1.12	-1.5837293150374883	-0.06334917260149953
7.46666941	1.11	-3.0682202679779738	-0.12272881071911895
7.46662068	1.21	-1.8760330505764544	-0.07504132202305817
7.46662197	1.12	-17.72698815886388	-0.7090795263545552
7.46659864	1.11	-9.01293571275409	-0.36051742851016355
11.13154	0.96	-15.340333633314163	-0.6136133453325665
11.1317519	1.12	-3.9759941672754744	-0.159039766691019
11.1317901	1.21	-6.7141417207679135	-0.26856566883071653
11.1317519	1.12	-24.209145512441538	-0.9683658204976615
16.25945734	1.12	-11.761312445198882	-0.4704524978079553
16.25951967	1.11	-25.630914232598023	-1.025236569303921
16.2596374	1.11	-4.555968274054402	-0.1822387309621761
16.25945734	1.12	-2.1442731800508885	-0.08577092720203554
16.25951967	1.21	-1.7563939278915086	-0.07025575711566034
16.25945734	1.12	-2.24274114357327	-0.08970964574293079
16.25945734	1.16	-16.174428138526117	-0.6469771255410447
16.25945734	1.08	-6.841510774508426	-0.27366043098033704
16.25950974	1.11	-5.616378245518277	-0.22465512982073108
16.087836	0.93	-3.138419080226038	-0.12553676320904153
16.08786478	0.88	-0.9132629633211666	-0.03653051853284667
16.08786478	0.97	-4.270058580810581	-0.17080234323242324
41.74949827	0.88	-2.946957600642521	-0.11787830402570083
41.74938613	0.96	-20.900505922793375	-0.836020236911735
41.74949827	0.95	-8.618049693567773	-0.34472198774271096
41.74949827	0.88	-4.185311956618669	-0.16741247826474678
41.74934819	0.96	-0.2712185320629015	-0.01084874128251606
41.74949827	0.88	-4.51994765685712	-0.1807979062742848
41.74945104	0.96	-0.5582330684660066	-0.022329322738640266
41.74999	0.93	-6.2195836411866425	-0.2487833456474657
2.7858212	1.41	-2.4775715908489278	-0.09910286363395711
2.78582169	1.25	-7.723112947118402	-0.30892451788473607
2.78581504	1.21	-3.3077464506431706	-0.13230985802572684
2.78582124	1.16	-10.256244901403765	-0.4102497960561506
2.785755	1.34	-4.8228380543057865	-0.19291352217223146
2.45323508	0.72	-18.25497965521141	-0.7301991862084565
2.4532359	0.77	-13.002859512851566	-0.5201143805140627
2.45323614	0.56	-3.6988087097338695	-0.14795234838935478
2.4532	0.63	-21.505959231193298	-0.8602383692477319
2.4532359	0.55	-14.266704605950839	-0.5706681842380336
2.4532359	0.55	-10.437349870673787	-0.4174939948269515
2.45322973	0.72	-11.566154535921347	-0.4626461814368539
7.97252271	0.72	-17.266646131107372	-0.6906658452442949
7.9725132	0.55	-29.424634934545452	-1.176985397381818
7.9725	0.63	-13.145476916255614	-0.5258190766502245
7.97251009	0.56	-14.665655855437407	-0.5866262342174963
7.97251614	0.72	-0.8861453978289244	-0.03544581591315698
7.9725436	0.61	-5.46921238587384	-0.2187684954349536
7.97251347	0.55	-20.611846114859077	-0.8244738445943631
4.13853677	0.93	-17.497613790112602	-0.6999045516045042
4.13854364	0.91	-6.33863436606927	-0.2535453746427708
4.138553	0.91	-15.411984528593399	-0.616479381143736
4.139	0.93	-15.68106286346013	-0.6272425145384053
4.13853677	0.93	-10.580620122245948	-0.42322480488983794
4.13852825	0.91	-9.5239657979048	-0.380958631916192
4.13853677	0.9	-0.8656651644354763	-0.034626606577419054
4.13852825	0.94	-6.361426996313741	-0.2544570798525496
6.04045294	0.93	-4.4729342591868715	-0.17891737036747488
6.04	0.93	-9.646056539553863	-0.3858422615821545
6.04045294	0.93	-4.959031723716351	-0.19836126894865405
6.04045294	0.87	-7.13503055722444	-0.28540122228897763
6.04046688	0.91	-1.6779563140865517	-0.06711825256346207
6.04044062	0.91	-1.1108885923703022	-0.04443554369481209
6.04045294	0.9	-6.962802272904783	-0.27851209091619133
16.2580276	1.07	-16.35166638654612	-0.6540666554618448
16.2583586	1.09	-4.209556624024848	-0.16838226496099393
16.2583586	1.17	-19.207356566958754	-0.7682942626783502
31.80465587	1.07	-14.907702626886898	-0.5963081050754759
31.80526	1.17	-0.6809948655598963	-0.02723979462239585
31.80475991	1.07	-6.12478022353976	-0.24499120894159043
31.80474045	1.17	-2.327752977529133	-0.09311011910116532
2.46234539	1.02	-18.47465614596176	-0.7389862458384704
2.462345	0.98	-30.719862216165644	-1.2287944886466258
2.46234217	0.99	-2.5345074912442107	-0.10138029964976843
2.46234217	0.99	-6.126883340474327	-0.2450753336189731
2.46234425	1.02	-14.652819991493512	-0.5861127996597405
2.46234217	1.07	-10.086219424681472	-0.4034487769872589
2.46234425	1.09	-11.23749072770693	-0.44949962910827723
2.46234217	0.99	-6.524334475416486	-0.26097337901665946
4.822934	0.98	-16.423085835552683	-0.6569234334221074
4.82296932	1.02	-13.71241769188121	-0.5484967076752484
4.82297735	0.99	-16.691345533708805	-0.6676538213483523
4.82296932	1.09	-1.8083001158262277	-0.0723320046330491
15.66057659	1.04	-3.786503605124744	-0.15146014420498977
15.66057688	1.12	-1.3027266449922217	-0.05210906579968887
15.66073726	1.12	-8.40072682619352	-0.33602907304774077
15.66057659	1.14	-4.718183657082966	-0.18872734628331864
15.66057688	1.12	-4.770901419930518	-0.19083605679722074
15.66058417	1.12	-1.43412461909264	-0.0573649847637056
28.78029923	1.12	-4.787343556741518	-0.1914937422696607
28.7796446	1.12	-13.95595902463686	-0.5582383609854744
28.7795813	1.04	-16.9419339784594	-0.677677359138376
28.7795813	1.04	-11.244051132146902	-0.4497620452858761
9.36063971	0.81	-11.16555529600682	-0.44662221184027284
9.36059705	0.92	-0.5150890843979679	-0.020603563375918715
9.36063971	0.81	-2.3229939513465068	-0.09291975805386027
9.36063971	0.94	-4.135241758516993	-0.16540967034067972
9.3605	0.98	-6.987094959623472	-0.2794837983849389
14.6671927	0.81	-22.26522761714353	-0.8906091046857413
14.66722395	1.01	-0.6581881503337199	-0.026327526013348798
14.6673	0.98	-11.475789379885901	-0.4590315751954361
14.6671927	0.79	-26.383364565657665	-1.0553345826263065
14.66716376	1.01	-1.2407700061643379	-0.049630800246573514
14.6672293	1.01	-33.363709588871814	-1.3345483835548726
30.86437869	0.94	-11.009382986520858	-0.44037531946083436
30.86430741	1.01	-1.3706798300615812	-0.05482719320246325
30.86478201	1.01	-6.4591795639807925	-0.2583671825592317
30.86437869	0.81	-8.086363736563268	-0.3234545494625307
30.86436512	0.92	-6.191034960467183	-0.24764139841868735
30.86436512	1.01	-2.1384653795317003	-0.08553861518126801
30.86437869	0.81	-18.405458100995055	-0.7362183240398023
30.864	0.81	-25.83450870148713	-1.0333803480594852
68.1603	0.98	-20.287229729498154	-0.8114891891799262
68.1613598	0.94	-25.266735884251585	-1.0106694353700634
68.1613598	0.81	-5.555041477892364	-0.22220165911569456
68.1613598	0.81	-13.747673066341235	-0.5499069226536494
68.16179036	1.01	-26.28584187784944	-1.0514336751139777
7.69364042	1.08	-10.799898632087613	-0.43199594528350455
7.69363627	1.01	-10.391132440438266	-0.41564529761753066
7.69364042	1.08	-16.028905233827004	-0.6411562093530802
7.693491	1.13	-7.992795343496376	-0.3197118137398551
7.69364042	1.11	-16.315914616798672	-0.6526365846719469
7.69363627	1.14	-17.200608879667534	-0.6880243551867014
7.69362068	1.14	-8.772536333131917	-0.3509014533252767
17.40665216	1.14	-13.290634915509202	-0.5316253966203681
17.40665938	1.08	-18.304533806478283	-0.7321813522591313
17.40665216	1.01	-2.2613810910829284	-0.09045524364331714
17.40665938	1.11	-10.081419086477103	-0.4032567634590841
5.37493491	1.43	-7.041801516907052	-0.2816720606762821
5.37493491	1.43	-9.612221788060602	-0.38448887152242406
5.37493491	1.43	-5.8019439163593525	-0.2320777566543741
8.58600968	1.14	-1.5128993984507924	-0.060515975938031694
8.58598202	1.43	-10.17296651869617	-0.40691866074784677
8.58604	1.38	-19.73166143573222	-0.7892664574292888
8.58598202	1.43	-14.073189809633472	-0.562927592385339
8.58586259	1.4	-8.734009164566881	-0.3493603665826753
8.58598202	1.34	-6.426717931579573	-0.2570687172631829
8.58598202	1.37	-2.481130435373849	-0.09924521741495396
8.5862638	1.4	-7.088422089848833	-0.2835368835939533
3.88688862	1.14	-5.304065687750962	-0.2121626275100385
3.88689525	1.37	-4.613214107498338	-0.18452856429993353
3.886831	1.38	-16.35189145473891	-0.6540756581895565
3.88689525	1.43	-9.227489736298889	-0.36909958945195553
3.88689525	1.34	-12.486340903175018	-0.4994536361270007
3.88688862	1.4	-1.4542962361839507	-0.05817184944735803
3.619345	1.02	-0.2922688337040109	-0.011690753348160436
3.6193122	0.98	-13.003018286448187	-0.5201207314579275
3.61930973	0.99	-2.5703319265231284	-0.10281327706092513
3.61930384	0.97	-14.186386935922064	-0.5674554774368826
3.6193122	1.01	-11.039064082288032	-0.44156256329152127
3.6193122	0.98	-8.871301565021211	-0.35485206260084845
3.6193122	1.07	-4.506827679184003	-0.1802731071673601
44.699504	0.98	-15.232303789010517	-0.6092921515604207
44.6991	1.02	-2.997947308414102	-0.1199178923365641
44.699504	1.07	-2.822884287102309	-0.11291537148409236
44.699504	0.98	-14.85316538469453	-0.5941266153877812
44.69962297	0.97	-3.4221511126709756	-0.13688604450683903
124.5245224	0.97	-9.628375427748718	-0.38513501710994874
124.5244647	1.01	-10.901628007105218	-0.43606512028420874
124.5244647	0.98	-8.263572127123126	-0.3305428850849251
124.52494069	0.97	-11.394470936635507	-0.4557788374654203
124.5231	1.02	-20.45838322944544	-0.8183353291778177
4.58545864	1.03	-15.284292234492787	-0.6113716893797115
4.58546694	1.18	-4.041127775214965	-0.16164511100859857
4.58546694	1.03	-9.52546100737158	-0.38101844029486326
4.58546682	1.15	-11.230634909084435	-0.4492253963633774
4.58546682	1.16	-1.291655444862577	-0.05166621779450308
4.58546682	1.16	-11.097626454286985	-0.4439050581714794
22.71444582	1.16	-5.4318568453853935	-0.21727427381541575
22.71444582	1.15	-2.715578852127854	-0.10862315408511415
22.71451538	1.03	-2.7107526116377265	-0.10843010446550906
22.71443351	1.18	-4.228836150121668	-0.16915344600486673
22.71444582	1.15	-6.6548980983698005	-0.266195923934792
47.9035211	1.15	-12.273461307879595	-0.4909384523151838
47.903427	1.03	-5.391715419904582	-0.21566861679618327
47.904	1.15	-2.024048786400298	-0.08096195145601191
289.864456	0.97	-14.818561661668937	-0.5927424664667575
289.864456	0.9	-11.230313967152238	-0.44921255868608956
289.86387644	0.99	-18.52615554061422	-0.7410462216245688
289.864456	0.97	-0.6558453711704011	-0.026233814846816046
289.863876	0.86	-13.540096943498938	-0.5416038777399576
289.8623	0.97	-11.853201701063272	-0.4741280680425309
289.864456	0.97	-0.5816132844013016	-0.023264531376052063
289.864067	0.99	-5.566334186942727	-0.2226533674777091
289.864067	0.8	-7.40248384338716	-0.2960993537354864
4.15981712	0.65	-0.556382733739917	-0.02225530934959668
4.15981712	0.73	-0.10124448571572131	-0.004049779428628853
4.15981712	0.73	-1.7112734110459125	-0.0684509364418365
4.15981655	0.7	-4.639214198189698	-0.18556856792758794
4.15982449	0.7	-10.794802767104184	-0.43179211068416734
4.159821	0.72	-14.60695485860255	-0.584278194344102
9.03419547	0.73	-12.566709535492695	-0.5026683814197078
9.03419547	0.73	-5.9113194967977645	-0.23645277987191057
9.03419078	0.64	-1.4695826257654265	-0.058783305030617065
9.03419078	0.7	-4.278631446390156	-0.17114525785560625
9.03419547	0.73	-10.873959082616974	-0.43495836330467896
9.03419547	0.73	-1.4938641999247764	-0.059754567996991054
28.1224393	0.7	-2.1007128559854813	-0.08402851423941925
28.1224655	0.73	-5.471619609351875	-0.218864784374075
45.9027566	0.73	-16.214380036572358	-0.6485752014628944
45.9027566	0.73	-0.8846104260460737	-0.03538441704184295
45.9027566	0.73	-3.0239383762927607	-0.12095753505171043
2.79589407	0.72	-17.459647162090953	-0.6983858864836381
2.79589407	0.85	-8.5011304763146	-0.340045219052584
2.79590004	0.83	-13.79122922547034	-0.5516491690188137
5.6905861	0.82	-8.523234419126974	-0.34092937676507895
5.69058452	0.85	-8.690705924680696	-0.34762823698722783
5.6905936	0.91	-5.628180861754067	-0.22512723447016267
5.691	0.72	-5.249254543322786	-0.20997018173291146
5.69058638	0.91	-14.712742839925703	-0.5885097135970281
5.69059163	0.91	-7.950672294580089	-0.3180268917832036
5.69058452	0.72	-12.926584690165846	-0.5170633876066338
5.69059163	0.83	-2.929362372884161	-0.11717449491536645
10.04157503	0.91	-2.2967342357523837	-0.09186936943009535
10.04156852	0.87	-2.9557438440872166	-0.11822975376348867
10.041555	0.82	-5.9069298700192165	-0.23627719480076867
10.04156852	0.85	-5.915594218453504	-0.23662376873814014
10.04156549	0.91	-6.472970351850869	-0.2589188140740348
18.36974658	0.83	-15.152227335948579	-0.6060890934379431
18.3697231	0.72	-16.44222300118251	-0.6576889200473004
18.3697231	0.72	-1.8643741663992521	-0.07457496665597009
18.3697231	0.87	-1.7690571186330224	-0.0707622847453209
18.370081	0.82	-0.513287574454854	-0.020531502978194158
18.3697231	0.72	-13.934150193438985	-0.5573660077375594
3.93699371	0.94	-3.7282019503924753	-0.14912807801569902
3.93699371	0.93	-8.066389858761026	-0.32265559435044106
3.93699371	0.88	-8.856116772434762	-0.3542446708973905
3.93699546	0.87	-7.863497955787727	-0.31453991823150906
3.93699371	0.94	-4.742842993050752	-0.1897137197220301
3.93699478	0.87	-10.723321070882177	-0.4289328428352871
3.93699314	0.94	-5.981434577704459	-0.23925738310817835
10.08879697	0.93	-9.991184365769975	-0.399647374630799
10.08879697	0.94	-9.211000999438165	-0.3684400399775266
10.08879697	0.94	-4.646430393034715	-0.18585721572138858
10.08881066	0.94	-13.595357925073147	-0.5438143170029259
10.08879697	0.88	-0.940879718655105	-0.0376351887462042
10.088813	0.86	-19.773942164533977	-0.7909576865813591
10.08880336	0.87	-14.0936655400601	-0.563746621602404
10.08879895	0.87	-24.711140180339562	-0.9884456072135825
28.08194365	0.94	-1.3583542178764474	-0.0543341687150579
28.08194365	0.94	-4.776976821577421	-0.19107907286309683
28.08193595	0.87	-8.277108367543786	-0.3310843347017514
28.08194365	0.94	-0.1354566482820334	-0.005418265931281336
28.08185982	0.94	-7.063789624684421	-0.28255158498737687
7.38441403	0.9	-5.637885904744564	-0.2255154361897826
7.38443053	1.04	-15.700879351005979	-0.6280351740402391
7.38443269	1.04	-10.904213473092673	-0.43616853892370694
7.38441403	1.04	-15.95589573130959	-0.6382358292523836
7.385	1.1	-2.168737590742418	-0.08674950362969672
9.8482024	1.04	-12.514548301069826	-0.5005819320427931
9.8482024	0.9	-6.433213179245226	-0.25732852716980903
9.8482024	0.98	-22.278497699730842	-0.8911399079892337
9.84696454	1.04	-21.402338343495096	-0.8560935337398039
9.8482024	0.9	-1.555834502502511	-0.06223338010010045
9.84824649	1.04	-17.84017352475996	-0.7136069409903985
9.84824649	1.05	-16.27301756767498	-0.6509207027069992
9.84564	1.12	-9.353640936262398	-0.3741456374504959
9.84871	0.95	-27.890612050285174	-1.115624482011407
14.787	1.1	-44.9189553890637	-1.796758215562548
14.78769446	0.98	-9.974410304469302	-0.3989764121787721
14.7884	0.95	-22.613702815261444	-0.9045481126104578
14.78767172	1.04	-23.498714203900306	-0.9399485681560122
19.7240891	0.98	-8.069175232526877	-0.3227670093010751
19.72567	1.12	-24.847049126486073	-0.9938819650594429
19.72442147	1.04	-12.898598174018927	-0.5159439269607571
19.7240891	0.9	-1.8730923518641034	-0.07492369407456413
19.7240891	0.9	-11.831434618400056	-0.47325738473600226
3.132943	0.82	-7.885290940846938	-0.31541163763387753
3.13295351	0.74	-4.880865388312119	-0.19523461553248478
3.13295163	0.77	-25.04861421399846	-1.0019445685599384
3.13295163	0.78	-11.22674769924956	-0.44906990796998236
5.92499393	0.74	-23.393195854765793	-0.9357278341906318
5.925016	0.82	-4.967009327223115	-0.1986803730889246
5.92499131	0.77	-9.03209920647063	-0.3612839682588252
5.92499131	0.78	-4.012943345737602	-0.16051773382950407
5.9249938	0.84	-8.094488971516215	-0.32377955886064863
5.92499131	0.77	-12.587416165545335	-0.5034966466218134
5.92499393	0.84	-22.97242751926204	-0.9188971007704817
11.34937557	0.84	-8.653384583415875	-0.346135383336635
11.34933733	0.77	-7.995261066716	-0.31981044266864
11.34933733	0.78	-5.458168056715741	-0.21832672226862965
11.34933733	0.77	-4.504412833010964	-0.18017651332043855
18.64353935	0.84	-12.117174198538388	-0.48468696794153554
18.643516	0.77	-4.087531017111212	-0.1635012406844485
18.64385	0.82	-17.843865447330234	-0.7137546178932094
6.73893995	0.46	-1.9050990432331278	-0.07620396172932511
6.73893995	0.66	-8.752065718424165	-0.3500826287369666
6.73893544	0.62	-1.0397209271264254	-0.041588837085057014
6.73893995	0.46	-14.510519340656483	-0.5804207736262593
6.73897911	0.65	-5.596494195813754	-0.22385976783255018
6.739001	0.59	-5.416647688411815	-0.2166659075364726
6.73893995	0.46	-2.7529304231185607	-0.11011721692474243
18.7942098	0.65	-8.580248861953827	-0.34320995447815306
18.79419535	0.66	-0.7489574661578848	-0.029958298646315395
18.79419535	0.46	-2.0713045689512994	-0.08285218275805198
18.79419535	0.46	-26.057871724207743	-1.0423148689683097
18.79523087	0.46	-5.7435606356771265	-0.22974242542708506
18.79418506	0.62	-0.967531579299479	-0.03870126317197916
18.79419535	0.46	-16.49402804742129	-0.6597611218968515
18.79414073	0.65	-12.96861730430293	-0.5187446921721172
3.94104632	0.88	-5.045558939400652	-0.2018223575760261
3.941	0.88	-7.171157163000158	-0.2868462865200063
3.94105221	0.92	-8.768112890494967	-0.35072451561979867
3.941046	0.91	-3.244366619173623	-0.1297746647669449
5.34955671	0.88	-6.414634557577292	-0.2565853823030917
5.34955382	0.83	-5.923448776350441	-0.23693795105401766
5.34956788	0.92	-14.54864180625183	-0.5819456722500732
5.349569	0.91	-10.636734396345776	-0.42546937585383104
5.34955671	0.88	-14.909868607917076	-0.596394744316683
8.10904671	0.9	-1.751774857904587	-0.07007099431618348
8.10904807	0.83	-5.066820904964519	-0.20267283619858079
8.109068	0.92	-10.917721507600934	-0.4367088603040374
8.10904671	0.89	-7.807899526747291	-0.31231598106989167
8.10904807	0.92	-1.4752846427461779	-0.05901138570984712
9.48804311	0.97	-11.631262162178729	-0.4652504864871492
9.48803146	1.05	-13.464248366222405	-0.5385699346488962
9.48803146	1.05	-1.8678789989378919	-0.07471515995751568
9.48803146	0.96	-2.1675733457195823	-0.08670293382878329
9.48803146	0.95	-13.29034367354459	-0.5316137469417836
54.418464	1.05	-3.7706255359387777	-0.1508250214375511
54.418464	1.05	-0.4807991027981151	-0.019231964111924606
54.41831246	0.97	-8.93583993194815	-0.357433597277926
54.41759	0.92	-11.30768855868813	-0.4523075423475252
54.41845036	0.97	-15.32244969263066	-0.6128979877052264
2.56659092	1.01	-6.930549652856534	-0.27722198611426135
2.56659092	1.05	-6.831482864828463	-0.2732593145931385
2.566575	1.04	-0.6198077009115337	-0.024792308036461347
2.56658897	1.05	-4.650306957905995	-0.18601227831623982
2.56658897	1.01	-0.7417098400711941	-0.029668393602847766
4.13443005	1.01	-2.113766572832828	-0.08455066291331312
4.13443005	1.05	-9.259106134104627	-0.3703642453641851
4.13443005	0.95	-2.710342718931356	-0.10841370875725424
4.13443005	1.05	-1.6483300171848492	-0.06593320068739397
4.13447859	1.01	-2.087985861715404	-0.08351943446861616
4.13443005	1.05	-19.691116614831547	-0.7876446645932619
11.09431923	1.01	-0.7852110672381283	-0.03140844268952513
11.094329	1.04	-18.70150748285463	-0.7480602993141853
11.09433661	1.01	-2.6401376085691237	-0.10560550434276494
11.09435443	1.01	-19.87515578833586	-0.7950062315334344
11.09431923	1.05	-11.221760324651946	-0.4488704129860778
11.09432054	1.05	-7.359454968879884	-0.2943781987551954
6.2529649	0.83	-15.33009240991868	-0.6132036963967472
6.2529649	0.83	-3.5345691733327818	-0.14138276693331128
6.25301549	0.8	-16.971339387980418	-0.6788535755192168
6.252948	0.79	-2.5004058278989842	-0.10001623311595938
6.25296225	0.8	-9.108559542687482	-0.3643423817074993
6.25296225	0.8	-7.715079823011651	-0.30860319292046606
6.2529649	0.8	-9.822538970573564	-0.3929015588229426
6.25298062	0.8	-12.099112038913729	-0.4839644815565492
16.06862959	0.83	-1.0660003077496945	-0.042640012309987776
16.06865239	0.8	-0.32526126340911143	-0.013010450536364458
16.06864674	0.8	-3.2892384906596526	-0.1315695396263861
41.1970874	0.81	-2.9748769059415916	-0.11899507623766367
41.1970874	0.83	-1.3561507243120623	-0.05424602897248249
41.19274	0.79	-7.045883046344076	-0.28183532185376303
41.19725502	0.8	-6.881272762334076	-0.27525091049336303
41.1970874	0.83	-6.226298631717558	-0.24905194526870233
7.10694385	1.08	-18.314906278608976	-0.7325962511443591
7.1	1.08	-1.4134678393861262	-0.05653871357544505
7.10694385	1.08	-7.953166384355414	-0.3181266553742165
7.10697755	1.06	-19.631701648306528	-0.7852680659322612
7.10694385	1.1	-1.0334226075183943	-0.04133690430073577
7.10694385	0.99	-2.30513545322262	-0.0922054181289048
7.106995	1.06	-3.9049132241738365	-0.15619652896695346
7.10709728	1.06	-1.1037960305964263	-0.044151841223857055
10.74242766	0.99	-6.472800533296919	-0.25891202133187674
10.74	1.08	-16.92871860829696	-0.6771487443318784
10.742	1.08	-5.123602697653817	-0.2049441079061527
10.74241765	1.04	-15.2124578828158	-0.608498315312632
10.7421	1.11	-3.778785442518676	-0.15115141770074705
10.742434	1.06	-7.68825890913787	-0.3075303563655148
10.74242766	1.1	-5.300793223356189	-0.21203172893424757
15.27438229	1.1	-14.25729986048529	-0.5702919944194116
15.27438229	1.08	-1.3169448354950901	-0.05267779341980361
15.27438229	0.99	-2.5882281012852957	-0.10352912405141183
15.27443889	1.06	-0.27268865708858225	-0.01090754628354329
15.274	1.08	-14.446210463037755	-0.5778484185215101
15.27438229	1.08	-8.145935364423327	-0.3258374145769331
15.27458613	1.06	-7.036889850552681	-0.28147559402210726
15.27445486	1.06	-2.1774364765522796	-0.08709745906209118
15.27429	1.06	-20.535369475069707	-0.8214147790027884
15.27438229	1.08	-24.586452342169643	-0.9834580936867857
32.62882975	0.85	-20.360416173815096	-0.8144166469526039
32.62501	0.92	-1.8199006274262153	-0.07279602509704862
32.62876672	0.92	-12.399835386157593	-0.4959934154463037
32.62882975	0.84	-12.922605943585404	-0.5169042377434162
32.62882975	0.85	-15.540992235505607	-0.6216396894202243
91.7743	0.92	-2.344765290172945	-0.0937906116069178
91.77221	0.85	-0.32333665605219575	-0.01293346624208783
91.78721127	0.92	-19.095874277930754	-0.7638349711172302
91.77221	0.84	-1.7363751011375193	-0.06945500404550077
91.7732862	0.92	-8.567094423874167	-0.34268377695496666
91.77221	0.85	-6.480716878825218	-0.25922867515300874
91.77221	0.78	-0.16211018823134826	-0.006484407529253931
10.0652458	0.64	-6.020767800701633	-0.24083071202806533
10.06525843	0.51	-14.202899411619546	-0.5681159764647818
10.06525147	0.64	-1.382926090693799	-0.055317043627751965
10.06525843	0.51	-4.697234677819722	-0.18788938711278888
10.06523212	0.64	-13.427588123377054	-0.5371035249350822
10.06525843	0.51	-6.879460294266856	-0.27517841177067426
10.06525843	0.59	-6.852030732359758	-0.2740812292943903
19.2715468	0.51	-9.495492693291856	-0.3798197077316743
19.27103179	0.64	-1.1533267964642318	-0.04613307185856927
19.26930046	0.51	-4.760186549902084	-0.19040746199608335
19.27153892	0.64	-8.410360637007859	-0.33641442548031436
19.2715468	0.51	-2.026867260273663	-0.08107469041094652
19.27153892	0.58	-1.1099176046629693	-0.044396704186518775
4.431185	0.96	-0.2675005953963685	-0.010700023815854741
4.43122771	0.98	-13.705991131871096	-0.5482396452748438
4.43124259	1.05	-4.473622189296062	-0.1789448875718425
11.37938071	0.97	-9.338135837565604	-0.3735254335026242
11.37939106	0.98	-3.0788296170658027	-0.12315318468263212
11.37938071	1.05	-2.6609222268829167	-0.10643688907531668
11.37938071	1.05	-13.844380689499134	-0.5537752275799653
11.37936986	1.01	-1.8887547554066022	-0.0755501902162641
8.47238613	0.88	-10.170038724960007	-0.40680154899840026
8.47237844	0.88	-4.190383002152856	-0.16761532008611427
8.47237911	0.88	-1.80983862332528	-0.0723935449330112
8.47237844	0.88	-0.164018138551693	-0.0065607255420677205
60.41916	0.85	-2.4448787491010995	-0.09779514996404398
60.4189369	0.88	-4.692118503928505	-0.1876847401571402
60.4189369	0.88	-4.1614435809546375	-0.1664577432381855
60.4186137	0.88	-16.843596360556937	-0.6737438544222775
60.41898964	0.88	-3.27830737838619	-0.1311322951354476
2.71150258	1.15	-1.1853038038594828	-0.047412152154379314
2.71150258	1.13	-15.404419249777707	-0.6161767699911083
2.71150409	1.17	-1.8478887409925915	-0.07391554963970366
2.71150258	1.11	-15.976503984160889	-0.6390601593664356
2.7115377	1.08	-4.906717593631399	-0.19626870374525596
2.71150258	1.15	-16.484887830090038	-0.6593955132036016
2.71149991	1.08	-10.039269659436032	-0.4015707863774413
2.71150258	1.15	-9.22055164354597	-0.36882206574183884
7.21204152	1.15	-1.813858262142552	-0.07255433048570209
7.21204152	1.13	-7.852195127948318	-0.3140878051179327
7.21203748	1.08	-1.9541080505993897	-0.0781643220239756
7.212031	1.09	-9.886775866318688	-0.3954710346527475
7.21204152	1.11	-8.219962513037366	-0.3287985005214947
3.34022152	0.64	-11.354472773267204	-0.4541789109306882
3.34021995	0.54	-2.05611260807499	-0.08224450432299961
3.34021921	0.64	-4.659356079927226	-0.18637424319708903
3.34021884	0.5	-15.336054078153257	-0.6134421631261303
3.34021995	0.51	-2.906955946193554	-0.11627823784774216
3.340219	0.58	-4.925479807094966	-0.19701919228379866
3.34021884	0.64	-28.278150172606836	-1.1311260069042735
7.82502168	0.5	-15.172393836415509	-0.6068957534566204
7.82527952	0.64	-9.16285701232074	-0.36651428049282964
7.825046	0.51	-2.8035696013028923	-0.1121427840521157
7.82501206	0.54	-0.9617130563486749	-0.03846852225394699
20.06031851	0.64	-1.0883442484583608	-0.04353376993833443
20.06037454	0.51	-23.664354190184515	-0.9465741676073806
20.06055885	0.64	-32.23049396667369	-1.2892197586669476
20.06036336	0.5	-17.42636125491375	-0.69705445019655
20.06037454	0.51	-2.305096406796807	-0.09220385627187229
20.06037454	0.54	-3.415623791320508	-0.13662495165282032
20.06085968	0.51	-21.380977155902052	-0.8552390862360821
46.18428829	0.64	-4.331592448105449	-0.17326369792421797
46.18415	0.51	-6.131288787403694	-0.24525155149614777
46.18415	0.51	-21.216621114242926	-0.848664844569717
46.1842039	0.5	-14.0991240903812	-0.563964963615248
46.18418752	0.64	-17.272240394888996	-0.6908896157955599
46.18468647	0.64	-13.627608303277619	-0.5451043321311048
46.18415	0.51	-8.98377297557095	-0.359350919022838
46.18510056	0.51	-6.151549691619904	-0.24606198766479614
46.18415	0.54	-20.217466646495378	-0.8086986658598151
46.18288	0.58	-5.317555253486822	-0.21270221013947288
8.29559431	0.58	-3.3367694894296487	-0.13347077957718595
8.29561	0.55	-0.9874238579429573	-0.03949695431771829
8.29561738	0.6	-3.5350877727352263	-0.14140351090940906
8.29561738	0.54	-10.644963726546566	-0.42579854906186265
23.9679932	0.54	-8.579632551355308	-0.3431853020542123
23.96793669	0.54	-8.36814171132947	-0.3347256684531788
23.9679932	0.54	-1.6920418860194646	-0.06768167544077859
23.97159958	0.54	-9.698927622224637	-0.3879571048889855
23.96799518	0.6	-14.481976213468629	-0.5792790485387451
4.71510365	0.83	-7.655102677605038	-0.30620410710420154
4.71504258	0.78	-4.757478283537418	-0.19029913134149673
4.714974	0.7	-4.344106159499336	-0.17376424637997345
4.71510365	0.73	-10.282359664645089	-0.4112943865858036
4.71510843	0.73	-3.120846293687521	-0.12483385174750085
8.10361363	0.73	-14.832511121002062	-0.5933004448400825
8.10364416	0.78	-19.17398314491859	-0.7669593257967436
8.10363271	0.73	-10.135300656601835	-0.4054120262640734
8.10363271	0.78	-10.80001852286174	-0.4320007409144696
8.10361363	0.81	-13.41203684002916	-0.5364814736011664
8.10361363	0.83	-22.013403739898074	-0.880536149595923
8.10362295	0.78	-11.136532612381341	-0.4454613044952537
8.10361363	0.73	-31.13115186905422	-1.245246074762169
2.0908113	1.08	-0.868980186005146	-0.034759207440205844
2.09081565	1.06	-6.194174924116299	-0.247766996964652
6.15555756	1.23	-1.4615244889597307	-0.058460979558389234
6.15555756	1.06	-2.638950323885078	-0.10555801295540312
6.15574851	1.0	-18.08811132560855	-0.7235244530243421
6.15555756	1.06	-9.44647968636055	-0.37785918745442204
6.15560285	1.08	-6.68798481805686	-0.2675193927222744
6.15555756	1.06	-17.623665822668883	-0.7049466329067553
6.15560285	1.0	-11.072698639448662	-0.4429079455779465
6.15555756	1.06	-11.98696187351478	-0.4794784749405912
13.23333754	1.0	-3.016660125208574	-0.12066640500834297
13.23356008	1.06	-11.122756483277557	-0.4449102593311023
13.2358	0.97	-11.861475635713342	-0.4744590254285337
13.23356008	1.23	-10.496738408851334	-0.4198695363540534
23.65368621	1.06	-16.676050025658864	-0.6670420010263546
23.653593	0.97	-11.046774384643944	-0.44187097538575776
23.65368621	1.06	-8.991562163430775	-0.359662486537231
23.6537013	1.0	-0.6341577790839832	-0.02536631116335933
23.65368621	1.23	-10.748608104141626	-0.429944324165665
23.65367567	1.0	-2.149745055336133	-0.08598980221344531
50.4473156	1.06	-10.918131614552351	-0.43672526458209404
50.44727195	1.0	-4.469929852660192	-0.17879719410640768
50.4473156	1.06	-0.21285749565905188	-0.008514299826362075
50.4473156	1.06	-2.7619836917924694	-0.11047934767169877
50.447	1.06	-2.9222360770523412	-0.11688944308209365
50.4467417	1.08	-4.714219205020761	-0.18856876820083046
50.4454	0.97	-0.22960878063528645	-0.009184351225411459
50.4467417	1.0	-5.897196592054939	-0.23588786368219758
50.44723062	1.0	-0.6543458006246976	-0.026173832024987905
11.76305946	0.8	-11.522131888983447	-0.4608852755593379
11.76305946	0.83	-3.6991644309405802	-0.14796657723762321
11.763057	0.76	-8.78313352737932	-0.3513253410951728
11.76305946	0.8	-2.6177934517032906	-0.10471173806813162
11.76305837	0.78	-2.3555058346879085	-0.09422023338751634
11.76305946	0.8	-17.691374723229064	-0.7076549889291626
56.2279271	0.78	-0.5883417433097855	-0.023533669732391422
56.2279697	0.83	-11.592187248437604	-0.46368748993750414
56.2279697	0.8	-0.8861936569038444	-0.035447746276153776
56.2279697	0.8	-13.708029736305756	-0.5483211894522303
56.2279697	0.84	-11.959056362305615	-0.47836225449222464
56.2279697	0.8	-3.5768373163136093	-0.14307349265254438
56.22809598	0.78	-2.277139731680513	-0.09108558926722053
8.14511872	1.05	-0.668581190980928	-0.026743247639237123
8.14515981	0.88	-4.2777603989678745	-0.17111041595871498
8.14	1.06	-14.719726418077856	-0.5887890567231143
8.14511872	0.96	-7.761120416652412	-0.31044481666609647
8.145	0.97	-0.8264428167507585	-0.03305771267003034
8.145035	1.02	-20.453441269437587	-0.8181376507775034
8.14518217	1.11	-8.082073284150463	-0.3232829313660185
12.33340885	0.96	-12.08070800435526	-0.4832283201742104
12.33343853	0.88	-0.8732400865501233	-0.03492960346200493
12.33340885	0.98	-3.1077645955804876	-0.12431058382321951
12.33340885	0.96	-9.34755109361669	-0.3739020437446676
12.33346255	1.11	-3.126853364093691	-0.12507413456374764
12.33340885	0.96	-7.138528224409634	-0.28554112897638534
12.33340885	1.05	-0.5296296864583963	-0.02118518745833585
12.333	0.97	-19.185598057632347	-0.7674239223052939
4.24437621	1.05	-6.936345182538965	-0.2774538073015586
4.24437621	0.98	-14.194841059376042	-0.5677936423750417
4.244363	1.02	-8.23556714833892	-0.3294226859335568
4.24437621	0.96	-6.628966105838212	-0.2651586442335285
4.24439049	0.88	-7.547833087231359	-0.30191332348925437
4.24437621	0.96	-12.768852695024396	-0.5107541078009759
18.9985279	0.88	-12.382631272477338	-0.49530525089909355
18.99850923	0.96	-2.317005568344961	-0.09268022273379843
18.99850923	0.96	-7.14445499015824	-0.2857781996063296
4.14451776	0.82	-0.5377071369537247	-0.02150828547814899
4.145	0.82	-16.544310555661944	-0.6617724222264778
4.14451656	0.76	-15.502197296278162	-0.6200878918511264
4.14451776	0.87	-1.2308828595091081	-0.049235314380364326
4.14451656	0.76	-12.23395157604471	-0.4893580630417884
4.14451776	0.82	-4.449156261375524	-0.17796625045502099
4.14451776	0.78	-6.137184718829167	-0.2454873887531667
4.144538	0.75	-8.48658215360956	-0.33946328614438237
7.953547	0.76	-1.422401603912179	-0.05689606415648716
7.95355717	0.82	-4.048522571471299	-0.16194090285885196
7.95353767	0.76	-8.323225846703995	-0.3329290338681598
7.954	0.82	-16.616055057328673	-0.664642202293147
7.953547	0.76	-25.27804294861489	-1.0111217179445955
7.953558	0.75	-3.490272548612674	-0.13961090194450695
7.95355717	0.82	-24.75892306589028	-0.9903569226356111
7.95355717	0.78	-18.074719639799056	-0.7229887855919622
12.71810317	0.74	-17.494937012009146	-0.6997974804803658
12.71807	0.67	-3.8940605280872895	-0.1557624211234916
12.71809866	0.67	-3.041425440292058	-0.12165701761168234
36.06587916	0.67	-19.469156426401806	-0.7787662570560723
8.2039687	0.75	-7.456772124592324	-0.298270884983693
8.203904	0.72	-28.94171747381096	-1.1576686989524385
8.20396958	0.77	-10.152341579877513	-0.40609366319510054
14.49643531	0.81	-5.213399454151832	-0.20853597816607328
14.49643531	0.79	-2.1394802628583838	-0.08557921051433535
14.49645186	0.77	-9.472476434398768	-0.37889905737595075
14.49643531	0.79	-12.107655720144686	-0.48430622880578744
14.49645186	0.79	-8.705340523556506	-0.34821362094226027
5.71542485	0.92	-11.201676132612286	-0.4480670453044915
5.71542598	0.83	-9.921393022084828	-0.39685572088339316
5.71542485	0.92	-7.284160704193841	-0.29136642816775365
5.71543	0.79	-5.880055237984434	-0.23520220951937737
5.71542142	0.83	-3.917547894735086	-0.15670191578940343
5.71542485	0.83	-24.20951426625821	-0.9683805706503285
20.026231	0.92	-1.763383208897202	-0.07053532835588808
20.026231	0.83	-2.6466434027758505	-0.10586573611103402
20.02609195	0.83	-6.491133665344723	-0.2596453466137889
20.0261412	0.83	-16.03738692431824	-0.6414954769727297
20.026231	0.92	-6.868968442975797	-0.27475873771903186
20.026231	0.92	-2.0025945004831303	-0.08010378001932521
4.31177991	0.88	-1.9371313501130705	-0.07748525400452282
4.31177991	0.93	-2.9502491218426563	-0.11800996487370626
4.31177991	0.88	-1.138374145183394	-0.04553496580733576
4.31177991	0.88	-7.102530648334343	-0.2841012259333737
4.311802	0.91	-17.428310397991822	-0.6971324159196729
4.31178046	0.95	-16.986202933055942	-0.6794481173222378
9.76734503	0.96	-16.149005083299414	-0.6459602033319766
9.76734365	0.93	-10.844348194558062	-0.4337739277823225
9.767	0.88	-1.499363459800431	-0.059974538392017246
20.05053601	0.95	-4.094358666271513	-0.16377434665086052
20.05040157	0.88	-10.412821828857844	-0.41651287315431373
20.05040157	0.88	-11.974824656634386	-0.47899298626537545
20.05043	0.91	-18.281943824778967	-0.7312777529911587
20.05040157	0.82	-4.722646544122355	-0.1889058617648942
7.49018305	0.82	-1.5062024925694744	-0.06024809970277897
7.49018305	0.84	-6.000681778362372	-0.24002727113449487
7.490188	0.78	-4.387750787708811	-0.17551003150835243
7.49017229	0.86	-16.12318292189663	-0.6449273168758651
7.49017229	0.8	-7.150273887889093	-0.2860109555155637
7.49017898	0.84	-2.546070944414838	-0.10184283777659353
17.46087931	0.82	-0.3335114300876687	-0.013340457203506748
17.461	0.8	-15.913512790231458	-0.6365405116092583
17.46067	0.78	-1.8668291958141716	-0.07467316783256686
17.46087931	0.84	-1.6133422682618672	-0.06453369073047469
17.46085263	0.86	-16.55125595542465	-0.662050238216986
17.46082827	0.84	-1.539754947102277	-0.06159019788409108
17.46085263	0.8	-0.30523690465053144	-0.012209476186021258
36.276	0.8	-24.684376130045294	-0.9873750452018117
36.2761238	0.84	-1.2939245038908798	-0.05175698015563519
36.27537574	0.84	-15.567805143603266	-0.6227122057441307
36.27594657	0.86	-5.638476175909524	-0.22553904703638097
36.27594657	0.86	-4.2910371829957334	-0.17164148731982934
36.27594657	0.8	-5.56354852923903	-0.22254194116956122
36.27594657	0.8	-5.553400869893995	-0.2221360347957598
3.21981478	0.84	-2.904637549883487	-0.11618550199533947
3.21981478	0.82	-10.836025619679988	-0.43344102478719954
3.21982106	0.86	-7.289088227779085	-0.2915635291111634
3.21982106	0.8	-18.104558601249416	-0.7241823440499766
3.21982106	0.8	-0.9734631919846639	-0.038938527679386555
3.219792	0.78	-0.30926959880607074	-0.01237078395224283
4.60181322	0.85	-6.416554002036141	-0.25666216008144566
4.60181686	0.89	-16.06672590673756	-0.6426690362695024
4.60181686	0.9	-28.536959627270903	-1.141478385090836
4.60181686	0.85	-4.319201627306475	-0.172768065092259
4.60181686	0.89	-7.580350258949237	-0.3032140103579695
4.60181686	0.89	-11.2396795269063	-0.449587181076252
4.60181733	0.85	-2.0494442137876776	-0.08197776855150711
11.18714	0.76	-13.27208494014055	-0.530883397605622
11.18714042	0.85	-2.9015851405601722	-0.1160634056224069
11.18701801	0.85	-23.169505730556377	-0.9267802292222551
11.18719905	0.79	-3.626749077571654	-0.14506996310286618
11.18714042	0.89	-2.6492280158111385	-0.10596912063244554
3.3361251	0.88	-6.667238353182788	-0.26668953412731156
3.3361251	0.88	-1.130412801687226	-0.045216512067489036
3.3361251	0.84	-19.075349898415062	-0.7630139959366025
3.3361251	0.88	-11.097505794661984	-0.44390023178647936
3.3361251	0.89	-8.253309426556536	-0.33013237706226145
3.33612311	0.81	-6.225327533469677	-0.2490131013387871
9.4394608	0.88	-16.69488777736272	-0.6677955110945087
9.4394608	0.88	-7.161358292801694	-0.28645433171206774
9.43945949	0.89	-3.5425012670706106	-0.14170005068282443
9.439451	0.77	-12.171318156642013	-0.4868527262656805
20.48379491	0.81	-20.235801434148943	-0.8094320573659577
20.47735749	0.84	-9.688466931709854	-0.3875386772683942
20.47735749	0.88	-4.798419944283964	-0.19193679777135855
20.476536	0.77	-5.8896984796929175	-0.2355879391877167
20.47735749	0.88	-2.1017913399000254	-0.08407165359600102
20.47748843	0.81	-23.89964314382439	-0.9559857257529757
20.47735749	0.89	-11.073652977719153	-0.44294611910876613
6.30820323	0.94	-6.915850657789727	-0.2766340263115891
6.30820323	0.9	-1.1775562750597794	-0.04710225100239118
6.30820323	0.94	-1.4986341956137683	-0.05994536782455073
6.308207	0.92	-4.711977311958757	-0.18847909247835026
6.30820163	0.94	-9.913338794862636	-0.39653355179450545
16.23946714	0.84	-11.262084067126997	-0.4504833626850799
16.23946714	0.94	-15.298856473738008	-0.6119542589495203
16.23947096	0.94	-21.319541089940287	-0.8527816435976115
16.23946714	0.9	-4.052512952063367	-0.16210051808253467
3.30654898	0.44	-9.955798545659476	-0.39823194182637905
3.3065691	0.44	-10.222867651483053	-0.4089147060593221
3.30657027	0.51	-16.466554940895303	-0.6586621976358121
3.30654898	0.44	-11.688310102815374	-0.46753240411261493
3.30654812	0.51	-11.910588045816555	-0.4764235218326622
3.307	0.43	-11.747334874903476	-0.4698933949961391
7.11369666	0.51	-11.202083040042275	-0.448083321601691
7.11375572	0.51	-23.66537082341682	-0.9466148329366728
7.11372736	0.44	-16.135648629414085	-0.6454259451765634
7.11373257	0.44	-4.022650618003151	-0.16090602472012605
7.11372736	0.44	-3.5763949281803944	-0.14305579712721578
15.36843606	0.44	-3.55171839918295	-0.142068735967318
15.36844007	0.51	-14.113285514365515	-0.5645314205746206
15.36812973	0.44	-1.7415908598460241	-0.06966363439384096
15.36843606	0.4	-9.020664868321663	-0.36082659473286655
15.36845737	0.51	-6.194274048661439	-0.2477709619464576
15.368	0.43	-0.7619486627537959	-0.030477946510151836
15.36843606	0.44	-6.931290037051476	-0.2772516014820591
6.23853544	1.2	-18.043801157839752	-0.7217520463135901
6.23853477	1.2	-0.8065934435118125	-0.0322637377404725
6.239	1.19	-6.539604324208751	-0.26158417296835007
6.23853555	1.2	-11.019044596948635	-0.4407617838779454
6.2385369	1.2	-8.379919837315974	-0.335196793492639
6.23853477	1.15	-19.977769687983653	-0.7991107875193462
6.23853479	1.17	-15.593766395708029	-0.6237506558283211
6.23853477	1.19	-1.3531200339992089	-0.054124801359968354
12.72037026	1.1	-3.461196009647308	-0.13844784038589233
12.72037435	1.15	-10.557271893935392	-0.4222908757574157
12.7207	1.17	-14.457610988501155	-0.5783044395400462
12.72037049	1.17	-6.922893163745061	-0.27691572654980245
12.72037491	1.2	-25.356739450094608	-1.0142695780037843
12.72037026	1.2	-3.889026702462877	-0.15556106809851508
12.72037435	1.19	-2.68988737670729	-0.1075954950682916
12.72037435	1.2	-10.409245131824905	-0.4163698052729962
123.0	1.19	-12.104473942843978	-0.48417895771375913
91.605187	1.15	-8.383487935947851	-0.33533951743791407
4.14808732	0.85	-5.994386164240237	-0.23977544656960947
4.14810719	0.83	-14.216547832269466	-0.5686619132907786
4.14808651	0.83	-4.6261294259790375	-0.1850451770391615
4.14808732	0.85	-13.057193791386597	-0.5222877516554639
4.14787	0.75	-16.087669452680274	-0.6435067781072109
4.14810719	0.8	-2.1806884667890185	-0.08722753867156074
4.14808732	0.83	-13.767887816076687	-0.5507155126430675
4.14808732	0.85	-4.649840826193343	-0.18599363304773373
7.15681552	0.8	-17.844106065680847	-0.7137642426272339
7.15681773	0.85	-0.3186230882404997	-0.012744923529619987
7.15681773	0.81	-16.914703571543402	-0.6765881428617361
7.15681773	0.85	-17.24650478790926	-0.6898601915163703
7.15681773	0.83	-1.7164268249092278	-0.06865707299636911
7.15681773	0.85	-3.772178314492805	-0.1508871325797122
7.156816	0.75	-1.4661067540170898	-0.05864427016068359
7.15682722	0.83	-0.4792912916726735	-0.01917165166690694
17.64822	0.75	-3.349919579051381	-0.13399678316205524
17.64830851	0.83	-12.919311249358516	-0.5167724499743407
17.64816096	0.83	-8.1234910264502	-0.324939641058008
17.6482493	0.83	-10.819047892450737	-0.43276191569802946
17.64830992	0.85	-16.658467102786567	-0.6663386841114627
17.64830851	0.8	-16.950684133635264	-0.6780273653454105
17.64830992	0.83	-10.819263656853115	-0.43277054627412465
4.79091735	0.94	-8.386978559461296	-0.33547914237845183
4.79091735	0.89	-5.848685426780483	-0.2339474170712193
16.5141282	0.94	-3.948829968686438	-0.15795319874745753
16.51410989	0.97	-22.486415804941217	-0.8994566321976487
16.5141282	0.95	-3.514235190933639	-0.14056940763734557
16.5141282	0.89	-19.297260644139826	-0.7718904257655931
16.51408633	0.97	-4.943632572427605	-0.1977453028971042
16.51395	0.96	-3.081158546512017	-0.12324634186048068
30.1329303	0.89	-5.414120700616642	-0.21656482802466567
30.1329298	0.84	-2.0009374833689573	-0.08003749933475829
30.1329303	0.94	-16.88082884054269	-0.6752331536217077
30.1329298	0.97	-15.607086755018674	-0.6242834702007469
30.13275708	0.97	-5.152316970399213	-0.20609267881596854
30.1329303	0.95	-3.251252182381923	-0.13005008729527692
30.13254	0.96	-10.011056591727632	-0.4004422636691053
30.1329303	0.94	-6.5093342583753255	-0.260373370335013
99.6409653	0.94	-17.809050860116294	-0.7123620344046517
99.6368	0.96	-14.923874577271096	-0.5969549830908438
99.6409653	0.95	-16.42713592011713	-0.6570854368046852
99.6409653	0.94	-11.595545654006601	-0.4638218261602641
99.6409653	0.89	-3.5566183425009417	-0.14226473370003767
6.668391	0.61	-18.15100514210898	-0.7260402056843591
6.66834872	0.7	-12.01150438285896	-0.48046017531435836
6.66836145	0.7	-7.270741007679395	-0.2908296403071758
6.66834872	0.61	-2.557762511381595	-0.10231050045526381
6.66834872	0.61	-2.490549036766755	-0.0996219614706702
10.8484518	0.7	-0.9827983904366611	-0.039311935617466445
10.8484518	0.61	-8.379698871223027	-0.3351879548489211
10.84844792	0.61	-13.188262710608555	-0.5275305084243422
10.84845974	0.7	-4.72856838202668	-0.1891427352810672
3.78403393	0.85	-26.401610327175778	-1.0560644130870311
3.78403393	0.86	-9.139534816652441	-0.3655813926660976
3.78403393	0.87	-8.45767977718017	-0.3383071910872068
3.78402867	0.87	-7.194716608645303	-0.28778866434581213
10.28194593	0.87	-4.985524236404005	-0.1994209694561602
10.28192877	0.87	-17.158307643750582	-0.6863323057500234
10.28194593	0.83	-5.539570966695976	-0.22158283866783904
10.28192877	0.87	-7.581396717457313	-0.3032558686982925
10.28193397	0.83	-3.865167952246216	-0.15460671808984866
18.11989364	0.87	-18.125984556044845	-0.7250393822417938
18.11993039	0.87	-3.7092351601096065	-0.14836940640438426
18.11989364	0.87	-0.49325931322374705	-0.019730372528949883
18.11993039	0.83	-6.435681163668407	-0.25742724654673627
18.11990868	0.83	-7.2263529227431995	-0.289054116909728
18.11989364	0.85	-12.232408137377798	-0.48929632549511193
18.11978	0.81	-5.427380097240697	-0.21709520388962789
5.82665919	0.97	-3.5586914744088096	-0.14234765897635238
5.82665751	0.99	-12.601482780446382	-0.5040593112178553
5.82665582	0.99	-15.958604932670767	-0.6383441973068307
5.82665919	0.85	-2.9966717566280656	-0.11986687026512263
5.82666349	0.99	-1.9833955517685353	-0.07933582207074141
12.41199824	0.99	-6.445409307892129	-0.25781637231568516
12.41217869	0.85	-22.070370515160274	-0.882814820606411
12.41216347	0.94	-5.530302691322104	-0.22121210765288418
12.41211	1.02	-3.642873505592577	-0.14571494022370307
12.41217869	0.97	-5.225339684221988	-0.20901358736887954
18.74653971	0.93	-21.239555044392095	-0.8495822017756838
18.74653971	0.97	-1.0271561408545193	-0.04108624563418078
18.74653971	0.97	-13.430288300170577	-0.5372115320068231
18.746	0.97	-18.930435471254533	-0.7572174188501813
5.71462396	0.86	-15.399274861885575	-0.615970994475423
5.71465729	0.86	-1.7377719913048497	-0.06951087965219399
5.71462004	1.01	-12.06706075089221	-0.48268243003568845
9.94603603	0.9	-16.633004423928348	-0.665320176957134
9.94603603	1.01	-10.218606021534498	-0.40874424086137995
9.94602357	0.86	-4.610863155523336	-0.18443452622093343
9.9460118	0.86	-10.557372408368952	-0.4222948963347581
9.94603603	1.01	-9.680222288047752	-0.38720889152191007
9.94602357	0.87	-28.506079131218257	-1.1402431652487304
1.04562266	1.01	-13.94256761445742	-0.5577027045782968
1.04562266	0.9	-9.261181454625474	-0.37044725818501895
1.04560643	0.86	-8.657445129667305	-0.34629780518669223
1.04562195	0.86	-5.889603508155679	-0.23558414032622715
1.04562195	0.87	-1.3153665198343447	-0.05261466079337379
1.04562266	1.01	-6.675397869648899	-0.267015914785956
1.62046784	1.07	-2.8993985483051605	-0.11597594193220642
1.62046784	1.04	-2.1309662040400417	-0.08523864816160166
1.62046784	1.07	-6.4501283090389965	-0.25800513236155986
1.620436	1.0	-2.89365668221718	-0.1157462672886872
1.62046765	0.98	-15.974178518919802	-0.6389671407567921
1.62046784	0.97	-10.045344727611619	-0.40181378910446475
3.38801185	1.07	-6.2947823851846065	-0.25179129540738426
3.38798651	0.98	-2.1991149169583477	-0.08796459667833391
3.38801224	0.98	-13.38944657000122	-0.5355778628000488
5.839061	1.0	-10.389881096913582	-0.4155952438765433
5.83908991	1.04	-13.062335764819393	-0.5224934305927758
5.83908991	1.07	-12.674003395558877	-0.5069601358223551
10.6816951	0.95	-5.2533245034229425	-0.2101329801369177
10.68176	1.0	-3.4652339323258303	-0.13860935729303323
10.68167916	1.07	-20.23089253598201	-0.8092357014392805
10.6816951	0.98	-3.659520862921301	-0.14638083451685205
10.68167916	0.97	-6.827362597597713	-0.2730945039039085
2.38265217	0.87	-8.311815569465935	-0.3324726227786374
2.38265287	0.82	-21.383041054381508	-0.8553216421752603
2.38265217	0.85	-5.286690656214062	-0.21146762624856247
2.38264321	0.82	-9.33018245976019	-0.3732072983904076
2.38265217	0.92	-4.7653392882623935	-0.19061357153049574
2.38265264	0.82	-11.86862690472573	-0.4747450761890292
6.58147855	0.82	-10.204823865216387	-0.40819295460865546
6.58148439	0.82	-9.679360916288603	-0.38717443665154416
6.58147714	0.87	-12.963354056881197	-0.518534162275248
6.58147884	0.87	-0.8438514949049127	-0.03375405979619651
6.581501	0.74	-9.822217443641872	-0.39288869774567486
6.58147884	0.85	-10.463206669119577	-0.4185282667647831
24.66454	0.74	-22.721436917854103	-0.9088574767141642
24.66439398	0.82	-7.889055720605035	-0.31556222882420143
24.66459711	0.87	-6.658382500813892	-0.2663353000325557
24.66454505	0.82	-18.185504352106793	-0.7274201740842717
24.66459711	0.85	-1.991570384125843	-0.07966281536503372
24.66459711	0.92	-7.840397506055066	-0.31361590024220265
13.19721496	0.82	-4.804313734116297	-0.1921725493646519
13.197244	0.7	-6.984018073071997	-0.2793607229228799
13.19720694	0.79	-20.8596363054511	-0.834385452218044
13.19721444	0.79	-16.852550110008416	-0.6741020044003366
33.65292978	0.79	-2.624431989371501	-0.10497727957486004
33.6528474	0.83	-5.083018729548337	-0.2033207491819335
33.6529701	0.83	-16.259892486120926	-0.650395699444837
33.65294047	0.79	-3.1598977450853694	-0.12639590980341478
8.11528727	0.99	-2.1844724755675915	-0.08737889902270367
8.11531814	0.99	-6.6505260659763845	-0.2660210426390554
8.11529219	0.98	-7.636407486772198	-0.3054562994708879
8.11529219	0.98	-1.6397304641265347	-0.06558921856506139
8.11529219	0.87	-13.099187399549272	-0.5239674959819709
8.11529219	0.98	-9.02667876869121	-0.36106715074764845
8.11529219	0.93	-5.932284469436578	-0.23729137877746312
8.11528727	0.98	-7.668751982621734	-0.30675007930486936
8.115313	1.01	-3.1280300796194576	-0.12512120318477832
36.9249531	0.98	-4.883766353336778	-0.19535065413347114
36.9249531	0.98	-0.9148627367384301	-0.036594509469537205
36.9249531	0.87	-8.770530111857719	-0.35082120447430876
36.9249531	0.93	-5.613987475505863	-0.22455949902023453
36.9250409	0.98	-3.292345347995278	-0.1316938139198111
12.28299829	0.54	-6.427276192209526	-0.25709104768838104
12.28299972	0.55	-3.995305011696302	-0.15981220046785208
12.28235626	0.55	-1.7588679058227077	-0.07035471623290832
12.28	0.54	-6.628707372734095	-0.2651482949093638
12.28	0.59	-0.5293370666336608	-0.02117348266534643
12.283078	0.63	-1.764856901473572	-0.07059427605894288
12.28299972	0.55	-17.08327868987253	-0.6833311475949012
12.28299829	0.7	-3.71881436594417	-0.1487525746377668
12.28299972	0.62	-15.43103525716624	-0.6172414102866496
12.28293091	0.7	-6.521671161853206	-0.2608668464741282
17.2513	0.65	-4.062344307727381	-0.16249377230909523
17.25121397	0.54	-13.548773808813916	-0.5419509523525566
17.2559	0.54	-6.300648905340915	-0.2520259562136366
17.25120011	0.55	-19.448164219096714	-0.7779265687638686
17.25118601	0.7	-7.462576436494735	-0.2985030574597894
17.251	0.47	-10.82675729077243	-0.4330702916308972
17.25	0.59	-5.6261973805850625	-0.22504789522340252
3.544	0.47	-6.356770285249353	-0.25427081140997415
3.54387093	0.55	-1.0885156251421164	-0.04354062500568466
3.543867	0.63	-2.478912331509641	-0.09915649326038564
3.54391789	0.55	-13.942831972680368	-0.5577132789072148
3.54391419	0.7	-28.135817710242392	-1.1254327084096958
3.54389817	0.7	-1.0454763236827336	-0.041819052947309344
3.5439197	0.54	-7.949955294406431	-0.31799821177625726
46.82766965	0.7	-3.4281556893610032	-0.13712622757444012
46.82767725	0.54	-15.719019155161568	-0.6287607662064627
46.827714	0.55	-11.016693005966335	-0.4406677202386534
8.1873698	0.9	-13.429634859664494	-0.5371853943865798
8.18740532	0.9	-2.629725550944949	-0.10518902203779795
8.1874109	0.93	-9.064215181975479	-0.3625686072790192
76.0503	0.9	-11.24363096840463	-0.4497452387361852
76.0510651	0.93	-12.421142801704786	-0.49684571206819145
76.0510651	0.92	-3.521108495576483	-0.14084433982305933
10.38122447	0.86	-3.3794209438019482	-0.13517683775207792
10.38121981	0.86	-13.917080389183887	-0.5566832155673554
10.38123451	0.86	-0.6598647565994371	-0.026394590263977485
10.38122447	0.82	-1.2870526316383752	-0.05148210526553501
10.38123451	0.83	-23.523434866388392	-0.9409373946555357
10.38123233	0.86	-9.207886726832992	-0.3683154690733197
10.38123451	0.86	-13.568659832874209	-0.5427463933149683
24.57081569	0.86	-2.9638816637522805	-0.11855526655009122
24.5709023	0.82	-4.689446593284671	-0.18757786373138685
24.5709023	0.86	-8.609024897648897	-0.34436099590595587
24.57078	0.88	-8.925804160213517	-0.3570321664085407
13.06062	0.99	-13.17533054173651	-0.5270132216694604
13.06076688	0.97	-0.5578119841845834	-0.02231247936738334
13.06076688	0.82	-1.7037359353612676	-0.0681494374144507
13.06099268	0.95	-3.567737959204649	-0.14270951836818596
13.06076688	0.97	-12.71563548330838	-0.5086254193323352
13.06076688	0.97	-0.48205503891363644	-0.019282201556545458
13.0607936	0.97	-8.785095968260695	-0.3514038387304278
21.85378912	0.95	-1.2634930864677538	-0.050539723458710155
21.85362905	0.97	-14.380689138632919	-0.5752275655453167
21.85362905	0.95	-11.274706809255216	-0.45098827237020866
21.8536791	0.97	-30.60791006877671	-1.2243164027510685
21.85347	0.99	-18.254195327201284	-0.7301678130880513
16.56824481	0.88	-23.242781298595126	-0.9297112519438051
16.56806842	0.88	-11.179723921786763	-0.44718895687147053
16.56805949	0.83	-10.206791354920266	-0.40827165419681066
16.56806842	0.75	-3.118426547240127	-0.12473706188960508
16.56808299	0.88	-9.277170132853454	-0.3710868053141382
47.3329299	0.88	-2.0086108208164983	-0.08034443283265993
47.3330262	0.83	-15.256222430484357	-0.6102488972193743
47.33465	0.8	-13.536048744157078	-0.5414419497662831
47.3330262	0.83	-4.0555817286985505	-0.16222326914794202
47.3330262	0.83	-14.55415644851011	-0.5821662579404044
47.3330262	0.89	-3.220401592039328	-0.1288160636815731
40.80657815	1.21	-2.549223716595451	-0.10196894866381805
40.80686	1.37	-1.9695841384196624	-0.0787833655367865
40.8068494	1.32	-18.19018214852168	-0.7276072859408672
40.8065333	1.47	-12.303742651842466	-0.4921497060736986
40.8065333	1.21	-6.9459298642461995	-0.277837194569848
40.8068494	1.32	-7.6194537408857625	-0.3047781496354305
140.10394	1.43	-13.965463174931088	-0.5586185269972436
140.10394	1.32	-9.018621692625464	-0.36074486770501857
140.10394	1.32	-16.65482686983848	-0.6661930747935392
6.84619236	0.88	-2.4042422750496852	-0.09616969100198741
6.84619299	1.04	-17.6539270627362	-0.7061570825094481
6.846113	1.15	-6.993200516602458	-0.2797280206640983
17.02902105	1.04	-12.192878449644772	-0.48771513798579086
17.02902105	0.97	-0.34457178097539365	-0.013782871239015747
17.02902786	0.88	-9.995259396541599	-0.39981037586166396
17.02902786	1.09	-12.132213490378323	-0.4852885396151329
17.02902817	1.09	-8.339720357711474	-0.333588814308459
17.02902105	1.04	-13.283646518883481	-0.5313458607553393
43.1312147	0.88	-5.11689936271391	-0.2046759745085564
43.1308082	1.04	-5.65758645963405	-0.226303458385362
43.1308082	0.98	-4.693423604704584	-0.18773694418818337
43.1308082	0.97	-11.019810375523358	-0.4407924150209343
43.12984363	1.09	-3.0472725032641694	-0.12189090013056678
67.8299	1.15	-16.412307951577198	-0.6564923180630879
67.8318309	1.04	-7.219948855603562	-0.2887979542241425
67.83183963	1.09	-6.471646555542675	-0.258865862221707
67.8318309	1.04	-3.9575898649122743	-0.158303594596491
67.8321638	1.09	-15.250635183447484	-0.6100254073378993
67.8321638	0.88	-9.268700245307498	-0.37074800981229994
6.6184	1.06	-2.542891464154561	-0.10171565856618245
6.61834191	1.05	-8.013048619548162	-0.32052194478192647
6.61833608	0.97	-13.483897285265869	-0.5393558914106348
6.61834191	1.05	-9.22413636149544	-0.3689654544598176
6.61834191	1.05	-8.638220086898473	-0.3455288034759389
107.7214092	0.95	-12.40160401941117	-0.4960641607764468
107.7214092	0.97	-7.003822468257443	-0.28015289873029775
3.35373033	0.56	-9.810885358520558	-0.39243541434082235
3.35373033	0.49	-15.876240610644688	-0.6350496244257875
3.35373823	0.54	-16.590997412746503	-0.6636398965098601
3.35373033	0.49	-3.4985267355713194	-0.13994106942285278
3.35373033	0.49	-5.800752662595828	-0.23203010650383313
6.8774499	0.56	-3.966831717483618	-0.15867326869934473
6.8774499	0.49	-6.357586552056336	-0.25430346208225346
6.87744603	0.54	-2.8449948912893768	-0.11379979565157507
6.877	0.55	-8.86034171409327	-0.3544136685637308
6.87744603	0.47	-11.631824350676489	-0.4652729740270596
6.87745863	0.54	-1.0707772411883738	-0.04283108964753495
28.46462622	0.49	-1.9530563662699607	-0.07812225465079843
28.46416009	0.54	-9.742532912712285	-0.38970131650849144
28.46462622	0.49	-9.236060064763036	-0.36944240259052147
28.46464804	0.47	-3.632433621863932	-0.14529734487455728
25.93416	1.13	-0.8967852996548222	-0.03587141198619289
25.9340674	1.13	-6.5816946962795235	-0.26326778785118093
25.9340674	1.07	-5.589059181731505	-0.2235623672692602
25.9340674	1.07	-4.258216659457341	-0.17032866637829366
25.93406406	1.06	-9.604303566210374	-0.384172142648415
25.9340674	1.07	-22.63909118246679	-0.9055636472986716
83.44647143	1.11	-0.6182983371268125	-0.0247319334850725
83.4463485	1.06	-8.719637302018647	-0.3487854920807459
83.4463485	1.11	-15.822763672868337	-0.6329105469147335
83.4463335	1.07	-12.52912312892164	-0.5011649251568656
83.4463335	1.11	-17.45634456548389	-0.6982537826193556
83.4463335	1.13	-0.5326612103587194	-0.021306448414348776
83.44629501	1.11	-14.705724149475708	-0.5882289659790283
5.32670215	0.92	-4.959946351719125	-0.198397854068765
5.32670215	1.17	-3.0154342180595055	-0.12061736872238023
5.32667299	0.96	-8.084223358320587	-0.3233689343328235
5.32666987	0.96	-11.221773270809814	-0.4488709308323926
5.32662868	0.96	-7.292821527005872	-0.29171286108023486
8.12810877	1.02	-31.061215899950476	-1.2424486359980191
8.12810877	1.02	-35.20233571388516	-1.4080934285554065
8.12810877	1.17	-24.422126052475804	-0.9768850420990322
8.1280933	1.02	-4.543900413558556	-0.18175601654234225
8.1280933	0.96	-6.450574264731108	-0.25802297058924434
8.12799259	0.96	-4.517453243592116	-0.18069812974368465
8.1281	1.04	-9.790163823979071	-0.39160655295916286
15.335244	1.0	-1.0127734483297928	-0.04051093793319171
15.33525912	0.98	-2.7085677926538283	-0.10834271170615313
15.33525912	0.89	-3.859234167824004	-0.15436936671296017
31.3309	0.65	-6.257011770778349	-0.25028047083113397
31.33046135	0.93	-9.847227210836305	-0.3938890884334522
31.33050622	0.89	-16.409236736547	-0.65636946946188
31.330554	1.0	-23.366370532675237	-0.9346548213070095
31.33050622	0.98	-14.709797436432126	-0.588391897457285
6.54626058	0.98	-3.475967780270212	-0.13903871121080846
6.54626058	0.89	-9.970461186324147	-0.3988184474529659
6.54626149	0.93	-1.3413483705231597	-0.05365393482092639
6.54625953	0.94	-2.0436922995375233	-0.08174769198150093
6.54626058	0.98	-21.412479309090365	-0.8564991723636146
6.546303	1.0	-7.048364238688579	-0.2819345695475432
11.4761013	1.17	-8.799432730898786	-0.35197730923595144
11.47598101	1.16	-8.243641909535654	-0.32974567638142616
11.47609015	1.16	-0.6552340153228677	-0.02620936061291471
11.4761013	1.16	-1.79148802866951	-0.07165952114678041
11.4761013	1.16	-18.507631946261004	-0.7403052778504402
11.4761013	1.17	-4.601928160783155	-0.1840771264313262
11.4761013	1.16	-6.515502037610556	-0.26062008150442223
25.2630467	1.16	-10.767190984885003	-0.4306876393954001
25.2630467	1.16	-13.319818183460171	-0.5327927273384069
25.2629	1.17	-6.257924170809292	-0.2503169668323717
25.2630268	1.16	-3.024892960695059	-0.12099571842780237
25.2630268	1.16	-0.37438359601856863	-0.014975343840742745
25.2630268	1.16	-0.29472513285162893	-0.011789005314065158
25.2630268	1.17	-30.2503546838621	-1.210014187354484
25.26271648	1.16	-7.2297634160609014	-0.28919053664243605
5.21773516	1.0	-5.372299537345739	-0.21489198149382957
10.43547805	0.9	-7.624397851797229	-0.3049759140718892
10.43547805	0.82	-7.54883801428479	-0.30195352057139163
10.43547031	0.84	-21.789721420865366	-0.8715888568346146
10.43547031	1.0	-1.9480515096816717	-0.07792206038726687
10.43541553	1.0	-19.538701004336737	-0.7815480401734695
7.41086267	0.82	-4.663789825743608	-0.18655159302974433
7.41086267	0.9	-4.644067595207352	-0.18576270380829407
7.411038	0.93	-2.221798665579926	-0.08887194662319704
7.41084314	1.0	-2.2381857202073823	-0.0895274288082953
7.41086267	0.82	-8.546360669670658	-0.34185442678682637
7.41086267	0.82	-24.926965813671156	-0.9970786325468463
7.41084314	0.84	-14.861228865232686	-0.5944491546093075
5.24972541	0.82	-23.096125217998125	-0.923845008719925
5.24970432	1.0	-3.955400124742853	-0.1582160049897141
5.24972541	0.82	-5.171747057188669	-0.20686988228754677
5.24970432	0.84	-8.124187957618844	-0.32496751830475373
5.24972541	0.83	-1.7517718723680258	-0.07007087489472104
5.2496914	1.0	-5.939777961117123	-0.23759111844468492
5.24972541	0.9	-4.3505267897516475	-0.1740210715900659
2.97136658	0.86	-25.2203794865538	-1.008815179462152
2.97136658	0.97	-19.75633654735687	-0.7902534618942748
2.971	0.78	-15.81490549564618	-0.6325962198258472
2.9713483	0.97	-9.871204033811024	-0.39484816135244094
2.9713641	0.91	-5.314389102112052	-0.2125755640844821
6.05730524	0.97	-16.179146517247077	-0.647165860689883
6.05733165	0.97	-0.4105566650998276	-0.016422266603993103
6.057428	0.79	-2.692553249738494	-0.10770212998953976
6.05730524	0.78	-6.849742613796214	-0.27398970455184857
6.05733984	0.97	-9.122660853498356	-0.36490643413993423
6.05730524	0.78	-14.285148831044728	-0.5714059532417891
6.05730524	0.78	-8.128172535604625	-0.325126901424185
6.05729966	0.86	-1.1720523319222593	-0.04688209327689037
10.93725945	0.97	-2.5459951839308252	-0.10183980735723301
10.93725572	0.86	-7.952345609117604	-0.3180938243647042
10.93735256	0.97	-12.964947151475206	-0.5185978860590083
10.93730071	0.78	-11.305982070702326	-0.45223928282809306
10.93725572	0.97	-1.2352112312419858	-0.04940844924967944
2.93652697	0.78	-2.026510151667295	-0.0810604060666918
2.93652697	0.78	-15.441905504551663	-0.6176762201820666
8.01494715	0.78	-22.765992291362846	-0.9106396916545139
8.01494715	0.78	-12.751913303637721	-0.5100765321455089
8.01494715	0.76	-16.82862875619402	-0.6731451502477609
8.01497676	0.95	-13.299533397500559	-0.5319813359000224
8.01494715	0.78	-3.2499372387519	-0.129997489550076
8.01497514	0.95	-3.7041492366709647	-0.1481659694668386
11.634864	0.99	-13.533581664426396	-0.5413432665770559
11.634864	1.08	-6.3577167218156765	-0.25430866887262704
11.634864	0.99	-6.777222653833449	-0.27108890615333797
11.634864	0.99	-15.108405731018678	-0.6043362292407471
11.63486009	1.02	-4.840463898652413	-0.1936185559460965
11.63505917	1.01	-9.874418221582566	-0.39497672886330265
11.634864	0.88	-1.1352958774500659	-0.04541183509800264
11.63486009	1.01	-0.5215188470597778	-0.02086075388239111
33.1981054	0.99	-9.22765086847026	-0.3691060347388104
33.1981054	0.88	-11.774623196562526	-0.47098492786250107
33.1981054	0.99	-0.9307657962255462	-0.03723063184902185
33.1981761	1.01	-3.054288275241591	-0.12217153100966364
33.19790974	1.01	-18.06835078509224	-0.7227340314036895
10.30065512	1.34	-14.554380644715007	-0.5821752257886003
10.30065512	1.34	-16.64997906750329	-0.6659991627001316
10.30067919	1.2	-6.328651513868737	-0.2531460605547495
16.08821	1.2	-7.7316922082539365	-0.30926768833015744
16.08831829	1.19	-11.403988072845062	-0.45615952291380246
16.08831829	1.16	-4.376800427876976	-0.17507201711507903
16.08831829	1.34	-3.3466068616060025	-0.1338642744642401
16.08832318	1.08	-3.872005757464935	-0.1548802302985974
16.08819979	1.2	-2.2136334956479966	-0.08854533982591986
35.6756963	1.34	-8.167374927299015	-0.3266949970919606
35.67524129	1.2	-7.450023090184072	-0.29800092360736286
35.6757453	1.08	-5.9959894728110115	-0.23983957891244045
35.6756963	1.19	-15.5956361040121	-0.623825444160484
35.67449258	1.2	-5.744188808682797	-0.22976755234731186
35.6756963	1.16	-15.131703702312238	-0.6052681480924895
35.6756963	1.34	-9.715941422807395	-0.3886376569122958
14.12843	1.05	-1.7684362425195534	-0.07073744970078213
14.12846178	1.1	-0.19653986983693272	-0.00786159479347731
14.12846178	1.02	-6.575413959343666	-0.26301655837374666
14.12847677	1.03	-13.199649374372152	-0.5279859749748861
31.8841473	1.03	-11.057365426716641	-0.4422946170686657
31.884	1.1	-5.934957082848191	-0.23739828331392765
31.8841569	0.84	-5.480489760614436	-0.21921959042457745
31.8841569	1.1	-15.784520365449083	-0.6313808146179634
31.88355187	1.03	-5.633609444301143	-0.22534437777204575
31.8841569	1.1	-4.632270321007061	-0.18529081284028245
48.646	1.1	-6.002883873978464	-0.24011535495913855
48.6476601	1.1	-8.692329485216877	-0.3476931794086751
48.6476601	1.02	-4.015548599578297	-0.1606219439831319
48.6478543	1.03	-9.650788539401791	-0.38603154157607167
48.648	1.1	-19.74971539110257	-0.7899886156441028
48.6541	1.05	-1.4914127722007382	-0.05965651088802953
17.32417247	1.12	-12.175844392229836	-0.4870337756891934
17.32405491	1.08	-10.606840439257255	-0.4242736175702902
17.32419108	1.08	-15.65925967447411	-0.6263703869789644
17.324	1.12	-2.813494651602846	-0.11253978606411384
17.32417247	1.26	-5.052888229673418	-0.20211552918693673
17.32417247	1.21	-11.844857147074517	-0.47379428588298067
17.32417247	1.12	-18.522373621023558	-0.7408949448409423
33.0059	1.2	-18.991998492128676	-0.759679939685147
33.006	1.12	-9.254088546816376	-0.37016354187265504
33.0063025	1.12	-14.245901039656857	-0.5698360415862743
33.0063025	1.26	-5.635696591762589	-0.22542786367050358
33.00669147	1.08	-0.2977077605282381	-0.011908310421129525
33.0063025	1.12	-0.9200478726188732	-0.03680191490475493
33.006	1.12	-1.7904252837513859	-0.07161701135005544
33.0063025	1.12	-10.315009442909533	-0.4126003777163813
33.00622327	1.08	-9.123156869983307	-0.36492627479933226
30.16012	1.08	-5.494428484537014	-0.21977713938148058
30.159863	1.41	-2.114482229001083	-0.08457928916004333
30.159863	1.13	-0.263496729684479	-0.010539869187379161
30.159863	1.3	-1.5408204957861638	-0.06163281983144655
51.075756	1.3	-1.6496915853323972	-0.06598766341329589
51.075756	1.3	-11.181667666831657	-0.4472667066732663
51.075756	1.41	-0.28755292710796954	-0.011502117084318782
51.0802	1.08	-4.168397566686604	-0.16673590266746416
51.075756	1.13	-1.3592474587936336	-0.05436989835174535
12.30948895	1.42	-20.683584707932013	-0.8273433883172805
12.30971679	1.16	-18.734381445848857	-0.7493752578339543
12.3097136	1.1	-5.852070399601853	-0.23408281598407413
35.74113	1.31	-3.9205790931219426	-0.1568231637248777
35.735	1.2	-15.92906371890983	-0.6371625487563932
35.7353616	1.42	-7.162598278354293	-0.2865039311341717
35.73432746	1.42	-8.034250971760706	-0.32137003887042825
54.414	1.2	-10.588402808775202	-0.4235361123510081
54.4205407	1.42	-8.350701110952913	-0.33402804443811657
54.4205407	1.32	-12.47688308527836	-0.49907532341113436
54.4205407	1.1	-2.655732268823389	-0.10622929075293555
54.414	1.1	-2.584409553748679	-0.10337638214994715
54.4205407	1.1	-12.394721062479569	-0.49578884249918276
5.91227323	0.59	-0.10632107566776483	-0.004252843026710593
5.912	0.59	-14.27085787534457	-0.5708343150137828
5.91212988	0.59	-19.120105236280168	-0.7648042094512068
5.91	0.68	-8.682414389682961	-0.34729657558731847
5.9122683	0.59	-11.010879353097097	-0.4404351741238839
8.98584768	0.59	-15.591635482358722	-0.6236654192943489
8.9858	0.75	-1.5184407608215873	-0.060737630432863496
8.98584768	0.7	-4.816421726841799	-0.19265686907367197
8.98581901	0.74	-6.243581058166826	-0.24974324232667303
8.98584768	0.59	-7.577486419260145	-0.30309945677040584
2.1395565	0.93	-6.697569426864967	-0.2679027770745987
2.13953869	0.95	-9.936920218846431	-0.39747680875385727
2.139564	0.96	-8.008380215753125	-0.320335208630125
2.13955119	0.95	-6.201853779483022	-0.24807415117932088
4.80709959	0.96	-33.55627010794574	-1.3422508043178298
4.80709959	0.93	-1.0357143733074359	-0.041428574932297436
4.80709959	0.93	-2.429761261627893	-0.09719045046511574
4.80709959	0.96	-10.722362202118022	-0.4288944880847209
4.807078	0.96	-7.588573979083469	-0.30354295916333873
4.80709959	0.93	-3.8171223485241272	-0.1526848939409651
4.80710342	0.95	-19.855409602967786	-0.7942163841187114
14.64613058	0.95	-5.741757570878773	-0.22967030283515094
14.64613058	0.98	-7.287874637750053	-0.29151498551000216
14.64627064	0.98	-6.8989750925370155	-0.27595900370148063
14.64613	0.94	-2.385948567609173	-0.09543794270436692
14.64627064	0.98	-12.300665822241967	-0.4920266328896787
14.64614111	0.95	-11.440257253611854	-0.4576102901444742
14.64627064	0.98	-4.613798703675188	-0.18455194814700754
36.33755487	0.95	-4.22487452801028	-0.1689949811204112
36.33730238	0.95	-4.917874343615067	-0.1967149737446027
36.33750453	0.98	-7.091100192886234	-0.28364400771544934
36.33730238	0.98	-3.468426422340976	-0.13873705689363905
36.33730238	0.98	-2.9230165620790727	-0.11692066248316291
36.33730238	0.98	-8.363493785829546	-0.3345397514331818
36.33725707	0.95	-11.066847447565653	-0.4426738979026261
148.2722671	0.98	-18.61767836298346	-0.7447071345193385
148.2722671	0.98	-9.439762155721773	-0.3775904862288709
148.2722671	0.98	-14.770511685767818	-0.5908204674307127
148.2720032	0.98	-2.7491898660970833	-0.10996759464388334
148.2682	0.94	-7.92586747731206	-0.31703469909248244
9.22123	1.08	-1.2328783685518405	-0.04931513474207362
9.2206889	0.86	-2.31364236279035	-0.092545694511614
9.2207691	0.79	-5.493238978958015	-0.2197295591583206
13.639525	0.97	-7.178543873331463	-0.2871417549332585
13.639525	0.97	-9.628183535614419	-0.3851273414245768
13.6382298	1.06	-18.849888891857002	-0.7539955556742801
13.639525	0.9	-9.263407852712259	-0.37053631410849036
13.6396648	0.79	-12.770285719364978	-0.5108114287745991
13.639525	0.86	-5.320803674028987	-0.21283214696115949
13.63894	1.08	-5.687977160455183	-0.22751908641820734
13.639525	0.97	-26.5181169583147	-1.060724678332588
24.80568031	0.97	-7.694541775770152	-0.3077816710308061
24.80446	1.08	-1.542897143956217	-0.06171588575824868
24.80568031	0.86	-2.441788790197037	-0.09767155160788148
24.80568031	0.97	-29.43478249447925	-1.17739129977917
24.8056775	0.79	-9.023849334367773	-0.3609539733747109
24.805734	1.06	-7.5018886198128945	-0.3000755447925158
44.3470995	0.86	-2.1006116197507025	-0.0840244647900281
44.34713	1.08	-0.944952998485556	-0.03779811993942224
44.3470995	0.97	-4.013187501499012	-0.1605275000599605
44.347	0.97	-5.811797097994171	-0.23247188391976686
44.3470995	0.97	-2.4292076056904053	-0.09716830422761621
44.3470995	0.97	-2.7022949721115723	-0.1080917988844629
44.3470995	0.9	-16.65829276209712	-0.6663317104838847
11.00815926	0.76	-12.162510526452033	-0.48650042105808133
11.008163	0.66	-4.16930790621789	-0.1667723162487156
11.008121	0.6	-23.1051848071275	-0.9242073922851001
11.00815926	0.76	-9.595427496089696	-0.38381709984358786
92.749023	0.76	-8.582773196539659	-0.34331092786158635
92.749023	0.76	-6.657609181111129	-0.2663043672444452
92.74812144	0.66	-16.53049150783778	-0.6612196603135112
92.74935577	0.66	-3.7599664315048513	-0.15039865726019405
92.749023	0.63	-4.729620770250057	-0.18918483081000229
12.69906344	0.93	-7.0914461349353966	-0.28365784539741584
12.69905011	0.88	-8.125042431053673	-0.32500169724214695
12.6990485	0.93	-6.959919653487541	-0.27839678613950164
12.69905011	0.93	-16.123662144365795	-0.6449464857746319
12.69902995	0.91	-6.387623771471826	-0.25550495085887304
37.5141963	0.93	-7.91584265085352	-0.3166337060341408
37.51391	0.92	-17.867969050768195	-0.7147187620307278
37.5142128	0.88	-6.804449912469785	-0.27217799649879143
37.51428788	0.93	-18.516778558152133	-0.7406711423260853
37.5140693	0.91	-5.307499129248255	-0.2122999651699302
37.5140693	0.91	-19.645544295030387	-0.7858217718012155
2.63385723	0.92	-11.258345415208229	-0.45033381660832916
2.63385723	0.9	-11.16994403175903	-0.4467977612703612
2.63386536	0.91	-2.3730818444307062	-0.09492327377722826
2.633893	0.86	-5.3307032681870865	-0.21322813072748348
2.63385723	0.9	-10.551402060409988	-0.4220560824163995
2.63385723	0.9	-6.050103002975323	-0.24200412011901293
6.18670882	0.82	-0.1472766705393309	-0.005891066821573237
6.18670882	0.91	-14.110845170667888	-0.5644338068267155
1.79632095	0.99	-7.515623293181552	-0.30062493172726207
1.79632439	0.83	-9.853482412401476	-0.39413929649605906
1.79632439	1.0	-3.7677238359379004	-0.15070895343751603
1.79632439	1.0	-6.7878228938100795	-0.27151291575240316
1.79629794	0.99	-20.085472734648814	-0.8034189093859526
1.79632095	0.8	-10.32106703015668	-0.4128426812062672
3.46808239	0.83	-7.733144694807525	-0.30932578779230097
3.468073	0.8	-3.3668061179366426	-0.13467224471746572
3.46808239	1.0	-8.163509230772892	-0.3265403692309157
3.468052	1.03	-1.7903401557907088	-0.07161360623162835
3.46808239	1.0	-3.6760897531384438	-0.14704359012553775
5.914256	1.03	-17.95448801436597	-0.7181795205746389
5.91428767	0.96	-13.784391207289744	-0.5513756482915898
5.91428767	1.0	-14.00901196454052	-0.5603604785816207
5.91430094	0.99	-1.612754395781276	-0.06451017583125104
5.91428767	0.83	-22.36828800135375	-0.89473152005415
5.9142668	0.8	-3.193184617950756	-0.12772738471803025
5.91428767	1.0	-10.284058285540914	-0.41136233142163653
29.22123577	0.99	-10.668867132798038	-0.4267546853119215
29.22126129	0.99	-8.222924904823934	-0.3289169961929574
29.2215101	1.0	-7.110753882416105	-0.2844301552966442
29.2215101	0.96	-4.023603381494433	-0.16094413525977733
29.22144	1.03	-5.835984693322262	-0.23343938773289047
29.2215101	1.0	-7.238109441733209	-0.28952437766932837
20.34212338	0.96	-4.479105563052008	-0.17916422252208034
20.34237838	0.93	-23.28358068729098	-0.9313432274916391
20.34234237	0.95	-0.44237470887692276	-0.01769498835507691
20.34234237	0.95	-4.9016216567347115	-0.19606486626938846
44.8520997	0.93	-17.967509991567958	-0.7187003996627184
44.8521071	0.95	-6.608093038493329	-0.26432372153973316
44.8520997	0.96	-13.415950047303218	-0.5366380018921287
44.8521071	0.96	-9.729376502988305	-0.38917506011953223
6.09747233	1.04	-5.824697058502933	-0.2329878823401173
6.09742549	1.01	-6.179357051777907	-0.24717428207111627
6.09750607	0.93	-11.80183892756677	-0.4720735571026708
6.09741	1.08	-2.9630813473615585	-0.11852325389446235
6.09750607	0.84	-14.162031051071665	-0.5664812420428667
6.09747233	1.01	-3.3095164653308644	-0.1323806586132346
6.09750607	0.93	-11.262592590467353	-0.45050370361869413
19.30577159	0.93	-6.3697427771797965	-0.25478971108719184
19.30577159	0.93	-12.777884408712215	-0.5111153763484886
19.30581662	1.04	-3.4958819547736613	-0.13983527819094646
19.30563	1.08	-4.720679736688622	-0.18882718946754487
19.30572737	1.01	-3.4642901694104795	-0.1385716067764192
56.6388791	0.84	-10.687332320295628	-0.42749329281182513
56.6388791	1.03	-8.563108362236758	-0.34252433448947034
56.6388791	0.93	-2.5974124978159807	-0.10389649991263923
56.63849917	1.01	-6.261551482701835	-0.2504620593080734
56.6344	1.08	-7.270823876055948	-0.29083295504223794
34.5438464	1.06	-6.406807440435888	-0.25627229761743553
34.5439452	1.1	-3.9372203157366616	-0.15748881262946646
34.54398442	1.1	-11.885788967695873	-0.47543155870783493
34.5438464	1.16	-8.450923676588129	-0.33803694706352516
34.5438464	1.16	-0.6715625245856212	-0.026862500983424846
34.5383	1.08	-10.410952213093621	-0.41643808852374486
34.54390732	1.1	-1.0254038645834949	-0.04101615458333979
34.5439452	1.0	-8.73739564149603	-0.3494958256598412
125.86526539	1.1	-7.865909325859543	-0.31463637303438174
125.86546	1.17	-1.9882777620671321	-0.07953111048268528
10.3392408	0.97	-2.1462559523698728	-0.08585023809479492
10.3376	1.0	-18.766688269915818	-0.7506675307966327
10.3392924	0.97	-12.75260394088489	-0.5101041576353956
10.3392408	0.93	-7.997640938785466	-0.31990563755141865
10.3392924	0.76	-0.39923471509986985	-0.015969388603994793
10.3392924	0.97	-11.55013647515702	-0.4620054590062808
13.28689074	0.97	-1.2629229303975658	-0.05051691721590263
13.2907	1.0	-17.69422897444447	-0.7077691589777788
13.28706214	0.93	-22.108346086300624	-0.884333843452025
13.28689074	0.97	-17.656265944547805	-0.7062506377819122
14.58936813	0.8	-16.870231365290074	-0.674809254611603
14.58932462	0.85	-6.141501789767019	-0.24566007159068076
14.589501	0.8	-14.373716286894627	-0.5749486514757851
14.58932462	0.85	-15.523451595464595	-0.6209380638185839
14.58932462	0.79	-7.198117067794531	-0.28792468271178123
14.58932462	0.76	-18.12614959634409	-0.7250459838537635
14.58932462	0.85	-2.5694151021214715	-0.10277660408485886
14.58932429	0.84	-3.3285123395553695	-0.13314049358221478
36.77019	0.8	-6.4411237915782555	-0.25764495166313023
36.7704935	0.8	-10.707715641320009	-0.42830862565280037
36.7704731	0.79	-1.5733351707194303	-0.06293340682877721
36.7704731	0.85	-17.509624090598507	-0.7003849636239403
36.77042443	0.8	-7.087219804526746	-0.2834887921810698
36.77045659	0.8	-6.235676792728967	-0.24942707170915868
0.76402007	0.85	-8.373498493460394	-0.3349399397384158
0.764022	0.8	-19.982131839464195	-0.7992852735785678
0.76401755	0.8	-4.723705684029811	-0.18894822736119246
0.76400799	0.84	-5.033076034731708	-0.20132304138926832
0.76402007	0.85	-0.7368587260949457	-0.02947434904379783
3.54653414	1.09	-9.005289454182002	-0.36021157816728006
3.54653414	1.09	-1.5800679471713825	-0.0632027178868553
3.54653181	0.96	-7.702726626328902	-0.3081090650531561
3.546534	1.01	-14.586011100299103	-0.5834404440119642
3.54653414	1.02	-4.979147243928876	-0.19916588975715507
3.54653414	1.09	-3.078473791335922	-0.12313895165343688
3.54653181	1.09	-21.595194880369313	-0.8638077952147726
5.70070626	0.96	-3.357143753216736	-0.13428575012866945
5.70071153	1.02	-6.6198499314649375	-0.2647939972585975
5.70071153	0.9	-19.827613638473707	-0.7931045455389483
5.70078	1.01	-8.68687700941699	-0.3474750803766796
5.70071153	1.09	-27.667399228723756	-1.1066959691489502
5.70071153	1.09	-11.50461173701376	-0.4601844694805504
5.70071153	1.09	-2.2023090460117043	-0.08809236184046818
2.58082149	0.86	-4.275988377080572	-0.1710395350832229
2.58083264	0.88	-9.648248203493981	-0.38592992813975924
2.58082149	0.92	-7.885310581000132	-0.3154124232400053
3.71545391	0.85	-14.988707934820336	-0.5995483173928134
3.71545391	0.92	-2.7883721199454383	-0.11153488479781754
3.71539942	0.88	-2.370669699112116	-0.09482678796448464
3.71545391	0.86	-8.895229536095982	-0.3558091814438393
3.71545593	0.88	-9.633151519932927	-0.38532606079731707
3.715345	0.83	-3.782277009072684	-0.15129108036290737
3.71545391	0.92	-11.831637648530819	-0.4732655059412328
7.0556671	0.92	-12.217854718334669	-0.4887141887333868
7.0556671	0.86	-5.556328115791782	-0.2222531246316713
7.05568327	0.88	-8.79002581494237	-0.35160103259769476
11.978822	0.85	-0.2211125252244579	-0.008844501008978316
11.978822	0.92	-4.962156115628744	-0.19848624462514977
11.978822	0.92	-4.768485846151049	-0.19073943384604197
11.97865	0.83	-13.177119026463902	-0.5270847610585561
11.97884409	0.82	-11.006931931662997	-0.4402772772665199
20.83419383	0.88	-1.4923864946404093	-0.05969545978561637
20.8342947	0.92	-6.577733582881497	-0.26310934331525987
20.83428	0.83	-9.049068066925889	-0.36196272267703555
20.8342947	0.92	-3.0322308424575697	-0.12128923369830279
20.8342947	0.92	-29.402053220067884	-1.1760821288027155
20.8341497	0.88	-1.4011234622710442	-0.05604493849084177
20.8342947	0.86	-1.7461872113211223	-0.0698474884528449
19.2540693	0.94	-8.911060116915536	-0.3564424046766214
19.25404023	1.04	-2.5967096181357454	-0.10386838472542982
19.25404023	0.94	-5.652584352182098	-0.22610337408728393
19.25405306	0.94	-8.815858651139028	-0.3526343460455611
54.1561078	1.04	-4.1710611710732675	-0.1668424468429307
54.1558384	0.94	-0.1915667384846218	-0.007662669539384872
54.15626716	0.94	-8.012312118034611	-0.3204924847213845
54.1561078	0.94	-15.538510078410892	-0.6215404031364357
54.15784	0.95	-19.339046075308215	-0.7735618430123286
3.701311	0.99	-1.6117619434548667	-0.06447047773819467
3.70120482	0.95	-21.044840134002726	-0.841793605360109
3.70120482	1.03	-1.100903475577338	-0.044036139023093515
3.70122061	1.01	-15.98468807559151	-0.6393875230236604
6.62643441	1.01	-20.3529723085772	-0.814118892343088
6.62641755	0.95	-8.716744269593258	-0.34866977078373035
6.62643626	0.95	-1.8036704968574113	-0.07214681987429646
6.62643626	0.95	-0.4367354927210949	-0.017469419708843796
6.62642692	0.95	-17.01874960493681	-0.6807499841974725
6.62643441	0.95	-9.922762302187511	-0.39691049208750045
6.62643626	1.03	-7.283649722207811	-0.2913459888883125
12.64504291	0.8	-4.180687328081045	-0.16722749312324178
12.64481	0.89	-23.023231490925966	-0.9209292596370386
12.6450451	0.89	-2.1919702262049876	-0.08767880904819951
21.5262569	0.8	-12.677718226465618	-0.5071087290586247
21.5262569	0.89	-19.87529724133754	-0.7950118896535017
21.5262958	0.8	-6.779499955702885	-0.2711799982281154
21.5262569	1.13	-2.1416178948394706	-0.08566471579357883
33.88489343	0.89	-7.7400305667496845	-0.3096012226699874
33.88489343	1.13	-8.530534993565798	-0.34122139974263194
33.88489	0.89	-2.295272546787958	-0.09181090187151832
10.86443187	0.38	-3.5404439706292523	-0.1416177588251701
10.86443187	0.38	-15.188562537739429	-0.6075425015095772
10.86443187	0.38	-3.4563887447600066	-0.13825554979040028
3.621387	0.38	-22.336974094825134	-0.8934789637930054
10.864384	0.5	-13.004210717919875	-0.520168428716795
5.84164124	0.38	-13.028183841729737	-0.5211273536691895
5.842	0.21	-8.860295324531444	-0.3544118129812578
5.84164124	0.38	-6.435629503330539	-0.2574251801332216
5.8416366	0.5	-7.246794794876795	-0.28987179179507183
5.84164124	0.38	-22.239281082212756	-0.8895712432885102
19.85	0.21	-3.869675008903428	-0.15478700035613713
19.85029495	0.39	-0.9566981476706027	-0.03826792590682411
19.85028393	0.38	-0.6524231885134624	-0.026096927540538495
34.14189	0.38	-3.8445522538145886	-0.15378209015258354
34.14189	0.38	-10.713232198300908	-0.4285292879320363
34.14189	0.38	-3.617517704379809	-0.14470070817519237
34.14211	0.5	-20.458563051382676	-0.818342522055307
34.14189	0.38	-1.2896638559959432	-0.05158655423983773
63.33627	0.5	-5.345916585984265	-0.21383666343937058
63.3366606	0.38	-16.008434916419073	-0.6403373966567629
63.3354719	0.39	-2.171184610829928	-0.08684738443319713
38.86872408	1.04	-6.994054536745079	-0.27976218146980314
38.86840425	0.98	-2.9075507225163904	-0.11630202890065562
38.868	1.04	-1.7494239086596113	-0.06997695634638446
38.86848956	1.04	-5.512304421141229	-0.22049217684564915
74.92771752	1.04	-19.027888734176834	-0.7611155493670734
74.92771752	0.98	-2.0196018438499186	-0.08078407375399675
74.92771752	1.04	-22.271483807975343	-0.8908593523190138
74.92771752	1.04	-6.343483259511012	-0.2537393303804405
74.92847668	1.04	-8.628982427200746	-0.3451592970880299
74.92771752	0.93	-3.3990087484759837	-0.13596034993903935
150.0190609	1.04	-7.46297249168595	-0.298518899667438
150.02240715	1.04	-20.396641817148918	-0.8158656726859568
150.0209961	0.85	-15.542112122787008	-0.6216844849114803
150.0189511	1.04	-7.525732215505396	-0.3010292886202159
10.47548192	0.67	-2.583548675225596	-0.10334194700902384
10.47548644	0.72	-6.165506108032464	-0.24662024432129856
10.47548192	0.67	-3.228670643940623	-0.12914682575762493
10.47546118	0.72	-2.5887572257339335	-0.10355028902935734
10.47548192	0.67	-11.013102355775192	-0.4405240942310077
22.92884482	0.67	-4.375693328240558	-0.17502773312962233
22.92874729	0.72	-5.677424556443788	-0.22709698225775155
22.92886314	0.72	-14.969322040573708	-0.5987728816229483
77.47347082	0.72	-24.914632580885048	-0.996585303235402
77.4740724	0.69	-1.5293860636663674	-0.0611754425466547
77.4740724	0.67	-3.665625750784758	-0.14662503003139032
77.47394661	0.72	-0.16121469903165786	-0.006448587961266314
77.4740991	0.66	-10.82800151773042	-0.4331200607092168
77.4740991	0.72	-6.921407077682025	-0.276856283107281
2.92721119	0.9	-16.87671029546911	-0.6750684118187644
2.92721559	1.0	-15.830938428493605	-0.6332375371397442
2.92721559	0.95	-1.3452374992528056	-0.05380949997011222
2.9271467	1.0	-21.575230627601524	-0.863009225104061
2.92721559	1.01	-10.951643095321952	-0.43806572381287806
6.88595559	1.01	-0.13062802918981142	-0.005225121167592457
6.88595434	1.0	-2.979306324719434	-0.11917225298877736
6.88595222	0.9	-11.438142953040234	-0.45752571812160936
6.885841	1.0	-2.995082315246715	-0.1198032926098686
15.0548689	0.95	-6.593662740603565	-0.2637465096241426
15.0548689	1.01	-14.786448988782713	-0.5914579595513085
15.0548689	1.0	-8.071266186064653	-0.3228506474425861
15.05482	1.0	-8.081511426376906	-0.3232604570550763
15.0548689	1.01	-6.185934423330843	-0.24743737693323373
15.0548689	1.01	-13.182419621396324	-0.527296784855853
15.0549356	0.9	-6.013517879852703	-0.24054071519410813
38.2856338	0.9	-2.3094082101950324	-0.0923763284078013
38.2860832	1.0	-17.99149572725129	-0.7196598290900517
38.2856338	1.01	-11.216534513784861	-0.44866138055139443
38.2856338	1.0	-4.567804305030042	-0.18271217220120167
38.28437	1.0	-1.8469860224209567	-0.07387944089683827
38.2856338	1.0	-1.296219268277516	-0.05184877073110064
38.2856338	0.95	-9.753861686179684	-0.3901544674471874
29.329	0.99	-20.36299486882474	-0.8145197947529895
29.323	1.0	-0.18669903061909698	-0.00746796122476388
29.1598615	0.99	-10.428293531391937	-0.4171317412556775
29.1598615	0.99	-8.157947061456758	-0.3263178824582703
29.1598615	0.83	-8.698955587627948	-0.3479582235051179
29.312	0.99	-4.3385072962865525	-0.1735402918514621
29.32011657	0.83	-3.9764521668688637	-0.15905808667475455
60.32488611	0.94	-4.919620223135785	-0.19678480892543138
60.32488611	0.99	-8.334167498578237	-0.3333666999431295
60.32494216	0.99	-0.9615027099719757	-0.03846010839887903
60.323105	0.99	-19.385261097998526	-0.7754104439199411
60.326	0.99	-7.961176978184893	-0.3184470791273957
60.32488611	0.99	-4.462097102017813	-0.17848388408071253
60.322921	0.97	-14.685056330814046	-0.5874022532325619
60.32494216	0.83	-2.626289629340893	-0.10505158517363572
143.2063518	0.94	-1.4528243312262292	-0.05811297324904917
143.213	0.99	-3.500723331687718	-0.14002893326750873
143.20776601	0.83	-1.4277618661010518	-0.05711047464404207
143.2063518	0.99	-12.709328082950202	-0.5083731233180081
143.34394	0.99	-2.0069558157762	-0.080278232631048
143.2063518	0.95	-27.35143053037953	-1.0940572212151813
10.44636649	0.97	-0.29546177886721114	-0.011818471154688447
10.44636649	0.97	-11.841439826032879	-0.47365759304131516
10.44641752	1.07	-0.5106647615936164	-0.020426590463744655
10.44635944	1.07	-10.995670298979284	-0.4398268119591714
10.446362	1.03	-4.6156016325689455	-0.18462406530275782
40.71524	1.03	-16.530766257733063	-0.6612306503093225
40.71515819	1.07	-15.748598014711089	-0.6299439205884435
40.7150498	1.07	-12.071776498143997	-0.4828710599257599
40.7151103	1.07	-2.550334309948488	-0.10201337239793952
40.71474195	1.07	-29.14465744980743	-1.1657862979922973
2.50856212	1.0	-8.332137423359619	-0.33328549693438475
2.50855329	1.0	-12.571416930256039	-0.5028566772102415
2.5085541	1.02	-5.864403780626872	-0.23457615122507489
2.508567	0.97	-6.053826715414274	-0.242153068616571
2.50855329	0.94	-6.147097402302002	-0.24588389609208008
2.5085541	0.94	-5.374158083391601	-0.21496632333566404
5.41911291	1.0	-5.95232581532412	-0.23809303261296483
5.41908491	1.0	-2.693532753508962	-0.10774131014035848
5.41907559	0.94	-5.543516891739468	-0.22174067566957875
5.41907559	0.94	-6.925375816455628	-0.27701503265822514
5.41907559	0.94	-4.106033657780534	-0.16424134631122136
5.419115	0.97	-10.793155624132185	-0.4317262249652874
13.75134642	0.98	-9.070649130504954	-0.36282596522019817
13.75130391	1.0	-3.395976245334303	-0.13583904981337214
13.75134642	0.94	-4.577685579599701	-0.18310742318398807
13.75134642	0.94	-8.227381351031216	-0.3290952540412486
13.75134642	1.02	-13.63822184098344	-0.5455288736393377
13.75125295	1.0	-23.60176234581144	-0.9440704938324577
13.75129636	0.94	-9.842945779794153	-0.3937178311917661
30.18360507	1.03	-1.9855391536581322	-0.07942156614632528
30.1836854	0.97	-4.952891743004249	-0.19811566972016997
30.1837021	0.97	-13.724806733470064	-0.5489922693388026
30.18269915	1.03	-1.2418897603155417	-0.049675590412621665
30.1837021	1.03	-8.751564605742782	-0.3500625842297113
127.2824031	0.97	-20.52948262114011	-0.8211793048456045
127.2824031	0.97	-3.2504220919672093	-0.13001688367868838
127.2824031	1.02	-0.974813190951042	-0.03899252763804168
127.2824031	1.02	-3.552777257409235	-0.1421110902963694
1.93703854	0.64	-10.822659152235312	-0.4329063660894125
1.93703207	0.52	-10.854313966839497	-0.4341725586735799
1.93703207	0.52	-3.768602941613321	-0.15074411766453286
1.93702997	0.51	-6.343059532669632	-0.2537223813067853
1.93703537	0.64	-4.662480834678016	-0.18649923338712066
1.93702997	0.64	-28.487424249466645	-1.139496969978666
1.93703298	0.64	-4.852242865522274	-0.19408971462089095
1.93703207	0.52	-16.375722744579562	-0.6550289097831825
7.06117322	0.51	-4.952019679695045	-0.1980807871878018
7.061193	0.57	-2.9280758161540015	-0.11712303264616006
7.06117317	0.64	-11.320073741256888	-0.4528029496502755
7.06117359	0.52	-11.598880568985283	-0.4639552227594113
7.06117359	0.52	-1.5823576190303634	-0.06329430476121453
7.06117322	0.64	-6.077567922248866	-0.24310271688995463
3.29572965	0.75	-20.434641063533498	-0.8173856425413399
3.29570364	0.83	-1.8628045308600027	-0.07451218123440011
3.29570364	0.74	-5.491559139705613	-0.21966236558822452
3.29570324	0.75	-5.743396237689186	-0.22973584950756745
3.29570364	0.8	-18.106770096833376	-0.7242708038733351
3.29570364	0.83	-4.874288571701766	-0.19497154286807064
3.29570102	0.76	-5.363569892340338	-0.2145427956936135
3.29570364	0.83	-21.64000515337785	-0.865600206135114
5.31595347	0.83	-8.973680124203966	-0.35894720496815863
5.31595449	0.76	-18.604974936999568	-0.7441989974799827
5.31595347	0.83	-10.007353834755339	-0.40029415339021357
5.31595347	0.8	-15.315727294812351	-0.612629091792494
5.31595347	0.74	-11.592805611275427	-0.46371222445101706
5.31594758	0.75	-3.4228943356838797	-0.1369157734273552
5.31595326	0.75	-20.076735771820022	-0.8030694308728009
9.65347619	0.75	-0.17626607781485015	-0.007050643112594006
9.6534764	0.83	-10.094700916249366	-0.40378803664997465
9.6534764	0.8	-17.689247817966987	-0.7075699127186795
9.65349016	0.76	-8.768295345148466	-0.35073181380593865
1.49914695	0.83	-5.051514625087577	-0.2020605850035031
1.49914723	0.75	-13.620700064287359	-0.5448280025714943
1.49914695	0.83	-2.213171705491924	-0.08852686821967697
1.49914695	0.83	-10.191525232342443	-0.4076610092936977
5.49	0.83	-7.675850766414836	-0.30703403065659346
5.487	0.76	-12.602662583235194	-0.5041065033294078
5.48711441	0.82	-0.8335614931388577	-0.03334245972555431
5.48711079	0.85	-12.91061835284808	-0.5164247341139232
5.48711441	0.82	-9.679028661957927	-0.3871611464783171
5.48711167	0.82	-2.6721256043870323	-0.10688502417548129
5.48711079	0.76	-6.50816136511175	-0.26032645460447
8.29087418	0.76	-3.9958171180403115	-0.15983268472161247
8.29085256	0.82	-3.4225516817192045	-0.1369020672687682
8.290858	0.9	-7.757723523385466	-0.31030894093541866
8.29087418	0.76	-5.437746973896995	-0.2175098789558798
8.291	0.76	-15.489133052861412	-0.6195653221144565
8.29084167	0.82	-14.966917014080632	-0.5986766805632253
8.29087418	0.85	-7.066905524407702	-0.2826762209763081
8.29085344	0.82	-17.171974873522725	-0.686878994940909
8.291	0.76	-0.11554869940228185	-0.004621947976091274
16.73865956	0.76	-9.45222232711894	-0.3780888930847576
16.73865956	0.85	-8.457727487319055	-0.33830909949276217
16.73890832	0.82	-5.919038368129199	-0.23676153472516795
16.73866	0.9	-15.82344927732518	-0.6329379710930072
16.73865956	0.76	-13.571034826928983	-0.5428413930771593
16.73869035	0.82	-1.292402760318416	-0.05169611041273664
3.205386	0.9	-7.786445646609829	-0.3114578258643932
3.20538	0.82	-11.565194216765079	-0.46260776867060316
3.20539833	0.84	-5.981757031970741	-0.23927028127882963
4.646195	0.93	-15.54566505941447	-0.6218266023765788
4.64621076	0.81	-2.224907226911216	-0.08899628907644865
4.64622383	0.81	-22.85026200031615	-0.914010480012646
4.6461992	0.81	-6.791513103737481	-0.27166052414949926
4.64622383	0.77	-8.217408705063162	-0.3286963482025265
4.64621076	0.87	-13.155876014878503	-0.5262350405951401
7.2402285	0.81	-9.083124440287758	-0.36332497761151034
7.2402285	0.75	-0.18945317138959772	-0.0075781268555839085
7.24022418	0.77	-16.17757216542182	-0.6471028866168729
7.24022996	0.81	-3.0304623189452573	-0.1212184927578103
7.240136	0.93	-10.277645915067176	-0.411105836602687
7.2402285	0.87	-3.89348051899787	-0.1557392207599148
17.32670445	0.77	-1.7127585304295492	-0.06851034121718197
17.32668599	0.81	-5.016612108387777	-0.2006644843355111
17.32673524	0.81	-12.734572066097254	-0.5093828826438902
17.32639	0.93	-4.41159025791806	-0.1764636103167224
17.32668599	0.87	-5.0268035531854345	-0.2010721421274174
44.84124614	0.81	-4.2764492382859665	-0.17105796953143868
44.8412214	0.75	-6.490352825681113	-0.2596141130272445
44.8411168	0.77	-13.750608682457603	-0.5500243472983042
44.8412214	0.87	-0.29282481056636356	-0.011712992422654542
44.84074828	0.81	-4.750013767869959	-0.19000055071479835
44.8412214	0.87	-4.455009647259543	-0.17820038589038173
44.8411168	0.81	-5.262240101482199	-0.21048960405928796
44.8412214	0.87	-4.461098339655459	-0.17844393358621838
10.41572924	0.98	-14.183712397391908	-0.5673484958956764
10.41572666	0.95	-3.868215325931682	-0.1547286130372673
10.41572924	0.94	-21.2392959615916	-0.849571838463664
10.41572666	0.97	-14.165440819068785	-0.5666176327627513
10.416	0.98	-3.7700562229171837	-0.15080224891668734
10.415808	0.86	-8.798306236756915	-0.35193224947027657
13.084	0.9	-11.362281123820468	-0.45449124495281873
13.084	0.98	-2.2462222072873983	-0.08984888829149594
13.08424096	1.01	-0.3752398289773753	-0.015009593159095011
13.0729	0.91	-8.348535025467765	-0.3339414010187106
13.08424286	0.97	-14.959358078240871	-0.5983743231296349
13.08424096	0.98	-9.635313249329396	-0.3854125299731759
13.084	0.98	-8.5012899660298	-0.340051598641192
13.084143	0.86	-5.970287877974293	-0.23881151511897172
13.08424286	0.95	-14.77421210380715	-0.590968484152286
9.69502544	0.92	-3.8566890225215427	-0.15426756090086172
9.69502544	1.0	-18.218301939229242	-0.7287320775691697
9.69501146	1.0	-7.225949255394546	-0.28903797021578187
9.69502544	1.0	-1.0803240782527963	-0.04321296313011185
9.69501793	1.02	-2.245572729727421	-0.08982290918909684
9.69501146	1.02	-3.5140354820112663	-0.14056141928045066
15.3825006	1.0	-6.978831006414779	-0.27915324025659116
15.38232727	1.02	-4.83847177432404	-0.1935388709729616
15.3823	1.0	-0.1964614981041175	-0.0078584599241647
15.3825394	1.02	-8.4431146601023	-0.337724586404092
15.3825006	0.92	-5.552016604703575	-0.222080664188143
5.92365747	0.75	-9.953754249748602	-0.3981501699899441
5.92365634	0.79	-22.744721314115647	-0.9097888525646259
5.92365747	0.52	-1.196952825474526	-0.047878113018981046
5.92367007	0.75	-20.529916448994182	-0.8211966579597673
5.92365634	0.51	-12.69370388291405	-0.507748155316562
5.92367766	0.75	-9.265960890311014	-0.3706384356124406
105.3585964	0.51	-14.890197274025395	-0.5956078909610159
105.3585964	0.51	-9.925186378607092	-0.3970074551442837
105.35789935	0.75	-10.375670425542255	-0.4150268170216902
105.3585964	0.51	-3.2862036949214692	-0.13144814779685876
105.3585964	0.82	-23.41339322875082	-0.9365357291500328
105.35646851	0.75	-2.806740020666121	-0.11226960082664483
105.35510254	0.51	-0.3748178106763429	-0.014992712427053717
105.3582299	0.52	-22.81563392952826	-0.9126253571811305
105.3585964	0.79	-1.2514980019447337	-0.05005992007778935
20.86021229	1.11	-5.915169634847993	-0.23660678539391974
20.8613	1.21	-4.003350582709169	-0.16013402330836676
20.86024027	1.11	-5.842271219257492	-0.2336908487702997
20.86021267	1.19	-11.127692124605298	-0.44510768498421194
20.86021267	1.19	-4.311304496575406	-0.17245217986301625
20.86021267	1.19	-1.0243437765571122	-0.040973751062284486
20.86021229	0.96	-7.205130958704291	-0.28820523834817163
42.63416177	1.08	-5.844146062234596	-0.23376584248938387
42.63188	1.21	-17.640172355086946	-0.7056068942034779
42.6318	1.21	-13.11319888044319	-0.5245279552177275
42.63427848	1.11	-14.911209976204216	-0.5964483990481686
42.63416177	1.19	-0.9010487570388073	-0.03604195028155229
42.63416177	1.19	-17.502177649857046	-0.7000871059942818
42.63416177	1.19	-14.101640131350118	-0.5640656052540047
87.6451	1.21	-11.615370914195914	-0.4646148365678366
87.64710222	1.11	-2.158485931679378	-0.08633943726717512
87.6475334	1.08	-8.0021575216247	-0.32008630086498796
87.6475334	1.19	-9.77690916903418	-0.3910763667613672
87.6475334	1.19	-18.274031864793404	-0.7309612745917362
87.6476068	0.96	-16.92196821502817	-0.6768787286011267
13.93068791	0.95	-8.668417070700066	-0.34673668282800263
13.93072278	0.89	-7.540360502930335	-0.3016144201172134
13.93072278	0.91	-15.125031185735605	-0.6050012474294242
13.93072278	0.89	-8.409797360033249	-0.33639189440132994
56.476167	0.91	-8.976697509792357	-0.3590679003916943
56.475857	0.96	-13.216194788794322	-0.5286477915517729
56.476167	0.85	-3.4008734215419745	-0.13603493686167897
56.476167	0.89	-8.168711643261389	-0.3267484657304556
56.47603581	0.96	-2.6597452104009793	-0.10638980841603918
92.8750347	0.89	-8.20946196675769	-0.3283784786703076
92.874	1.0	-8.081406251420393	-0.32325625005681574
92.8750347	0.89	-8.64391502714722	-0.3457566010858888
92.8750347	0.89	-5.109061350810656	-0.20436245403242623
92.87512229	0.96	-14.673703389733923	-0.586948135589357
92.8747294	0.95	-13.19945634283974	-0.5279782537135896
9.17613539	0.99	-1.164023648639048	-0.04656094594556192
9.1761224	1.05	-13.166077663118031	-0.5266431065247212
9.17608	1.12	-17.7424864749908	-0.7096994589996319
9.17613539	0.97	-12.228194764788537	-0.4891277905915415
9.17613239	1.05	-0.8178400180134107	-0.032713600720536425
19.7383913	1.08	-0.7417819613170189	-0.029671278452680756
19.73845351	1.05	-8.115290760727664	-0.32461163042910657
19.7383913	0.97	-19.097001396475267	-0.7638800558590108
19.74070039	1.05	-1.699526264988163	-0.06798105059952653
19.7383913	0.97	-6.134964453908738	-0.24539857815634952
232.058029	0.97	-12.750270058741236	-0.5100108023496495
232.058029	0.99	-23.258944921623076	-0.930357796864923
232.0469971	0.97	-4.072936808458738	-0.1629174723383495
1.77244975	1.2	-1.840992149068059	-0.07363968596272236
1.77244975	1.2	-2.5156969553201995	-0.10062787821280798
1.77244975	1.2	-0.9728409604698103	-0.03891363841879241
1.77241008	1.17	-21.87950849186702	-0.8751803396746809
19.74733983	1.23	-5.083350722522909	-0.20333402890091637
19.74732846	1.2	-12.01940623536844	-0.48077624941473757
19.74732846	1.2	-4.955629972316787	-0.19822519889267148
19.74732846	1.31	-19.592139226968982	-0.7836855690787593
19.747469	1.23	-5.656624247156625	-0.226264969886265
19.74732846	1.2	-1.7290697298619877	-0.0691627891944795
14.9702081	0.96	-15.158022372674473	-0.6063208949069789
14.9702081	1.08	-7.503805642276785	-0.3001522256910714
14.97015	0.96	-17.432626599398265	-0.6973050639759306
32.2752118	0.96	-1.0517242893040875	-0.0420689715721635
32.2752118	0.96	-5.522194682547979	-0.22088778730191916
32.2757	0.96	-2.584166721728483	-0.10336666886913932
32.2752118	1.08	-7.3296386656616885	-0.29318554662646756
2.46106962	0.98	-2.0523609833582253	-0.08209443933432901
2.46106655	0.95	-3.548644184963149	-0.14194576739852596
2.46106655	0.99	-2.079258307404254	-0.08317033229617016
2.46106655	1.03	-8.333804398990935	-0.3333521759596374
2.46106655	1.03	-10.746749410672415	-0.4298699764268966
5.9604	1.02	-6.5863498667382565	-0.2634539946695303
5.96040324	0.89	-12.270171058362546	-0.49080684233450184
5.96040108	1.03	-14.232148642553284	-0.5692859457021314
5.96040108	0.95	-16.873335837430325	-0.674933433497213
5.96040108	0.99	-14.179861184343931	-0.5671944473737572
5.96040001	0.89	-4.767997327704908	-0.19071989310819631
5.96040066	0.89	-18.40509102788728	-0.7362036411154912
96.1009	0.95	-18.584612430235403	-0.7433844972094161
96.11050444	1.04	-17.90144104455046	-0.7160576417820184
96.109323	1.04	-4.131198568270998	-0.16524794273083993
96.109323	0.88	-7.003563249092833	-0.28014252996371336
96.105471	0.82	-4.128679209904317	-0.1651471683961727
265.467621	0.83	-2.238055880043495	-0.08952223520173981
265.467621	0.98	-20.87484055685179	-0.8349936222740716
265.467621	0.82	-8.80486186195947	-0.3521944744783788
265.467621	0.82	-0.8546926208734238	-0.03418770483493695
265.47847	1.04	-3.5493650874813416	-0.14197460349925367
2.2404867	0.67	-7.1707411994318955	-0.28682964797727584
2.240507	0.59	-18.730850020068424	-0.7492340008027369
2.24048639	0.56	-17.170747984974003	-0.6868299193989601
2.2404867	0.59	-0.8463750131567667	-0.03385500052627067
6.8277839	0.56	-22.545713810929694	-0.9018285524371877
6.8277839	0.56	-12.777176006412157	-0.5110870402564863
6.827818	0.59	-10.711941103337406	-0.42847764413349626
6.82776344	0.67	-10.59689966201919	-0.42387598648076763
5.52418625	0.92	-4.4253309975222646	-0.17701323990089057
5.52417517	0.98	-3.8999295332736543	-0.15599718133094617
5.52417517	0.98	-15.398663235901019	-0.6159465294360408
5.524	0.98	-11.807151454402167	-0.47228605817608665
8.77508519	1.04	-1.112614502210702	-0.04450458008842808
8.77508519	0.98	-10.651024399034382	-0.4260409759613753
8.77519484	0.92	-21.59413138514152	-0.8637652554056608
8.77508519	0.98	-17.10664887435899	-0.6842659549743596
8.77514782	0.86	-9.324285155512742	-0.37297140622050967
8.77514782	0.92	-5.909526602413844	-0.23638106409655377
8.77514	0.82	-19.10097453849703	-0.7640389815398813
4.66271906	1.07	-17.397886822803905	-0.6959154729121562
4.66271906	1.02	-17.196710285315966	-0.6878684114126387
4.6627227	0.98	-22.41922536225702	-0.8967690144902808
4.66271902	1.05	-20.954324129099316	-0.8381729651639727
4.66271906	1.11	-19.138202304363595	-0.7655280921745439
4.66271775	1.08	-13.78876514569129	-0.5515506058276516
4.66271902	1.08	-22.329402840442153	-0.8931761136176861
4.66271906	1.11	-3.2403450865286327	-0.12961380346114532
4.66271796	1.08	-4.307007745907418	-0.17228030983629672
11.8150013	1.11	-12.155449184326141	-0.4862179673730456
11.8150005	1.08	-2.0030117454271728	-0.08012046981708691
11.8150013	1.11	-1.7448167950825182	-0.06979267180330073
11.8150174	1.05	-10.343637608372386	-0.4137455043348955
11.8150013	1.02	-18.83269380893846	-0.7533077523575383
11.8150174	1.08	-3.2690591924563424	-0.1307623676982537
4.36274436	0.96	-12.271791415592899	-0.49087165662371596
4.36274395	0.99	-3.82594259981264	-0.1530377039925056
4.362741	0.96	-1.4852518925787104	-0.059410075703148414
4.36274436	1.35	-8.51188359338158	-0.34047534373526317
4.36274436	0.93	-4.489688727978166	-0.17958754911912664
4.36274436	1.35	-5.710646965948224	-0.22842587863792896
6.94135925	0.99	-0.4432067113058671	-0.017728268452234682
6.94135704	0.99	-5.725032361603402	-0.22900129446413608
6.94135962	0.96	-10.44214782318472	-0.4176859129273888
6.94135962	1.35	-10.414550188031768	-0.4165820075212707
6.94135962	1.35	-1.3305552167792654	-0.05322220867117061
31.7821117	0.88	-9.23269349839785	-0.36930773993591404
31.78221016	0.99	-25.65339593609172	-1.0261358374436689
31.78226	0.96	-7.197859842272603	-0.2879143936909041
31.78209253	1.35	-19.338082488914456	-0.7735232995565783
31.78209253	1.35	-9.265569996148606	-0.37062279984594426
31.78209253	0.96	-17.867517210894476	-0.714700688435779
31.78209253	1.35	-16.93505578707822	-0.6774022314831288
31.78204372	0.99	-4.975893881230672	-0.19903575524922687
31.7821117	0.99	-2.5093057081052663	-0.10037222832421065
5.90129534	0.57	-5.282158983488888	-0.2112863593395555
5.9012915	0.57	-9.148234383659291	-0.36592937534637165
5.90125513	0.52	-5.794078799403961	-0.23176315197615843
5.901	0.51	-7.667708015419298	-0.30670832061677195
5.90127815	0.57	-14.775397018805128	-0.5910158807522051
5.9012	0.54	-1.1879949245030996	-0.047519796980123985
5.90124	0.58	-8.210148852665478	-0.3284059541066191
5.90128282	0.52	-1.2075040056777966	-0.048300160227111866
5.90128282	0.52	-4.429451642821858	-0.17717806571287434
5.90127815	0.51	-7.6229048043809104	-0.3049161921752364
8.752167	0.55	-1.8588698190643715	-0.07435479276257487
8.7522	0.54	-9.186136234894269	-0.3674454493957708
8.752	0.51	-5.71620579932577	-0.22864823197303083
8.75210645	0.52	-13.037623420202912	-0.5215049368081165
8.75210645	0.52	-3.072424281139993	-0.12289697124559971
8.75210645	0.52	-0.15095261850171138	-0.006038104740068455
8.752	0.57	-1.9120223282905322	-0.07648089313162129
8.75209691	0.51	-14.125595982408798	-0.5650238392963519
8.75208271	0.57	-11.196205914788901	-0.4478482365915561
8.75209691	0.57	-14.19910052767559	-0.5679640211070236
8.75208025	0.57	-4.683962416764018	-0.18735849667056073
22.7802	0.58	-12.436453034677339	-0.49745812138709355
22.78076945	0.52	-18.727027449847746	-0.7490810979939099
22.7809011	0.57	-9.58522014935154	-0.38340880597406163
22.7802	0.54	-2.947884167342708	-0.11791536669370832
22.78	0.51	-16.730170408020875	-0.669206816320835
22.78076945	0.52	-7.405358647908414	-0.29621434591633655
22.78076945	0.52	-5.613179282857051	-0.22452717131428204
22.78073412	0.57	-0.3067130625757266	-0.012268522503029065
2.89600521	0.51	-1.2130974816767415	-0.04852389926706966
2.89600521	0.57	-10.482423332610836	-0.4192969333044334
2.896029	0.52	-8.825696720250512	-0.3530278688100205
2.89601379	0.57	-9.570225969082841	-0.3828090387633137
2.896009	0.55	-28.2733408835486	-1.130933635341944
2.89601379	0.52	-16.451007895833538	-0.6580403158333415
2.89601166	0.57	-8.165432056950428	-0.3266172822780171
0.74295884	0.57	-2.976064936201863	-0.11904259744807454
0.74295905	0.57	-11.02872473982504	-0.44114898959300164
0.74295791	0.51	-19.05415912559008	-0.7621663650236031
0.74295884	0.52	-8.399707330072875	-0.335988293202915
0.74295884	0.52	-11.222963515798462	-0.4489185406319385
0.74295884	0.52	-17.917105718753252	-0.71668422875013
0.74296	0.58	-7.179439599737703	-0.28717758398950816
0.74295791	0.57	-5.429829577952014	-0.21719318311808056
8.37160502	1.33	-0.6461185177368629	-0.025844740709474515
8.37160502	1.08	-0.8567698931860659	-0.034270795727442634
8.37160502	1.08	-9.44767044006812	-0.37790681760272476
8.37160502	1.07	-0.10388097669723972	-0.004155239067889589
17.9346563	1.08	-2.22799174342461	-0.0891196697369844
17.93457936	1.12	-12.458627436138832	-0.4983450974455533
17.9346563	1.33	-3.110890563764867	-0.12443562255059469
17.9346563	1.08	-6.185124633951919	-0.24740498535807676
4.91538545	1.03	-9.985891369349046	-0.39943565477396187
4.915378	0.9	-0.3324874175349186	-0.013299496701396745
4.91538579	1.03	-18.988465266740917	-0.7595386106696367
4.91538707	1.06	-1.090117146300178	-0.04360468585200712
4.91538545	1.02	-9.604336941595523	-0.38417347766382093
4.91538707	1.06	-4.0688197689617684	-0.16275279075847074
13.0939051	1.06	-0.8730732077759207	-0.03492292831103683
13.09390911	1.03	-24.24014062682371	-0.9696056250729485
13.0939051	1.06	-15.981737416401497	-0.6392694966560599
13.093922	0.9	-22.05828390545367	-0.8823313562181468
13.0939051	1.03	-6.952084781958238	-0.27808339127832954
13.09391017	1.03	-11.96264096992496	-0.4785056387969984
1.65389346	0.91	-7.5228163926054705	-0.3009126557042188
1.65388948	0.88	-15.556456505269916	-0.6222582602107967
1.65389346	0.74	-7.441177479732039	-0.29764709918928156
1.65389346	0.74	-10.22890580578941	-0.4091562322315764
1.65389346	0.74	-29.132680250348358	-1.1653072100139343
1.6538917	0.92	-13.270781868057592	-0.5308312747223036
1.653898	0.9	-8.26781599029039	-0.3307126396116156
1.65389346	0.92	-17.423293346845064	-0.6969317338738026
4.337238	0.9	-11.52669310264736	-0.4610677241058944
4.33722404	0.91	-3.4086497244930123	-0.1363459889797205
4.33722007	0.92	-3.85171563598852	-0.1540686254395408
4.33723745	0.92	-5.41328583168468	-0.21653143326738722
4.33722404	0.74	-15.687488970391435	-0.6274995588156574
4.33722404	0.74	-12.40832459761354	-0.4963329839045416
4.33722404	0.92	-12.782215158782819	-0.5112886063513128
1.67832545	1.12	-6.302195205869101	-0.252087808234764
1.678338	1.16	-7.044886349381379	-0.2817954539752552
1.67832545	1.12	-13.814210744539924	-0.5525684297815969
1.6783263	1.0	-15.217802123527314	-0.6087120849410925
1.6783263	1.05	-9.854101219522303	-0.3941640487808921
3.55382967	1.12	-13.931760593657796	-0.5572704237463119
3.55382967	1.12	-3.322826333767869	-0.13291305335071477
3.55383364	1.05	-7.480284487775813	-0.2992113795110325
3.554	1.12	-10.990536074095626	-0.43962144296382505
3.55382295	1.05	-23.223099102819067	-0.9289239641127627
4.38536428	0.89	-8.851198592845645	-0.3540479437138258
4.38536461	0.9	-11.283597304979642	-0.4513438921991857
4.38536428	0.84	-21.31967522338289	-0.8527870089353157
4.38536461	0.9	-11.891556428889674	-0.47566225715558696
4.38536461	0.9	-9.359374206546503	-0.3743749682618601
4.385316	0.85	-3.6555761545095975	-0.1462230461803839
4.38538429	0.89	-0.9878187826224449	-0.0395127513048978
51.8098276	0.89	-3.8416639274623714	-0.15366655709849486
51.81024389	0.89	-8.515786589175537	-0.3406314635670215
51.8096695	0.9	-1.963872589343811	-0.07855490357375244
51.8096695	0.9	-5.6589611616607165	-0.22635844646642866
51.8098276	0.84	-6.360553157346637	-0.2544221262938655
13.97925	0.85	-6.4311025282979735	-0.2572441011319189
13.97946091	0.89	-3.5343696989071125	-0.1413747879562845
13.97946561	0.9	-2.862282947062245	-0.1144913178824898
13.97946561	0.9	-21.521085300229316	-0.8608434120091727
13.97946561	0.9	-11.824400734945645	-0.4729760293978258
13.97946561	0.9	-11.781929468201895	-0.4712771787280758
13.97945055	0.84	-6.640717721370614	-0.2656287088548246
4.54443647	0.99	-2.9379456296394038	-0.11751782518557616
4.54443777	0.89	-18.769913535893444	-0.7507965414357378
4.54443777	0.89	-17.797985041622308	-0.7119194016648923
4.54443777	0.91	-28.47414925996881	-1.1389659703987525
4.544475	0.92	-8.386647445264009	-0.33546589781056035
4.54445723	0.99	-2.408058943159336	-0.09632235772637344
4.54443059	0.99	-7.155734654689913	-0.2862293861875965
12.76220558	0.99	-18.87774578584878	-0.7551098314339513
12.76224947	0.89	-10.867888176409096	-0.43471552705636385
12.76224947	0.91	-12.70167313719542	-0.5080669254878168
12.76212	0.92	-13.89244292186319	-0.5556977168745276
12.76224947	0.89	-3.3633579359774552	-0.13453431743909822
12.76220558	0.92	-12.293282559408457	-0.4917313023763383
12.76224947	0.91	-16.66601058771972	-0.6666404235087889
38.7149617	0.99	-4.5384057098837856	-0.1815362283953514
38.71585	0.92	-9.246402187790226	-0.36985608751160903
38.7146833	0.89	-3.911804789296315	-0.1564721915718526
38.7146833	0.91	-6.410343650470389	-0.25641374601881556
38.71479726	0.99	-5.210944613678065	-0.2084377845471226
38.7146833	0.91	-7.0039527532032	-0.280158110128128
38.7149617	0.92	-17.18212984466583	-0.6872851937866332
2.24828854	0.93	-15.77747794114623	-0.6310991176458493
2.24828854	0.91	-7.422875754847267	-0.2969150301938907
2.24828854	0.93	-8.792997048825846	-0.35171988195303383
2.248	0.93	-2.1565149777675368	-0.08626059911070147
2.24830252	0.88	-6.859482236654956	-0.2743792894661982
2.2483077	0.91	-12.40751111609487	-0.4963004446437948
2.24829055	0.88	-2.3929340090339823	-0.09571736036135929
2.24828854	0.85	-6.513266306640603	-0.26053065226562416
2.24828854	0.93	-2.3069352088979924	-0.0922774083559197
2.24828821	0.88	-7.511937733440654	-0.3004775093376261
4.580339	0.91	-20.277256164095743	-0.8110902465638298
4.58033862	0.85	-0.945831502213736	-0.03783326008854944
4.58033354	0.88	-9.200450348291042	-0.3680180139316417
4.58034616	0.82	-4.83486897686589	-0.1933947590746356
4.58033862	0.93	-6.658075961527387	-0.26632303846109545
6.76689811	0.85	-9.36881724028625	-0.37475268961145
6.766912	0.91	-17.97278853877136	-0.7189115415508545
6.76690759	0.82	-3.680059125598362	-0.14720236502393447
6.76689811	0.91	-11.429469579774599	-0.457178783190984
6.76689811	0.93	-12.205857138633476	-0.48823428554533904
2.5495633	0.57	-6.3259534049633395	-0.2530381361985336
2.55	0.58	-20.751950120648015	-0.8300780048259206
2.54956265	0.59	-1.9062961073722582	-0.07625184429489033
2.5495633	0.5	-8.570980997403634	-0.34283923989614534
2.54956265	0.51	-1.9343602860090465	-0.07737441144036186
2.5495633	0.5	-4.729314445946988	-0.18917257783787952
2.54955841	0.59	-1.493646157594908	-0.05974584630379632
2.54954597	0.59	-29.723911617254693	-1.1889564646901878
5.21232556	0.59	-3.6723821455467145	-0.1468952858218686
5.21231585	0.5	-0.6533462241900883	-0.02613384896760353
5.212275	0.55	-3.2157221744593567	-0.12862888697837427
5.21231585	0.5	-6.477971017437014	-0.25911884069748053
5.21231585	0.57	-7.051193798069894	-0.2820477519227958
5.212	0.5	-6.8138921943922774	-0.2725556877756911
5.21230171	0.59	-3.1669992085606546	-0.12667996834242617
5.212	0.58	-0.47802616367460327	-0.01912104654698413
13.96950181	0.51	-14.521943991565488	-0.5808777596626196
13.96950159	0.59	-12.978084588494097	-0.5191233835397638
13.969	0.5	-1.705196714639323	-0.06820786858557291
13.96948245	0.5	-2.0215339191174486	-0.08086135676469795
13.96935372	0.59	-14.591396613533083	-0.5836558645413233
34.921	1.15	-12.32019077221946	-0.49280763088877844
34.9176592	1.15	-14.387213234367087	-0.5754885293746835
34.9176592	1.15	-20.0208127989705	-0.80083251195882
34.9168399	1.13	-28.200628424647178	-1.1280251369858871
34.9176592	1.15	-8.586448882535047	-0.3434579553014019
71.3101	1.07	-2.6319423771498176	-0.1052776950859927
71.3116598	1.13	-4.344545178686228	-0.17378180714744912
71.3116583	1.24	-7.165945260492889	-0.2866378104197156
71.3116598	1.16	-10.668914038800695	-0.4267565615520278
7.41634311	0.53	-4.677137792898382	-0.18708551171593527
7.41634701	0.56	-4.217601903989536	-0.16870407615958144
7.41634311	0.57	-22.97430994088228	-0.9189723976352911
18.6848057	0.53	-5.125530092663235	-0.2050212037065294
18.68485822	0.7	-7.71003386966996	-0.3084013547867984
18.6848057	0.57	-9.489632825510672	-0.37958531302042686
5.66815436	1.21	-7.784317263412282	-0.3113726905364913
5.66815436	1.18	-1.4642080948080916	-0.058568323792323664
5.66815436	1.1	-13.973796404918563	-0.5589518561967425
5.66815436	1.1	-0.6149207939617174	-0.024596831758468697
5.668075	1.29	-11.271412717917325	-0.450856508716693
5.66815436	1.1	-4.358922167672851	-0.17435688670691404
5.66815821	1.07	-11.761548866160542	-0.4704619546464217
5.66793	1.29	-8.065126620435903	-0.3226050648174361
13.175373	1.07	-7.378279870624192	-0.2951311948249677
13.175619	1.29	-20.81152893338346	-0.8324611573353384
13.17556672	1.18	-13.517482991395994	-0.5406993196558397
13.17556672	1.1	-2.4531205338245043	-0.09812482135298017
13.17556672	1.1	-0.35775366435024436	-0.014310146574009775
21.77568751	1.18	-22.60859695962688	-0.9043438783850752
21.77566056	1.07	-2.7898078112108085	-0.11159231244843235
21.77568751	1.1	-1.6032879046289228	-0.06413151618515692
21.77596	1.29	-5.007721932410307	-0.2003088772964123
21.775754	1.29	-4.34468767185151	-0.1737875068740604
21.776	1.1	-1.6135248510025861	-0.06454099404010345
21.77568751	1.21	-7.82929716549586	-0.3131718866198344
31.78466	1.29	-4.490636666173472	-0.1796254666469389
31.7848157	1.1	-8.752109760620451	-0.35008439042481804
31.7849578	1.07	-6.693013060546711	-0.26772052242186845
31.7844	1.29	-1.6606216238726272	-0.06642486495490509
31.78476785	1.1	-8.07703443376192	-0.3230813773504768
31.78476785	1.1	-14.376000544646985	-0.5750400217858794
31.784	1.1	-2.651209813051532	-0.10604839252206129
41.0280637	1.1	-1.6396499788137309	-0.06558599915254923
41.0280637	1.18	-26.491937207116713	-1.0596774882846685
41.0283424	1.07	-9.591808055627482	-0.3836723222250993
41.0280637	1.1	-0.3977738585428916	-0.015910954341715664
41.02902	1.29	-8.636235708080306	-0.3454494283232123
41.02813945	1.07	-6.667912961425188	-0.2667165184570075
41.0280637	1.21	-5.9864931925988	-0.23945972770395202
8.25984303	0.82	-5.194124212269493	-0.20776496849077972
8.25980352	0.78	-0.17084016556692605	-0.006833606622677042
8.25981532	0.85	-18.792348273470292	-0.7516939309388118
8.2598	0.79	-21.1354501541085	-0.84541800616434
8.25981532	0.82	-13.437917018671875	-0.537516680746875
8.25981532	0.82	-12.850240784606486	-0.5140096313842595
8.25981532	0.79	-1.1140471369116032	-0.04456188547646413
15.95545002	0.79	-3.9886392323797946	-0.15954556929519179
15.95522	0.79	-12.699448288366655	-0.5079779315346662
15.9556054	0.82	-10.570044055557439	-0.42280176222229754
15.95545002	0.85	-6.93549261552002	-0.2774197046208008
15.95545002	0.82	-3.123477424630543	-0.12493909698522172
8.45747483	0.54	-13.34475768212383	-0.5337903072849532
8.45747483	0.54	-8.355908884149052	-0.3342363553659621
8.45750018	0.73	-4.555583015007501	-0.18222332060030005
8.45748947	0.73	-13.827231804315632	-0.5530892721726253
8.45747483	0.74	-1.5668501936123223	-0.06267400774449289
8.45746636	0.73	-4.987515100513166	-0.19950060402052663
17.2811521	0.54	-10.77903047263738	-0.43116121890549525
17.2811521	0.54	-20.384884537674694	-0.8153953815069878
17.28127891	0.73	-16.00062918305296	-0.6400251673221184
17.28116	0.65	-10.271040230303567	-0.4108416092121427
17.2811521	0.74	-4.146503286623381	-0.16586013146493525
17.28116957	0.54	-27.60593742214123	-1.1042374968856492
32.13493	0.65	-8.716391920848451	-0.34865567683393806
32.1340737	0.54	-17.425589820142385	-0.6970235928056954
32.1340014	0.73	-6.104533097853375	-0.24418132391413502
32.1340014	0.54	-12.57371414470084	-0.5029485657880336
32.13372916	0.73	-9.30706561295774	-0.37228262451830957
32.1340737	0.74	-15.018040327431669	-0.6007216130972668
7.62640248	0.81	-6.958679294191086	-0.27834717176764345
15.9956114	0.8	-4.129415077452347	-0.16517660309809387
15.9956114	0.74	-5.24211060769106	-0.20968442430764242
15.99561699	0.81	-2.5434244495890166	-0.10173697798356067
15.9956114	0.8	-16.89973057902631	-0.6759892231610525
15.9955105	0.81	-9.738702631309295	-0.38954810525237177
15.9956114	0.8	-1.8045739226614066	-0.07218295690645626
15.9956114	0.8	-9.393989884440957	-0.3757595953776383
15.99560373	0.77	-8.37268602986263	-0.33490744119450516
34.2113054	0.74	-13.124625670551664	-0.5249850268220666
34.2113054	0.8	-2.9941379134764876	-0.11976551653905951
34.2113054	0.8	-5.151539293688928	-0.20606157174755713
12.55111099	0.7	-0.46650071732347054	-0.018660028692938823
12.551	0.67	-18.189071140856758	-0.7275628456342703
12.55116369	0.7	-3.0594097764001886	-0.12237639105600755
12.55109333	0.59	-12.993212760673623	-0.5197285104269449
12.55111099	0.61	-24.552948100658607	-0.9821179240263443
12.55109333	0.59	-6.302352563558407	-0.2520941025423363
12.55096	0.6	-9.66253297467622	-0.38650131898704876
12.55109333	0.66	-0.9669954099273865	-0.03867981639709546
12.55109333	0.59	-3.012650006863564	-0.12050600027454257
24.0882568	0.59	-12.118714042987627	-0.4847485617195051
24.0882568	0.59	-6.406488328171151	-0.2562595331268461
24.08838547	0.7	-14.976401099064745	-0.5990560439625898
24.08826	0.6	-7.104694544900507	-0.2841877817960203
5.47033694	1.07	-6.379548151622084	-0.2551819260648834
5.470371	1.06	-0.8113934467083048	-0.032455737868332196
5.47033089	1.07	-2.071167935916866	-0.08284671743667466
5.47033694	1.02	-14.698857320297815	-0.5879542928119126
5.47033376	0.96	-4.138366181468964	-0.16553464725875855
5.47033694	0.96	-26.67530055953268	-1.0670120223813073
5.47033694	0.96	-7.5165759336231055	-0.3006630373449242
5.47033376	1.07	-3.7533915333713157	-0.15013566133485262
12.75799391	1.07	-7.954806693997666	-0.31819226775990667
12.75800092	1.07	-16.00626852737514	-0.6402507410950057
12.75802811	0.96	-15.022896165642457	-0.6009158466256983
12.75802811	0.96	-6.208534347257903	-0.2483413738903161
12.75802811	1.02	-5.689160956437162	-0.22756643825748646
12.75802811	1.07	-7.576480448095413	-0.3030592179238165
12.75802811	1.02	-5.10837364700847	-0.20433494588033882
12.75801494	1.07	-11.35097228299994	-0.45403889131999764
25.09852074	1.07	-24.1982915718323	-0.967931662873292
25.09852783	1.02	-26.73634850588281	-1.0694539402353125
25.09852783	0.96	-4.750407956397327	-0.19001631825589307
25.09852783	1.07	-1.595549109760095	-0.0638219643904038
6.56225728	1.23	-5.020911293399144	-0.20083645173596576
6.56225728	1.37	-32.23007642697048	-1.289203057078819
6.56225728	1.02	-16.310383261801682	-0.6524153304720673
6.562295	1.03	-0.4827663922025116	-0.019310655688100465
6.56226483	1.21	-8.325495754347976	-0.33301983017391906
67.844689	1.08	-6.342225971236047	-0.2536890388494419
67.8450771	1.02	-10.003836095339409	-0.40015344381357637
67.8450771	1.23	-8.99470401124904	-0.3597881604499616
67.844689	1.21	-15.099657636584876	-0.603986305463395
67.8450771	1.37	-21.80574001647303	-0.8722296006589213
2.02482034	0.94	-23.315781334505925	-0.932631253380237
2.0248205	1.09	-12.128808737620732	-0.48515234950482927
2.02482034	0.94	-2.364249135601951	-0.09456996542407804
2.024848	1.06	-12.72122509101071	-0.5088490036404284
9.59993139	0.94	-7.295634421824369	-0.2918253768729748
9.59993139	1.09	-16.840113427071984	-0.6736045370828794
9.599922	1.06	-3.317593807282303	-0.1327037522912921
9.59993139	0.94	-12.534122735641683	-0.5013649094256674
20.67879355	0.94	-14.825198099890132	-0.5930079239956053
20.67879355	0.94	-0.5823924761836383	-0.023295699047345533
20.67879355	0.94	-0.6107442405818717	-0.02442976962327487
20.67885	1.06	-12.740937413187376	-0.509637496527495
20.67879355	1.09	-7.492410986561089	-0.29969643946244356
3.29276797	1.01	-14.246358433682849	-0.5698543373473139
3.29276797	1.01	-15.940001417802144	-0.6376000567120857
3.29276965	0.97	-15.151405173489188	-0.6060562069395675
3.29276965	1.05	-13.279820801493738	-0.5311928320597495
3.292743	1.02	-23.73130419952063	-0.9492521679808252
9.69315023	1.01	-11.284202914348352	-0.4513681165739341
9.69315023	1.01	-3.2026215843241475	-0.1281048633729659
9.69311847	1.01	-15.557378589819681	-0.6222951435927873
9.69315566	1.05	-12.320342620419243	-0.4928137048167697
13.72707449	1.14	-10.745566839709824	-0.42982267358839293
13.72714023	1.06	-28.687220718108705	-1.1474888287243483
13.72707449	1.1	-4.380803096115868	-0.17523212384463474
13.72707449	1.14	-10.44263239248862	-0.41770529569954484
13.72710334	1.06	-5.763998242031038	-0.2305599296812415
13.72686	1.1	-3.294848985012208	-0.13179395940048833
24.3111399	1.14	-10.520724354939937	-0.42082897419759746
24.3111399	1.14	-5.1855039166043415	-0.20742015666417365
24.31110266	1.06	-5.466783754125635	-0.21867135016502542
24.3110031	1.09	-7.474535138544709	-0.29898140554178837
24.3111399	1.2	-6.627184770871142	-0.26508739083484567
24.3110031	1.06	-9.30967003776962	-0.37238680151078485
44.4301361	1.14	-9.089268772302187	-0.3635707508920875
44.4287	1.06	-4.7290572674497335	-0.18916229069798934
44.4315	1.1	-17.74940231660433	-0.7099760926641732
44.4301361	1.2	-8.755387321159018	-0.3502154928463607
44.4304059	1.09	-5.9821750851556335	-0.23928700340622533
9.34144548	1.14	-1.2080304940607294	-0.048321219762429174
9.34145925	1.09	-0.8057703653070092	-0.03223081461228037
9.34144548	1.14	-3.2639168053610232	-0.13055667221444092
9.34144548	1.1	-6.166460446289538	-0.24665841785158152
9.34150876	1.06	-1.021633311598836	-0.04086533246395344
4.97761996	0.88	-2.002577922469453	-0.08010311689877812
4.97760447	0.87	-5.7377753557140725	-0.2295110142285629
4.97759711	0.96	-7.730407821160385	-0.3092163128464154
4.977671	0.93	-17.95481376854283	-0.7181925507417133
4.97761996	0.88	-0.24781153898282748	-0.0099124615593131
4.97761996	0.88	-1.1259285502148013	-0.04503714200859205
6.98800953	0.87	-1.0048054650379141	-0.04019221860151657
6.98803345	0.87	-15.798402650690843	-0.6319361060276337
6.98825	0.93	-14.304855590896118	-0.5721942236358447
6.988	0.88	-5.361546465167065	-0.2144618586066826
6.98803345	0.88	-11.241148978520515	-0.4496459591408206
6.98800953	0.96	-5.059201753254049	-0.20236807013016198
6.98802652	0.96	-19.666669177558294	-0.7866667671023317
6.98803345	0.88	-24.295492609873676	-0.971819704394947
6.98803345	0.93	-8.115857913908805	-0.3246343165563522
10.55838956	0.87	-17.921748365371236	-0.7168699346148495
10.55838956	0.93	-6.518359740642992	-0.26073438962571965
10.55838956	0.88	-5.154947019841184	-0.20619788079364734
10.558	0.88	-32.281668621792754	-1.2912667448717101
10.55838956	0.88	-9.158349826681897	-0.36633399306727593
10.55840479	0.96	-4.205150281264602	-0.1682060112505841
288.822	1.05	-0.5548837943039562	-0.02219535177215825
14.8444163	2.05	-16.288034029321594	-0.6515213611728637
14.8444836	1.87	-0.813435875981102	-0.032537435039244084
14.8444163	2.05	-16.921528814223578	-0.6768611525689431
22.8245485	2.05	-3.885423264979668	-0.1554169305991867
22.8245485	2.05	-0.8739494025661634	-0.03495797610264654
22.82485	2.09	-3.216326835035728	-0.12865307340142912
22.8245144	1.42	-0.1743709493164982	-0.0069748379726599285
22.8245485	1.65	-2.8501857571850975	-0.1140074302874039
22.8245144	1.87	-3.9147992864357173	-0.1565919714574287
5.19556758	1.0	-1.4053239902356978	-0.05621295960942791
5.19556758	0.98	-11.429590404909417	-0.4571836161963767
5.19556758	1.0	-4.524121344342329	-0.18096485377369317
5.19559398	0.96	-15.663259141029968	-0.6265303656411988
5.1955	1.01	-6.581520827416426	-0.26326083309665704
5.19556758	1.0	-14.118919015333386	-0.5647567606133355
5.19561701	1.01	-3.6176838310733563	-0.14470735324293427
8.01041305	1.0	-14.669900680225748	-0.5867960272090299
8.01041305	1.0	-11.137987219523406	-0.4455194887809363
8.0103929	1.01	-16.000993072810513	-0.6400397229124205
8.01041305	1.0	-0.3080827475265582	-0.012323309901062326
8.01041305	0.98	-13.553970119207342	-0.5421588047682937
8.0103206	1.01	-12.126207024497113	-0.4850482809798845
8.01040007	1.01	-8.286317911522039	-0.33145271646088154
27.6666273	1.01	-12.308608345222055	-0.4923443338088822
27.6665971	1.0	-7.024785943257685	-0.2809914377303074
27.66496	1.01	-13.865056639222901	-0.5546022655689161
27.6666375	0.96	-1.5938822764670746	-0.06375529105868298
27.6665971	0.98	-10.841528072226762	-0.4336611228890705
27.6665971	1.0	-19.076094654706747	-0.7630437861882698
27.6665971	1.0	-6.278020830700787	-0.25112083322803147
27.6669227	1.01	-10.260183649924658	-0.4104073459969863
42.4729078	1.01	-13.91409056852838	-0.5565636227411352
42.4730575	0.98	-6.445176409828874	-0.257807056393155
42.46865388	1.01	-3.9660506552902914	-0.15864202621161166
42.4730575	1.0	-8.753775877037647	-0.3501510350815059
42.4730575	1.0	-15.5814969666502	-0.623259878666008
42.4718417	1.01	-7.463568168839138	-0.2985427267535655
42.4730575	1.0	-10.422944437381735	-0.4169177774952694
42.4729078	0.96	-10.13604057902915	-0.405441623161166
15.170189	1.19	-2.004447316830932	-0.08017789267323729
15.17026179	1.2	-5.055278947105792	-0.2022111578842317
15.17026921	1.16	-3.806493305550476	-0.15225973222201905
15.17026179	1.2	-15.393442875393832	-0.6157377150157534
15.17026179	1.2	-4.016873555618275	-0.16067494222473103
15.17043614	1.16	-3.1869683488498515	-0.12747873395399406
15.17026179	1.26	-8.621085043334212	-0.34484340173336847
26.2347447	1.25	-6.928877872363037	-0.2771551148945215
26.2348478	1.21	-4.587677378043778	-0.18350709512175112
26.23489576	1.16	-5.759671882824021	-0.23038687531296084
26.2348478	1.26	-5.877039090299613	-0.2350815636119845
26.2348478	1.2	-4.737726454065429	-0.18950905816261718
39.45988	1.19	-5.211366099227876	-0.20845464396911503
39.4571522	1.2	-3.7796390190830853	-0.15118556076332343
39.45718702	1.16	-10.592173011269468	-0.4236869204507787
39.4571522	1.2	-17.641889875364097	-0.7056755950145639
1.64422461	1.2	-4.125401662987246	-0.16501606651948983
1.64422461	1.21	-3.182018041340776	-0.12728072165363105
1.64422461	1.2	-5.14374204879506	-0.2057496819518024
8.96852012	1.03	-16.81813192534022	-0.6727252770136088
8.96848108	1.05	-5.117757389472389	-0.20471029557889556
8.96847034	1.05	-3.4194953512198163	-0.13677981404879266
23.22163264	1.03	-7.059896165364862	-0.2823958466145945
23.2218189	1.08	-22.88904547825738	-0.9155618191302952
23.22181264	1.03	-1.7809779086815876	-0.0712391163472635
21.96412252	0.92	-3.398164830384256	-0.13592659321537023
21.96392155	0.92	-12.969659402901716	-0.5187863761160686
21.96399084	0.94	-2.6613787100963155	-0.10645514840385262
21.96399084	0.94	-12.162926738574821	-0.48651706954299284
21.96399084	0.94	-6.8156279962802815	-0.27262511985121124
21.96401646	0.92	-8.508049073321924	-0.340321962932877
125.602302	0.93	-10.774759542070743	-0.43099038168282977
125.602302	0.94	-22.711136418578487	-0.9084454567431395
125.602323	0.92	-1.6124659223509503	-0.06449863689403801
125.602302	0.93	-4.388329783582046	-0.17553319134328185
7.42	0.79	-8.735446660091547	-0.3494178664036619
7.41557859	0.72	-14.944740839140117	-0.5977896335656047
7.416	0.7	-2.757987669265825	-0.110319506770633
9.38742889	0.62	-8.73675266750126	-0.3494701067000504
9.38740646	0.71	-6.404736024260491	-0.2561894409704196
9.387	0.7	-5.47649964670595	-0.219059985868238
9.38742889	0.72	-22.916074372140866	-0.9166429748856346
9.387512	0.61	-13.595638758320435	-0.5438255503328174
9.39	0.79	-6.054787569404873	-0.24219150277619492
9.38742889	0.62	-16.024410261498467	-0.6409764104599387
9.38742889	0.62	-13.411733489537445	-0.5364693395814978
6.511104	0.98	-4.438988362832595	-0.1775595345133038
6.51111985	1.06	-3.506513620722676	-0.14026054482890704
6.51112385	1.06	-9.428680744118468	-0.37714722976473875
6.511168	1.02	-6.091531424627195	-0.2436612569850878
23.85136	1.02	-4.868733149103604	-0.19474932596414415
23.85161614	0.98	-12.658340600123656	-0.5063336240049463
23.85163032	1.06	-1.6473425338021346	-0.06589370135208539
23.85163321	1.06	-0.5128387900519673	-0.020513551602078694
12.7983174	1.0	-7.638854871226904	-0.3055541948490762
12.79838462	1.05	-12.629146411630451	-0.505165856465218
27.3216332	1.07	-9.685444713631194	-0.3874177885452478
27.3214242	1.0	-9.995590586514053	-0.39982362346056216
27.3216332	1.07	-1.729340139848358	-0.06917360559393433
85.520888	0.92	-13.397719658553875	-0.535908786342155
85.517344	1.05	-3.618669038356175	-0.144746761534247
85.520888	1.07	-11.383857460968837	-0.4553542984387535
85.520888	1.07	-2.6916828304164087	-0.10766731321665635
7.05675289	1.2	-9.638702235450534	-0.3855480894180214
7.05676864	1.33	-6.269853745232389	-0.25079414980929554
7.05675289	1.2	-0.6306890426355167	-0.02522756170542067
7.05673363	1.33	-21.746392881427546	-0.8698557152571018
17.26551258	1.33	-12.614751803391746	-0.5045900721356699
17.26528261	1.33	-1.1693094867633917	-0.04677237947053567
17.2654644	1.2	-1.0025972943219317	-0.040103891772877265
17.2654644	1.2	-6.091922941458241	-0.24367691765832966
17.2654644	1.27	-12.876374030538638	-0.5150549612215456
17.2654644	1.2	-4.511647968634325	-0.180465918745373
17.2654644	1.19	-20.965033590995745	-0.8386013436398299
17.2653659	1.26	-5.857732006757523	-0.23430928027030093
5.92973644	1.0	-11.836249621939821	-0.4734499848775928
5.92972237	1.01	-10.181052488366944	-0.40724209953467777
5.929774	1.02	-27.26623588709683	-1.0906494354838732
12.248	1.0	-6.4006645952423815	-0.2560265838096953
12.24764145	1.0	-10.513795894837124	-0.42055183579348493
12.2476121	1.01	-16.029872553448396	-0.6411949021379358
12.24764145	1.0	-19.919225181740998	-0.79676900726964
12.24764903	1.01	-10.648040693368877	-0.42592162773475506
12.2476121	1.03	-11.426747683767418	-0.45706990735069675
12.24764145	1.12	-10.747865276406513	-0.4299146110562605
12.24764145	1.0	-6.7872247428114925	-0.2714889897124597
12.24769	1.02	-6.137790353158423	-0.24551161412633693
11.1895709	1.11	-4.6628178450653355	-0.18651271380261342
11.18961	1.0	-9.150429249933255	-0.3660171699973302
11.18961	1.19	-9.835477888357811	-0.39341911553431247
11.1895709	1.33	-11.68792181442815	-0.467516872577126
11.19003927	1.33	-17.929115814889514	-0.7171646325955806
11.18969	1.13	-17.254467094769588	-0.6901786837907835
17.849	1.0	-11.570227805343714	-0.4628091122137486
17.84863	1.13	-4.445186695352604	-0.17780746781410414
17.84848082	1.0	-12.211913201659183	-0.4884765280663673
17.84850835	1.11	-4.030909537851604	-0.1612363815140642
17.84848082	1.0	-13.614749812517339	-0.5445899925006935
17.84846244	1.33	-13.196193167458697	-0.5278477266983479
17.84848082	1.19	-0.4301893546368287	-0.01720757418547315
17.84848082	1.0	-29.839268396527267	-1.1935707358610907
17.848	1.0	-2.8848011974212744	-0.11539204789685098
26.1363443	1.11	-7.159579376146799	-0.28638317504587196
26.13616296	1.33	-13.220763884467896	-0.5288305553787158
26.13617	1.13	-9.821978206455587	-0.39287912825822346
26.1363443	1.33	-7.87347088761658	-0.31493883550466323
26.136337	1.33	-2.0005017872189383	-0.08002007148875753
26.1363511	1.0	-2.4603874571931206	-0.09841549828772482
26.1363511	1.0	-15.600411406233539	-0.6240164562493415
37.0548569	0.91	-23.658794576953674	-0.946351783078147
37.0551726	0.91	-15.204952148618734	-0.6081980859447493
37.0548569	0.91	-6.26496148971722	-0.2505984595886888
37.0551726	0.91	-8.95263723016674	-0.3581054892066696
37.0548569	0.91	-4.625705867287034	-0.18502823469148136
37.0548569	0.81	-29.52483880130622	-1.1809935520522488
37.053	0.91	-10.269096551447706	-0.41076386205790827
57.248	0.91	-5.616824383019379	-0.22467297532077518
57.2486691	0.91	-7.88107301567148	-0.3152429206268592
57.24717	0.92	-25.12887028774214	-1.0051548115096856
57.2488518	0.91	-21.40179371397764	-0.8560717485591056
57.2488518	0.91	-18.41406944394624	-0.7365627777578496
57.2486691	0.91	-9.22648242027588	-0.3690592968110352
142.544247	0.81	-9.750192245207227	-0.3900076898082891
10.05545337	0.84	-6.713657202385725	-0.26854628809542896
10.05545337	0.84	-4.332111897057718	-0.17328447588230872
10.05532583	0.9	-3.7673857945281144	-0.15069543178112457
16.33269854	0.84	-0.13137784960529264	-0.005255113984211706
16.33269854	0.86	-3.527017556039106	-0.14108070224156424
16.33269981	0.9	-17.32393303507911	-0.6929573214031645
16.33269854	0.84	-21.370635210065423	-0.8548254084026169
16.33269771	0.9	-20.757779119146605	-0.8303111647658642
6.88729828	0.8	-1.3744922083481628	-0.05497968833392651
6.8873113	0.9	-5.431248711444459	-0.21724994845777837
6.88729828	0.84	-13.632954525250875	-0.545318181010035
6.88727999	0.8	-10.978446828897773	-0.43913787315591096
6.88729828	0.84	-6.355273115484095	-0.2542109246193638
6.8873113	0.8	-6.644144337622922	-0.2657657735049169
5.7952971	0.58	-9.444718937168066	-0.37778875748672264
5.7953	0.55	-0.8945205331556207	-0.03578082132622483
5.79529495	0.61	-4.82500560662186	-0.19300022426487443
5.795	0.54	-8.857248170592191	-0.35428992682368765
5.7952971	0.54	-0.31414921125726036	-0.012565968450290415
5.7952971	0.54	-7.50616106081401	-0.30024644243256043
5.79529495	0.55	-10.274229587421702	-0.4109691834968681
5.79531085	0.61	-2.47944634597709	-0.0991778538390836
8.411	0.54	-5.461477148979864	-0.21845908595919458
8.41102236	0.61	-23.533695685533566	-0.9413478274213426
8.410953	0.55	-16.039575809798745	-0.6415830323919498
8.41100305	0.55	-5.899361531615458	-0.23597446126461832
8.41100305	0.61	-8.463701842240987	-0.33854807368963946
8.41102098	0.61	-10.143315443165687	-0.4057326177266275
8.41102527	0.61	-4.111733551861875	-0.16446934207447503
5.47661312	0.72	-3.600500095836547	-0.1440200038334619
5.47669094	0.72	-15.991782723966935	-0.6396713089586774
5.47665801	0.7	-3.5273555189026924	-0.1410942207561077
16.93485739	0.72	-4.215515666902718	-0.16862062667610872
16.9347748	0.7	-15.448215379092304	-0.6179286151636921
16.9347748	0.73	-18.121560826969493	-0.7248624330787797
24.2101973	0.7	-8.95069895168869	-0.3580279580675476
24.2102171	0.73	-9.125617542765433	-0.3650247017106173
24.2102171	0.7	-14.122240195066095	-0.5648896078026437
24.21152	0.65	-4.754628364396909	-0.19018513457587638
24.20994274	0.72	-15.022081208990645	-0.6008832483596258
24.21027984	0.72	-6.480676701433904	-0.2592270680573562
24.2102171	0.7	-3.0454977692200256	-0.12181991076880103
24.2101973	0.72	-11.32601822685234	-0.45304072907409365
11.0317307	1.1	-4.839025170670188	-0.19356100682680752
11.0317836	1.0	-1.6572828585860697	-0.06629131434344279
11.0317836	1.04	-3.045976015496585	-0.1218390406198634
11.0317307	1.1	-1.220465898240982	-0.04881863592963928
11.0315749	1.04	-10.566298971311802	-0.4226519588524721
11.03158	1.09	-0.3945006858624356	-0.015780027434497423
25.76313	1.09	-0.6345899915849076	-0.025383599663396303
25.7626846	1.04	-15.404220464670683	-0.6161688185868274
25.7624524	0.99	-13.535341822805199	-0.541413672912208
25.7624524	1.1	-3.93536847731507	-0.1574147390926028
25.76280624	1.04	-11.134765925656197	-0.44539063702624787
25.7624524	0.93	-6.114257925374408	-0.2445703170149763
25.7624524	1.1	-1.9888361106209458	-0.07955344442483783
25.7624524	1.1	-0.10681940913480026	-0.004272776365392011
4.61268045	1.16	-7.866569591858576	-0.314662783674343
4.61268045	1.07	-8.64607561048909	-0.3458430244195636
4.61268045	1.07	-5.172534152759036	-0.20690136611036145
4.61265057	1.11	-7.900749164908786	-0.31602996659635146
4.6126736	1.09	-4.903056595802221	-0.19612226383208886
4.612661	1.13	-1.7506723295449038	-0.07002689318179615
4.61268045	1.07	-12.247414845476259	-0.4898965938190504
13.12133001	1.11	-3.5618417516713574	-0.1424736700668543
13.12158072	1.11	-14.241234071629192	-0.5696493628651677
13.12155	1.13	-28.703004809227533	-1.1481201923691013
13.12162167	1.09	-1.2022284308167475	-0.0480891372326699
13.12163551	1.07	-0.3833176077522866	-0.015332704310091465
13.12163551	1.07	-8.106793370444532	-0.32427173481778127
13.12163551	1.07	-19.794601160338523	-0.7917840464135409
13.12163551	1.16	-14.329272193155493	-0.5731708877262197
6.47539108	0.79	-5.103915313045663	-0.2041566125218265
6.47539108	0.79	-5.138187798299897	-0.20552751193199587
6.47540341	0.79	-2.4015098201567158	-0.09606039280626863
6.475341	0.73	-11.852006506701642	-0.47408026026806566
6.47538919	0.81	-5.630260991783748	-0.22521043967134993
6.47538919	0.78	-9.892591518239005	-0.3957036607295602
6.47538919	0.78	-3.0378740265982156	-0.12151496106392863
16.85827722	0.78	-6.115669872225337	-0.24462679488901348
16.85808	0.73	-20.570035934062815	-0.8228014373625127
16.85827722	0.78	-13.672636088099658	-0.5469054435239863
16.85827722	0.79	-5.712643661573524	-0.22850574646294097
16.85825609	0.79	-12.03066125276202	-0.4812264501104808
16.85827722	0.81	-11.894767304857165	-0.4757906921942866
49.50046066	0.79	-2.7073938338454573	-0.10829575335381829
49.5004725	0.79	-5.48662556430253	-0.2194650225721012
49.5004952	0.81	-27.360843210615293	-1.0944337284246117
34.0607677	0.96	-3.865826993841676	-0.15463307975366702
34.0607631	1.03	-6.633038593691901	-0.265321543747676
34.06075	1.0	-10.378389712400217	-0.4151355884960087
34.06074733	0.96	-20.16405932124462	-0.8065623728497847
34.06054476	0.96	-12.970049242656902	-0.5188019697062761
34.0607631	0.94	-1.678842524231579	-0.06715370096926317
83.4887405	0.96	-0.4801612272821725	-0.0192064490912869
83.48923341	0.96	-7.838474228257798	-0.31353896913031193
83.4887405	1.03	-6.255712991980895	-0.2502285196792358
83.48912492	0.96	-10.161981535196151	-0.40647926140784607
83.4886218	0.94	-10.783259372881869	-0.43133037491527476
83.4886218	1.03	-13.324982830824508	-0.5329993132329803
83.4886218	1.03	-5.259229381762483	-0.21036917527049934
25.56377836	1.01	-0.6009438172954067	-0.024037752691816267
25.5638576	1.09	-2.8393223320011822	-0.11357289328004729
25.5638576	1.09	-0.2126931708230484	-0.008507726832921936
25.5638576	1.09	-11.341969389971382	-0.4536787755988553
57.693	1.1	-5.175156868873712	-0.20700627475494848
57.6899118	0.83	-0.33087773467404813	-0.013235109386961926
57.6896212	1.11	-0.9048655202743876	-0.036194620810975506
57.6896212	1.01	-18.11556681302998	-0.7246226725211992
57.6899118	1.14	-9.912127085711674	-0.396485083428467
57.6899118	1.09	-18.075732432316155	-0.7230292972926462
77.083	1.1	-5.946802874228302	-0.23787211496913208
77.085964	1.09	-10.895663629640401	-0.43582654518561603
77.086191	1.11	-13.578252613734763	-0.5431301045493906
77.08747473	1.01	-20.955364982119065	-0.8382145992847626
13.84984283	1.07	-6.435486002849957	-0.25741944011399825
13.84984283	1.07	-20.440054149213807	-0.8176021659685523
13.83989	1.07	-8.231081179090204	-0.32924324716360814
13.84984567	1.01	-9.946044817454442	-0.3978417926981777
13.849039	1.03	-8.590835723718058	-0.34363342894872234
13.84984283	1.07	-13.28014694576435	-0.531205877830574
13.84984567	1.11	-0.7891742858974131	-0.031566971435896526
16.23192004	1.07	-0.2210442364626679	-0.008841769458506716
16.23191704	1.01	-10.798721937497378	-0.43194887749989513
16.23192004	1.07	-2.602166615592953	-0.10408666462371813
16.23192004	1.15	-32.98549597874268	-1.3194198391497072
16.233	1.0	-9.312746357807965	-0.3725098543123186
16.21865	1.03	-2.782359248305257	-0.11129436993221027
3.28972217	0.95	-5.315595664272374	-0.21262382657089496
3.28972217	1.02	-11.370066820236762	-0.45480267280947045
3.28970072	0.99	-4.939860179874696	-0.19759440719498783
3.28972217	0.99	-4.903806931434025	-0.196152277257361
7.18644594	0.99	-5.688984435226156	-0.22755937740904625
7.18648297	0.99	-5.541650920070183	-0.22166603680280733
7.1864526	1.02	-7.2197405992203585	-0.28878962396881436
7.1864526	1.02	-0.8772261041960014	-0.03508904416784006
7.18645388	0.99	-7.320004905210177	-0.2928001962084071
7.1864526	0.99	-12.615955164392048	-0.5046382065756819
7.186476	1.02	-1.8502636906362926	-0.0740105476254517
8.48651582	1.08	-14.532043036232643	-0.5812817214493058
8.48642089	1.19	-10.912763339957799	-0.43651053359831193
8.48653576	1.06	-1.3275004738418859	-0.053100018953675436
8.48653576	1.06	-9.436940529992373	-0.37747762119969497
8.48651582	1.19	-7.659514820394862	-0.3063805928157945
8.48653576	1.19	-19.3130125818647	-0.7725205032745881
55.1866695	1.06	-2.1062648136980164	-0.08425059254792065
55.1866695	1.17	-14.34455918538093	-0.5737823674152372
55.1866695	1.06	-6.889435360305106	-0.27557741441220424
55.1866213	1.08	-1.2877851559977482	-0.05151140623990993
55.18815	1.14	-1.4908395350157093	-0.059633581400628376
55.1866241	1.19	-7.851068301401133	-0.3140427320560453
10.32738017	0.9	-1.2606278438690341	-0.050425113754761365
10.32738017	0.81	-6.598682688828392	-0.26394730755313567
10.32738017	0.81	-8.971526016838789	-0.35886104067355157
10.32736351	1.02	-13.339676106839764	-0.5335870442735906
10.32732564	1.03	-0.5793325078096081	-0.023173300312384324
10.32736351	1.03	-5.314045040577277	-0.21256180162309107
37.8658982	0.86	-0.3739660716961053	-0.014958642867844213
37.8658982	0.81	-14.881665428851539	-0.5952666171540616
37.86572291	1.03	-8.445829297514958	-0.33783317190059836
37.8658964	1.02	-5.228654748627262	-0.2091461899450905
37.86578292	1.03	-6.0281975071232745	-0.24112790028493097
3.61457091	0.97	-17.152758659452658	-0.6861103463781063
3.61460279	0.97	-0.8490886472859172	-0.033963545891436686
3.614609	1.07	-12.36298547877604	-0.4945194191510416
3.61461353	1.23	-2.9157984479019614	-0.11663193791607845
7.54235832	0.97	-10.70128713523804	-0.4280514854095216
7.54233911	1.28	-9.682903621920003	-0.3873161448768001
7.54233911	1.28	-10.196281023799918	-0.4078512409519967
7.54236	1.07	-1.4609059617887676	-0.05843623847155071
7.54233911	1.28	-2.2566505658037244	-0.09026602263214897
7.542	1.28	-8.284072936186183	-0.33136291744744734
11.932	1.28	-3.810437935278928	-0.1524175174111571
11.9320869	1.28	-0.3598547612209517	-0.014394190448838069
11.93223	1.07	-7.472792083685412	-0.29891168334741647
11.93207573	0.97	-6.406347772248778	-0.25625391088995114
11.9320869	1.28	-14.603067722382475	-0.584122708895299
11.93205399	0.97	-11.586853887107544	-0.46347415548430176
11.9320869	1.28	-1.9539907349235215	-0.07815962939694086
11.9320869	1.1	-0.5982420936417572	-0.023929683745670286
11.93205399	1.17	-24.942717830620353	-0.9977087132248141
25.7461	1.2	-6.7606415462552345	-0.2704256618502094
25.7457529	1.2	-10.10348406765148	-0.4041393627060592
25.7457529	1.2	-5.617377319214982	-0.22469509276859928
25.7457957	1.11	-14.65396461423241	-0.5861585845692964
25.74634493	1.19	-20.70718674608003	-0.8282874698432012
25.74609259	1.19	-0.35569457731158893	-0.014227783092463558
59.9809868	1.19	-13.483405483558975	-0.539336219342359
59.9802	1.2	-6.025380666555508	-0.24101522666222033
59.9809868	1.11	-12.518535422627693	-0.5007414169051078
59.9810586	1.2	-6.8295919330295645	-0.2731836773211826
59.9810586	1.2	-21.964599931032417	-0.8785839972412967
10.66487537	1.03	-2.282732194287944	-0.09130928777151777
10.66489514	1.04	-11.128987312844098	-0.4451594925137639
10.66487537	1.03	-3.2332381796643475	-0.1293295271865739
10.66487537	1.02	-5.903796561896556	-0.23615186247586223
17.7835598	1.03	-15.579717382119885	-0.6231886952847954
17.7838298	1.04	-17.61110190314831	-0.7044440761259324
3.28192056	1.06	-10.056985598441734	-0.4022794239376694
3.28192091	1.09	-1.4429644843946403	-0.05771857937578562
3.28192091	1.09	-13.609564660945928	-0.5443825864378371
3.28191397	1.09	-10.658322728964718	-0.42633290915858874
3.28192091	1.09	-0.7515539028815201	-0.030062156115260807
12.51609488	1.09	-6.373501517983321	-0.25494006071933284
12.51618164	1.09	-19.995262259289216	-0.7998104903715687
12.51625	1.1	-3.0631494889265403	-0.12252597955706161
12.51618164	1.09	-7.677171865393838	-0.3070868746157535
12.51618164	1.09	-16.61242857729745	-0.664497143091898
37.8156219	0.76	-3.4880560089058656	-0.13952224035623462
37.81526	0.68	-1.8135493131668343	-0.07254197252667337
37.8156219	0.76	-11.443053102308404	-0.4577221240923362
37.8156219	0.76	-6.647780026718607	-0.2659112010687443
37.81564361	0.78	-4.587743093289991	-0.18350972373159966
53.5783052	0.79	-11.413573969698026	-0.45654295878792106
53.5778376	0.81	-23.53504048552108	-0.9414016194208432
53.5782	0.68	-17.949629256915077	-0.7179851702766031
26.8476325	0.77	-7.863135368008498	-0.31452541472033996
26.8476325	1.17	-6.189677539171944	-0.24758710156687777
26.84724286	0.94	-9.936154096055702	-0.3974461638422281
26.8477622	0.94	-22.850416485867523	-0.9140166594347009
26.84734	0.97	-19.377242218927822	-0.7750896887571129
72.38164722	0.94	-4.076187260080045	-0.1630474904032018
72.381301	1.17	-8.287493970777806	-0.33149975883111227
2.7327679	0.56	-21.980785602585513	-0.8792314241034206
2.73276662	0.5	-0.2893101924633381	-0.011572407698533524
2.73276089	0.56	-14.213516641766393	-0.5685406656706558
2.733	0.43	-11.672411317231187	-0.4668964526892475
14.871	0.43	-15.733412382258727	-0.6293364952903491
14.87153514	0.43	-4.4012458481557335	-0.17604983392622933
14.87151592	0.56	-11.831405960565714	-0.4732562384226286
14.87153514	0.5	-0.3687621114883657	-0.014750484459534627
14.87155876	0.56	-1.3582436495446286	-0.054329745981785145
13.36805	0.94	-1.0738542804396527	-0.04295417121758611
13.3669309	0.79	-6.8647079728814635	-0.27458831891525853
13.3669309	0.79	-18.050664693205487	-0.7220265877282195
13.36702031	0.94	-6.726110869666885	-0.26904443478667545
13.3669309	0.8	-1.5920765173085158	-0.06368306069234063
13.36731	0.87	-8.356826417068469	-0.33427305668273877
13.36744	0.75	-0.5477862359016727	-0.02191144943606691
13.3669309	0.94	-2.8021665048583775	-0.11208666019433511
13.3675	0.8	-12.728145787323518	-0.5091258314929408
21.301848	0.79	-4.342770346498311	-0.17371081385993242
21.30199109	0.83	-2.050851084605787	-0.08203404338423148
21.3018482	0.94	-13.588761678299417	-0.5435504671319766
21.302	0.75	-3.3397005593146463	-0.13358802237258585
21.30199109	0.8	-0.5885859240488196	-0.023543436961952786
21.302071	0.94	-1.4372163302180343	-0.057488653208721374
21.302	0.8	-6.994343818101601	-0.2797737527240641
21.30191004	0.94	-0.4973622291412316	-0.019894489165649266
39.7922622	0.79	-1.8531191582158342	-0.07412476632863337
39.792232	0.94	-1.1356017343401117	-0.04542406937360447
39.79220077	0.83	-2.6380937642065185	-0.10552375056826074
39.79222264	0.94	-2.876785827882231	-0.11507143311528925
39.79223792	0.8	-9.507119663100852	-0.3802847865240341
39.792	0.8	-12.208233979537852	-0.4883293591815141
39.7922	0.8	-2.1419330569819595	-0.08567732227927838
39.79223792	0.83	-17.77461568344465	-0.710984627337786
39.792238	0.94	-8.460836264322634	-0.33843345057290536
39.79220077	0.94	-7.965412372289062	-0.3186164948915625
39.79223792	0.79	-6.892627226550242	-0.2757050890620097
39.79223792	0.8	-1.9632549193967583	-0.07853019677587034
50.25	0.79	-5.0665717943979445	-0.2026628717759178
51.2069	0.75	-2.80154017140256	-0.11206160685610239
51.20690303	0.94	-3.030192554620119	-0.12120770218480477
51.20690303	0.79	-16.25669875513559	-0.6502679502054237
51.196	0.8	-3.1752943270787153	-0.12701177308314862
4.579497	0.99	-1.6751428294748947	-0.06700571317899578
4.57948235	0.95	-10.471519174194759	-0.41886076696779034
4.57950946	0.97	-5.512224927029241	-0.22048899708116965
4.57948235	1.0	-11.47155399966833	-0.45886215998673324
19.02314741	1.0	-18.117477488492575	-0.724699099539703
19.0231361	0.95	-12.964413397807816	-0.5185765359123127
19.023152	0.98	-3.960074777491749	-0.15840299109966996
19.023152	0.97	-3.148814962689598	-0.12595259850758392
34.7630543	0.8	-9.545890548543543	-0.38183562194174175
34.7629923	0.88	-4.245304656212223	-0.16981218624848893
34.76300931	1.04	-9.960842310986886	-0.3984336924394754
34.7627258	1.04	-8.421901556548931	-0.33687606226195727
34.76359	1.05	-16.04646197635004	-0.6418584790540017
67.9687026	1.0	-14.538508088509676	-0.5815403235403871
67.96821443	1.04	-4.371624145375372	-0.17486496581501487
67.9687026	1.0	-25.940456500105284	-1.0376182600042114
6.84976206	1.18	-13.376834860639358	-0.5350733944255743
6.84976206	1.04	-12.095183830213285	-0.4838073532085314
6.84978728	1.15	-11.028780167323916	-0.44115120669295665
6.84978728	1.15	-3.5488252453650637	-0.14195300981460254
20.0544995	1.15	-15.09764131795313	-0.6039056527181252
20.0545077	1.04	-14.642555601305624	-0.5857022240522249
20.0545077	1.18	-1.0226511401940552	-0.04090604560776221
20.0545077	1.12	-2.591170815471951	-0.10364683261887804
30.0899459	1.15	-1.3726250189236975	-0.0549050007569479
30.0904877	1.12	-8.701737199498009	-0.3480694879799204
30.0904877	1.18	-9.269454133906214	-0.3707781653562486
30.09156124	1.15	-12.08121059804473	-0.48324842392178924
5.53532955	0.98	-1.7468900766356703	-0.06987560306542681
5.53532955	0.9	-3.1192601355963294	-0.12477040542385318
5.53532955	0.9	-5.9493305380270325	-0.2379732215210813
5.53532955	0.93	-8.767595884937688	-0.3507038353975075
16.726052	0.9	-15.848164739467226	-0.6339265895786891
16.726052	0.98	-11.446414918556712	-0.45785659674226853
16.726052	0.9	-5.836040590565881	-0.23344162362263526
16.72617	0.98	-15.482133473482632	-0.6192853389393053
16.7261969	0.98	-11.079277909567187	-0.44317111638268747
1.89783402	0.89	-6.463623468479769	-0.25854493873919077
1.897828	1.03	-13.496198918364012	-0.5398479567345605
1.89781295	1.01	-2.236434576575648	-0.08945738306302593
1.89783402	0.89	-7.122180756246748	-0.28488723024986995
1.89782882	1.01	-8.560463662249099	-0.34241854648996395
1.89783402	1.03	-21.787861142131295	-0.8715144456852518
3.2828024	1.01	-3.2353972165858673	-0.1294158886634347
3.28280266	0.89	-5.3211858439440185	-0.21284743375776075
3.28280266	0.89	-5.072510882294681	-0.20290043529178725
3.28280266	0.89	-2.5869714289791177	-0.10347885715916472
3.28280266	1.04	-3.4032508858598787	-0.13613003543439514
3.282784	1.03	-9.906924847546858	-0.3962769939018743
5.0281858	1.01	-26.546552365898332	-1.0618620946359334
5.028239	1.03	-10.396244164100146	-0.41584976656400585
5.02818614	0.89	-19.360719704171178	-0.7744287881668471
5.02818614	0.89	-6.834315065572739	-0.2733726026229096
5.02818614	1.03	-4.774067520733185	-0.1909627008293274
5.02818614	1.04	-14.164488250407022	-0.5665795300162809
5.02818253	1.02	-5.684638820035787	-0.2273855528014315
12.12665	0.98	-8.470666280983867	-0.3388266512393547
12.12582991	0.89	-6.773667603295134	-0.2709467041318054
12.12580644	0.96	-27.874078334061593	-1.1149631333624637
12.12582991	0.94	-7.276612233142368	-0.29106448932569473
12.12575682	0.96	-5.609285357062599	-0.22437141428250396
12.12580644	0.92	-28.99498490423368	-1.1597993961693471
19.9866157	0.9	-2.459367879787443	-0.09837471519149774
19.9866157	0.94	-0.7489519774078262	-0.029958079096313046
19.9865916	0.96	-12.203006921428248	-0.48812027685712994
19.9866157	0.94	-8.806237193531361	-0.3522494877412545
19.9866157	0.89	-1.9607082642739082	-0.07842833057095633
19.9865916	0.92	-5.838450684083691	-0.23353802736334764
4.92031217	0.97	-13.521860900202672	-0.5408744360081069
4.92044	1.14	-13.957142224407013	-0.5582856889762805
4.92031217	0.95	-14.531644168181666	-0.5812657667272666
4.92027526	1.08	-8.020346864122992	-0.32081387456491967
4.92031217	0.95	-3.7748483279958998	-0.150993933119836
4.92031063	1.0	-5.34218991992639	-0.2136875967970556
4.92031217	0.95	-16.7471175313439	-0.669884701253756
4.92031217	1.06	-1.4319192397092584	-0.05727676958837034
14.17222858	1.0	-1.6833786510986768	-0.06733514604394707
14.17220432	0.97	-4.073323165330273	-0.16293292661321093
14.17258	1.14	-6.614272703403163	-0.26457090813612655
14.17220432	0.95	-3.7968697632859523	-0.1518747905314381
14.17220432	0.95	-3.7071887775261327	-0.1482875511010453
14.17222858	1.08	-5.5076701048431	-0.22030680419372398
12.50934966	1.1	-9.736851383454209	-0.38947405533816837
12.50948	1.1	-0.6034495178223951	-0.024137980712895805
12.5094525	0.93	-4.327495624338338	-0.17309982497353354
12.50945798	1.03	-12.914053071396058	-0.5165621228558424
12.5094525	1.04	-11.718198996426876	-0.46872795985707505
12.50945798	1.1	-12.401270007795597	-0.4960508003118239
27.0141783	1.07	-1.1452802231601527	-0.045811208926406104
27.0141783	1.04	-9.576546210090966	-0.3830618484036386
27.0141783	0.93	-8.886022063805079	-0.3554408825522032
27.0141783	0.93	-8.063548292487939	-0.32254193169951756
27.0142622	1.03	-11.751376612260533	-0.47005506449042134
27.01559	1.1	-7.430754704309103	-0.29723018817236413
27.01461125	1.1	-0.5153109276608565	-0.02061243710643426
16.09231474	0.97	-14.021383452222524	-0.560855338088901
16.09227518	0.75	-3.807095472793142	-0.15228381891172568
28.9059687	0.97	-4.343517355698176	-0.17374069422792704
28.9059687	0.97	-3.6652412920206734	-0.14660965168082693
28.9060526	0.75	-0.5620093145046392	-0.022480372580185568
20.09875355	1.12	-2.0107659748115596	-0.08043063899246239
20.0984215	1.12	-3.502436983666899	-0.14009747934667596
62.78416835	1.12	-3.381803210165834	-0.13527212840663336
62.7847	1.11	-1.1503525480902677	-0.04601410192361071
62.7843981	1.12	-5.556673982642202	-0.2222669593056881
62.7849301	1.12	-16.477327220354073	-0.659093088814163
62.7845002	1.12	-26.111476052841766	-1.0444590421136706
62.7845002	1.15	-2.0542797774084574	-0.08217119109633829
3.930871	0.99	-23.926156339109966	-0.9570462535643987
3.930871	1.08	-23.808013573489507	-0.9523205429395804
3.930871	0.99	-15.084692171607774	-0.603387686864311
3.930871	0.99	-6.324523969696868	-0.25298095878787474
3.93079822	1.16	-2.3959827500716386	-0.09583931000286555
3.93083997	1.16	-5.281989890137323	-0.21127959560549292
7.63018	1.11	-3.4068750507732077	-0.13627500203092832
7.63008196	1.16	-2.723938737616948	-0.10895754950467793
7.63006848	0.99	-4.643223441113574	-0.18572893764454296
7.63008196	0.99	-13.399478687317607	-0.5359791474927044
7.63002939	1.16	-8.428597892862737	-0.33714391571450947
7.63006848	0.99	-0.826874962053114	-0.03307499848212456
7.63006848	0.99	-3.359554279095911	-0.13438217116383644
7.63006848	1.08	-1.5784652833029875	-0.0631386113321195
5.6291146	1.29	-3.9770877257923942	-0.15908350903169577
5.62902579	1.27	-2.1052539350438804	-0.08421015740175522
5.62902579	1.44	-11.193610198550035	-0.4477444079420014
5.62904396	1.29	-2.196137911760795	-0.0878455164704318
5.62902579	1.14	-9.13355626235464	-0.3653422504941856
13.39152873	1.27	-11.259810656935565	-0.4503924262774226
13.39152873	1.27	-2.795574815457461	-0.11182299261829844
13.3914	1.38	-9.209301451562542	-0.3683720580625017
13.39155154	1.29	-4.378396224670011	-0.17513584898680043
13.39152873	1.14	-11.452288319469172	-0.4580915327787669
13.39152873	1.44	-7.557143539769147	-0.3022857415907659
13.39144182	1.29	-13.133569780859512	-0.5253427912343804
13.39143819	1.29	-4.941458151872805	-0.1976583260749122
8.2563025	1.27	-2.0068709726837133	-0.08027483890734853
8.2562857	1.2	-18.890779904339045	-0.7556311961735618
8.2563025	1.14	-10.06164579759723	-0.4024658319038892
8.25629997	1.2	-3.8828244017451343	-0.15531297606980538
8.2562857	1.29	-4.5396780029051005	-0.181587120116204
8.2563025	1.27	-3.920459415171861	-0.15681837660687445
5.26211833	0.96	-6.282316540447551	-0.25129266161790204
5.26212693	0.79	-3.1475434794076524	-0.1259017391763061
5.26226	0.87	-4.258650808272744	-0.17034603233090978
5.26212693	0.88	-3.761171428508709	-0.15044685714034836
5.26209653	1.0	-11.389761983143693	-0.4555904793257477
5.26212693	0.79	-1.2495535358458465	-0.04998214143383386
12.16281552	0.79	-23.87993197344715	-0.955197278937886
12.16281552	0.79	-23.98831631647905	-0.959532652659162
12.1628195	1.0	-8.40673100439722	-0.3362692401758888
12.16277144	1.0	-5.424407631768853	-0.21697630527075412
12.16281552	0.79	-17.18762891521824	-0.6875051566087297
12.1628195	0.96	-1.630814076085867	-0.06523256304343468
12.90475463	0.68	-0.8751536987735651	-0.035006147950942604
12.90483	0.67	-1.8297737058022063	-0.07319094823208826
12.90475463	0.68	-6.702200820092868	-0.26808803280371474
31.2012202	0.71	-6.169512212726832	-0.24678048850907328
31.2009333	0.75	-3.7918291468245595	-0.15167316587298238
31.20013	0.67	-14.648071669808473	-0.585922866792339
31.2009333	0.68	-10.235062561694546	-0.40940250246778187
31.2009333	0.68	-27.979856223167364	-1.1191942489266946
22.59694466	0.96	-9.222850138546969	-0.36891400554187875
22.5965999	0.77	-13.938561966055799	-0.5575424786422319
22.5968256	0.89	-3.531088571580913	-0.1412435428632365
22.5968256	0.96	-2.238855203807659	-0.08955420815230636
22.5965999	0.97	-10.023998211478284	-0.40095992845913137
22.5965999	0.77	-1.1715542908045342	-0.04686217163218137
22.59848	0.99	-6.36344472768159	-0.2545377891072636
22.5965999	0.88	-1.4126416532497847	-0.05650566612999139
22.5965999	0.77	-17.16566916299874	-0.6866267665199496
45.34850768	0.96	-5.945073694078319	-0.23780294776313277
45.3485277	0.77	-4.722108413434971	-0.18888433653739886
45.3485277	0.77	-14.679063080504054	-0.5871625232201622
45.3485277	0.88	-10.56780796846082	-0.4227123187384328
45.3486381	0.89	-0.3589359372826828	-0.014357437491307313
45.34846534	0.96	-30.03807045479369	-1.2015228181917477
45.3485277	0.97	-17.846144734105476	-0.713845789364219
45.3485277	0.77	-3.0092849025821176	-0.1203713961032847
10.04378351	1.16	-6.09883582275654	-0.2439534329102616
10.04372368	1.05	-8.677962492205097	-0.3471184996882039
10.044	1.09	-15.187690449325489	-0.6075076179730196
10.04377084	0.99	-22.057978421212866	-0.8823191368485146
10.04378351	1.05	-13.721969039410144	-0.5488787615764058
10.04377084	1.09	-5.113686258482456	-0.20454745033929825
15.1622735	1.09	-1.4644742590935362	-0.05857897036374145
15.1622287	1.05	-12.344860975084064	-0.49379443900336256
15.16221349	1.05	-14.891144014852557	-0.5956457605941023
15.1622735	0.99	-10.296936436285952	-0.4118774574514381
15.1622735	1.09	-31.974885339179597	-1.278995413567184
15.16342	1.1	-16.96588312981528	-0.6786353251926112
15.162	1.09	-23.005320791586776	-0.920212831663471
56.414742	1.09	-8.236389599615727	-0.3294555839846291
56.4148314	1.05	-17.326540331667008	-0.6930616132666804
56.414742	1.09	-16.10850479229108	-0.6443401916916431
56.414742	0.99	-5.688189125858546	-0.22752756503434185
56.41468367	1.05	-9.178175876864941	-0.36712703507459765
56.4148314	1.16	-6.039608521618687	-0.2415843408647475
56.414742	1.09	-2.480893222274104	-0.09923572889096416
12.3101351	0.8	-12.928104850106505	-0.5171241940042602
12.3102846	0.77	-24.29664778567831	-0.9718659114271324
12.3102846	0.77	-3.3069476339770016	-0.13227790535908007
12.3102846	0.82	-6.674507098778559	-0.26698028395114237
12.3101351	0.83	-10.032621366091561	-0.40130485464366245
25.1934467	0.77	-3.213726735952494	-0.12854906943809977
25.1934467	0.82	-1.8506580247558284	-0.07402632099023314
25.1934467	0.77	-2.1913241642509647	-0.08765296657003858
25.1934467	0.82	-11.2697067088545	-0.45078826835418
25.1934467	0.77	-4.6622384032443565	-0.18648953612977426
25.19418	0.78	-29.659570772322883	-1.1863828308929154
25.1933989	0.83	-12.928197372021788	-0.5171278948808715
25.1933989	0.8	-2.214254327217531	-0.08857017308870123
25.19370089	0.83	-10.503545140773781	-0.42014180563095127
6.79164786	0.85	-10.665367178891799	-0.42661468715567197
6.79164786	1.04	-1.6426496462192741	-0.06570598584877096
6.79164656	1.05	-1.4068894174888067	-0.05627557669955227
6.79165	1.13	-10.501787661238719	-0.42007150644954877
11.8377062	1.05	-25.69682581165439	-1.0278730324661756
11.8377261	0.85	-0.9309407295122596	-0.03723762918049039
11.8377261	1.04	-2.9177369516757903	-0.11670947806703161
11.8376933	0.82	-5.398790486303642	-0.21595161945214567
11.8376933	1.05	-4.724461352867468	-0.18897845411469874
11.83728	1.13	-4.2918398140638905	-0.17167359256255563
11.8377261	0.95	-3.588664968415335	-0.1435465987366134
11.8377261	1.04	-2.1420260573692946	-0.08568104229477179
3.17323306	0.63	-20.00244941138075	-0.80009797645523
3.173338	0.64	-12.577288007758607	-0.5030915203103443
13.29706969	0.63	-12.64800041964391	-0.5059200167857564
13.29706969	0.63	-1.9723051109591312	-0.07889220443836525
13.2970695	0.63	-9.229701395909766	-0.36918805583639064
3.24416463	0.77	-9.094834528801531	-0.3637933811520612
3.24416463	0.82	-6.9997778815328555	-0.2799911152613142
3.24416463	0.82	-18.937551044427618	-0.7575020417771048
3.244218	0.95	-17.15173545822006	-0.6860694183288024
3.24412688	0.86	-23.6299917364813	-0.945199669459252
14.5123622	0.86	-1.6190417112358793	-0.06476166844943518
14.51150265	0.86	-16.445745871043133	-0.6578298348417253
14.5123099	0.82	-1.1827368519475665	-0.04730947407790266
14.5123099	0.84	-7.672017623051713	-0.30688070492206854
14.5123099	0.82	-4.251391147449703	-0.17005564589798813
21.0871953	1.07	-5.365309272794126	-0.21461237091176505
21.0874	1.1	-2.1415999484708657	-0.08566399793883463
21.08719422	1.07	-2.1860389634040933	-0.08744155853616374
21.08718888	1.29	-3.916721238750883	-0.15666884955003532
21.0871953	1.29	-20.0523874355769	-0.8020954974230761
21.08721	1.29	-3.7090817088203614	-0.14836326835281446
21.08721	1.29	-0.15851622528505938	-0.006340649011402375
21.08719422	1.21	-18.955616908177284	-0.7582246763270913
21.087168	1.08	-12.71371460486418	-0.5085485841945672
6.73808701	0.79	-8.705806082152977	-0.34823224328611907
6.73808701	0.88	-14.025114430691115	-0.5610045772276446
6.73811219	0.79	-3.0707640633585767	-0.12283056253434307
6.73811219	0.79	-6.116587910492221	-0.24466351641968886
6.73811219	0.86	-2.6326344683003957	-0.10530537873201583
6.738019	0.84	-1.992778112641917	-0.07971112450567669
6.73811219	0.79	-5.501544519835814	-0.22006178079343258
13.0600399	0.88	-3.7618472951069153	-0.15047389180427662
13.0600422	0.79	-5.798556084392015	-0.2319422433756806
13.0600422	0.79	-3.768879500380664	-0.15075518001522656
7.41682	1.17	-2.3288043598220223	-0.0931521743928809
7.41683033	1.14	-14.75630205136093	-0.5902520820544372
7.41680902	1.31	-4.473155469434748	-0.17892621877738993
7.41680902	1.31	-2.185367086191185	-0.08741468344764741
7.41680902	1.33	-4.86475621606018	-0.1945902486424072
20.4854403	1.31	-1.4562373919015141	-0.05824949567606057
20.4854403	1.31	-9.026626229050574	-0.361065049162023
20.4854403	1.03	-11.417766555853849	-0.45671066223415396
20.4854403	1.33	-1.9457721885458086	-0.07783088754183234
5.34182466	0.91	-3.654765395864517	-0.14619061583458068
5.34185316	1.12	-6.853603957809681	-0.27414415831238725
5.341788	1.23	-1.4980064700566276	-0.059920258802265106
5.34185804	1.1	-14.174907838056232	-0.5669963135222493
5.34185804	0.87	-15.230773557701976	-0.6092309423080791
10.42307379	1.12	-2.0231300727471377	-0.08092520290988552
10.42312041	1.1	-15.546916119898073	-0.621876644795923
10.42317343	0.91	-11.668334900902208	-0.4667333960360883
10.42312041	1.1	-8.040263400153911	-0.32161053600615647
10.42312041	0.87	-28.16805548756348	-1.1267222195025393
10.42317343	1.12	-12.528167662584817	-0.5011267065033926
10.42312041	1.07	-5.136471135864704	-0.20545884543458814
10.42312041	1.1	-3.2820678692054144	-0.13128271476821657
9.18243276	1.29	-22.51015119818611	-0.9004060479274445
9.18247194	1.26	-2.301325226383226	-0.09205300905532904
9.18244299	1.29	-17.118855950026212	-0.6847542380010485
9.18247194	1.31	-15.838923106314102	-0.633556924252564
14.61342794	1.29	-7.618947787307809	-0.30475791149231235
14.6134251	1.31	-1.07266614682987	-0.0429066458731948
14.6134781	1.29	-2.908939880248348	-0.11635759520993393
14.6134251	1.31	-7.20700505489825	-0.28828020219593004
8.00504749	1.1	-34.77840041450287	-1.3911360165801148
8.00502697	1.1	-9.901025538455182	-0.39604102153820725
8.00505342	0.87	-8.603706446686637	-0.3441482578674655
8.00547	1.17	-9.136909568802505	-0.3654763827521002
12.13065293	1.15	-3.303167134956311	-0.13212668539825245
12.13065293	0.87	-17.343494697363464	-0.6937397878945386
12.13065293	1.13	-1.6697002428448968	-0.06678800971379588
12.13070414	1.14	-0.2183446992809006	-0.008733787971236025
12.13109543	1.1	-5.5536327501885765	-0.22214531000754306
12.13065293	1.15	-21.021499336638364	-0.8408599734655345
12.13070414	1.1	-11.910223076220001	-0.47640892304880006
5.61357629	1.15	-22.555126606992257	-0.9022050642796903
5.61357653	1.14	-6.2860593385466865	-0.2514423735418675
5.61357629	0.87	-5.170502379307898	-0.20682009517231592
5.61358023	1.14	-0.30333748468942257	-0.012133499387576904
5.61357629	1.15	-5.65669804072711	-0.2262679216290844
5.6135	1.17	-9.952501537852076	-0.39810006151408306
7.054	0.41	-8.154220429293769	-0.3261688171717508
7.05441	0.55	-0.7404209849290295	-0.02961683939716118
7.05427318	0.41	-5.563043788036605	-0.22252175152146422
7.05435071	0.62	-7.311763681246667	-0.2924705472498667
7.05429483	0.53	-19.606657154140535	-0.7842662861656214
34.98998858	0.62	-3.727616820553108	-0.14910467282212433
34.9894475	0.41	-7.185714088300263	-0.2874285635320105
34.98953599	0.62	-4.476345336857808	-0.17905381347431232
34.9894475	0.41	-8.320705828088165	-0.3328282331235266
34.98804	0.55	-5.061310855528298	-0.2024524342211319
34.9894475	0.41	-3.93106308999341	-0.1572425235997364
42.9923284	0.97	-4.981101470805072	-0.1992440588322029
42.99292187	0.97	-1.939345663711486	-0.07757382654845944
42.9923284	0.92	-15.310837550345592	-0.6124335020138237
42.99255302	1.0	-12.712053342325644	-0.5084821336930258
88.5112563	1.0	-5.3354735056293485	-0.21341894022517394
88.5112563	0.97	-14.70646349967927	-0.5882585399871708
88.5112563	0.85	-2.3295027485292774	-0.0931801099411711
88.51067812	0.97	-15.167479273286665	-0.6066991709314666
88.5122014	0.92	-0.7072272714183099	-0.028289090856732396
88.5112563	0.85	-5.365888665188642	-0.2146355466075457
22.2508247	0.74	-5.180179964882083	-0.20720719859528333
22.2508509	0.78	-3.6514734676144354	-0.14605893870457742
135.4977745	0.74	-1.5620073846914222	-0.06248029538765689
135.49797	0.84	-1.5300725603809768	-0.061202902415239076
135.4977745	0.74	-4.027851245807958	-0.16111404983231833
4.08141149	0.72	-13.377685844571948	-0.535107433782878
4.08141149	0.7	-0.5665063019098484	-0.022660252076393935
4.08141155	0.7	-7.803158313175328	-0.3121263325270131
4.0814148	0.65	-10.386559772702748	-0.41546239090810994
11.41941928	0.7	-0.8011963932969208	-0.03204785573187684
11.41945387	0.7	-1.5989857127079337	-0.06395942850831735
11.41945387	0.7	-23.481553864431543	-0.9392621545772617
11.41943427	0.72	-9.059319849873905	-0.3623727939949562
6.83440674	0.7	-11.887743065576478	-0.47550972262305913
6.83437001	0.7	-10.9072527954604	-0.436290111818416
6.83438868	0.72	-7.865095909264408	-0.3146038363705763
6.83440674	0.72	-2.5076477835685393	-0.10030591134274158
6.834378	0.65	-13.89952225559728	-0.5559808902238912
6.83437001	0.7	-6.731920080661961	-0.26927680322647846
14.42516	0.93	-17.963294059024623	-0.7185317623609849
14.42525565	0.71	-5.138571192029708	-0.20554284768118833
14.42525565	0.94	-0.2512404349588211	-0.010049617398352844
14.4252635	0.9	-12.21664449008089	-0.4886657796032356
26.6757054	0.94	-35.27758898413126	-1.4111035593652506
26.67568	0.93	-4.108923542274313	-0.16435694169097254
26.6757818	0.9	-9.704208847900823	-0.38816835391603294
58.0337426	0.9	-5.541197512061808	-0.22164790048247235
58.03438	0.93	-12.496213796799035	-0.4998485518719614
58.0341086	0.94	-13.20086383510759	-0.5280345534043036
3.21346	1.22	-14.131022311901363	-0.5652408924760546
3.21366893	1.03	-5.848577879886069	-0.23394311519544275
3.21366863	1.09	-0.4957226514931463	-0.019828906059725853
3.21366863	1.09	-5.018700029181046	-0.20074800116724184
3.2136641	1.12	-7.818887287242573	-0.31275549148970294
3.21366893	1.1	-13.188018817381835	-0.5275207526952734
3.21366739	1.03	-14.327789796676111	-0.5731115918670444
6.87316523	1.52	-5.913885206517133	-0.23655540826068533
6.8731791	1.15	-11.311450939414742	-0.4524580375765897
6.87316523	1.52	-5.124140039125048	-0.2049656015650019
6.87316326	1.11	-2.3551321140300248	-0.09420528456120099
6.8731664	1.11	-6.046276987600953	-0.2418510795040381
6.87316523	1.49	-1.5283061580303159	-0.061132246321212634
9.02439889	1.07	-17.189108030225764	-0.6875643212090305
9.02439889	1.07	-5.665817231066342	-0.22663268924265367
17.3408735	1.0	-16.850402892747766	-0.6740161157099107
17.34088462	1.08	-7.808899709140551	-0.31235598836562206
17.34088462	1.07	-10.873091137999955	-0.43492364551999824
14.38337	1.2	-5.8492170984919465	-0.23396868393967787
14.3832267	1.08	-3.4413055268189003	-0.13765222107275601
14.38338734	1.05	-11.487797825090205	-0.4595119130036082
14.3832267	1.16	-8.046540199111398	-0.3218616079644559
14.3833988	1.16	-9.38975864077667	-0.3755903456310668
47.3186631	1.08	-5.366716404909216	-0.21466865619636863
47.32020475	1.16	-27.632569755760567	-1.1053027902304227
47.3183002	1.05	-17.19502891396307	-0.6878011565585228
47.3183002	1.17	-5.680080797833137	-0.22720323191332548
47.31848024	1.16	-1.8656794903423188	-0.07462717961369275
47.32382	1.2	-6.278455573836773	-0.25113822295347094
184.262741	1.16	-12.038340587818738	-0.48153362351274953
184.256405	1.17	-0.9383783406906154	-0.03753513362762462
184.256405	1.05	-0.5669186256358276	-0.022676745025433105
184.256405	1.17	-28.673686000849152	-1.146947440033966
4.02877097	1.2	-21.025965906909143	-0.8410386362763658
4.02875481	1.14	-8.496490155675271	-0.3398596062270109
4.02875481	1.14	-14.907967676755307	-0.5963187070702123
4.028742	1.21	-3.3100263232773983	-0.13240105293109594
4.02875481	1.07	-14.497090315658856	-0.5798836126263542
4.02875481	1.14	-11.353758549908832	-0.4541503419963533
4.02874831	1.2	-3.2561029355701	-0.130244117422804
6.12479773	1.2	-7.417039874873773	-0.29668159499495095
6.12473248	1.2	-8.532604591210507	-0.3413041836484203
6.12479773	1.01	-6.084470861599442	-0.24337883446397768
6.12481814	1.14	-0.5541492714158662	-0.02216597085663465
6.12481814	1.15	-3.9754500910366866	-0.15901800364146745
8.9211602	1.14	-9.669274224627781	-0.38677096898511126
8.9211602	1.14	-1.8891750603067063	-0.07556700241226826
8.92109417	1.2	-10.96781133218905	-0.43871245328756203
8.92114318	1.01	-19.15149271422338	-0.7660597085689352
8.92114318	1.2	-15.432393964241927	-0.6172957585696771
8.9211602	1.14	-9.848455945383371	-0.3939382378153349
11.24284815	1.2	-8.621542984206673	-0.34486171936826693
11.24284	1.21	-4.4679404760775085	-0.17871761904310035
11.24283541	1.07	-7.46318892998049	-0.2985275571992196
11.24283541	1.15	-4.051316676215193	-0.16205266704860774
11.24284815	1.01	-11.497273905471099	-0.45989095621884396
7.03144308	1.1	-9.341774322465765	-0.3736709728986306
7.03144308	1.3	-0.37325590786193574	-0.01493023631447743
7.03146854	1.15	-1.3892162561645256	-0.055568650246581024
7.03137764	1.15	-22.475864433438808	-0.8990345773375523
7.03144308	1.1	-17.917915072713484	-0.7167166029085393
7.03146295	1.15	-3.9742013332361528	-0.1589680533294461
54.2811949	1.15	-5.065004579490749	-0.20260018317962997
54.28040436	1.15	-10.272395069678753	-0.4108958027871501
54.2812031	1.3	-0.35343152748162376	-0.01413726109926495
54.2812031	1.1	-2.255125859446231	-0.09020503437784924
54.2812031	1.1	-7.084814884601389	-0.2833925953840556
54.2811949	1.28	-7.51347351859402	-0.3005389407437608
13.61213608	1.15	-8.403481874395215	-0.3361392749758086
13.61159129	1.3	-9.699855904105311	-0.38799423616421247
13.61159129	1.1	-4.11177866236591	-0.1644711464946364
13.61159129	1.3	-4.6168099133033955	-0.18467239653213582
13.61165024	1.28	-8.645703117894143	-0.34582812471576574
13.61159129	1.1	-17.933561567518538	-0.7173424627007415
13.61159129	1.1	-12.089454468200199	-0.48357817872800796
11.8288843	0.92	-0.6786156131704191	-0.027144624526816763
11.82966276	0.92	-1.1725356892625682	-0.04690142757050273
11.82913	0.93	-10.653905456170571	-0.42615621824682287
11.8288843	0.95	-7.114927850614979	-0.2845971140245992
11.8288843	0.95	-11.924733755364967	-0.4769893502145987
14.7512034	0.92	-4.452689924656468	-0.17810759698625872
10.61368712	0.97	-1.5626016195039485	-0.06250406478015794
10.61369479	0.91	-15.612489489111288	-0.6244995795644516
10.61374356	0.95	-16.212834803524252	-0.6485133921409701
10.61366	1.02	-2.1823972230618494	-0.08729588892247397
10.61369479	0.87	-8.686258168505566	-0.34745032674022264
29.7272142	0.91	-22.847630878966168	-0.9139052351586467
29.7272142	0.96	-3.816437641523178	-0.15265750566092715
29.72722	0.95	-10.681483624179396	-0.4272593449671759
29.72722	0.97	-0.3937157576029653	-0.015748630304118612
29.72728015	0.95	-4.286103565672561	-0.17144414262690244
2.42629998	0.99	-2.6151791583623156	-0.10460716633449263
2.42630084	1.06	-21.84989723294934	-0.8739958893179736
2.42630413	1.04	-8.946050924826414	-0.35784203699305656
2.42630084	1.06	-6.972613760578944	-0.27890455042315776
2.42630084	1.06	-23.953646563353068	-0.9581458625341227
2.42629	1.07	-4.120342490651975	-0.164813699626079
2.42630413	0.99	-4.287607184122701	-0.17150428736490803
4.62333557	1.06	-4.39452901422824	-0.17578116056912962
4.62333557	1.05	-10.264255530356582	-0.4105702212142633
4.62333557	1.06	-13.08098557947783	-0.5232394231791132
4.62333557	1.05	-1.4747905674787845	-0.058991622699151376
4.62334491	1.04	-0.5235884509545212	-0.02094353803818085
4.62334491	0.99	-6.379047692911194	-0.25516190771644776
4.62333557	1.06	-5.18636417760517	-0.2074545671042068
4.62332	1.07	-13.050014640372819	-0.5220005856149128
0.66930969	1.05	-1.57602635513864	-0.0630410542055456
0.66930969	1.05	-15.640840201294651	-0.625633608051786
0.66930969	0.96	-0.4451026487108063	-0.017804105948432253
0.66931009	0.98	-15.419596123351292	-0.6167838449340517
0.66930969	1.05	-0.42558247445841313	-0.017023298978336526
2091.749385	1.07	-8.753913374931853	-0.3501565349972741
2.465031	1.05	-12.799569540402938	-0.5119827816161175
2.46504552	1.14	-16.132346612733667	-0.6452938645093467
2.46502616	1.01	-0.572902776194748	-0.022916111047789924
68.958608	0.92	-9.628801560823753	-0.38515206243295014
68.958608	0.94	-4.66542936126239	-0.1866171744504956
68.958608	0.94	-29.61928702065933	-1.1847714808263732
68.958608	0.92	-2.362980590823836	-0.09451922363295344
68.958608	0.92	-13.851521802523195	-0.5540608721009278
68.9584	0.92	-17.144790370273935	-0.6857916148109574
68.95832161	0.93	-15.05706940587184	-0.6022827762348736
1.85555744	1.0	-6.012206970871106	-0.24048827883484425
1.85555754	0.9	-13.1379758562802	-0.5255190342512079
1.8555582	1.15	-5.708269580984115	-0.2283307832393646
1.8555588	0.94	-4.1648093371361865	-0.16659237348544748
1.8555577	1.12	-3.9742429302679296	-0.15896971721071718
1.8555582	1.15	-8.164254588934721	-0.32657018355738887
1.85555754	0.9	-17.469259722123358	-0.6987703888849344
1.85555756	1.12	-4.622200723535433	-0.18488802894141732
1.85555757	1.0	-4.5745175052530485	-0.18298070021012194
1.855558	1.12	-8.95426205081151	-0.3581704820324604
1.85555756	0.9	-10.547318761720657	-0.4218927504688263
17.83365704	1.24	-1.29676541944285	-0.051870616777714
17.83368211	1.24	-17.097966572893334	-0.6839186629157333
17.833648	1.21	-22.647277287323178	-0.9058910914929271
17.83367834	1.21	-5.36233183641158	-0.2144932734564632
17.8336313	1.24	-12.37228256662332	-0.49489130266493275
3.00515254	0.79	-0.157070916969692	-0.00628283667878768
3.00515691	0.79	-18.08340720729424	-0.7233362882917697
3.0051557	0.83	-6.483609120003726	-0.25934436480014905
3.0051557	0.83	-7.157707217877522	-0.2863082887151009
3.00515691	0.82	-12.417512828899076	-0.49670051315596303
3.00516	0.83	-11.890480635097893	-0.4756192254039157
3.0051557	0.81	-6.2872540403490325	-0.2514901616139613
3.0051557	0.83	-10.01247307453883	-0.4004989229815532
7.83442788	0.83	-4.052439083237358	-0.16209756332949432
7.83443074	0.79	-8.120152669280483	-0.3248061067712193
7.83442788	0.83	-12.154956036492703	-0.48619824145970814
7.83443068	0.79	-5.943344183677322	-0.2377337673470929
7.83442788	0.83	-4.061229165036313	-0.1624491666014525
58.0192007	0.83	-8.660081617809515	-0.34640326471238064
58.02065498	0.79	-10.320427308542902	-0.4128170923417161
58.0198583	0.79	-13.957118397587454	-0.5582847359034981
31.509728	0.87	-4.7624946801743775	-0.1904997872069751
1.72086138	1.05	-3.186440167968186	-0.12745760671872744
1.72086129	1.05	-1.9984221147945636	-0.07993688459178254
1.72086123	1.17	-5.920877705790578	-0.23683510823162313
1.72086129	1.07	-7.176864931434206	-0.2870745972573683
1.72086132	1.18	-5.186068824689731	-0.20744275298758927
1.72086128	1.05	-13.563106227113511	-0.5425242490845404
1.72086132	1.18	-5.227100142338026	-0.20908400569352104
1.72086132	1.08	-10.545563177301045	-0.42182252709204177
66.262	0.82	-5.35080749834993	-0.2140322999339972
4.69965324	0.89	-7.179145494681874	-0.28716581978727496
4.69965324	0.89	-12.106893035378818	-0.48427572141515274
4.69965324	0.95	-2.8168168739424218	-0.11267267495769687
4.7	0.89	-6.692164762172187	-0.2676865904868875
4.69965324	0.89	-10.724805591840594	-0.4289922236736238
7.17073208	0.89	-5.5462077612067935	-0.22184831044827175
7.17073208	0.89	-7.612389629663178	-0.30449558518652714
7.170732	0.95	-3.9160780412844356	-0.15664312165137742
7.17073208	0.95	-8.280789090857944	-0.33123156363431777
7.17073208	0.89	-17.59666270672263	-0.7038665082689052
7.17071038	0.94	-3.396927300946825	-0.13587709203787302
7.17073208	0.97	-8.929336091962599	-0.35717344367850395
4.176366	0.64	-9.425697976990882	-0.3770279190796353
4.17634525	0.73	-26.11131165519297	-1.0444524662077188
4.17634525	0.67	-5.30832026199079	-0.2123328104796316
4.17634525	0.67	-2.593153374397144	-0.10372613497588576
4.17634276	0.68	-1.8497651889989541	-0.07399060755995816
4.176	0.67	-6.205739448080058	-0.24822957792320233
8.70797904	0.73	-16.27929790279299	-0.6511719161117197
8.70797904	0.67	-14.87580669061802	-0.5950322676247208
8.70792312	0.68	-7.672671175238028	-0.30690684700952114
8.70778	0.64	-8.777051814146205	-0.3510820725658482
8.70798309	0.68	-2.9231964749923147	-0.11692785899969259
8.70798309	0.59	-13.122410299390108	-0.5248964119756043
6.31942727	1.02	-5.190936367039242	-0.2076374546815697
6.319439	1.08	-4.901989346564087	-0.1960795738625635
6.31942727	1.0	-2.4910127638677984	-0.09964051055471193
6.31942727	1.01	-20.09531508661995	-0.8038126034647981
12.20945351	1.0	-13.290864317754888	-0.5316345727101955
12.20951755	1.0	-28.117092100574002	-1.1246836840229602
12.20945351	1.0	-0.7187775928900522	-0.028751103715602088
12.2094828	1.0	-9.347341999805149	-0.37389367999220596
12.209	1.0	-5.010706572383225	-0.200428262895329
12.20951755	0.95	-0.8487083647795426	-0.033948334591181704
12.20945351	1.02	-3.4021779195651796	-0.13608711678260718
12.20945351	1.0	-11.759284105663298	-0.4703713642265319
3.07645208	1.02	-9.598068245303665	-0.3839227298121466
3.076508	1.08	-6.407245364884979	-0.2562898145953992
3.07645208	1.0	-8.703473950834997	-0.3481389580333999
3.07644709	0.95	-4.846849611137355	-0.1938739844454942
3.07645208	1.0	-5.112824831302036	-0.20451299325208144
12.33108	0.95	-0.3787393986206933	-0.015149575944827732
12.33087921	0.87	-4.00426312824896	-0.16017052512995839
12.33090437	0.9	-21.404535359259413	-0.8561814143703765
12.33090437	0.84	-0.7155899244105801	-0.028623596976423204
15.94251522	0.9	-12.863125725814793	-0.5145250290325918
15.94274	0.95	-18.46090504473348	-0.7384362017893392
15.94251522	0.84	-9.675187090970699	-0.387007483638828
15.94252637	0.87	-6.129203966715067	-0.24516815866860267
15.94251522	0.9	-16.29439712527623	-0.6517758850110492
15.943	0.9	-15.389921032381828	-0.6155968412952731
15.94248453	0.87	-0.2223685577562282	-0.008894742310249129
86.67845872	1.07	-14.786204576168947	-0.5914481830467578
86.67855186	1.04	-2.946765498021573	-0.11787061992086292
86.679	1.29	-2.0656723494379983	-0.08262689397751993
86.67855186	1.04	-6.871481064232944	-0.27485924256931776
86.67855186	1.04	-15.347308933385483	-0.6138923573354194
86.67862165	1.07	-7.3208931833923865	-0.29283572733569546
86.67855186	1.07	-5.189737388889698	-0.20758949555558792
86.67855186	1.05	-10.216150844416495	-0.4086460337766598
12.21828097	0.96	-19.44456683866755	-0.777782673546702
12.218278	1.04	-25.00868385926977	-1.0003473543707908
12.21828097	1.07	-13.062565642265305	-0.5225026256906122
12.218255	1.08	-22.643481619742523	-0.9057392647897009
12.218278	1.04	-3.4311408128614267	-0.13724563251445707
12.218278	1.04	-8.136907797706527	-0.3254763119082611
69.7266406	1.29	-22.142661046813487	-0.8857064418725394
69.7266406	1.29	-7.84505010336907	-0.31380200413476284
69.72787813	1.29	-7.104688036619604	-0.28418752146478415
69.7266406	1.29	-15.715676381065734	-0.6286270552426294
69.7266406	1.44	-6.284374562676566	-0.25137498250706264
69.7266406	1.43	-10.877728773225012	-0.4351091509290005
69.73297	1.31	-0.4037362492372387	-0.016149449969489547
675.47	1.39	-23.805902586481942	-0.9522361034592777
1.21377022	0.13	-16.334916541710427	-0.6533966616684171
1.21377042	0.15	-9.530813370122404	-0.38123253480489616
1.2137672	0.13	-13.26527326991644	-0.5306109307966576
1.21377206	0.14	-13.368298149863527	-0.5347319259945411
1.21377022	0.13	-19.47624482286794	-0.7790497929147177
1.21377022	0.22	-1.0400806734927603	-0.041603226939710414
0.4532875	0.62	-13.725783636863875	-0.549031345474555
0.45328734	0.13	-7.850478399572921	-0.31401913598291686
0.45328509	0.13	-2.4100223120846618	-0.09640089248338647
0.45328742	0.13	-13.134400939068005	-0.5253760375627202
0.45328734	0.13	-21.41949091859953	-0.8567796367439812
0.45328799	0.14	-7.819914563345396	-0.31279658253381587
0.45328742	0.15	-2.9252735322358547	-0.11701094128943419
1.86511236	0.14	-10.044616650973577	-0.4017846660389431
1.86511477	0.13	-5.170032425952819	-0.20680129703811276
1.86511477	0.13	-17.67419169160781	-0.7069676676643124
1.86511419	0.13	-3.7662037516226485	-0.15064815006490595
1.865169	0.13	-12.39205322193772	-0.49568212887750884
1.8651086	0.62	-1.5682394906987804	-0.06272957962795121
1.86511477	0.13	-19.692624739053	-0.78770498956212
704.962626	0.78	-11.512543002110435	-0.4605017200844174
704.962626	0.9	-5.94651014339205	-0.237860405735682
7.8914483	1.15	-12.375879293558343	-0.49503517174233375
7.89144847	1.08	-12.069207952147828	-0.48276831808591314
7.89144809	1.07	-9.076214469620972	-0.36304857878483887
7.89144847	1.11	-3.545415507465739	-0.14181662029862957
7.8914483	1.15	-15.133484481762334	-0.6053393792704934
7.89144884	1.07	-20.698757684748664	-0.8279503073899466
2.68432848	1.06	-19.23211645229014	-0.7692846580916056
2.68432852	0.99	-7.84778311767172	-0.31391132470686883
2.68432848	1.0	-2.2588646298594113	-0.09035458519437645
2.6843285	0.85	-12.541515542988353	-0.5016606217195342
2.68432847	0.99	-8.184013308563497	-0.32736053234253987
3.3118645	0.89	-8.4076975595057	-0.33630790238022795
3.31186426	0.93	-8.966177733140334	-0.3586471093256134
3.3118644	1.01	-20.82281659951671	-0.8329126639806684
223.3	1.01	-20.38256263021905	-0.8153025052087619
3.79701794	0.89	-5.8455273121589055	-0.2338210924863562
3.79701812	0.89	-7.318564012288571	-0.29274256049154285
3.79701834	0.84	-10.276395788022564	-0.4110558315209025
3.79701816	0.93	-2.854438607437095	-0.1141775442974838
3.79701826	0.88	-7.087520121225442	-0.2835008048490177
3.79701834	0.93	-13.431179142929386	-0.5372471657171755
3.21751883	0.91	-13.813503101251335	-0.5525401240500534
3.21751903	0.98	-10.080595984836007	-0.4032238393934403
3.21751859	0.96	-12.961024846278526	-0.5184409938511411
3.21751859	0.84	-2.5115609733676383	-0.10046243893470554
3.2175186	0.98	-13.800755315014072	-0.552030212600563
3.21751859	0.93	-1.2686613714007358	-0.05074645485602943
3.21751851	0.98	-2.185153786852752	-0.08740615147411009
10.290994	0.96	-2.592719998865611	-0.10370879995462444
10.2909988	1.1	-0.9818348971310957	-0.03927339588524383
10.290994	0.96	-9.051856990404511	-0.36207427961618044
10.2909941	1.06	-1.9911321089829328	-0.07964528435931731
10.29099376	1.04	-16.08123801567377	-0.6432495206269507
10.29099413	0.94	-22.25151479685682	-0.8900605918742729
3.52563256	0.86	-3.4687094122028856	-0.13874837648811542
3.52563256	0.86	-15.354436053891094	-0.6141774421556437
3.52563245	0.83	-2.1692382542539184	-0.08676953017015673
3.52563254	0.87	-7.627640968891219	-0.3051056387556488
3.52563254	0.83	-6.381737314343887	-0.2552694925737555
3.52563256	0.84	-0.984474739132204	-0.03937898956528816
3.52563256	0.86	-2.406475000088172	-0.09625900000352688
3.52563254	0.85	-9.319461983860421	-0.3727784793544168
3.52563247	0.77	-12.043113336599633	-0.48172453346398536
3.52563254	0.87	-2.246492425317906	-0.08985969701271625
3.024095	1.32	-20.19000438576595	-0.807600175430638
3.02409251	1.12	-18.924825830275584	-0.7569930332110234
3.02409255	1.23	-6.3465574633426005	-0.253862298533704
3.02409309	1.27	-8.27091663623548	-0.3308366654494192
3.0240922	1.23	-4.1798241561222795	-0.1671929662448912
3.0240933	1.24	-3.262683864343339	-0.13050735457373358
3.02409255	1.21	-8.943525098719554	-0.35774100394878217
3.02409255	1.21	-6.16756981886301	-0.2467027927545204
35.9682692	1.21	-2.094776878733979	-0.08379107514935916
35.9682344	1.08	-5.44376651924143	-0.2177506607696572
35.968	1.17	-10.896990768455847	-0.4358796307382339
35.9682344	1.15	-5.489379475444736	-0.21957517901778942
35.9682344	1.03	-0.8545094757964184	-0.034180379031856736
35.96807699	1.09	-1.3362280344856685	-0.05344912137942674
110.97378	1.03	-12.515781229010424	-0.5006312491604169
110.978266	1.09	-10.078221101099318	-0.40312884404397276
110.979	1.17	-0.4814314478539736	-0.019257257914158946
110.97378	1.15	-7.695932089611936	-0.30783728358447743
110.97378	1.03	-9.510371611061926	-0.380414864442477
110.978266	1.21	-3.510218344614138	-0.14040873378456553
110.98079301	1.09	-1.1387064951581911	-0.045548259806327644
6.80252171	1.15	-9.58292435270506	-0.3833169741082024
6.80252171	1.1	-7.209766739428724	-0.28839066957714893
6.80252171	1.1	-16.13729195565105	-0.645491678226042
6.80257947	1.08	-11.249787461628863	-0.4499914984651545
6.80252171	1.1	-13.790557537663972	-0.5516223015065589
6.80257947	1.11	-15.216536724892169	-0.6086614689956867
8.70312154	1.11	-0.6351428082493762	-0.025405712329975048
8.7032	1.21	-9.772911600490747	-0.39091646401962993
8.70337044	1.1	-16.186614918748255	-0.6474645967499302
8.70337044	1.1	-3.3116079667022795	-0.1324643186680912
8.70337044	1.15	-12.305902574423428	-0.4922361029769371
11.92163	1.21	-9.912464124603096	-0.39649856498412384
11.9216214	1.1	-13.745658034556815	-0.5498263213822726
52.5010768	1.35	-13.674255834023043	-0.5469702333609218
52.50128	1.34	-10.48703864417052	-0.4194815457668208
52.50097	1.35	-1.1725421568647758	-0.046901686274591035
52.5010768	1.35	-5.092046426087419	-0.20368185704349678
406.2	1.32	-8.522461859365208	-0.34089847437460835
5.33408346	1.01	-10.133128871478679	-0.40532515485914716
5.33408384	1.46	-33.548530277876644	-1.3419412111150657
5.3340867	1.02	-8.621321607184573	-0.34485286428738293
5.33408243	1.37	-10.307801544033001	-0.41231206176132007
12.87471243	1.03	-0.6832461920296722	-0.02732984768118689
12.87471142	1.02	-8.880033988241134	-0.3552013595296454
12.87471142	1.03	-14.581780950920685	-0.5832712380368273
8.6001533	1.42	-3.6235937360533934	-0.14494374944213573
8.60015393	1.67	-7.16377684173089	-0.2865510736692356
8.6001533	0.96	-2.9878601900212907	-0.11951440760085164
8.6001545	1.54	-4.067301580767857	-0.1626920632307143
8.60015549	1.11	-8.842487088332833	-0.3536994835333133
8.6001536	1.54	-9.31392099611411	-0.3725568398445644
8.6001533	1.24	-2.66128156956861	-0.1064512627827444
64.00205	0.73	-6.242021727723598	-0.24968086910894394
64.001151	0.75	-15.998447456919772	-0.6399378982767909
64.00164407	0.71	-16.894074541112563	-0.6757629816445025
64.0019669	0.73	-2.515409092010474	-0.10061636368041896
16.79713874	0.51	-1.6635135043069231	-0.06654054017227692
16.79708174	0.71	-6.710316787095517	-0.2684126714838207
16.79716262	0.73	-16.44378412608655	-0.657751365043462
16.79713874	0.75	-8.436328141520526	-0.3374531256608211
16.79713874	0.51	-3.247792927992748	-0.12991171711970992
16.79702	0.64	-3.7923462708748295	-0.15169385083499318
66.6505482	0.61	-14.703707865449253	-0.5881483146179701
66.6505482	0.61	-16.343189282645923	-0.6537275713058369
66.6504521	0.71	-9.251376017984839	-0.37005504071939355
35.2330694	0.55	-9.483332692696223	-0.3793333077078489
35.23319	0.54	-7.996758799258122	-0.3198703519703249
35.2330694	0.63	-8.487132076436561	-0.33948528305746245
35.23318	0.57	-1.3179901790946338	-0.052719607163785355
35.23269936	0.63	-0.24277810653489507	-0.009711124261395802
35.23318	0.48	-10.021085757003444	-0.4008434302801378
35.23318	0.48	-13.251472354840306	-0.5300588941936123
178.140456	0.93	-5.439102731921771	-0.21756410927687087
178.140456	0.86	-11.230174852620854	-0.44920699410483417
178.140456	0.86	-4.399322289326342	-0.17597289157305368
178.139072	0.88	-1.7485098879758099	-0.0699403955190324
3.24673265	1.09	-2.144520768155493	-0.08578083072621973
3.24673205	1.09	-14.192135251135806	-0.5676854100454323
3.24673265	1.09	-5.749725220702826	-0.22998900882811307
3.24673248	1.03	-15.922446289713521	-0.6368978515885408
3.24674	1.19	-19.33273309454215	-0.773309323781686
3.24673265	1.08	-19.18945796869085	-0.7675783187476339
3.246722	1.21	-11.903355130241195	-0.47613420520964783
101.11141	0.57	-11.368719008192123	-0.4547487603276849
101.1114976	0.48	-5.689040256627125	-0.227561610265085
101.1114976	0.48	-0.36823239198963664	-0.014729295679585466
101.11135511	0.64	-9.819067636887578	-0.3927627054755031
207.24871304	0.58	-1.400433244136473	-0.05601732976545892
207.247959	0.62	-4.634934654555637	-0.18539738618222548
207.2482	0.57	-12.034032583924482	-0.4813613033569793
112.306839	0.64	-11.522180058094484	-0.4608872023237794
112.3053	0.61	-0.3347510317245983	-0.013390041268983932
112.306839	0.7	-23.712335359215512	-0.9484934143686204
112.306839	0.64	-0.3623400917946835	-0.014493603671787342
112.29897559	0.72	-2.430503384075354	-0.09722013536301416
112.303136	0.72	-23.52338095272514	-0.9409352381090057
177.669112	0.79	-5.126615568051669	-0.20506462272206677
177.669112	0.75	-7.747427202732145	-0.3098970881092858
177.669112	0.8	-18.5196737618855	-0.74078695047542
177.67477468	0.75	-12.754642654327295	-0.5101857061730918
177.668663	0.74	-10.191963880770322	-0.40767855523081287
3.6001053	0.67	-14.387827464849757	-0.5755130985939902
3.6001053	0.76	-10.555931132988373	-0.42223724531953494
3.60011712	0.69	-12.426989366960548	-0.49707957467842195
3.60011712	0.84	-15.126715054635943	-0.6050686021854377
3.60010616	0.62	-3.52202070987203	-0.1408808283948812
3.60010616	0.62	-5.672030647727211	-0.22688122590908844
4.54587844	0.62	-30.73462558787088	-1.2293850235148351
4.54587844	0.62	-18.5412790807381	-0.7416511632295241
6.189	0.7	-9.886823482379738	-0.3954729392951895
6.18937218	0.84	-8.337896357789552	-0.3335158543115821
6.189392	0.76	-1.9143948313657122	-0.07657579325462849
6.18940639	0.62	-11.665577266672269	-0.4666230906668908
6.18940639	0.84	-3.6979524815856957	-0.14791809926342783
6.18943952	0.69	-1.4618632405751457	-0.05847452962300583
7.74347614	0.62	-14.242343508933736	-0.5696937403573494
7.74347614	0.62	-6.299957952875921	-0.25199831811503687
7.74347614	0.62	-2.805518366027183	-0.11222073464108732
7.743493	0.67	-4.770825770274635	-0.19083303081098538
7.743493	0.76	-2.7027781225619285	-0.10811112490247714
7.74347801	0.69	-18.341020632188336	-0.7336408252875335
9.74048418	0.62	-0.3740983544982217	-0.014963934179928869
9.74048508	0.84	-4.501883847993884	-0.18007535391975538
9.74048418	0.62	-21.155513056024315	-0.8462205222409727
9.74048418	0.84	-8.6640582964043	-0.34656233185617197
9.74048028	0.84	-14.313690134623954	-0.5725476053849582
2.98415347	0.17	-4.4027019057500905	-0.17610807623000363
2.98415771	0.15	-1.8633222797948048	-0.0745328911917922
2.98415347	0.43	-11.081507430634806	-0.4432602972253923
2.9841664	0.33	-9.469693704366222	-0.3787877481746489
2.984151	0.21	-1.5269401201660104	-0.06107760480664042
4.87122222	0.17	-7.136113272425816	-0.28544453089703264
4.87122366	0.15	-10.793150802151061	-0.43172603208604243
4.87122714	0.33	-14.949114082229741	-0.5979645632891897
4.87122366	0.28	-19.286875366999666	-0.7714750146799867
4.871229	0.18	-3.740983793579568	-0.1496393517431827
4.87122222	0.43	-13.827352759025088	-0.5530941103610035
4.871229	0.21	-3.653399530023739	-0.14613598120094956
1.56541222	0.19	-19.82478483308569	-0.7929913933234276
1.56541261	0.19	-17.073930122823878	-0.6829572049129551
1.56541285	0.47	-5.763808542187114	-0.23055234168748456
1.56541285	0.47	-14.778900277144416	-0.5911560110857766
3.03621679	0.47	-3.1803709497824966	-0.12721483799129987
3.03621679	0.47	-10.333191910576115	-0.41332767642304463
3.03620572	0.19	-14.68309726639114	-0.5873238906556456
3.03620874	0.19	-8.950184381953651	-0.358007375278146
3.03621679	0.4	-4.647492941573431	-0.18589971766293725
3.0362155	0.19	-21.460849966644602	-0.8584339986657841
3.03621679	0.47	-10.05741999328541	-0.4022967997314164
5.14892346	0.19	-1.7001411025000097	-0.06800564410000039
5.14892826	0.19	-0.29329252031397623	-0.011731700812559049
5.1489289	0.47	-0.8393140462299704	-0.033572561849198816
5.14892346	0.33	-10.247748523864319	-0.4099099409545728
5.1489289	0.47	-3.876649616563051	-0.15506598466252203
5.148921	0.56	-5.571986986581802	-0.22287947946327208
5.148921	0.22	-17.280834937920893	-0.6912333975168358
7.79430204	0.95	-9.741963882706203	-0.38967855530824813
7.794303	1.0	-19.023085741618186	-0.7609234296647275
7.79430204	0.89	-24.267535898184892	-0.9707014359273957
7.79430304	1.0	-5.01467285755031	-0.2005869143020124
7.79430132	0.96	-4.094685846824433	-0.1637874338729773
7.79430132	0.76	-7.283293468977424	-0.29133173875909696
7.79430249	0.95	-1.0923059042282381	-0.043692236169129525
7.79430132	1.0	-5.147962605248397	-0.20591850420993588
12.58229808	0.91	-0.28193810293855925	-0.01127752411754237
12.5822799	0.97	-2.2553131170442517	-0.09021252468177007
12.5822799	0.97	-25.355072643832692	-1.0142029057533077
33.67276962	0.97	-1.3770298659612175	-0.0550811946384487
33.67276962	1.02	-17.652322626800142	-0.7060929050720057
33.67312	0.95	-15.96426915287586	-0.6385707661150344
33.67276962	0.97	-0.7817825944315147	-0.03127130377726059
33.67280658	0.91	-11.50474063237581	-0.46018962529503243
33.67276962	0.97	-3.903579607151945	-0.1561431842860778
2.45523906	0.58	-5.277907003554754	-0.21111628014219017
2.455	0.56	-2.3058186595812025	-0.0922327463832481
2.45524059	0.6	-10.627719668876665	-0.42510878675506664
2.45524065	0.6	-12.086438105147419	-0.48345752420589677
2.45524062	0.59	-4.278564448874982	-0.1711425779549993
2.4552339	0.59	-8.633732295260973	-0.34534929181043894
2.45524051	0.56	-3.0642688388369295	-0.12257075355347719
28.45488252	1.19	-0.13192896688026812	-0.005277158675210725
28.45492088	1.35	-3.1430196257811382	-0.12572078503124554
28.454899	1.18	-0.9529758657107854	-0.038119034628431414
28.45489091	1.3	-11.830443819918157	-0.4732177527967263
15.41308581	1.33	-4.63957152278068	-0.18558286091122722
15.4130812	1.3	-6.9696341234123125	-0.27878536493649253
15.4130812	1.19	-2.630031093518073	-0.10520124374072293
15.41308581	1.35	-5.187773544993317	-0.2075109417997327
15.41313731	1.19	-12.846900511530144	-0.5138760204612057
15.4131395	1.33	-11.77323136016916	-0.47092925440676636
15.41312391	1.19	-11.511596099743041	-0.4604638439897217
7.51450475	1.19	-6.553961164111515	-0.2621584465644606
7.5144704	1.35	-0.5654953785992665	-0.02261981514397066
7.51464	1.19	-5.426552454162019	-0.21706209816648078
7.5143967	1.19	-20.02981305784495	-0.801192522313798
7.5144704	1.35	-5.582038315271809	-0.22328153261087239
7.5144279	1.33	-1.170137483726934	-0.046805499349077365
7.5143967	1.3	-11.363799853682405	-0.4545519941472962
240.503	0.94	-6.937969735098507	-0.2775187894039403
10.57375703	1.06	-6.240110652591944	-0.24960442610367775
10.57375339	1.03	-12.311642902932848	-0.49246571611731393
10.57375703	1.06	-11.636379083657207	-0.4654551633462883
10.57375768	1.0	-6.015852311828405	-0.2406340924731362
10.57377509	1.0	-12.561532768058209	-0.5024613107223284
10.573769	1.12	-2.9270932941059824	-0.1170837317642393
10.57375703	1.06	-4.508702277622236	-0.18034809110488945
10.57375703	1.07	-23.868726332852102	-0.9547490533140841
10.57375703	1.07	-4.819432557575174	-0.192777302303007
10.57	0.85	-1.688830814414601	-0.06755323257658404
10.5737534	1.03	-3.9697120661418195	-0.15878848264567277
4806.833852	1.06	-7.628141097992092	-0.30512564391968366
10.692115	1.15	-0.29465311299830277	-0.011786124519932112
20.74065772	1.15	-3.742735122050295	-0.1497094048820118
20.74028413	1.52	-21.448753008348714	-0.8579501203339486
33.60134	0.9	-14.085164995108483	-0.5634065998043394
33.60122066	0.88	-6.052981698161525	-0.24211926792646102
33.60122066	0.92	-3.7231769099804817	-0.14892707639921926
33.60123371	0.85	-22.46755534563127	-0.8987022138252507
33.60122066	0.88	-6.498826416069047	-0.25995305664276186
33.60123371	0.88	-6.457227452943641	-0.25828909811774564
33.60117937	0.85	-16.4783993618815	-0.6591359744752601
33.60122066	0.88	-3.511328372949794	-0.14045313491799177
33.60122066	0.88	-7.235065249191467	-0.2894026099676587
57.325	0.9	-8.327462798153487	-0.3330985119261395
57.011	0.9	-7.120032740496569	-0.2848013096198628
6.76652078	0.88	-4.87173993439626	-0.19486959737585038
6.76652078	0.88	-10.052056521993086	-0.40208226087972343
6.76652078	0.88	-17.18365142375486	-0.6873460569501945
6.76652078	0.92	-2.3722046571119044	-0.09488818628447618
220.1303357	1.03	-10.649214181884796	-0.42596856727539184
220.142913	1.1	-2.556459204754472	-0.10225836819017887
8.31378306	1.06	-11.238019680344703	-0.44952078721378813
8.31378454	1.05	-3.961924948161221	-0.15847699792644884
8.31378306	0.95	-3.0640284902542865	-0.12256113961017147
8.31377304	1.06	-5.979844938779673	-0.23919379755118692
8.313759	1.1	-3.809739330549973	-0.15238957322199892
8.31378306	1.06	-8.353378194176123	-0.33413512776704496
8.31378306	0.98	-4.35118345345783	-0.17404733813831322
84.6866	1.59	-1.0924456630557324	-0.0436978265222293
84.6879808	1.97	-14.091240900607277	-0.5636496360242911
84.6877524	1.82	-9.635997808789538	-0.38543991235158154
84.68739669	1.82	-4.518365670449181	-0.18073462681796723
84.6879808	1.97	-11.843171710562196	-0.47372686842248785
207.5829306	1.82	-1.1190374277862203	-0.04476149711144881
207.5829306	1.35	-0.20437006319495765	-0.008174802527798307
207.5827234	1.97	-9.073956002767755	-0.3629582401107102
8.98101683	0.84	-9.279902260965176	-0.3711960904386071
8.98101683	0.87	-3.618863186726136	-0.14475452746904544
8.98101493	0.79	-11.690810411003023	-0.46763241644012093
8.98101318	1.0	-10.225461592644036	-0.40901846370576145
8.98101683	0.84	-1.0224195859478207	-0.04089678343791283
8.98101396	1.0	-6.0663547606624135	-0.24265419042649655
8.98101683	0.84	-9.013392725892079	-0.36053570903568316
8.981008	0.84	-1.132733349142451	-0.045309333965698036
7.25696245	1.13	-17.92963939269822	-0.7171855757079288
7.25696522	1.26	-8.183668959517892	-0.3273467583807157
7.25696814	1.06	-13.559191632149169	-0.5423676652859668
7.25696737	1.06	-19.24384143848155	-0.769753657539262
9.94067247	1.14	-1.3045526689560432	-0.052182106758241725
9.94066282	1.28	-9.440441903029118	-0.3776176761211647
9.94067535	1.28	-3.411258843954565	-0.1364503537581826
9.94067247	1.14	-4.438137654135678	-0.17752550616542714
9.94066641	1.28	-11.812046511119933	-0.47248186044479734
9.94067247	1.05	-4.439501284340963	-0.17758005137363853
9.94067247	1.23	-2.7358288530105725	-0.1094331541204229
51.07926307	0.98	-0.8421006049572533	-0.033684024198290134
51.07926451	0.97	-1.5637873087139118	-0.06255149234855648
51.07926307	1.04	-12.683773983046414	-0.5073509593218566
51.07926307	0.94	-14.235808639498773	-0.5694323455799509
3.7092141	0.97	-10.833447975217068	-0.43333791900868274
3.70921385	0.94	-4.8140697135146455	-0.19256278854058584
3.709191	1.03	-19.8818458093427	-0.795273832373708
3.70921385	0.94	-24.259507369911283	-0.9703802947964514
3.70921385	0.98	-13.582408539027407	-0.5432963415610963
24.99320612	1.02	-6.654995285544578	-0.2661998114217831
24.99324193	1.02	-0.46011720575213144	-0.01840468823008526
24.99324193	1.05	-7.293018996256428	-0.2917207598502571
24.99324319	1.02	-11.144241882668133	-0.44576967530672534
24.99324193	1.02	-0.6338769654544336	-0.025355078618177346
24.99324193	1.02	-2.041479945447851	-0.08165919781791404
38.47875707	0.97	-2.0574380387385283	-0.08229752154954113
38.47875707	0.96	-11.604877817352154	-0.4641951126940862
38.478743	0.98	-12.872322259167193	-0.5148928903666877
38.47876623	0.95	-7.975332346603251	-0.31901329386413
38.47875707	0.97	-6.777714840898309	-0.27110859363593237
49.532	1.05	-16.54713400511696	-0.6618853602046784
49.4643	0.96	-16.041839115745958	-0.6416735646298384
303.137	1.05	-8.127242753898395	-0.3250897101559358
5.01423473	1.3	-6.320419517163099	-0.25281678068652397
5.01423457	1.31	-5.3853693163521505	-0.21541477265408604
5.01423473	1.41	-2.6021423911562764	-0.10408569564625106
5.01423457	1.49	-2.399875184926299	-0.09599500739705195
4.17625551	0.84	-0.7729627574679632	-0.03091851029871853
4.17625551	0.86	-6.735120264449259	-0.2694048105779704
4.17625551	0.84	-9.465757223623886	-0.37863028894495543
4.1762599	0.86	-10.903985118329219	-0.4361594047331688
14.55730897	1.05	-3.225938000574778	-0.12903752002299113
14.55731705	1.02	-2.415071736438579	-0.09660286945754316
14.55730433	1.0	-5.162126493295217	-0.20648505973180867
14.5573219	1.0	-3.2285915310552427	-0.12914366124220972
14.55731705	1.06	-10.271836740828192	-0.4108734696331277
14.55731705	1.1	-10.198904924979573	-0.4079561969991829
14.55731705	1.02	-11.650987087615531	-0.46603948350462127
5.66067294	0.99	-12.425688192449856	-0.49702752769799424
5.66067294	0.91	-10.596997492754783	-0.4238798997101913
3.10550819	0.8	-5.855626782462966	-0.23422507129851866
3.10550784	0.88	-5.441303233837893	-0.21765212935351572
3.10550819	0.88	-6.076377252784515	-0.2430550901113806
14.00640392	0.97	-6.29489541585416	-0.2517958166341664
14.00640607	1.04	-1.256323231572664	-0.05025292926290656
11.11990653	0.71	-13.293843222096013	-0.5317537288838405
11.11990653	0.87	-6.483628748389029	-0.2593451499355612
11.11990653	0.71	-9.03320314990853	-0.36132812599634123
11.119888	0.79	-6.58994480718997	-0.26359779228759883
13.2217576	0.77	-7.9205590738471106	-0.31682236295388444
13.2217576	0.85	-2.5257873585073014	-0.10103149434029206
13.22175358	0.84	-14.286969665061314	-0.5714787866024525
12.49340725	0.89	-4.7903216343689685	-0.19161286537475875
12.49343008	0.89	-3.4061754491778764	-0.13624701796711505
12.49341307	0.77	-7.692580420733745	-0.3077032168293498
12.49341307	0.76	-13.014526396274496	-0.5205810558509798
12.49341307	0.86	-17.212598180522107	-0.6885039272208843
12.49341307	0.77	-7.007345480053394	-0.28029381920213575
12.493311	0.81	-0.4035052019349359	-0.016140208077397435
4.778	0.96	-10.880189475678915	-0.43520757902715657
4.77800306	0.87	-2.9731940037801703	-0.11892776015120682
4.77799593	0.87	-2.6755171619088203	-0.10702068647635281
4.778	0.88	-16.50815904746952	-0.6603263618987808
4.77800403	0.95	-13.429368244471123	-0.537174729778845
4.77800048	0.87	-5.453420482541167	-0.2181368193016467
4.77800403	0.95	-10.530318786007232	-0.4212127514402893
4.77800403	0.92	-2.6150004764575407	-0.10460001905830163
9.67395347	0.87	-22.12417448527141	-0.8849669794108564
9.67395	0.88	-6.7188599183158	-0.268754396732632
9.6739431	0.87	-6.760455218953244	-0.2704182087581298
9.67395347	0.95	-11.860278771215466	-0.4744111508486186
9.67395347	0.92	-19.21482544314651	-0.7685930177258604
9.67395849	0.86	-17.511691430910652	-0.7004676572364261
9.673928	0.88	-10.720471712311998	-0.4288188684924799
9.67395347	0.95	-6.49262284656671	-0.2597049138626684
9.674	0.96	-12.728611354497996	-0.5091444541799198
42.89614821	0.87	-1.546355587373465	-0.0618542234949386
42.89605505	0.92	-15.197124833527882	-0.6078849933411153
42.89642324	0.87	-11.701370659734181	-0.46805482638936724
42.89605505	0.87	-12.36766640884826	-0.4947066563539304
42.89645024	0.87	-15.811863953162117	-0.6324745581264847
42.89605505	0.95	-2.1087743602353686	-0.08435097440941475
42.89605505	0.92	-24.34790821413116	-0.9739163285652463
42.89605505	0.95	-3.748767228339414	-0.14995068913357656
42.89605505	0.95	-11.173908740517493	-0.44695634962069974
42.89645024	0.86	-10.958106212840597	-0.4383242485136239
982.0	0.88	-2.291843648936516	-0.09167374595746065
5219.681854	0.92	-5.6662659898925005	-0.22665063959570003
4.9195838	1.2	-7.8359739522103204	-0.3134389580884128
4.919576	1.2	-8.237644393695497	-0.32950577574781986
4.91952603	1.25	-12.702027883996761	-0.5080811153598704
4.9195838	1.19	-2.0959759741926165	-0.08383903896770466
10.06082567	0.93	-3.052068199462543	-0.12208272797850173
10.06082567	0.93	-16.93213132583818	-0.6772852530335273
10.06082567	0.94	-11.782905563001382	-0.4713162225200553
10.06083238	1.0	-13.479250789006368	-0.5391700315602548
10.06079997	1.0	-15.1622980616259	-0.606491922465036
10.060791	0.98	-3.040469795702989	-0.12161879182811956
10.06082567	0.93	-23.975271381114645	-0.9590108552445858
56.35418576	0.65	-2.0910428212055674	-0.0836417128482227
56.35399451	0.76	-9.682230236157608	-0.3872892094463043
56.35412315	0.76	-3.459919012605334	-0.13839676050421335
56.35407916	0.69	-0.20642081474868768	-0.008256832589947508
56.35418576	0.72	-1.0872974520285665	-0.04349189808114266
56.35418576	0.75	-4.217419592534176	-0.16869678370136704
56.35418576	0.65	-9.77647093755343	-0.3910588375021372
30.229104	1.11	-7.236734084584133	-0.2894693633833653
30.2291726	1.16	-2.4064103825575547	-0.0962564153023022
30.22894526	1.16	-9.730159245720532	-0.3892063698288213
30.229104	1.08	-4.968123538756123	-0.19872494155024492
30.229104	1.28	-6.397071388492741	-0.25588285553970963
30.22910274	1.3	-1.586557887440733	-0.06346231549762932
10.04556692	0.99	-0.21892611062107115	-0.008757044424842845
10.04556377	0.99	-9.157780953156578	-0.36631123812626315
10.04556931	1.0	-12.71628504644702	-0.5086514018578808
10.04556931	1.0	-17.384830054320737	-0.6953932021728295
10.045607	0.99	-13.612816124130456	-0.5445126449652182
10.04556899	0.99	-12.757207336775803	-0.5102882934710321
10.04556377	0.95	-10.249929377978965	-0.4099971751191586
3.2432598	1.08	-7.842923976731962	-0.3137169590692785
3.24325967	1.04	-7.222821822378243	-0.28891287289512974
3.2432603	1.06	-3.3026233253896393	-0.13210493301558557
3.2432598	1.1	-4.186083179282383	-0.16744332717129531
3.24325988	1.04	-10.06162147525179	-0.4024648590100716
3.2432598	1.07	-17.56262694275202	-0.7025050777100807
15.35876777	0.95	-12.593587042724625	-0.503743481708985
15.35876777	0.87	-12.464770693998037	-0.49859082775992153
15.3587684	0.91	-0.23649101951474227	-0.009459640780589692
15.3587684	0.93	-8.65768087369057	-0.3463072349476228
15.3587684	0.9	-9.691493630440073	-0.38765974521760294
38.6519976	0.91	-9.379039395816426	-0.375161575832657
38.6519976	0.9	-16.65512768488681	-0.6662051073954725
38.6519976	0.9	-4.369184751810192	-0.17476739007240766
38.6520796	0.95	-2.1407088912244228	-0.08562835564897692
2.41840684	0.87	-6.973702520324396	-0.2789481008129759
2.41840684	0.95	-8.15344039456567	-0.32613761578262684
2.41840544	0.9	-14.144630935910492	-0.5657852374364197
2.41840562	0.95	-2.672913600334695	-0.10691654401338781
2.41840544	0.9	-2.348879736988325	-0.093955189479533
2.41839004	0.87	-6.72717765967191	-0.26908710638687644
2.41840544	0.9	-7.621576125154202	-0.30486304500616807
2.4183985	0.93	-8.447996597653658	-0.3379198639061463
2.41840544	0.93	-5.358837138935817	-0.2143534855574327
17.27629612	0.78	-5.212861806212434	-0.20851447224849737
17.27629612	0.79	-4.18782758998776	-0.1675131035995104
17.27630085	0.83	-0.4442694260819018	-0.01777077704327607
17.2762904	0.74	-14.498185751803499	-0.57992743007214
17.27629612	0.82	-3.311593730502498	-0.1324637492200999
7.20385258	0.63	-8.417466517358184	-0.33669866069432736
7.20385064	0.63	-8.656174478590739	-0.34624697914362956
7.2037945	0.55	-14.016982561500015	-0.5606793024600006
7.20385586	0.54	-8.63869757463613	-0.3455479029854452
7.204	0.5	-8.156683097964054	-0.32626732391856217
7.203794	0.55	-3.7262273814633504	-0.14904909525853402
7.2	0.61	-6.446176338697999	-0.25784705354792
10.91271752	0.63	-7.452568698509452	-0.2981027479403781
10.913	0.54	-7.240188161514	-0.28960752646056004
10.9129343	0.55	-3.4358864381500513	-0.13743545752600206
10.91401005	0.54	-1.5393936695298582	-0.06157574678119433
10.913	0.62	-13.313476853722747	-0.5325390741489099
10.912935	0.55	-11.184544250342437	-0.4473817700136975
10.91274807	0.54	-13.059822880311161	-0.5223929152124465
2.57653594	0.54	-7.195865380847625	-0.287834615233905
2.57657102	0.63	-12.067985187680772	-0.4827194075072309
2.57657133	0.63	-5.53600166763751	-0.22144006670550043
18.5960431	0.63	-12.352851934408688	-0.49411407737634755
18.5960431	0.54	-4.213035803973885	-0.1685214321589554
18.5960431	0.54	-4.205929432793193	-0.16823717731172771
18.59626777	0.63	-9.061142505614685	-0.3624457002245874
18.596	0.54	-4.832231432164842	-0.19328925728659369
18.59611518	0.63	-3.100304943508468	-0.12401219774033873
18.59611518	0.54	-10.21680919232874	-0.4086723676931496
3.26869504	1.16	-25.260387400190467	-1.0104154960076186
3.26869522	1.11	-20.01824941851807	-0.8007299767407229
3.26869515	1.24	-8.343188117730051	-0.33372752470920203
3.26869515	1.24	-4.254736179749468	-0.17018944718997872
3.26869515	1.08	-0.1635269878248904	-0.006541079512995616
3.26869504	1.11	-2.041917694457479	-0.08167670777829915
4.22538454	0.96	-4.247820470305749	-0.16991281881222997
4.2253846	1.05	-0.5867468290123938	-0.023469873160495754
4.22538451	1.04	-14.033439151764053	-0.5613375660705622
4.22538451	1.07	-11.644233849546334	-0.4657693539818534
3.00387639	1.13	-10.18369868962288	-0.40734794758491516
3.00387658	1.25	-5.408762888985972	-0.2163505155594389
3.00387658	1.25	-3.000931483760662	-0.12003725935042649
3.00387955	1.25	-10.30285742998009	-0.4121142971992036
3.41303622	0.86	-15.787863556888285	-0.6315145422755314
3.41303622	0.77	-4.130762404764852	-0.16523049619059407
3.4130351	0.86	-22.440379063872676	-0.897615162554907
3.41303635	0.94	-9.818458157036762	-0.3927383262814705
3.41303635	0.89	-6.378554987154489	-0.25514219948617956
5.8966109	0.77	-10.818570836072904	-0.4327428334429162
5.8966109	0.77	-37.51598824870045	-1.5006395299480182
8.30864937	0.76	-4.701496166199573	-0.18805984664798292
8.30866735	0.87	-14.114031459123582	-0.5645612583649433
8.30865307	0.8	-7.658040792057765	-0.3063216316823106
8.30865307	0.87	-12.00872191017173	-0.4803488764068692
3.57321	0.84	-1.5734024091205132	-0.06293609636482053
3.5732028	1.0	-1.8893490989421717	-0.07557396395768687
9.61375356	0.98	-19.935215237910946	-0.7974086095164379
9.61375356	1.04	-16.189700129652927	-0.647588005186117
9.61375356	1.04	-8.088672022237628	-0.3235468808895051
9.61374946	1.0	-5.9838345791100265	-0.23935338316440105
5.63252845	0.9	-8.335891335968252	-0.3334356534387301
5.63252719	0.86	-0.4561469012411865	-0.01824587604964746
5.63252845	0.9	-1.3980145272031002	-0.055920581088124005
5.63252508	0.9	-13.08196926945979	-0.5232787707783916
5.632566	0.8	-3.2851930052914917	-0.13140772021165967
5.63252508	0.86	-10.185145598384002	-0.4074058239353601
5.63253172	0.86	-7.965926605187438	-0.3186370642074975
3.5484625	1.37	-23.399157240719937	-0.9359662896287975
3.54846589	1.23	-13.32566463890025	-0.53302658555601
3.54846566	1.45	-6.557228494702138	-0.26228913978808555
3.54846545	1.32	-4.3690534494064455	-0.1747621379762578
3.5484655	1.23	-16.13790766482669	-0.6455163065930677
3.5484654	1.31	-1.2843011362892032	-0.05137204545156813
3.54846	1.37	-3.4924177863402	-0.139696711453608
3.5484657	1.37	-16.64595819949078	-0.6658383279796313
3.54846545	1.23	-1.3283650652182377	-0.05313460260872951
7.812512	1.22	-35.640935527151335	-1.4256374210860534
7.8128315	1.18	-16.899853261472625	-0.675994130458905
7.81285862	1.18	-8.60694010566761	-0.3442776042267044
7.8128584	1.26	-1.6065464298221581	-0.06426185719288632
9.37663713	1.19	-1.020737089615993	-0.040829483584639725
9.376137	1.22	-15.57551593838799	-0.6230206375355196
9.37663871	1.18	-13.756135220273297	-0.5502454088109319
9.37664325	1.15	-4.97514844739528	-0.1990059378958112
9.37664325	1.28	-2.0849023058074523	-0.08339609223229809
9.37664325	1.15	-4.868525053018314	-0.19474100212073256
9.37664325	1.26	-1.0913248141237943	-0.043652992564951774
9.37663713	1.18	-5.984474210307871	-0.23937896841231485
9.3761368	1.23	-5.05180360956293	-0.20207214438251722
8.5083244	1.12	-9.949591294146149	-0.397983651765846
8.50840351	1.01	-4.5855681790366525	-0.1834227271614661
8.5083244	1.12	-2.311155547731645	-0.09244622190926581
8.5083244	1.02	-17.60864422891227	-0.7043457691564907
8.5083331	1.01	-14.934508343127158	-0.5973803337250864
5.64067757	1.06	-6.365738322776303	-0.2546295329110521
5.64067757	1.06	-19.54508321323766	-0.7818033285295064
5.6406754	1.15	-16.6444116202328	-0.665776464809312
5.64067242	1.15	-7.9275353078138435	-0.31710141231255373
5.64067697	1.15	-2.922094199884655	-0.1168837679953862
3.62276006	1.03	-8.562800440431268	-0.3425120176172507
3.62275506	1.15	-3.240704870770685	-0.1296281948308274
4.2868685	1.1	-2.78832141785416	-0.1115328567141664
4.28686431	1.09	-7.53731962065031	-0.3014927848260124
4.28686431	1.15	-3.190730652079262	-0.12762922608317048
4.28686623	1.1	-25.856833058366846	-1.0342733223346738
4.28686431	1.09	-0.5415543528923097	-0.02166217411569239
9.54927709	0.4	-1.0890811332077421	-0.043563245328309685
9.549273	0.51	-5.224835939382936	-0.20899343757531744
9.54927542	0.39	-6.945597631322546	-0.27782390525290185
9.54927403	0.41	-6.970623042618863	-0.27882492170475454
9.54927542	0.39	-4.476256356398196	-0.17905025425592783
9.54927542	0.39	-15.363109323423183	-0.6145243729369273
9.54926977	0.41	-9.816217955679871	-0.3926487182271949
27.52194772	0.53	-6.749187876627156	-0.26996751506508626
27.52197994	0.53	-2.0573370178462893	-0.08229348071385158
27.52194772	0.62	-1.9270965857560571	-0.07708386343024229
27.52197994	0.55	-0.34817033175867995	-0.0139268132703472
27.52197994	0.53	-18.511527223279593	-0.7404610889311838
27.5219767	0.62	-4.035359809668819	-0.16141439238675276
27.52196099	0.62	-10.678311701403835	-0.4271324680561534
27.52197994	0.53	-2.1775629513729093	-0.08710251805491638
27.521732	0.55	-2.8560713605358554	-0.11424285442143423
6.88341278	1.16	-2.4121218346965954	-0.09648487338786382
6.8834055	1.18	-2.560738327603029	-0.10242953310412116
6.88341278	1.19	-12.903789442331247	-0.5161515776932499
6.8834055	1.16	-2.3013762170355934	-0.09205504868142374
6.8834055	1.18	-7.414683008833379	-0.2965873203533351
6.8834055	1.19	-0.9561127306176702	-0.03824450922470681
6.88341485	1.16	-0.6848800922940574	-0.027395203691762297
3.56809693	1.16	-23.049509223247522	-0.9219803689299009
3.56808669	1.11	-7.771642987280742	-0.3108657194912297
3.568065	1.16	-11.199178738414384	-0.44796714953657535
3.56809693	1.14	-2.5806474521188143	-0.10322589808475258
3.56809961	1.11	-9.967026577402104	-0.39868106309608414
3.56809693	1.13	-13.121630381669174	-0.524865215266767
25.30893566	1.19	-11.00542399889185	-0.440216959955674
25.30889748	1.27	-8.664166241694176	-0.346566649667767
25.30889748	1.27	-8.942557174390041	-0.35770228697560164
25.30894683	1.19	-3.897471237980949	-0.15589884951923796
25.30893566	1.14	-0.21565358283659086	-0.008626143313463635
41.74600392	1.08	-9.326865764094794	-0.37307463056379175
41.74598855	1.03	-10.654199425496415	-0.4261679770198566
41.7460724	1.1	-2.8085930090399973	-0.1123437203615999
41.74600392	1.08	-3.2303976087327912	-0.12921590434931166
45.1542	0.98	-5.537709765970032	-0.2215083906388013
45.15535633	1.03	-5.205860371608288	-0.2082344148643315
45.15405	0.96	-13.627712045718383	-0.5451084818287353
45.15529288	1.03	-4.2107708183770365	-0.16843083273508147
45.15530074	1.05	-26.526489946202958	-1.0610595978481183
45.1555023	1.0	-4.341891317512398	-0.17367565270049592
45.156	1.05	-13.82970463321977	-0.5531881853287908
45.15530074	1.05	-10.452674891188272	-0.4181069956475309
45.15530074	1.05	-5.84633738884258	-0.2338534955537032
45.15535633	1.05	-0.4913408877670511	-0.019653635510682044
85.3162004	1.05	-1.3517422063287303	-0.054069688253149215
85.3165776	0.93	-24.865541226379772	-0.9946216490551909
85.3139	0.98	-4.379741302916557	-0.17518965211666226
85.3162004	1.03	-4.059343873668642	-0.16237375494674566
85.3128662	1.0	-9.111746228806883	-0.3644698491522753
85.3165776	1.05	-6.488908134686053	-0.2595563253874421
85.31664436	1.03	-3.3789329262484697	-0.1351573170499388
85.3147	0.96	-12.218468508878741	-0.4887387403551497
130.17802962	1.05	-16.680413150834468	-0.6672165260333788
130.1845	0.98	-0.42167171191107533	-0.016866868476443014
130.17746603	1.05	-20.238751033700648	-0.809550041348026
130.17802962	1.03	-13.891233207945602	-0.5556493283178241
130.194	1.04	-0.21015859577575702	-0.008406343831030281
130.17814386	1.03	-0.5336433451977121	-0.021345733807908482
130.1858	0.96	-6.348269619296212	-0.2539307847718485
130.17746603	1.05	-2.8900487912390407	-0.11560195164956164
130.17746603	0.93	-2.5117783898759938	-0.10047113559503976
130.183	1.05	-3.733919819176757	-0.14935679276707028
264.284	0.96	-8.063309368928513	-0.3225323747571405
19.55659418	0.88	-2.4562489629562023	-0.0982499585182481
19.55659418	0.88	-5.16690295989121	-0.20667611839564842
19.55659418	0.88	-13.300628281155154	-0.5320251312462062
19.55659418	0.86	-0.5942887457850368	-0.02377154983140147
19.55659418	0.91	-12.397685332208331	-0.49590741328833327
296.6375817	1.12	-8.764469285590508	-0.3505787714236203
296.6371	0.94	-5.2375328639995935	-0.20950131455998375
296.6375817	0.96	-3.8741447407909337	-0.15496578963163735
296.637865	1.12	-18.042216575990743	-0.7216886630396298
26.62942	1.0	-14.905910613461547	-0.5962364245384619
26.6294395	1.12	-1.0511792209165103	-0.04204716883666041
26.62946276	1.12	-15.597317684439536	-0.6238927073775815
26.62949944	0.96	-16.393325732978766	-0.6557330293191507
26.62941953	1.12	-5.807397907745347	-0.2322959163098139
34.43587975	1.17	-4.428202275621073	-0.17712809102484292
34.4359387	1.16	-2.7776369836312593	-0.11110547934525038
34.43596883	1.16	-19.71021810999883	-0.7884087243999532
34.43587975	0.95	-12.528345716069454	-0.5011338286427782
34.43582968	1.16	-1.3949203127648322	-0.05579681251059329
34.43587975	0.95	-0.9014879680603729	-0.03605951872241492
28.86236571	0.92	-10.896700036582764	-0.43586800146331056
28.86235584	0.9	-0.6399503433336797	-0.02559801373334719
28.86235584	0.99	-1.0830216568305493	-0.04332086627322197
28.86237473	1.06	-12.562268021302614	-0.5024907208521046
28.86235584	1.02	-8.821841272863335	-0.3528736509145334
5.65179605	1.1	-14.530352376347448	-0.581214095053898
5.65179605	1.1	-8.75646589597216	-0.35025863583888645
5.65178735	1.11	-3.2314235450411193	-0.12925694180164476
5.65181706	1.11	-17.012117740313542	-0.6804847096125417
5.65179605	1.1	-2.423066572381197	-0.09692266289524788
19.96371318	0.9	-19.082957555764306	-0.7633183022305723
19.96371318	1.0	-16.934777762654175	-0.677391110506167
19.96359	1.0	-5.810257891206227	-0.2324103156482491
24.85462415	1.45	-17.43850423181536	-0.6975401692726145
24.85466504	1.43	-1.3252806810773876	-0.0530112272430955
24.85462415	1.62	-18.905515994122723	-0.7562206397649089
24.85462415	1.45	-4.827655920638069	-0.19310623682552275
60.92818866	0.87	-3.291815672887839	-0.13167262691551357
60.92832947	0.99	-2.205095031908926	-0.08820380127635705
60.92832271	0.86	-0.11961109812731552	-0.004784443925092621
60.92818866	0.99	-7.718833290863099	-0.30875333163452395
60.92832271	0.86	-7.438964044003453	-0.2975585617601381
60.92832271	0.85	-4.970417368174349	-0.19881669472697397
60.9292	0.91	-15.623296571254235	-0.6249318628501694
8.51203588	1.17	-3.264212355190335	-0.1305684942076134
8.51203588	0.96	-1.1701697032572616	-0.04680678813029046
8.51203774	1.09	-10.517997558635873	-0.42071990234543494
8.51204786	1.09	-8.283410405561959	-0.3313364162224784
8.51203774	0.98	-10.930935455243063	-0.4372374182097225
8.51203588	0.94	-12.339251982428461	-0.4935700792971385
24.30784323	0.9	-26.928580221863037	-1.0771432088745214
24.30784323	0.91	-4.883102264786927	-0.19532409059147707
24.3078946	0.89	-18.173393375472646	-0.7269357350189058
24.3078946	0.91	-17.32274695489445	-0.692909878195778
7.87761021	0.56	-0.2468807323219937	-0.009875229292879747
7.8774163	0.63	-21.128954429871587	-0.8451581771948635
7.87740709	0.56	-10.426869229832747	-0.4170747691933099
7.87740709	0.66	-18.590200030915334	-0.7436080012366134
7.87740709	0.56	-2.8093364710260453	-0.11237345884104182
7.87742645	0.64	-2.3463787016654623	-0.09385514806661849
16.38522911	0.56	-5.381314044866836	-0.21525256179467345
16.38489988	0.63	-12.701854457472022	-0.5080741782988809
16.38485646	0.66	-9.651574692486209	-0.38606298769944836
16.38485646	0.56	-13.790612081155468	-0.5516244832462187
16.385	0.66	-2.7583722334694043	-0.11033488933877618
16.38485646	0.56	-27.067437505950203	-1.0826975002380081
36.44591	0.58	-14.856167347812008	-0.5942466939124803
36.44530957	0.64	-14.48546250223452	-0.5794185000893809
36.4451982	0.56	-0.5961954681503792	-0.023847818726015168
36.44548195	0.64	-9.995526404799058	-0.39982105619196234
36.4451982	0.56	-11.738611227373816	-0.4695444490949527
36.4451982	0.56	-0.10504846622055242	-0.004201938648822096
19.67416124	1.13	-4.5788453051342035	-0.18315381220536814
19.67409703	1.03	-6.1237198377350035	-0.24494879350940016
19.67416124	1.13	-11.36062376968733	-0.4544249507874932
19.67416124	1.08	-4.0493112739326165	-0.16197245095730467
5.21104261	1.13	-18.20876337111478	-0.7283505348445912
5.21104261	1.13	-4.284586729651997	-0.17138346918607986
5.21104261	1.1	-14.022670334420123	-0.5609068133768049
22.20799506	1.41	-11.67158606354381	-0.4668634425417524
22.20813214	1.23	-14.111623531628817	-0.5644649412651527
22.20746759	1.41	-1.5995100621009923	-0.06398040248403969
38.58443238	1.27	-24.101612496933267	-0.9640644998773307
38.58422849	1.28	-3.5255017892010807	-0.14102007156804322
38.5833679	1.27	-23.99451860836771	-0.9597807443347084
38.58422849	1.54	-7.664750271117606	-0.3065900108447043
38.58437961	1.27	-9.856813551615675	-0.394272542064627
5.83598311	0.94	-10.757137053071407	-0.4302854821228563
5.83598311	0.94	-6.226349380258756	-0.24905397521035025
5.83597706	0.94	-3.0147987931337914	-0.12059195172535166
5.8359839	0.94	-14.059154474013344	-0.5623661789605338
5.83598311	0.94	-14.892338551971205	-0.5956935420788482
7.97412529	1.05	-20.04439594833275	-0.80177583793331
7.97419807	1.05	-0.838569213261048	-0.03354276853044192
7.97419807	1.09	-23.306430501076527	-0.9322572200430611
7.97419807	1.03	-0.37077997625461157	-0.014831199050184462
7.974157	1.03	-6.497986928834185	-0.2599194771533674
7.97420583	1.05	-0.1498524783577917	-0.005994099134311668
7.97419807	1.03	-6.774083512258945	-0.2709633404903578
7.97420583	1.04	-8.72498928677025	-0.34899957147080996
7.97421309	1.05	-11.225851829796746	-0.44903407319186983
1.88897906	1.05	-14.642017183179597	-0.5856806873271839
1.88898128	1.05	-29.598936376577058	-1.1839574550630823
1.88897906	1.03	-1.4866375811263857	-0.05946550324505543
1.888971	1.03	-10.973313098333223	-0.43893252393332893
1.88899036	1.05	-6.987936234946712	-0.2795174493978685
18.68405716	1.04	-3.435386029920963	-0.13741544119683852
18.68404933	0.95	-20.588133284860234	-0.8235253313944094
18.68421	1.03	-0.2007113763318309	-0.008028455053273235
5.45849832	1.13	-13.30890072626821	-0.5323560290507284
5.45849914	1.17	-0.28477067478542795	-0.011390826991417118
5.45849832	1.24	-1.9904233271548832	-0.07961693308619533
5.45849677	1.02	-12.548099652539252	-0.5019239861015701
5.45849832	1.15	-0.9768745368890648	-0.03907498147556259
5.45849832	1.13	-1.723378009040275	-0.06893512036161101
13.28535633	1.12	-18.82697315981354	-0.7530789263925417
13.28535633	1.12	-11.734020418178819	-0.46936081672715274
13.28535633	1.12	-14.17495620060802	-0.5669982480243209
13.28507221	1.23	-11.653790106296572	-0.4661516042518629
19.78297415	1.02	-23.772485914234085	-0.9508994365693635
19.78299949	0.99	-12.86256985101426	-0.5145027940405704
19.7830259	0.99	-3.3229422169212914	-0.13291768867685166
19.7830344	0.99	-14.158280208936416	-0.5663312083574567
19.78297415	1.01	-0.5958613056300528	-0.023834452225202113
19.78297415	1.02	-6.794335408468678	-0.27177341633874713
19.7830259	0.95	-7.80560125528206	-0.3122240502112824
19.78297415	0.98	-15.715966711461196	-0.6286386684584478
19.78297415	1.02	-0.5201820987471175	-0.0208072839498847
19.78302	1.04	-6.169562739592956	-0.24678250958371822
1.98035766	1.07	-12.609942271314212	-0.5043976908525685
1.98035667	1.0	-9.433599852326626	-0.37734399409306507
12.8345022	0.98	-5.302229585985803	-0.21208918343943212
12.8345022	0.98	-9.32448662698608	-0.3729794650794432
12.8345022	0.98	-11.067532944285881	-0.4427013177714353
12.8344771	1.0	-10.603373130835411	-0.42413492523341645
35.8657306	0.98	-12.061490106652798	-0.4824596042661119
35.86619949	1.0	-19.765269473834817	-0.7906107789533927
18.64934587	1.0	-16.905912561332258	-0.6762365024532904
18.64929678	1.02	-3.96018796694135	-0.158407518677654
18.6489525	0.98	-3.5481241026562076	-0.1419249641062483
18.64895	1.06	-0.47199298763116393	-0.018879719505246556
18.64929678	0.97	-14.099578888187672	-0.5639831555275069
18.649	1.02	-6.454583330520424	-0.25818333322081694
18.64929678	1.02	-3.2481488905982077	-0.1299259556239283
38.5575914	1.02	-16.66176490276582	-0.6664705961106329
38.5575914	1.02	-12.092915795509887	-0.4837166318203955
38.55801645	1.0	-13.50591467735066	-0.5402365870940264
38.5575914	0.97	-15.927583979217752	-0.6371033591687101
38.558	1.02	-14.207652667809246	-0.5683061067123698
38.5575914	1.02	-7.673288242008187	-0.3069315296803275
38.5575914	0.98	-22.676650592138742	-0.9070660236855497
38.55760865	1.0	-13.355530950324226	-0.5342212380129691
9.75193395	1.0	-9.613099819867017	-0.3845239927946807
9.75193182	1.02	-3.363157839319502	-0.13452631357278008
9.75193182	1.02	-0.897142713497237	-0.035885708539889476
39.30924	1.0	-5.291004317398713	-0.2116401726959485
39.30941904	0.9	-2.1597318050185277	-0.08638927220074111
39.30941057	1.01	-1.7002767718082312	-0.06801107087232926
39.30941904	0.97	-2.2448558952704953	-0.08979423581081981
39.30941904	0.86	-17.017302548884295	-0.6806921019553718
39.30941904	0.9	-1.389874323010025	-0.055594972920401
29.88485741	0.72	-0.8329864174087906	-0.033319456696351626
29.88487723	0.77	-4.259993675923666	-0.17039974703694666
29.88485741	0.72	-7.58588172348209	-0.3034352689392836
29.88487723	0.72	-13.265997353775097	-0.5306398941510039
29.88571	0.75	-16.45891042748263	-0.6583564170993051
29.88485741	0.79	-1.2337794526709587	-0.049351178106838346
12.92491623	0.76	-23.36679707237537	-0.9346718828950148
12.924909	0.81	-1.93103019056122	-0.0772412076224488
12.92491623	0.76	-4.737193913369488	-0.18948775653477953
12.92491623	0.87	-14.927469197426833	-0.5970987678970733
12.924907	0.84	-2.3026258072501045	-0.09210503229000418
12.92491623	0.76	-0.1333150490180952	-0.005332601960723809
28.51120525	0.96	-5.047236456035364	-0.20188945824141458
28.51120525	0.76	-5.115815613355875	-0.204632624534235
28.51118228	0.73	-2.7959244286932714	-0.11183697714773086
28.51120525	0.96	-5.056543307795094	-0.20226173231180375
15.95995458	1.08	-10.282717184269995	-0.4113086873707998
15.95994513	1.07	-12.640655804375193	-0.5056262321750077
15.95994513	1.05	-4.554256411119056	-0.18217025644476223
15.95994513	1.07	-5.340081137109717	-0.2136032454843887
15.95994513	1.07	-5.455732106368705	-0.21822928425474822
15.95995611	1.08	-0.7503063374745003	-0.030012253498980013
7.37862283	1.07	-18.773354183073913	-0.7509341673229565
7.37868977	1.07	-5.558725344129456	-0.22234901376517827
7.378776	1.09	-2.767794565808726	-0.11071178263234904
4.90332155	1.2	-5.045211626495444	-0.20180846505981775
4.903349	1.25	-1.9536857047558815	-0.07814742819023526
4.9033218	1.11	-8.114699836140423	-0.3245879934456169
4.90332155	1.18	-22.891368490848528	-0.9156547396339412
1.8270813	0.92	-7.917341081963341	-0.31669364327853367
1.8270823	0.91	-6.364584832456008	-0.2545833932982403
1.8270823	0.83	-6.1482820118630634	-0.24593128047452253
1.8270823	0.83	-12.297992544218689	-0.49191970176874755
1.82708193	0.96	-4.49248237401303	-0.1796992949605212
1.8270823	0.83	-18.609352810473712	-0.7443741124189485
3.247583	1.03	-4.039206712745292	-0.16156826850981168
3.24755522	1.02	-3.6372783995941553	-0.14549113598376623
3.2475547	1.01	-8.261785657055967	-0.3304714262822387
3.24755522	1.07	-7.279472148804862	-0.2911788859521945
3.24755522	1.02	-9.465443145363281	-0.37861772581453124
3.24755522	1.02	-0.9358201790844769	-0.03743280716337908
3.24754881	1.09	-6.5598812593385984	-0.26239525037354394
81.73778	0.89	-5.92302957120349	-0.23692118284813962
81.73780699	0.88	-2.961077721792539	-0.11844310887170156
81.73747	0.85	-5.710033585996699	-0.22840134343986798
81.73778	0.89	-7.01149850573994	-0.28045994022959764
81.73764829	0.96	-4.677933983020279	-0.18711735932081117
81.73780699	0.88	-6.1752206874045665	-0.24700882749618266
81.73780699	0.88	-0.43474269365386986	-0.017389707746154795
81.737872	0.88	-14.902279803156528	-0.5960911921262612
81.73780699	0.88	-12.186153841542838	-0.4874461536617135
125.63064	1.05	-10.568850287415971	-0.4227540114966389
125.6291479	1.01	-6.668785569590357	-0.2667514227836143
125.6291479	0.97	-10.274547384935232	-0.4109818953974093
125.62887621	0.99	-1.494311741098544	-0.05977246964394176
125.62887621	1.0	-11.482162209124489	-0.4592864883649796
125.62850932	1.01	-0.7394237840149285	-0.02957695136059714
125.62887621	0.99	-2.103471634481134	-0.08413886537924536
1000.0	1.05	-8.611764276620145	-0.3444705710648058
8.0109434	0.51	-4.701029114629813	-0.18804116458519254
8.010944	0.51	-4.04381183196393	-0.16175247327855719
8.01078456	0.48	-0.14388371536731048	-0.00575534861469242
8.01080765	0.52	-23.86548770858939	-0.9546195083435757
8.011	0.56	-2.736023789771638	-0.10944095159086553
8.01	0.52	-8.922961263637813	-0.3569184505455125
8.01081478	0.49	-14.65757982565206	-0.5863031930260825
8.011	0.35	-0.5190036344470275	-0.0207601453778811
12.072	0.35	-24.246037328180122	-0.9698414931272049
12.07134205	0.48	-5.216602395460344	-0.20866409581841378
12.07134205	0.52	-10.70574710189905	-0.428229884075962
12.07	0.52	-2.598899885257706	-0.10395599541030824
12.07172	0.51	-27.74136403001389	-1.1096545612005557
12.07135949	0.49	-7.300485806835726	-0.2920194322734291
12.07135949	0.49	-4.276922945288164	-0.17107691781152656
12.07135949	0.48	-6.237551425248285	-0.24950205700993142
12.07130385	0.52	-6.485457894376837	-0.25941831577507346
20.99574839	0.52	-10.839210866943514	-0.4335684346777406
20.99589959	0.49	-14.506869812660499	-0.58027479250642
20.99589959	0.48	-1.052814835185825	-0.042112593407433
20.99597271	0.52	-16.568192832909013	-0.6627277133163605
20.99587872	0.48	-0.9453856799090485	-0.03781542719636194
172.6957966	1.04	-3.9731525444156217	-0.15892610177662486
172.6909	0.94	-4.450608354552481	-0.17802433418209923
172.7049784	0.9	-0.6137385246162346	-0.024549540984649385
172.7012555	1.04	-7.634057813607175	-0.305362312544287
172.7049784	1.02	-27.288918147090623	-1.091556725883625
5.08006	1.04	-12.767751456316144	-0.5107100582526458
5.08004339	1.14	-6.309046256760235	-0.2523618502704094
5.08005848	1.02	-17.53248852407838	-0.7012995409631353
5.08005848	1.38	-21.02230243001584	-0.8408920972006336
5.08005848	1.02	-15.648542892761187	-0.6259417157104474
5.0800579	1.14	-15.171686880367712	-0.6068674752147085
5.0800579	1.36	-4.897415663187951	-0.19589662652751805
13.14496741	0.86	-14.224159482105206	-0.5689663792842082
13.14496741	0.93	-9.263480950490182	-0.3705392380196073
13.14497566	0.94	-0.8141930993775663	-0.03256772397510265
13.899645	0.65	-8.677011253866784	-0.34708045015467137
13.89963233	0.75	-15.605009320553485	-0.6242003728221394
13.89961966	0.65	-2.6133929527036432	-0.10453571810814573
13.89961592	0.75	-2.2118690490117796	-0.08847476196047119
13.89961966	0.65	-13.811406918550597	-0.5524562767420239
13.89970433	0.75	-18.09986625959436	-0.7239946503837744
13.89961966	0.7	-15.257072061123658	-0.6102828824449463
21.41616926	1.21	-8.506823501164007	-0.3402729400465603
21.41616926	1.21	-13.470733653314964	-0.5388293461325986
21.41664	1.12	-5.468417500776787	-0.21873670003107148
21.41616926	1.16	-2.5908932074391444	-0.10363572829756577
21.41624083	1.08	-13.90275619350488	-0.5561102477401952
21.41624083	1.21	-15.653405088328812	-0.6261362035331525
21.41616926	1.21	-7.264130826084283	-0.29056523304337134
21.41611518	1.21	-13.564049279756347	-0.5425619711902538
13.24931848	1.06	-16.193158646897732	-0.6477263458759093
13.24934059	1.07	-3.708842355865105	-0.1483536942346042
13.249212	1.0	-2.8845697878465324	-0.1153827915138613
13.24934059	1.04	-10.643414597458612	-0.4257365838983445
13.24934059	1.08	-4.973004156980858	-0.19892016627923434
13.24933726	1.06	-1.0220405516251505	-0.04088162206500602
13.24933385	1.06	-5.290448220801143	-0.21161792883204572
4.14702026	0.98	-3.2782150358291875	-0.1311286014331675
4.1470198	0.93	-16.043707270329012	-0.6417482908131605
4.14702119	1.01	-5.676433038631048	-0.2270573215452419
4.14702026	0.98	-3.466175394295135	-0.1386470157718054
6.01038429	0.72	-16.99646837621713	-0.6798587350486852
6.01038334	0.72	-8.51421978518491	-0.3405687914073964
6.01039754	0.75	-10.71693384589275	-0.42867735383571004
4.4541913	0.8	-14.503780287710853	-0.5801512115084342
4.45419434	0.81	-16.617478085128134	-0.6646991234051254
4.45419425	0.81	-4.171615687380207	-0.16686462749520828
4.45419446	0.93	-9.15945830265884	-0.36637833210635357
42.9495649	0.84	-0.2766782999612041	-0.011067131998448164
42.95	0.9	-4.5485241232080345	-0.18194096492832137
42.949522	0.9	-10.45389692193895	-0.418155876877558
42.95011	0.85	-13.04226709336379	-0.5216906837345516
42.94957774	0.9	-4.555333658515873	-0.18221334634063494
117.040498	0.84	-9.211193901369974	-0.36844775605479896
117.04256631	0.9	-6.967115600729545	-0.2786846240291818
117.040498	0.84	-7.305608046197045	-0.2922243218478818
117.040498	0.91	-0.6679254452814178	-0.026717017811256714
117.040498	0.84	-20.88195582385224	-0.8352782329540896
117.040498	0.88	-6.08838504803364	-0.2435354019213456
24.61480613	0.9	-5.4861091174279	-0.219444364697116
24.61482073	0.84	-13.406358052163801	-0.5362543220865521
24.61480613	0.86	-8.668249114559224	-0.34672996458236893
24.61484301	0.9	-8.493019855208988	-0.33972079420835954
24.614847	0.85	-0.21717649996705823	-0.00868705999868233
24.61482073	0.84	-4.833526892217017	-0.19334107568868067
27.95	0.65	-18.175823217540312	-0.7270329287016125
27.9481449	0.62	-7.519329597725701	-0.300773183909028
27.9537959	0.65	-1.7296646926048056	-0.06918658770419223
27.95369	0.63	-24.29329352507133	-0.9717317410028532
42.1406089	0.71	-14.09446850816205	-0.563778740326482
42.1412664	0.72	-10.668187138445038	-0.42672748553780154
42.1412664	0.65	-21.88340274720723	-0.8753361098882892
42.1406089	0.69	-3.0774165495154264	-0.12309666198061706
2.21112285	0.65	-9.82203850067358	-0.3928815400269432
2.21111094	0.69	-0.7912040027621614	-0.031648160110486455
4.61746693	0.65	-9.408378899736888	-0.37633515598947553
4.617519	0.63	-15.95365586291592	-0.6381462345166368
4.61746693	0.72	-11.700995025222463	-0.4680398010088985
4.61749056	0.69	-0.18465172588095413	-0.007386069035238165
10.19849255	0.71	-3.3143719026134404	-0.1325748761045376
10.19851808	0.65	-0.9530187899658356	-0.03812075159863342
10.19852178	0.69	-3.4148330909189815	-0.13659332363675927
10.19851808	0.72	-2.5826771028995816	-0.10330708411598327
10.19849255	0.69	-12.785777057515546	-0.5114310823006218
8.60009931	0.86	-4.730490469797619	-0.18921961879190477
8.60010324	0.86	-0.2498397003205335	-0.009993588012821339
12.3764467	0.66	-8.327469812671971	-0.33309879250687885
12.37647168	0.66	-8.326161659153271	-0.3330464663661309
12.3764661	0.51	-8.537556442997563	-0.3415022577199025
12.37646897	0.62	-19.37861034527661	-0.7751444138110644
12.3764661	0.65	-9.136948999241824	-0.36547795996967297
5.26341679	1.04	-1.8011051640435556	-0.07204420656174222
5.26341577	1.03	-9.741612549583063	-0.38966450198332253
5.26341522	1.1	-6.00685084496344	-0.2402740337985376
5.26341577	1.09	-11.275595974615545	-0.4510238389846218
4.03046954	0.86	-0.28788681236390046	-0.011515472494556018
4.03046679	0.93	-7.220944930219229	-0.2888377972087692
4.0304645	0.79	-6.658803392296189	-0.26635213569184757
4.03046804	0.89	-18.229895167985347	-0.7291958067194139
4.03046804	0.95	-11.776406463370398	-0.4710562585348159
4.030467	0.89	-2.3117974690397896	-0.09247189876159158
4.03046931	0.86	-1.0471347870982566	-0.041885391483930265
4.03046804	0.95	-0.7201185301749535	-0.028804741206998143
328.2399546	0.95	-9.302009339492285	-0.3720803735796914
328.2399546	0.89	-6.152563584847493	-0.24610254339389973
328.23996369	0.86	-3.957002810224336	-0.15828011240897344
328.2399546	0.95	-13.89131136015222	-0.5556524544060888
328.2399546	0.92	-12.300958200721022	-0.4920383280288409
1.90220856	0.94	-8.573799869185907	-0.34295199476743626
1.90220865	0.93	-25.859001796031126	-1.0343600718412451
1.90221	0.86	-6.787114480060919	-0.27148457920243674
1.90220856	0.94	-11.929090820065802	-0.4771636328026321
1.90220856	0.94	-22.14747815137855	-0.885899126055142
1.90220856	0.93	-3.6134144440418288	-0.14453657776167314
1.90220773	0.92	-2.7192775373415303	-0.10877110149366122
16.21775587	1.07	-14.75803932502803	-0.5903215730011212
16.21774917	0.89	-16.56844542431986	-0.6627378169727944
16.21774917	1.07	-10.506245284492321	-0.42024981137969286
16.21775407	1.03	-2.699113506410453	-0.1079645402564181
16.21775407	0.88	-3.422181898652386	-0.13688727594609545
16.217504	1.0	-15.902806819737961	-0.6361122727895184
16.21775407	0.88	-1.4215393172355637	-0.056861572689422546
11.72292176	1.0	-4.966654812730357	-0.19866619250921427
11.72292176	1.03	-1.9883085580363333	-0.07953234232145333
11.72294988	0.99	-12.502420973491391	-0.5000968389396556
11.722936	1.01	-5.055346398907637	-0.20221385595630548
11.72292176	1.03	-2.908135746411411	-0.11632542985645644
11.72291963	0.99	-18.3795905595561	-0.735183622382244
3.70597	1.09	-5.897807161364123	-0.23591228645456494
3.70598955	1.0	-8.570922232903186	-0.34283688931612744
3.70598955	1.0	-0.49052297237923037	-0.019620918895169214
3.70599166	1.05	-12.98259345919529	-0.5193037383678116
3.70599166	1.0	-7.378789649128496	-0.29515158596513985
3.70598955	1.11	-8.490480920080795	-0.3396192368032318
29.00790538	0.86	-0.19990535315250102	-0.007996214126100042
29.00788497	0.88	-5.020547212277603	-0.20082188849110413
29.00790538	0.85	-11.241858907881378	-0.4496743563152551
29.00789166	0.86	-3.708477213320064	-0.14833908853280256
17.58751643	0.95	-3.9041998105282234	-0.15616799242112894
17.58752333	0.94	-7.895881610089053	-0.31583526440356213
17.58753942	0.95	-3.24719764909713	-0.12988790596388522
17.58751692	0.9	-8.841538187727156	-0.35366152750908625
10.5007334	1.29	-0.5899623684097339	-0.023598494736389357
10.501	1.4	-22.403532898177893	-0.8961413159271158
10.5007334	1.32	-16.4406346219359	-0.6576253848774359
10.5007712	1.38	-3.7686281839198736	-0.15074512735679496
21.4054901	1.67	-16.742434159408823	-0.6696973663763529
21.4054901	1.32	-10.433669719391041	-0.41734678877564163
21.40239	1.32	-2.7325731201546097	-0.10930292480618439
21.4054901	1.29	-29.161329394588076	-1.166453175783523
21.405	1.32	-2.5986504045669725	-0.1039460161826789
21.40505	1.36	-12.16180230671721	-0.48647209226868837
21.4050484	1.37	-7.4963876260908915	-0.2998555050436357
21.4054901	1.32	-11.743263347186307	-0.4697305338874523
18.47762694	0.4	-20.95587264656338	-0.8382349058625351
18.47764449	0.34	-25.687935992119684	-1.0275174396847873
18.47764449	0.3	-0.17316141359187598	-0.006926456543675039
18.47762694	0.27	-0.9404229110027646	-0.03761691644011059
18.4776196	0.38	-20.905072061765033	-0.8362028824706014
18.47760503	0.4	-9.551097627780653	-0.3820439051112261
18.477644	0.27	-10.178253505487657	-0.4071301402195063
18.477659	0.49	-2.0896928940075727	-0.08358771576030291
18.47763641	0.4	-6.687666674494057	-0.2675066669797623
58.3620495	0.97	-8.058486841090202	-0.3223394736436081
58.3620495	0.97	-14.731180525588039	-0.5892472210235216
58.3620495	0.97	-10.259353490730843	-0.41037413962923375
58.3620495	0.96	-12.750115277029229	-0.5100046110811691
58.3620495	0.98	-5.830011185693566	-0.23320044742774265
58.36205791	0.94	-2.60653001730041	-0.10426120069201639
58.36205791	0.97	-11.656237688253333	-0.46624950753013333
5.35015611	0.94	-7.04218207287766	-0.2816872829151064
5.35016198	0.96	-19.881655655564984	-0.7952662262225993
5.35016878	0.94	-13.831033328044168	-0.5532413331217667
5.35016198	0.97	-1.8047952331220103	-0.07219180932488041
5.35015554	0.94	-2.999581897820592	-0.11998327591282369
5.35016198	0.97	-13.225790162825078	-0.5290316065130031
18.00932214	0.99	-7.494656100736251	-0.29978624402945003
18.00932345	0.99	-2.2404642056433186	-0.08961856822573275
18.00931444	0.93	-16.83542225992285	-0.673416890396914
22.18432708	0.77	-5.158913301939414	-0.20635653207757657
22.18432708	0.8	-2.5462740325675073	-0.1018509613027003
22.18432708	0.77	-7.303358966901638	-0.2921343586760655
22.18431824	0.77	-1.4602807270561842	-0.05841122908224737
3.75083293	1.07	-21.483448762460284	-0.8593379504984114
3.75083254	0.99	-4.01346212003583	-0.1605384848014332
3.75083228	1.07	-0.49555381548905864	-0.019822152619562345
3.75083342	0.99	-6.989658316718382	-0.2795863326687353
3.75083293	0.99	-1.2369931222992736	-0.049479724891970944
4.24374723	0.93	-3.2624274881120323	-0.1304970995244813
4.24374723	0.98	-2.704808025219701	-0.10819232100878803
4.24374723	0.93	-5.997081869200159	-0.23988327476800636
4.243743	1.01	-8.447078034828744	-0.33788312139314974
18.42787	0.76	-12.893369587975222	-0.5157347835190089
18.42794624	0.74	-5.087765696531788	-0.20351062786127153
18.42792967	0.8	-1.0608948587375924	-0.042435794349503696
18.42794624	0.74	-8.233258302287439	-0.32933033209149754
18.42794957	0.76	-14.082297265875807	-0.5632918906350323
16.54295261	0.9	-0.5830780791190984	-0.023323123164763936
16.54297375	0.84	-21.124822935943854	-0.8449929174377542
16.54296952	0.82	-13.383124703506965	-0.5353249881402786
11.023423	0.52	-6.859478799564027	-0.2743791519825611
11.02347475	0.52	-5.440804047824605	-0.21763216191298418
11.02347475	0.52	-19.33794869454389	-0.7735179477817556
11.0234748	0.55	-14.601420537780639	-0.5840568215112255
11.02346978	0.54	-15.878119544613714	-0.6351247817845486
11.02347475	0.52	-8.095824128793838	-0.3238329651517535
34.18896	0.98	-12.635286851372314	-0.5054114740548925
34.18890521	1.01	-1.040917164746267	-0.04163668658985068
34.18890521	0.95	-3.7453009932509436	-0.14981203973003773
34.18890521	1.01	-21.152717378608884	-0.8461086951443554
34.18897038	1.01	-17.556359145169576	-0.702254365806783
34.18884323	0.89	-3.218811160729643	-0.12875244642918574
34.18890521	1.01	-26.891300416551857	-1.0756520166620742
5.72932402	0.88	-16.650742166017974	-0.6660296866407189
5.72932015	0.88	-14.6543129252713	-0.586172517010852
5.72932862	0.88	-3.903034335898052	-0.15612137343592208
5.72931758	0.88	-5.724212355899152	-0.22896849423596607
5.72932862	0.88	-15.589134076892462	-0.6235653630756984
5.72931758	0.88	-4.859023929420036	-0.19436095717680144
5.729319	0.84	-4.8926123216859425	-0.1957044928674377
5.7293196	0.83	-3.090089001874148	-0.12360356007496591
5.72932862	0.87	-3.2795018561586122	-0.13118007424634448
11.6	0.86	-8.91730387494248	-0.3566921549976992
11.60914938	0.88	-3.7865108561493335	-0.15146043424597333
11.609257	0.84	-13.800858310172398	-0.5520343324068959
11.609	0.88	-6.308695057871825	-0.25234780231487297
11.60907117	0.88	-1.1792996044465898	-0.04717198417786359
11.60908533	0.88	-9.149087703392365	-0.3659635081356946
11.60907117	0.88	-1.3262972209014086	-0.05305188883605634
4.301662	0.88	-2.3131134438003755	-0.09252453775201502
4.301662	0.88	-1.9281635055468935	-0.07712654022187575
4.301662	0.88	-20.82923216738753	-0.8331692866955013
4.30165843	0.88	-15.342132872276656	-0.6136853148910663
4.30165843	0.93	-8.007602591071247	-0.3203041036428499
4.301662	0.93	-5.556125197790502	-0.22224500791162008
4.301671	0.84	-16.877131528955168	-0.6750852611582068
4.30166471	0.93	-4.248421204466846	-0.16993684817867383
4.79859939	0.93	-4.388086055094355	-0.17552344220377422
4.79859939	0.93	-15.820891666378163	-0.6328356666551266
4.79860021	0.95	-11.020223869722733	-0.4408089547889093
4.798625	0.93	-2.424926587691209	-0.09699706350764836
4.79859939	0.93	-6.206105350571202	-0.2482442140228481
4.79862186	0.95	-8.67229339262736	-0.3468917357050944
17.20523483	0.77	-6.7611446825235975	-0.27044578730094393
17.20520128	0.86	-7.469460940190226	-0.298778437607609
17.20522898	0.77	-3.732015223211566	-0.14928060892846265
22.18329658	0.83	-3.453088564340356	-0.13812354257361423
22.18339	1.01	-0.47539029829638535	-0.019015611931855414
22.18329658	0.83	-6.008788061241793	-0.24035152244967173
22.18332255	1.0	-2.183201183109187	-0.08732804732436748
22.18332255	0.89	-3.5035569899517545	-0.14014227959807019
22.18329658	0.83	-2.112789119184346	-0.08451156476737386
22.18329658	0.83	-12.733044252501696	-0.5093217701000678
22.18333217	1.0	-4.833769889643002	-0.1933507955857201
7.65880414	0.86	-16.58671026956904	-0.6634684107827615
7.65880048	0.86	-29.594897994223892	-1.1837959197689558
7.65880414	0.95	-11.322852049021932	-0.4529140819608773
7.65878097	0.94	-13.194452000503324	-0.5277780800201329
7.65880048	0.94	-17.982689290161197	-0.7193075716064479
9.3789167	0.98	-6.144607627195512	-0.24578430508782048
9.379012	0.94	-2.0675760393153593	-0.08270304157261438
9.37890187	0.98	-4.144532405387329	-0.16578129621549317
9.37884282	0.98	-2.2352372862191108	-0.08940949144876444
29.91136794	1.01	-11.007209481307989	-0.44028837925231956
29.91136794	1.01	-12.036438077077163	-0.48145752308308654
29.9111886	0.85	-2.3168735335282733	-0.09267494134113094
29.91147041	0.91	-7.1826512723998786	-0.28730605089599515
29.9111886	0.91	-1.929602284747935	-0.0771840913899174
29.91136794	0.99	-8.226421027036139	-0.32905684108144556
25.69582143	0.83	-7.758715967650511	-0.3103486387060205
25.69581456	0.83	-0.7138707799834454	-0.028554831199337816
25.69578251	0.5	-3.485016986296655	-0.1394006794518662
25.69578251	0.78	-2.34045773129981	-0.0936183092519924
25.69597	0.78	-29.166633433107016	-1.1666653373242806
1.6168863	0.8	-6.085735980929757	-0.24342943923719026
1.6168837	0.88	-7.205978169202163	-0.28823912676808655
1.61688337	0.96	-9.275888917788029	-0.37103555671152116
1.6168837	0.87	-10.766703767309451	-0.43066815069237807
1.6168822	0.9	-15.887244405890113	-0.6354897762356045
1.61688337	0.9	-4.407131184193061	-0.17628524736772247
9.66857723	0.88	-15.579018667134308	-0.6231607466853724
9.66857386	0.88	-20.52995121730017	-0.8211980486920067
9.66857723	0.88	-21.78177905905868	-0.8712711623623473
9.66857723	0.88	-4.494504430700282	-0.17978017722801126
9.66857723	0.99	-10.948971206558303	-0.4379588482623321
10.21866016	1.02	-13.743761346171883	-0.5497504538468754
10.21851	1.04	-8.214699422367183	-0.32858797689468733
10.21864532	1.02	-22.143951754875356	-0.8857580701950143
10.21866016	1.02	-5.26498426784955	-0.210599370713982
10.2184954	0.95	-17.310507712729134	-0.6924203085091654
10.21866016	1.02	-4.145823541569259	-0.16583294166277035
10.21877706	1.02	-9.37225481708968	-0.3748901926835872
15.5737596	1.02	-3.192332547986113	-0.12769330191944453
15.57387465	1.02	-15.671224746697611	-0.6268489898679045
15.57363551	1.33	-4.0469139687695375	-0.1618765587507815
15.5738	1.04	-12.021205333655164	-0.4808482133462066
15.573637	1.02	-12.277739591996813	-0.4911095836798725
15.5741568	0.95	-2.368940163818417	-0.09475760655273668
40.1014272	1.02	-4.901423454469587	-0.19605693817878347
40.1015561	1.02	-15.076224663181668	-0.6030489865272667
40.10167463	1.02	-1.251840968478676	-0.05007363873914704
40.1014272	1.02	-5.303269425283439	-0.21213077701133756
40.10101	1.04	-0.660873695065977	-0.02643494780263908
40.1014272	1.02	-5.248075788985238	-0.20992303155940953
4.45815716	1.02	-7.374639349003235	-0.2949855739601294
4.45815716	1.02	-4.990576762427225	-0.19962307049708902
4.45814897	1.02	-7.952515960615173	-0.31810063842460695
4.45816994	1.02	-12.763590585746943	-0.5105436234298777
8.22241966	0.58	-25.54794594265639	-1.0219178377062557
8.22241966	0.58	-15.417020453977656	-0.6166808181591062
8.22241355	0.63	-15.84861377974326	-0.6339445511897305
8.22241966	0.67	-12.011886803858811	-0.48047547215435243
40.606895	0.93	-15.071569318694953	-0.6028627727477981
40.60709	0.92	-5.305220703837183	-0.2122088281534873
40.6069821	0.91	-6.04672289159207	-0.24186891566368282
40.6069821	0.91	-8.984101252751884	-0.3593640501100754
18.49235571	0.86	-9.732309045099338	-0.38929236180397353
18.49235668	0.93	-24.220128965607856	-0.9688051586243143
18.4923543	0.86	-7.645576881215185	-0.3058230752486074
18.49234792	0.86	-6.3233187523354975	-0.2529327500934199
18.492336	0.79	-14.503964707980387	-0.5801585883192155
18.49235668	0.77	-18.700967562304463	-0.7480387024921785
18.49234792	0.77	-1.6715026408066826	-0.06686010563226731
18.49235668	0.77	-6.6215148783125715	-0.2648605951325029
6.5100253	0.94	-23.304419664693363	-0.9321767865877345
6.510036	0.83	-10.028040805417817	-0.40112163221671265
35.1810304	1.21	-10.432557010113097	-0.4173022804045239
35.1810304	1.17	-6.3429988602649985	-0.25371995441059997
35.18105723	1.18	-6.7182121444379685	-0.26872848577751873
35.18112	1.2	-6.649213792593561	-0.26596855170374245
35.1810304	1.21	-1.6155284320303975	-0.0646211372812159
35.18105723	1.28	-8.23844940093708	-0.3295379760374832
35.1808248	1.18	-10.589191185424594	-0.4235676474169838
2.75235969	0.93	-2.4382387040252382	-0.09752954816100953
2.75236312	0.96	-0.586472807068789	-0.02345891228275156
2.75236021	0.96	-4.190741701556967	-0.1676296680622787
2.75235969	0.96	-2.0809873399856835	-0.08323949359942734
2.10472218	1.09	-4.985786264705984	-0.19943145058823938
2.10472072	0.9	-6.346120457719595	-0.2538448183087838
2.1047142	0.9	-13.204458201476717	-0.5281783280590687
2.10472197	0.9	-4.596069847771627	-0.18384279391086508
2.10472197	1.09	-4.172007130509112	-0.16688028522036447
10.94027841	0.97	-5.856143318168644	-0.23424573272674576
10.940266	0.96	-11.185766926239737	-0.4474306770495895
10.94027841	0.97	-8.271353069859881	-0.33085412279439524
10.94027841	0.97	-14.455788261036586	-0.5782315304414635
10.94024227	0.96	-3.681381783536605	-0.1472552713414642
10.94026745	0.96	-8.218650623010076	-0.32874602492040306
10.94026745	0.96	-0.37677716443979237	-0.015071086577591696
4.22162338	1.03	-1.243908037784728	-0.049756321511389125
4.22162619	1.05	-4.4528931251312756	-0.17811572500525102
4.22162536	1.05	-5.093106584745305	-0.2037242633898122
4.22162536	1.05	-11.108924054459063	-0.4443569621783625
4.22162536	1.01	-10.529982139939367	-0.4211992855975747
16.54967098	0.9	-3.996611692865815	-0.1598644677146326
16.549414	0.8	-13.364835148675116	-0.5345934059470047
16.54964644	0.9	-11.342792882198836	-0.45371171528795345
16.54964934	0.83	-7.82813852376805	-0.31312554095072204
3.52466011	0.83	-5.895936761885665	-0.23583747047542658
3.52467888	0.9	-6.881874838529063	-0.2752749935411625
3.52468054	0.83	-17.369068768027766	-0.6947627507211107
3.52468054	0.83	-4.40533782239425	-0.17621351289577
11.8691507	0.93	-4.693030249593092	-0.18772120998372369
11.86880387	1.12	-1.846341438163883	-0.07385365752655532
11.8693144	1.07	-15.121808341932397	-0.6048723336772959
11.8693144	1.12	-1.4730294693310984	-0.05892117877324393
17.9776157	0.93	-18.16583697452359	-0.7266334789809435
17.98012	1.14	-1.5590754802757818	-0.062363019211031274
17.9776157	1.07	-11.293925361315193	-0.45175701445260774
17.9776157	1.07	-9.221307157080634	-0.36885228628322536
17.9776157	1.12	-7.410345390930149	-0.296413815637206
5.85296885	1.04	-15.605890889771251	-0.62423563559085
5.85296355	1.04	-13.65643185114757	-0.5462572740459029
5.85296623	1.04	-4.78070280814763	-0.19122811232590523
5.852981	1.02	-3.2662398998282365	-0.13064959599312947
5.85296257	1.1	-5.497632746879703	-0.21990530987518814
5.85296257	1.05	-6.666853758441104	-0.2666741503376442
5.85296257	1.05	-3.839031909074948	-0.15356127636299793
81.1699	0.98	-15.076614990159616	-0.6030645996063847
81.1694299	1.04	-9.878291521612933	-0.39513166086451734
81.1701587	0.91	-3.9849402407657215	-0.15939760963062885
81.1701587	0.99	-11.645698486954265	-0.4658279394781706
2.82019241	1.04	-12.204063087352127	-0.48816252349408507
2.8201906	1.05	-12.99423358938079	-0.5197693435752316
2.82019054	1.08	-7.60009954448267	-0.3040039817793068
2.8201906	1.08	-8.371857907134045	-0.3348743162853618
2.82018502	1.08	-1.3029162779106593	-0.052116651116426375
2.82019241	1.04	-20.58930576040975	-0.82357223041639
2.82019241	1.04	-2.3996424913813885	-0.09598569965525554
2.82019241	1.04	-12.348613531650276	-0.49394454126601106
21.21710588	1.07	-9.683628120050479	-0.38734512480201916
21.21712312	1.01	-14.609526123704489	-0.5843810449481796
21.21708973	1.08	-6.732701022274782	-0.26930804089099125
21.21711	1.09	-15.064110505973217	-0.6025644202389286
13.64618192	0.91	-2.7677236910869962	-0.11070894764347985
13.64625	0.91	-11.36458262910771	-0.45458330516430845
13.64618192	0.92	-11.396584320704557	-0.4558633728281823
13.64617478	0.93	-10.25353609268803	-0.4101414437075212
13.64622009	0.91	-6.753703508240938	-0.2701481403296375
13.64618192	0.92	-0.6324925320946586	-0.025299701283786346
13.64614318	0.91	-28.557616286071003	-1.14230465144284
25.30291816	0.87	-6.647913272188443	-0.26591653088753775
25.302868	0.81	-6.706032296222326	-0.26824129184889306
25.30292332	0.93	-1.5531051772475206	-0.062124207089900824
12.38602	0.93	-7.87718349937001	-0.3150873399748004
21.30022655	1.07	-4.3994296163568976	-0.1759771846542759
21.30022655	1.07	-18.592090039340807	-0.7436836015736323
21.30022655	1.07	-10.447929486675793	-0.4179171794670317
21.30003	1.16	-3.816240006323207	-0.15264960025292829
21.30019553	1.15	-8.068199114159864	-0.3227279645663946
13.02365861	0.96	-17.55275986358562	-0.7021103945434248
13.02365861	0.96	-17.34842022964151	-0.6939368091856604
13.02365861	0.96	-9.931312852396022	-0.3972525140958409
13.02368089	1.0	-6.6194434782762	-0.264777739131048
13.02365861	0.97	-8.59593362386409	-0.3438373449545636
13.02365861	1.02	-31.65181864753012	-1.2660727459012049
13.023636	1.0	-11.586278828619482	-0.4634511531447793
3.70175428	0.88	-1.1813679506877084	-0.04725471802750834
3.7017654	0.81	-14.03895355024651	-0.5615581420098604
3.7017654	0.9	-10.859949688815549	-0.434397987552622
3.70175428	0.81	-0.9013459094089973	-0.03605383637635989
3.70175428	0.81	-14.009756964086067	-0.5603902785634427
86.4947807	0.81	-9.308088996352701	-0.3723235598541081
86.4947807	0.81	-25.166594487173512	-1.0066637794869404
86.4945	0.9	-9.51714390594944	-0.3806857562379776
86.4947807	0.88	-0.7936552764199711	-0.03174621105679885
15.65563866	0.83	-4.865343489450487	-0.19461373957801947
15.65562652	0.78	-11.483536360932266	-0.4593414544372907
15.65558	0.76	-3.259811278162021	-0.13039245112648085
15.65566138	0.83	-4.3280218023619	-0.17312087209447602
15.65562652	0.83	-6.612736519148447	-0.2645094607659379
15.6556691	0.83	-14.02955592710227	-0.5611822370840909
15.65562652	0.78	-3.4693326666098177	-0.13877330666439272
3.23469931	1.09	-11.275587682152809	-0.45102350728611235
3.234702	1.11	-6.229663874726901	-0.24918655498907605
3.23469928	1.05	-1.5454483510990171	-0.06181793404396069
3.2346994	0.99	-3.793411767599732	-0.1517364707039893
3.23469918	0.99	-7.699294951832206	-0.3079717980732882
3.234723	1.21	-8.931442126165209	-0.3572576850466084
3.23469931	1.05	-8.805989803871004	-0.3522395921548402
3.234699	1.21	-2.710441668351801	-0.10841766673407204
3.23469931	1.05	-12.364094859473173	-0.49456379437892695
7.131	1.1	-0.23131308872347267	-0.009252523548938907
7.133	1.0	-13.61243282924437	-0.5444973131697748
7.13294363	1.09	-14.776499781663018	-0.5910599912665208
7.13294363	1.1	-18.63729753208939	-0.7454919012835757
7.13294363	1.0	-5.094882939086139	-0.20379531756344554
8.91902447	1.1	-11.468572047405207	-0.45874288189620827
8.91902447	1.1	-3.547058483405017	-0.1418823393362007
8.91935	1.12	-7.958694935256422	-0.31834779741025687
8.91902447	1.1	-4.032566302797147	-0.16130265211188585
8.9193459	1.11	-15.915590953636654	-0.6366236381454662
8.91902447	1.09	-6.257224635723532	-0.2502889854289413
8.9187	1.04	-3.568872111871702	-0.1427548844748681
8.91902447	1.0	-10.843264393230477	-0.4337305757292191
11.8984948	0.97	-2.987970467516134	-0.11951881870064536
11.8981	1.04	-32.630482071747196	-1.3052192828698879
11.9016171	1.11	-2.7704925998858507	-0.11081970399543403
11.8984932	1.1	-1.979646888521988	-0.07918587554087952
11.8984932	1.1	-13.814643258069239	-0.5525857303227696
11.899	1.0	-4.423487042268453	-0.17693948169073814
11.903	1.07	-12.795127527331651	-0.511805101093266
23.67513153	0.89	-0.12306299466936221	-0.004922519786774489
23.67520728	0.89	-2.6522419640108867	-0.10608967856043547
23.67513153	0.87	-4.451954686778893	-0.17807818747115572
23.67517607	0.88	-17.426578094164398	-0.697063123766576
5.378868	0.81	-13.110504527019728	-0.5244201810807891
5.37886844	0.76	-10.512707331906546	-0.4205082932762618
5.37886294	0.86	-9.18046072092342	-0.36721842883693684
5.378868	0.86	-3.0670025317947367	-0.12268010127178947
5.37886844	0.85	-5.661896359887776	-0.22647585439551104
5.37886844	0.76	-15.371147453090027	-0.614845898123601
15.28467725	1.04	-17.33440464947538	-0.6933761859790153
15.28469497	1.06	-9.439525878511622	-0.3775810351404649
15.28469497	1.06	-9.466972105837858	-0.3786788842335143
15.28476211	0.98	-1.2756263003268296	-0.05102505201307318
15.28469497	1.06	-0.39581752423698724	-0.01583270096947949
21.05611138	1.05	-4.568732740836095	-0.18274930963344382
21.05358596	1.01	-2.1174367827836984	-0.08469747131134794
21.05744	1.02	-32.46783258491857	-1.2987133033967428
21.05358596	0.98	-2.9378326241469996	-0.11751330496587999
21.05349939	1.05	-16.20483093011835	-0.6481932372047341
127.9075774	1.01	-18.56402489465622	-0.7425609957862489
127.90073	1.02	-7.379027997851772	-0.29516111991407085
127.90883265	1.05	-3.219701055095266	-0.12878804220381063
127.9075774	0.98	-12.453149189963613	-0.4981259675985445
6.2171292	1.01	-3.7953565697203864	-0.15181426278881546
6.21720925	1.05	-2.8655952090196832	-0.11462380836078734
6.2171292	0.98	-9.539737620701121	-0.3815895048280449
6.21716039	1.02	-10.260981956133266	-0.41043927824533066
25.85501786	1.04	-8.113759336599786	-0.32455037346399146
25.85501786	1.04	-6.619864033603514	-0.2647945613441406
25.85493523	1.04	-5.63621456389847	-0.2254485825559388
25.85499978	1.04	-16.82018739785954	-0.6728074959143817
25.85499978	1.04	-5.403877136934532	-0.21615508547738127
25.85501786	1.04	-10.595063748315296	-0.42380254993261185
25.85515	1.08	-2.301897626377815	-0.0920759050551126
3.38353535	0.95	-16.68653091511911	-0.6674612366047644
3.38353807	0.92	-7.780192933623321	-0.31120771734493285
3.38354024	0.95	-17.48589128588955	-0.6994356514355821
3.38353807	0.92	-23.067038084238405	-0.9226815233695362
3.383536	0.87	-1.61119252226871	-0.0644477008907484
2.3589524	0.86	-9.553210798774826	-0.38212843195099305
2.35895152	0.91	-10.888630848183734	-0.43554523392734934
2.359002	0.87	-6.026726002805024	-0.24106904011220096
2.35895152	0.92	-19.187475247788278	-0.7674990099115311
24.31574009	1.1	-9.398597604288195	-0.3759439041715278
24.31575992	1.09	-0.7766170225809224	-0.031064680903236896
24.31574009	1.09	-8.3072355082995	-0.33228942033198006
24.31573754	1.09	-7.457012259044388	-0.29828049036177556
24.31575992	1.09	-17.275754935955938	-0.6910301974382376
0.6381632	0.81	-7.286024242602529	-0.29144096970410116
0.6381632	0.81	-4.78932059267398	-0.19157282370695922
0.63816293	0.92	-4.793457541103644	-0.19173830164414576
0.6381632	0.81	-14.118343974461517	-0.5647337589784607
0.63816293	0.81	-15.15103076161747	-0.6060412304646988
0.63816343	0.92	-3.512027278808027	-0.14048109115232107
0.638154	0.99	-13.51240875294313	-0.5404963501177252
39.6767095	0.92	-0.5174338118405166	-0.020697352473620666
39.67715	0.99	-10.603930959332125	-0.424157238373285
39.6769617	0.81	-4.386528510918611	-0.17546114043674443
39.67679977	0.81	-8.29839218814362	-0.3319356875257448
39.6769617	0.81	-9.602472816774785	-0.38409891267099144
6.41259716	0.99	-7.1877016164624346	-0.2875080646584974
6.41251295	1.04	-10.973971514318027	-0.4389588605727211
6.52121067	0.99	-4.299416864668686	-0.17197667458674745
6.52120576	1.01	-13.301213830882075	-0.532048553235283
6.52120963	0.99	-7.1441827770316015	-0.2857673110812641
6.52121067	0.99	-19.01399299642299	-0.7605597198569196
6.521234	0.98	-3.297068576488286	-0.13188274305953143
6.52121067	1.09	-8.823412221959096	-0.3529364888783638
59.87756	0.64	-8.305693434343738	-0.3322277373737495
59.87805381	0.65	-0.43687320117480577	-0.01747492804699223
59.8780258	0.59	-2.2171622896129213	-0.08868649158451686
59.877824	0.6	-3.9901869896218267	-0.15960747958487306
59.87793639	0.65	-13.533124731671478	-0.5413249892668591
6.99692655	1.01	-16.72536142585462	-0.6690144570341847
6.99692655	1.01	-21.684906764843703	-0.8673962705937481
6.99692624	1.01	-2.69045831438914	-0.1076183325755656
6.99692655	1.01	-11.277505854105497	-0.4511002341642199
6.996922	0.94	-24.965776448121286	-0.9986310579248514
151.86547622	0.99	-5.1741154767555955	-0.20696461907022382
151.86392	1.01	-0.5070718625796562	-0.02028287450318625
151.86392	1.01	-2.7049570180558815	-0.10819828072223527
151.8638332	0.99	-8.316422926142913	-0.33265691704571654
2.43702276	1.02	-13.885811846398237	-0.5554324738559295
2.4370333	1.09	-0.3634081876908457	-0.014536327507633829
2.43703296	1.02	-8.65860603910339	-0.34634424156413557
2.4370333	1.01	-21.13112187041439	-0.8452448748165756
3.72218	0.93	-18.603262605534542	-0.7441305042213817
3.72215641	0.88	-10.669461623536744	-0.42677846494146976
15.77980122	1.0	-5.342078146264568	-0.21368312585058274
15.77975178	1.0	-5.2490957821717235	-0.20996383128686893
15.77979614	1.0	-5.5375433401224265	-0.22150173360489706
15.77987604	1.0	-4.356194838501083	-0.17424779354004333
14.03493317	0.9	-0.25733123577571226	-0.010293249431028492
14.03491514	0.85	-1.156855788319971	-0.046274231532798846
14.03491514	0.73	-0.2924552664949598	-0.011698210659798392
14.03490255	0.9	-11.095652594104088	-0.44382610376416354
14.03491514	0.73	-10.579026678479106	-0.4231610671391643
14.03491514	0.73	-9.169792478203465	-0.36679169912813864
14.03490255	0.73	-7.988255274588519	-0.31953021098354073
14.03492054	0.9	-8.422111899540573	-0.3368844759816229
10.35584657	0.54	-7.508895713392717	-0.3003558285357087
10.35586478	0.76	-15.058519839906982	-0.6023407935962792
9.99761851	1.06	-1.0232304502171985	-0.04092921800868794
9.997624	1.02	-15.302603328614724	-0.612104133144589
9.99745717	0.98	-5.085729306584869	-0.20342917226339477
9.99761851	1.06	-12.40179287127242	-0.4960717148508968
90.41113426	0.98	-4.966700335716794	-0.19866801342867177
90.4113556	1.06	-7.65791876767978	-0.3063167507071912
90.4113556	0.98	-10.882394775763494	-0.4352957910305398
51.0672495	1.06	-21.30170002938628	-0.8520680011754511
25.53370554	0.98	-16.4957051809985	-0.65982820723994
51.0672495	1.06	-10.303383423592285	-0.4121353369436914
51.0672495	1.06	-10.909989109690091	-0.43639956438760363
1.68269615	0.49	-4.667802588364625	-0.18671210353458498
1.68269594	0.54	-15.604631169274343	-0.6241852467709738
1.68269715	0.54	-14.143657854914206	-0.5657463141965683
1.68269615	0.49	-10.229160533967141	-0.40916642135868564
1.68269296	0.54	-6.511682487618469	-0.26046729950473874
1.6826933	0.52	-2.1191692579160364	-0.08476677031664145
1.68269594	0.49	-4.997611523530955	-0.19990446094123818
3.59576964	1.05	-22.026925909439267	-0.8810770363775707
3.59578591	1.04	-8.481956114104166	-0.33927824456416666
3.59576901	1.0	-18.0676891941864	-0.722707567767456
3.59576964	1.05	-15.107948298304793	-0.6043179319321917
3.59576964	1.05	-1.0256191792713105	-0.04102476717085242
5.4042722	0.99	-10.02203594503922	-0.40088143780156876
5.404283	1.07	-0.635818129741448	-0.02543272518965792
5.40427188	1.04	-29.121260918178884	-1.1648504367271553
5.40426917	1.04	-2.2900529666795753	-0.09160211866718301
5.4042722	1.09	-12.894415932622524	-0.515776637304901
1.2084485	1.07	-3.294282919695482	-0.13177131678781928
1.20846503	0.99	-2.0330290551836185	-0.08132116220734474
1.20846238	1.04	-8.495172718873475	-0.339806908754939
1.20846503	1.04	-3.4454644859694317	-0.13781857943877726
1.20846503	1.09	-8.410911996124463	-0.33643647984497854
11.67894845	1.04	-31.32787670826128	-1.2531150683304513
11.67889977	1.04	-1.4003051678520468	-0.05601220671408187
11.67894845	0.99	-10.94936126956576	-0.4379744507826304
11.67894236	1.04	-4.5684865279759705	-0.18273946111903883
5.71489692	0.73	-11.044675481330573	-0.44178701925322295
5.71489072	0.64	-7.119170677469568	-0.2847668270987827
5.714932	0.69	-13.924684534981084	-0.5569873813992434
5.71488746	0.79	-9.901858336713705	-0.3960743334685482
5.71489072	0.7	-4.404594593362804	-0.17618378373451216
5.71489072	0.64	-4.093404095003713	-0.16373616380014852
5.714932	0.65	-9.715645216004074	-0.38862580864016294
5.71489072	0.7	-7.462008291640945	-0.2984803316656378
12.4416871	0.64	-0.8907157595179256	-0.03562863038071702
12.4418003	0.73	-8.374692425219408	-0.33498769700877634
12.4416871	0.72	-12.978752608646296	-0.5191501043458518
18.16406	0.69	-6.580500916751283	-0.26322003667005134
18.16407304	0.73	-1.6593283654940876	-0.0663731346197635
18.16407876	0.72	-6.1914497984619254	-0.247657991938477
18.164064	0.65	-7.251398556281393	-0.29005594225125575
18.16407304	0.79	-6.104213088333173	-0.24416852353332694
18.16407876	0.64	-11.594798153799772	-0.4637919261519909
18.16407876	0.64	-0.6974389427273555	-0.02789755770909422
122.3874	0.69	-4.054661329323327	-0.1621864531729331
122.3863812	0.72	-7.846560367808001	-0.31386241471232007
122.38742	0.65	-9.54125170486502	-0.38165006819460084
122.3858681	0.79	-7.517771087369314	-0.30071084349477256
122.3863812	0.7	-10.79334269390357	-0.43173370775614284
122.3858681	0.73	-9.041717719832626	-0.36166870879330504
122.3863812	0.64	-1.4273079249235248	-0.05709231699694099
122.38664577	0.79	-6.282049466654029	-0.25128197866616114
122.38718812	0.79	-17.5007791590553	-0.700031166362212
267.282521	0.79	-6.988395135313598	-0.2795358054125439
267.31892703	0.79	-8.72345365997538	-0.3489381463990152
267.283301	0.72	-2.044170114040589	-0.08176680456162355
267.283301	0.64	-19.876966327644872	-0.795078653105795
267.283301	0.7	-14.25313312805602	-0.5701253251222408
267.291	0.69	-3.308133062291511	-0.13232532249166043
12.91387805	1.16	-1.999683657673546	-0.07998734630694183
12.91385906	0.93	-9.745263038724005	-0.38981052154896023
12.91385906	1.16	-9.732366709861953	-0.3892946683944781
12.91385062	1.16	-5.1671521427050315	-0.20668608570820127
2.62811732	0.57	-10.679155042087508	-0.42716620168350034
2.6281053	0.64	-13.811259905156755	-0.5524503962062702
2.62811375	0.58	-12.828603951837337	-0.5131441580734935
2.62811375	0.58	-33.37094818938397	-1.3348379275753588
14.28226676	0.49	-14.472411545071276	-0.578896461802851
14.2822856	0.64	-1.1369002645194688	-0.045476010580778756
14.28226676	0.64	-5.743787089198616	-0.22975148356794464
14.28226676	0.49	-6.04139574820746	-0.2416558299282984
14.28228147	0.64	-2.471296047186436	-0.09885184188745744
14.28226676	0.49	-14.911828424617422	-0.5964731369846968
14.282318	0.57	-7.283054830531892	-0.29132219322127567
14.28228147	0.61	-10.650107638419275	-0.426004305536771
9.07097734	1.01	-18.031304361501043	-0.7212521744600418
9.07098164	0.91	-5.088067827973404	-0.20352271311893616
9.07097734	1.01	-5.846702395970569	-0.23386809583882276
9.07097734	0.9	-3.666120365644608	-0.14664481462578433
9.07098194	0.91	-7.524568186771836	-0.30098272747087346
9.070808	0.89	-9.18143346034675	-0.36725733841387
14.58649607	1.05	-8.537856604153314	-0.34151426416613256
14.58649856	1.01	-14.09074003683569	-0.5636296014734277
14.58649607	1.05	-11.872570265986049	-0.47490281063944195
7.75192492	1.17	-0.58967291422212	-0.0235869165688848
7.75192492	1.2	-10.099508070326369	-0.40398032281305474
7.75192755	1.0	-16.195856928112693	-0.6478342771245077
7.75192492	1.17	-15.041305944222048	-0.6016522377688819
7.75192841	1.13	-1.0153459004805563	-0.04061383601922225
4.16536757	1.13	-7.397324274403951	-0.2958929709761581
4.1653651	1.17	-18.670878425555067	-0.7468351370222027
4.1653651	1.04	-15.824786226689593	-0.6329914490675838
4.165471	1.22	-25.70060978470907	-1.0280243913883629
4.16533644	1.13	-5.067506325192607	-0.20270025300770428
14.48585199	0.81	-7.248421718017689	-0.28993686872070756
14.48584765	0.99	-4.483840640810135	-0.1793536256324054
14.48587084	0.99	-4.1522442261712005	-0.16608976904684802
40.69937624	1.12	-11.249644863158476	-0.4499857945263391
40.6994443	1.3	-7.7941870686603	-0.311767482746412
40.6994443	1.01	-6.7117435051613645	-0.2684697402064546
40.6994443	0.94	-23.83814369452643	-0.9535257477810573
40.69944	1.24	-6.279538623583583	-0.2511815449433433
7.238519	0.92	-12.072045106120203	-0.48288180424480814
7.23858162	0.92	-1.0277494937129261	-0.041109979748517045
7.23858162	0.92	-15.197313017751606	-0.6078925207100643
7.2385854	0.93	-9.39063157796614	-0.3756252631186456
7.2385854	0.89	-11.498873941468005	-0.45995495765872024
9.43414171	0.94	-18.32835603522932	-0.7331342414091728
9.4341577	1.07	-6.451208014818466	-0.25804832059273863
9.43415109	0.98	-1.2719120119153884	-0.05087648047661553
9.43415035	0.96	-5.646052545192379	-0.22584210180769518
9.43414171	0.96	-0.6626966271317398	-0.026507865085269592
9.43415109	0.99	-8.617799757355597	-0.3447119902942239
9.43415109	0.99	-0.22034240551156792	-0.008813696220462717
9.43415109	0.99	-19.599134854606405	-0.7839653941842561
161.4743937	0.97	-5.655443620414718	-0.2262177448165887
161.4746786	1.04	-7.180108980190922	-0.2872043592076369
161.4743937	0.97	-1.2781301682495616	-0.05112520672998246
161.47536455	1.04	-16.8105671657526	-0.6724226866301041
161.4743937	0.97	-6.281721509261987	-0.2512688603704795
161.4746786	0.96	-2.513664444183398	-0.10054657776733592
17.97979059	1.24	-9.936895735771719	-0.3974758294308688
17.97979059	0.97	-9.535367179030606	-0.3814146871612243
17.97979816	1.25	-7.828968258372566	-0.31315873033490266
17.97976915	1.2	-13.040966222147393	-0.5216386488858957
17.97979816	1.2	-12.365273357243607	-0.4946109342897443
17.97988	1.18	-9.015747183770454	-0.3606298873508182
30.99660733	0.82	-14.4221855176963	-0.576887420707852
30.99660733	0.91	-7.278901673212597	-0.2911560669285039
30.99664113	0.93	-3.8934185174484375	-0.1557367406979375
30.99660733	0.82	-7.9064755499387	-0.316259021997548
8.503406	1.26	-1.2271173221623313	-0.04908469288649325
8.50340718	1.03	-1.3109962341982504	-0.052439849367930016
8.50340718	1.01	-24.514187824905925	-0.980567512996237
8.50340718	1.03	-4.935423766197744	-0.19741695064790976
8.50339249	1.0	-0.20511604562779162	-0.008204641825111665
8.50340718	1.03	-8.59974933459085	-0.343989973383634
23.783247	1.01	-11.104911385533073	-0.44419645542132297
23.78319931	1.0	-1.5438239102501832	-0.06175295641000733
23.783247	1.03	-5.3101327329672285	-0.21240530931868914
23.783247	1.03	-17.27834212194484	-0.6911336848777936
5.16949729	1.19	-30.44695130852631	-1.2178780523410524
5.16950177	0.95	-13.02995878408582	-0.5211983513634328
5.16950177	1.03	-2.0740529886593326	-0.08296211954637331
5.16950177	1.03	-8.73751695853359	-0.3495006783413436
5.16950177	1.03	-12.133078003106846	-0.48532312012427387
5.169487	1.19	-0.6235541750320568	-0.02494216700128227
23.44971004	1.19	-17.617939881007306	-0.7047175952402922
23.44966251	1.23	-5.272608056049037	-0.2109043222419615
23.44970494	1.33	-4.323586118754998	-0.17294344475019993
23.44971004	1.33	-3.5978652003206326	-0.1439146080128253
23.44971004	1.19	-6.730797054116013	-0.2692318821646405
23.44971004	1.49	-7.3072552308603	-0.292290209234412
23.44970494	1.23	-12.199482234312052	-0.4879792893724821
16.08066115	0.55	-6.396869277479219	-0.2558747710991688
16.080672	0.74	-2.4584444686207623	-0.09833777874483049
16.08066115	0.55	-7.11517659080479	-0.2846070636321916
16.08066115	0.85	-5.791535489038367	-0.2316614195615347
16.08066115	0.55	-4.333031261888645	-0.1733212504755458
16.08065726	0.86	-2.792179047691763	-0.11168716190767052
23.20579353	1.15	-0.8635494053961241	-0.03454197621584497
23.20584623	1.3	-2.2446193017531426	-0.08978477207012571
23.20579353	1.61	-9.243494515269072	-0.3697397806107629
23.20584623	1.14	-8.66404330033107	-0.3465617320132428
23.20582052	1.15	-2.727396903113405	-0.10909587612453621
23.20584623	1.3	-21.148003652653262	-0.8459201461061305
6.07958143	0.92	-17.402668796518377	-0.6961067518607351
6.07972888	0.85	-15.594991846651602	-0.6237996738660642
6.07972016	0.91	-1.3146637034838924	-0.0525865481393557
6.079629	0.91	-17.50905640015195	-0.700362256006078
6.07972888	0.85	-15.726413362015961	-0.6290565344806385
6.07972888	0.88	-11.27582318851465	-0.451032927540586
10.21420496	0.98	-2.8246388984241975	-0.11298555593696791
10.21420496	0.98	-1.3119005822396816	-0.05247602328958727
10.21420496	1.05	-21.822874915021504	-0.8729149966008602
10.21418792	1.04	-2.6108134176707294	-0.10443253670682917
10.21420496	1.14	-12.956927922201071	-0.5182771168880429
10.21418792	1.15	-13.612877878236683	-0.5445151151294673
10.214019	1.07	-21.69156578480481	-0.8676626313921924
22.24813967	1.01	-6.543202076885964	-0.2617280830754386
22.24818	1.07	-7.807721876148597	-0.3123088750459439
22.24814617	1.03	-18.10847540793947	-0.7243390163175788
22.24813967	1.1	-1.9885131959867481	-0.07954052783946992
22.24813967	1.1	-5.480798442488562	-0.2192319376995425
22.24814617	0.99	-4.239551736332498	-0.1695820694532999
9.489383	0.92	-5.661531835242719	-0.22646127340970876
9.48961571	1.0	-9.143294280558102	-0.3657317712223241
9.48963348	0.96	-8.200784584422994	-0.3280313833769198
9.48961571	1.0	-1.9255992001366369	-0.07702396800546547
9.48965527	1.0	-19.19193966427228	-0.7676775865708912
9.48966441	0.96	-2.3208426442585512	-0.09283370577034206
9.48961571	1.06	-3.1086191977780295	-0.12434476791112119
9.48961571	1.02	-2.4933441681866757	-0.09973376672746703
4.41746257	1.4	-8.8855711307828	-0.355422845231312
4.41746712	1.23	-5.923590365472585	-0.23694361461890343
4.41745855	1.18	-1.9032765023181077	-0.07613106009272431
4.41746331	1.23	-11.381594018475356	-0.45526376073901426
16.33889626	1.15	-17.248457709220425	-0.689938308368817
16.338952	1.29	-12.40155531741643	-0.4960622126966572
16.33889626	1.15	-4.0396542805628215	-0.16158617122251287
16.33889626	1.15	-14.787027584294488	-0.5914811033717795
3.1739171	1.36	-9.499827885892598	-0.3799931154357039
3.17391164	1.29	-2.119703061286645	-0.0847881224514658
3.1739171	1.49	-2.364281003908098	-0.09457124015632391
3.17391404	1.34	-1.563699980936834	-0.06254799923747335
3.1739171	1.36	-5.554783154073644	-0.22219132616294576
3.17392139	1.29	-15.740333420391398	-0.6296133368156559
3.1739171	1.36	-10.689743234112829	-0.42758972936451317
3.17391404	1.29	-20.344557892840495	-0.8137823157136198
3.27582262	1.07	-13.56479589994092	-0.5425918359976368
3.27582262	1.13	-6.186687327279981	-0.24746749309119925
3.275783	1.2	-4.270565326165791	-0.17082261304663163
3.27582262	1.07	-18.83446241161263	-0.7533784964645053
15.87360981	0.95	-4.3509271997404895	-0.1740370879896196
15.87360981	0.8	-2.549674463153589	-0.10198697852614355
15.8736103	0.95	-10.42948667461467	-0.41717946698458686
15.87328405	0.95	-5.649242977547744	-0.22596971910190977
15.87369	1.0	-3.4572901698282767	-0.13829160679313107
15.87364565	0.8	-8.626495182576608	-0.34505980730306435
15.87364565	0.75	-11.212144032599847	-0.44848576130399387
16.2254975	0.92	-6.195297588376521	-0.24781190353506083
16.2254649	0.93	-5.116541690327563	-0.20466166761310253
16.2254975	1.07	-9.511586921664305	-0.3804634768665722
16.2254649	0.93	-12.927588814628567	-0.5171035525851427
16.2254649	0.93	-12.390633910922823	-0.4956253564369129
16.2255329	1.07	-28.3719365308393	-1.134877461233572
29.66629667	0.93	-4.1805481589925275	-0.1672219263597011
29.66629667	0.93	-6.294222025440643	-0.25176888101762573
29.66631669	1.07	-8.029733611894468	-0.32118934447577874
29.66629667	0.93	-1.429065995936041	-0.05716263983744164
29.66631669	0.92	-3.0523282975733874	-0.1220931319029355
17.4211749	0.97	-9.978990032354893	-0.39915960129419575
17.4211749	0.97	-4.372394925771131	-0.17489579703084523
17.421125	0.97	-15.18275774547711	-0.6073103098190844
17.4211749	0.97	-6.564185739767944	-0.26256742959071777
17.42115972	1.06	-8.082103511363286	-0.32328414045453147
17.4211749	1.05	-1.2173910158664185	-0.04869564063465674
17.4211749	1.04	-0.9372359220741451	-0.037489436882965806
29.90722674	0.81	-6.0971706464343125	-0.2438868258573725
29.90721859	1.09	-9.237937953526894	-0.36951751814107575
29.90722674	0.8	-13.404258489497751	-0.5361703395799101
29.90726556	1.09	-9.35132067639487	-0.3740528270557948
29.90721859	0.88	-24.247955163054453	-0.9699182065221781
29.90722674	0.81	-6.244646176534166	-0.24978584706136667
29.90728728	1.09	-2.698947255981873	-0.10795789023927492
2.15490904	1.22	-1.2499925898680142	-0.04999970359472057
2.15490904	1.27	-12.7142931797426	-0.508571727189704
2.15490904	1.25	-0.2722476450226059	-0.010889905800904235
2.1549189	1.21	-12.300654997709717	-0.4920261999083887
2.15491124	1.17	-2.2162821628121074	-0.0886512865124843
2.15491	1.25	-6.886170619979637	-0.2754468247991855
2.15490783	1.17	-0.8609639835481004	-0.03443855934192402
5.859697	1.25	-7.458654561761182	-0.29834618247044725
5.859933	1.21	-2.116337568393804	-0.08465350273575217
5.85993872	1.25	-2.144937361290058	-0.08579749445160233
5.85993872	1.22	-12.267985116912996	-0.49071940467651987
5.85993872	1.27	-15.51115519414267	-0.6204462077657068
5.85994028	1.17	-29.824740356408807	-1.1929896142563523
5.85993872	1.27	-9.999030301686972	-0.39996121206747887
5.85993596	1.23	-14.02598785380306	-0.5610395141521224
5.85993872	1.27	-9.635829606331686	-0.38543318425326745
5.85993872	1.25	-7.273284000535834	-0.2909313600214334
8.13119911	1.17	-17.316759113002103	-0.6926703645200841
8.13122484	1.27	-9.40921162168167	-0.3763684648672668
8.13121389	1.17	-8.334122203586206	-0.3333648881434483
8.13135942	1.17	-2.2351624188598254	-0.08940649675439302
8.131231	1.17	-8.514033838281412	-0.3405613535312565
8.13122484	1.27	-17.00640326216665	-0.680256130486666
258.8	1.25	-19.799202454964195	-0.7919680981985678
257.895039	1.25	-7.208983869685019	-0.28835935478740077
3.03214559	1.03	-1.4635560156955558	-0.058542240627822234
3.03214559	1.03	-4.175634047029396	-0.16702536188117584
3.03214559	1.08	-9.508951242490554	-0.38035804969962217
3.032154	1.18	-23.348444262516878	-0.9339377705006752
3.03214559	1.03	-17.233897096006526	-0.689355883840261
21.38522222	0.94	-10.406458213037416	-0.41625832852149663
21.38521506	0.81	-21.241749553737513	-0.8496699821495005
21.38521506	0.92	-1.2749026740584766	-0.05099610696233906
21.3851584	0.94	-1.9196361760073468	-0.07678544704029387
4.18200253	0.86	-8.569064056603779	-0.34276256226415114
4.18199837	0.92	-16.704754818331264	-0.6681901927332505
4.1820097	0.91	-18.637558407263114	-0.7455023362905245
4.18200253	0.86	-21.139479774446592	-0.8455791909778637
4.18200253	0.97	-3.1231591134755456	-0.12492636453902183
14.70748976	1.08	-8.501850801518938	-0.34007403206075754
14.70748976	1.05	-21.02207190373888	-0.8408828761495553
14.70748976	1.08	-8.600087529381472	-0.3440035011752589
14.70748976	1.08	-3.103257215270449	-0.12413028861081797
14.70754468	0.97	-4.220811873597495	-0.1688324749438998
14.707512	1.1	-14.687273315641487	-0.5874909326256595
14.70749512	0.97	-2.5067540652461875	-0.1002701626098475
0.90037648	1.08	-13.59528031905715	-0.543811212762286
0.90037592	1.06	-5.248563659167359	-0.20994254636669435
0.90037648	1.05	-13.344577818652656	-0.5337831127461062
0.90037702	0.97	-8.172403271718395	-0.3268961308687358
0.90037592	0.97	-8.0120481799359	-0.32048192719743596
0.90037648	1.08	-3.365779777078071	-0.13463119108312285
0.90037648	1.08	-28.370508454517164	-1.1348203381806865
13.72465129	1.26	-7.550930802852947	-0.30203723211411787
13.72446	1.09	-5.519773392609354	-0.22079093570437416
13.72462702	0.98	-2.6844707764314437	-0.10737883105725775
13.72453369	1.05	-11.05861578335642	-0.4423446313342568
13.72465129	1.12	-7.175705307856022	-0.2870282123142409
46.4063358	1.21	-7.122893205855691	-0.28491572823422767
46.4063358	1.21	-0.34078950934588925	-0.013631580373835571
46.4063358	1.15	-7.4451976096532775	-0.2978079043861311
46.40647642	1.22	-16.096655021647113	-0.6438662008658845
46.40626	1.22	-13.756612804536203	-0.5502645121814481
46.4063358	1.05	-6.680978312471468	-0.2672391324988587
1.26025882	0.87	-6.32375079115655	-0.252950031646262
1.26025882	1.05	-7.892816211783272	-0.31571264847133085
1.26025909	1.04	-3.2343089348567506	-0.12937235739427003
1.26025909	1.04	-11.963209384129648	-0.47852837536518594
1.26025909	1.04	-8.376319986898555	-0.3350527994759422
1.2602548	0.86	-0.6991241410989053	-0.027964965643956213
1.26025909	0.93	-2.4616457608276354	-0.09846583043310542
5.25448795	0.93	-6.122833658865152	-0.24491334635460607
5.25448795	1.04	-16.30286552236142	-0.6521146208944567
5.25449393	0.87	-22.779376721768173	-0.911175068870727
5.25448795	1.04	-11.240838836869344	-0.44963355347477374
5.25448795	1.04	-3.0774558600221447	-0.12309823440088578
24.54350418	1.0	-20.21090354549803	-0.8084361418199213
24.5434566	1.0	-9.19446447280723	-0.3677785789122892
24.54350418	1.0	-1.1018398091702102	-0.044073592366808405
24.54350851	1.02	-4.621653302287168	-0.18486613209148672
24.54362	1.02	-20.19942434604887	-0.8079769738419548
1.28707676	0.53	-14.416105590785534	-0.5766442236314214
1.2870749	0.56	-3.7154311357577967	-0.14861724543031188
1.28707669	0.53	-7.262558138990618	-0.29050232555962474
1.28707827	0.63	-4.469343754430328	-0.17877375017721314
1.28707676	0.63	-12.875667630375483	-0.5150267052150194
17.671796	0.75	-9.198136196686123	-0.3679254478674449
17.671796	0.79	-13.260545598226416	-0.5304218239290567
17.6717714	0.77	-7.384172895210233	-0.2953669158084093
17.67168	0.71	-7.98351029449495	-0.319340411779798
17.671796	0.75	-18.05960038015596	-0.7223840152062384
17.67179818	0.77	-14.473013063466297	-0.5789205225386519
17.8159689	1.04	-4.879726721059666	-0.19518906884238665
17.81594498	1.04	-21.932841384098705	-0.8773136553639482
17.8159689	0.97	-0.3331783375363102	-0.013327133501452409
17.81595067	1.0	-6.44641707473746	-0.25785668298949843
17.81595067	1.01	-3.9081456640389436	-0.15632582656155775
9.27356964	0.76	-11.759934981327309	-0.4703973992530924
9.27358173	0.76	-9.209124636101144	-0.3683649854440458
9.27358194	0.68	-0.4359765720038875	-0.017439062880155502
6.02930132	0.77	-11.385000340242032	-0.4554000136096813
6.02930329	0.76	-6.297411724279685	-0.25189646897118745
6.02929834	0.69	-18.47392998810622	-0.7389571995242489
6.02929566	0.69	-3.9091756349445577	-0.1563670253977823
21.67711846	0.79	-5.841605974369912	-0.2336642389747965
21.67699193	0.79	-3.4715949723849375	-0.13886379889539752
21.67682054	0.79	-22.814523108749054	-0.9125809243499622
21.67697486	0.54	-5.902691916396456	-0.23610767665585827
21.67697486	0.79	-21.184315870707465	-0.8473726348282986
21.6769	0.72	-8.05550713941085	-0.322220285576434
4.99678284	0.93	-8.0234319859144	-0.32093727943657596
4.99679734	0.85	-16.299778838389116	-0.6519911535355647
4.99678284	0.93	-10.682606952869138	-0.4273042781147655
4.99677968	0.85	-1.044489766358209	-0.041779590654328354
4.996777	0.8	-13.228715781121686	-0.5291486312448674
4.99678284	0.93	-5.663361868254567	-0.22653447473018268
2.52560111	0.99	-14.273956284288266	-0.5709582513715307
2.525612	1.0	-3.895448900976322	-0.15581795603905288
2.52559332	1.09	-17.101456176901507	-0.6840582470760603
2.52559332	1.09	-30.746446792176915	-1.2298578716870767
16.01308419	0.77	-7.057393178235879	-0.2822957271294352
16.01310205	0.79	-2.949165565190336	-0.11796662260761345
16.01310205	0.79	-0.9776209102119799	-0.0391048364084792
16.01304736	0.77	-17.387406948878645	-0.6954962779551458
16.01285	0.72	-19.4562448104154	-0.778249792416616
4.49884	1.06	-6.488624587122762	-0.25954498348491045
4.49872212	1.04	-4.626010516309135	-0.1850404206523654
4.49876092	1.03	-16.226816459331033	-0.6490726583732414
4.49876511	1.04	-6.134121905115384	-0.24536487620461536
4.49876511	1.05	-9.96640577069002	-0.3986562308276008
4.49878622	1.04	-1.6765363196551382	-0.06706145278620552
41.43962808	0.93	-2.3687317993007873	-0.09474927197203149
8.35390639	0.86	-9.95823046550618	-0.39832921862024717
8.35390639	0.86	-15.741262197810723	-0.629650487912429
8.353917	0.93	-9.710105600947944	-0.3884042240379178
8.35388645	0.9	-8.319593680754664	-0.3327837472301866
8.35390639	0.86	-13.853541309044466	-0.5541416523617787
8.35393235	0.9	-14.500939285845794	-0.5800375714338317
4.12554687	1.16	-9.09005453374532	-0.3636021813498128
4.12554687	1.15	-10.78173403210647	-0.43126936128425886
4.12554687	1.16	-7.274834643976952	-0.29099338575907807
4.12554408	1.02	-5.48567003756216	-0.21942680150248642
4.125546	1.02	-11.757500331896393	-0.47030001327585574
15.72589061	0.83	-19.161275030419773	-0.766451001216791
15.72585941	0.87	-7.440224508515119	-0.29760898034060473
15.72589061	0.89	-3.9342204576232396	-0.15736881830492958
15.72585941	0.82	-4.120766100844319	-0.16483064403377276
15.72589061	0.84	-10.032882237585614	-0.4013152895034246
15.72589064	0.87	-7.959969629819225	-0.31839878519276904
15.72584	0.98	-4.593264892779127	-0.18373059571116507
2.8165049	0.94	-20.155315835866624	-0.806212633434665
2.81650489	0.94	-6.0883613823740195	-0.2435344552949608
2.81650485	0.94	-18.265199061551797	-0.7306079624620719
2.81650485	0.99	-2.8475054720685136	-0.11390021888274054
4.280969	0.93	-2.547321312571893	-0.10189285250287572
4.28095859	0.91	-15.105253477168382	-0.6042101390867353
4.28095859	0.91	-6.821685489776007	-0.27286741959104027
4.2809636	0.93	-9.28563341463157	-0.37142533658526283
4.28099197	0.94	-14.566650312713962	-0.5826660125085585
4.28095859	0.91	-3.677923666059423	-0.14711694664237693
38.3774623	1.08	-2.5222740398204153	-0.10089096159281662
38.3774623	1.08	-5.369803824408649	-0.21479215297634596
38.37736997	0.97	-19.660589319833683	-0.7864235727933473
38.37784	1.0	-12.762166005068135	-0.5104866402027254
38.3775486	0.97	-6.360186323184453	-0.25440745292737815
3.72873109	0.91	-2.3452316564207045	-0.09380926625682819
3.72873109	0.91	-1.0841610376847097	-0.04336644150738839
3.72873215	0.89	-6.629080654199587	-0.2651632261679835
3.72873109	0.91	-1.0142492154822689	-0.040569968619290755
3.72873215	0.91	-12.689164733385281	-0.5075665893354112
2.24338029	0.65	-1.0541835067949303	-0.042167340271797214
2.24338185	0.6	-4.183200755794434	-0.1673280302317774
2.24338	0.58	-1.9884810554362624	-0.0795392422174505
2.24338057	0.58	-5.107463492123502	-0.20429853968494008
2.24338185	0.47	-2.6031452086104188	-0.10412580834441676
2.33743254	0.76	-6.901508838534458	-0.2760603535413783
2.3374551	0.76	-13.316989594421996	-0.5326795837768799
2.33743801	0.79	-6.863791727407958	-0.27455166909631834
2.33743801	0.78	-6.34736826676997	-0.2538947306707988
11.598192	0.54	-1.4382810535989923	-0.057531242143959695
11.5982103	0.56	-11.371308898565779	-0.4548523559426312
11.59822233	0.56	-2.670340315157536	-0.10681361260630144
11.59822172	0.51	-2.666163305693472	-0.10664653222773889
11.59822172	0.51	-2.444764355247176	-0.09779057420988703
6.57532602	1.0	-10.25641591592171	-0.41025663663686845
6.57531678	0.93	-8.169573026324	-0.32678292105296003
6.57531588	1.0	-4.035868501755896	-0.16143474007023584
6.57531678	1.0	-4.982039943807567	-0.19928159775230267
6.57531657	1.0	-0.5292709889880614	-0.021170839559522453
7.27504084	0.99	-4.472853337317892	-0.17891413349271568
7.27503724	0.99	-11.620913182315697	-0.46483652729262787
7.27503724	0.99	-27.391173748061927	-1.095646949922477
7.27504084	0.91	-8.836042308159715	-0.3534416923263886
7.27503724	0.94	-23.94404611566646	-0.9577618446266584
12.39358604	0.81	-0.11051323641031252	-0.004420529456412501
12.39352464	0.9	-14.883872357919682	-0.5953548943167872
12.39358604	0.81	-0.9837216457513489	-0.03934886583005396
12.39358604	0.81	-14.675314346916517	-0.5870125738766607
5.39876	1.19	-10.842158736065066	-0.43368634944260265
5.39875393	1.04	-0.7855253660255175	-0.0314210146410207
5.39875	1.08	-3.5041354887990366	-0.14016541955196146
5.39875393	1.08	-12.983763064300264	-0.5193505225720105
5.39875273	1.06	-2.416951999138274	-0.09667807996553096
5.39875393	1.08	-15.452393651921454	-0.6180957460768582
5.39875259	1.06	-10.809286978516672	-0.4323714791406669
5.3988	1.06	-9.474870022976786	-0.37899480091907145
5.3987533	1.06	-8.3272966494902	-0.33309186597960805
5.39875259	1.06	-4.298972359740645	-0.1719588943896258
5.39875393	1.04	-8.09172567292988	-0.3236690269171952
5.39875393	1.08	-5.414065109729972	-0.21656260438919886
5.39875286	1.06	-6.278448768695947	-0.2511379507478379
5.3987665	1.07	-8.68835609654063	-0.34753424386162524
9.605027	1.06	-12.649550070981004	-0.5059820028392401
9.604869	1.07	-6.130668018062457	-0.2452267207224983
9.60504	1.08	-10.80523530527142	-0.43220941221085685
9.60503867	1.06	-7.243461748998674	-0.28973846995994695
9.605085	1.08	-5.529936527671565	-0.22119746110686261
9.60503867	1.08	-10.718931939940347	-0.4287572775976139
9.60503867	1.04	-5.410280872415583	-0.2164112348966233
9.60505976	1.06	-3.9173668509743953	-0.15669467403897583
9.6051	1.06	-10.141123012573418	-0.4056449205029367
580.0	1.08	-12.193890757010164	-0.4877556302804066
632.62	1.06	-12.2408765479885	-0.48963506191954
625.0	1.08	-10.012910901586048	-0.40051643606344195
634.6	1.06	-13.805310640734241	-0.5522124256293697
632.261207	1.04	-15.698904875439815	-0.6279561950175926
3455.0	1.06	-5.064463253918792	-0.20257853015675167
4464.424153	1.04	-4.49792036635505	-0.179916814654202
3.68981517	0.99	-0.6992769310322893	-0.02797107724129157
3.6899201	1.01	-13.037910391566225	-0.5215164156626491
3.68992629	1.08	-23.493123401583357	-0.9397249360633343
3.68992629	1.01	-12.958999257183937	-0.5183599702873575
26.39435646	0.84	-19.21311337018737	-0.7685245348074947
26.39432897	0.81	-11.819895327097983	-0.4727958130839193
26.39435646	0.84	-2.58642621633761	-0.1034570486535044
26.39435646	0.84	-1.96584468901565	-0.078633787560626
26.39442424	0.81	-5.868922681201624	-0.23475690724806497
12.61190667	0.99	-0.7936520491914809	-0.03174608196765924
12.61190434	0.95	-2.0021998336206095	-0.08008799334482439
12.611904	0.96	-16.22760689878303	-0.6491042759513213
12.61190434	0.99	-2.426119860149065	-0.09704479440596261
12.61190667	0.99	-5.980517018419185	-0.23922068073676742
12.61190667	0.92	-11.757293225638918	-0.4702917290255567
2.53918318	0.96	-6.464608064946978	-0.2585843225978791
2.53918318	1.03	-14.231594937149898	-0.569263797485996
2.53917974	0.97	-4.3941290391779635	-0.17576516156711855
6.77030201	0.77	-11.140989172499186	-0.4456395668999674
6.77030038	0.95	-19.218167136527946	-0.7687266854611179
6.770278	0.97	-14.671102040579934	-0.5868440816231973
6.77030201	0.77	-22.88690248493865	-0.9154760993975459
1.62552217	0.96	-1.529911820775891	-0.061196472831035645
1.6255222	1.01	-11.480606744666693	-0.4592242697866677
1.62552226	0.96	-9.375669551687988	-0.37502678206751955
1.59474546	0.9	-16.805095939781804	-0.6722038375912722
1.59474537	0.9	-15.291362589120004	-0.6116545035648001
20.505935	0.7	-10.810138150390921	-0.43240552601563687
20.50586978	0.74	-0.2612630281460202	-0.010450521125840809
20.50586978	0.74	-8.013027044962502	-0.3205210817985001
20.50591318	0.77	-5.615056651118083	-0.22460226604472333
20.50588921	0.77	-8.69881737430254	-0.3479526949721016
20.50588921	0.74	-6.902059044985662	-0.27608236179942647
3.89593684	0.98	-13.683268722420085	-0.5473307488968034
3.89593684	0.84	-5.8314042471882885	-0.23325616988753153
3.8959309	0.92	-12.076942683046504	-0.4830777073218602
3.89593653	0.87	-3.357909679444349	-0.13431638717777397
22.36656079	0.81	-5.155107734206505	-0.20620430936826017
22.3663045	0.92	-13.352603111175172	-0.534104124447007
22.36658	0.88	-5.34388550617599	-0.2137554202470396
22.36656079	0.91	-3.8504128017818675	-0.1540165120712747
22.36656079	0.81	-1.7217751417527647	-0.06887100567011059
22.36664774	0.92	-8.476755599004955	-0.3390702239601982
13.72237104	0.87	-12.910382058370015	-0.5164152823348006
13.722353	0.91	-1.8522206736511948	-0.07408882694604779
13.7223682	0.81	-9.567807461367112	-0.38271229845468446
13.72237104	0.81	-0.962210244212381	-0.03848840976849524
13.72237127	1.03	-0.24518469236221985	-0.009807387694488794
242.4613	0.81	-0.3593280897720057	-0.014373123590880228
242.46712	0.81	-3.950762005527718	-0.15803048022110872
242.467406	1.03	-1.3325896232343981	-0.053303584929375925
242.46712	0.87	-3.066459408176768	-0.12265837632707072
242.4659	0.91	-7.170592501748127	-0.2868237000699251
7.74809437	1.15	-4.91096884274026	-0.19643875370961042
7.748083	0.95	-14.683230210116234	-0.5873292084046494
7.74809203	0.97	-8.855923825389349	-0.35423695301557395
7.74809437	1.15	-5.961600440818773	-0.23846401763275094
7.74810017	0.97	-10.953938263661549	-0.43815753054646195
7.74809437	1.11	-13.59674602480183	-0.5438698409920731
8.11437059	0.56	-2.213396190684821	-0.08853584762739285
8.114379	0.54	-18.780819439140394	-0.7512327775656158
8.114379	0.53	-10.396463963947408	-0.41585855855789633
8.11437533	0.56	-0.517923720309277	-0.020716948812371083
8.114368	0.53	-15.299139185264364	-0.6119655674105746
8.11437482	0.56	-1.433517201829628	-0.057340688073185125
8.114379	0.54	-11.263170113164808	-0.45052680452659233
21.81295996	0.93	-16.85386359439461	-0.6741545437757844
21.81295658	0.92	-6.434591174673076	-0.25738364698692306
21.81293494	0.93	-2.5919059605144916	-0.10367623842057967
21.81293494	0.93	-6.801889560839046	-0.27207558243356184
21.81293494	0.9	-12.367042189812292	-0.4946816875924917
15.37563332	0.72	-3.5597018841313277	-0.1423880753652531
15.37563332	0.72	-13.76782540032258	-0.5507130160129032
15.37564455	0.78	-11.904918088826552	-0.4761967235530621
15.375871	0.73	-3.1901759863722994	-0.127607039454892
15.37563332	0.72	-9.698657800033924	-0.387946312001357
15.37562369	0.79	-7.200602164196617	-0.2880240865678647
6.36583971	0.94	-7.929544013314696	-0.31718176053258784
6.36583971	0.98	-0.5385994087614239	-0.021543976350456955
6.36583636	0.98	-4.646128549602228	-0.1858451419840891
6.36584161	0.94	-10.726994004677604	-0.42907976018710414
6.36584161	0.94	-1.5533101878652926	-0.06213240751461171
6.36584161	0.94	-16.680121196849655	-0.6672048478739862
6.36584161	0.97	-16.535478777326265	-0.6614191510930506
3.04033042	0.75	-12.515193168029933	-0.5006077267211974
3.04033042	0.84	-10.82970827486709	-0.43318833099468357
3.04033046	0.75	-4.779194784790989	-0.19116779139163956
3.0403293	0.73	-7.231145085619571	-0.28924580342478284
3.04033042	0.75	-15.122076712751557	-0.6048830685100623
4.19042566	1.02	-5.155388149452971	-0.20621552597811885
4.19042431	1.02	-10.17639433018909	-0.40705577320756364
4.19042566	1.16	-4.6199813229752635	-0.18479925291901053
3.70987065	0.92	-10.698709943725758	-0.4279483977490303
3.70987065	0.95	-10.662889933315288	-0.4265155973326115
3.7098771	0.98	-14.186136370243254	-0.5674454548097302
3.70987078	0.98	-4.9373476484222305	-0.19749390593688923
3.70986822	0.98	-12.027830291175388	-0.48111321164701554
3.70987078	1.01	-0.5675083852926515	-0.02270033541170606
3.70987065	0.95	-6.80061528124488	-0.2720246112497952
16.32976218	0.99	-5.2064863923704365	-0.20825945569481746
16.3297527	0.99	-0.1893935437057508	-0.007575741748230031
16.32976218	0.99	-17.707692514349976	-0.708307700573999
16.3297527	0.98	-6.565387646230372	-0.2626155058492149
16.32967059	0.98	-5.1475164665867545	-0.20590065866347018
4.8854886	1.1	-25.90496863444546	-1.0361987453778183
4.88548895	1.41	-7.551572623013556	-0.3020629049205422
4.88548895	1.32	-6.3334891843789265	-0.25333956737515706
4.8854892	1.36	-8.031443170427258	-0.3212577268170903
4.8854922	1.41	-3.3393723028818356	-0.13357489211527343
4.88548895	1.32	-5.918726782801508	-0.23674907131206036
4.8854886	1.24	-6.563607229651156	-0.2625442891860462
4.8854948	1.28	-1.565455083703056	-0.06261820334812225
4.8854886	1.41	-1.6318416242425564	-0.06527366496970226
80.8723469	0.93	-12.223923805283658	-0.48895695221134633
80.87159	0.96	-19.845449415461268	-0.7938179766184508
80.8720639	0.78	-6.707518211347439	-0.2683007284538976
80.8720639	0.78	-9.321893985480692	-0.3728757594192277
80.8720639	0.98	-9.759676861744111	-0.39038707446976445
10.355459	0.84	-6.14575701051962	-0.24583028042078484
10.35533177	0.89	-0.9385062172722847	-0.03754024869089139
10.35530672	0.9	-4.796352318178598	-0.19185409272714393
10.35533177	0.89	-11.118069899203512	-0.44472279596814046
10.52629458	0.82	-10.31492566605515	-0.412597026642206
10.52629331	0.88	-20.211148596396068	-0.8084459438558428
10.52629443	0.88	-8.579105626001558	-0.34316422504006233
10.52629406	0.82	-3.2793375871634254	-0.13117350348653703
10.52629458	0.88	-16.07643437666999	-0.6430573750667996
10.52629406	0.9	-2.226974983770263	-0.08907899935081051
10.52629406	0.82	-20.490566973758703	-0.8196226789503481
4.5835218	1.05	-19.19185960409055	-0.767674384163622
4.5835184	0.98	-2.082607188027661	-0.08330428752110644
4.58352176	1.18	-13.889351937382456	-0.5555740774952982
4.58352177	1.05	-2.830563959436647	-0.11322255837746589
4.58352176	0.97	-3.9975965192741363	-0.15990386077096547
3.76181843	0.97	-8.83439358877298	-0.35337574355091916
3.76182115	0.97	-13.248340517938342	-0.5299336207175337
3.76182115	0.97	-7.159526393700437	-0.2863810557480175
56.05602601	0.55	-9.811370160431785	-0.39245480641727143
56.0560538	0.49	-6.399056963201058	-0.2559622785280423
56.05597307	0.55	-10.12750867178843	-0.40510034687153723
56.0560538	0.49	-4.664184722902271	-0.18656738891609084
56.0560538	0.53	-3.419798854016679	-0.13679195416066717
56.0560538	0.49	-0.27677072143805037	-0.011070828857522015
56.0560754	0.5	-3.5293894113906874	-0.1411755764556275
2.23749275	0.84	-9.932628966259738	-0.3973051586503895
2.237492	0.82	-19.499035590892852	-0.7799614236357141
2.23748957	0.91	-0.8745421020163298	-0.03498168408065319
2.23749275	0.8	-4.570365156817433	-0.1828146062726973
2.23749275	0.84	-20.262530507096077	-0.8105012202838431
3.16789194	1.03	-0.4973312875692406	-0.019893251502769625
3.16789352	1.0	-19.151106761040303	-0.7660442704416122
3.16789342	1.0	-5.883437538265043	-0.23533750153060173
3.16787374	1.0	-2.6807127518634655	-0.10722851007453862
3.16789194	1.03	-7.078205724523843	-0.28312822898095374
3.16789194	0.97	-14.693538207889352	-0.5877415283155741
3.167876	0.99	-10.665662654078497	-0.4266265061631399
16.08524954	0.83	-4.386042137567933	-0.17544168550271733
16.085351	0.77	-13.15692111404921	-0.5262768445619684
16.08524954	0.83	-16.34365555499287	-0.6537462221997149
4.34728553	0.81	-8.618050917246288	-0.3447220366898515
4.34728878	1.01	-7.142740013782424	-0.28570960055129696
4.34729687	1.01	-4.281038834013906	-0.17124155336055621
4.34727172	1.01	-12.186113851163746	-0.48744455404654985
4.34728553	0.81	-15.13762219128245	-0.605504887651298
4.34728553	0.81	-5.56488249098789	-0.2225952996395156
23.58914398	0.84	-0.4768440786986883	-0.019073763147947533
23.58914398	0.7	-0.6451456735866319	-0.025805826943465275
23.58920249	0.8	-6.580680499964963	-0.2632272199985985
23.58917143	0.8	-9.189041686687506	-0.36756166746750024
23.58917143	0.7	-0.37512576643668294	-0.015005030657467317
21.02247699	0.84	-5.8633892909490815	-0.23453557163796326
21.02247699	0.77	-15.912202636737707	-0.6364881054695083
21.02247699	0.76	-5.980015835074383	-0.23920063340297532
21.02247699	0.77	-0.4135756974996161	-0.016543027899984644
21.02250608	0.83	-7.252270533466545	-0.2900908213386618
21.02250608	0.79	-14.81633106820381	-0.5926532427281525
21.02247699	0.77	-17.2713805009529	-0.6908552200381161
21.02242098	0.83	-9.368502845883533	-0.37474011383534134
226.89102598	0.83	-21.85730200337162	-0.8742920801348647
226.89104321	0.83	-14.98274414909506	-0.5993097659638024
226.8904775	0.79	-6.723810532164817	-0.2689524212865927
226.89047	0.77	-11.751907146218663	-0.47007628584874656
226.89047	0.77	-11.657623630930694	-0.46630494523722776
226.8904775	0.83	-6.146193446874335	-0.2458477378749734
7.411141	1.01	-7.5658749869147375	-0.3026349994765895
7.41113177	1.01	-16.909663298420206	-0.6763865319368082
7.411138	0.97	-2.053044733974692	-0.08212178935898769
7.411141	1.01	-9.076891470854989	-0.36307565883419957
8.09888906	1.17	-1.7806686146550295	-0.07122674458620118
8.09888799	1.15	-19.44422613666116	-0.7777690454664464
8.09888799	1.15	-4.433310743023101	-0.17733242972092406
8.09888774	1.08	-2.9016604330778692	-0.11606641732311478
8.09888799	1.15	-6.389300470303917	-0.2555720188121567
10.0065467	1.06	-2.318497934850628	-0.09273991739402511
10.00654756	1.06	-16.677089266683147	-0.6670835706673259
10.00652995	1.08	-3.8951287372789913	-0.15580514949115964
10.00652995	1.04	-19.35160169243872	-0.7740640676975489
10.00653012	1.08	-0.31698177659008175	-0.01267927106360327
10.006563	1.05	-0.8772398474380745	-0.03508959389752298
10.37159978	0.83	-2.55750617683747	-0.1023002470734988
10.37168453	0.83	-4.650830584039802	-0.1860332233615921
10.37168928	0.82	-24.10528280211536	-0.9642113120846145
10.37168863	0.83	-2.3312336671821146	-0.09324934668728459
3.96994893	0.83	-2.528383771818185	-0.1011353508727274
3.96996298	0.82	-15.059299839067977	-0.6023719935627191
3.96994893	0.83	-5.525609802513041	-0.22102439210052166
4.408468	1.03	-9.814119354412918	-0.39256477417651675
4.40841678	1.0	-4.608523213644496	-0.18434092854577983
4.40841331	0.97	-17.72771336819482	-0.7091085347277928
2.05234995	1.03	-3.8460754163207063	-0.15384301665282826
2.0523499	1.14	-9.274485679233331	-0.37097942716933324
2.05234974	0.97	-4.3643220754838215	-0.17457288301935286
2.0523499	1.14	-9.752150126947676	-0.390086005077907
2.05234988	1.03	-14.30142136505004	-0.5720568546020016
5.00731666	1.01	-11.011609839415941	-0.44046439357663764
5.00731778	0.92	-3.785005025432734	-0.15140020101730936
5.00731778	0.99	-8.115345380156807	-0.3246138152062723
5.00731666	0.91	-5.43110861784022	-0.2172443447136088
4.70832654	0.94	-4.111425094180822	-0.16445700376723288
4.70832654	0.95	-7.393438429371248	-0.2957375371748499
4.70832654	0.94	-13.278622987121627	-0.5311449194848651
4.70832654	0.94	-5.428010099826222	-0.2171204039930489
4.70833748	0.96	-10.26901867624711	-0.4107607470498844
4.708327	0.84	-8.495036946061571	-0.33980147784246284
5.39202539	0.9	-1.263500372650991	-0.05054001490603964
5.392066	0.8	-1.903290578004381	-0.07613162312017524
5.39202539	0.9	-17.949231412749327	-0.7179692565099731
5.39203498	0.81	-21.835135589637353	-0.8734054235854941
5.39202539	0.82	-15.123801606292067	-0.6049520642516827
5.39202081	0.81	-8.40380764236366	-0.3361523056945464
5.39202539	0.9	-8.858745767788893	-0.35434983071155574
4.09357325	1.08	-6.471732678147658	-0.25886930712590633
4.093602	1.05	-13.596348176869887	-0.5438539270747955
4.09357325	1.08	-5.515264409945037	-0.2206105763978015
4.09357325	1.03	-13.57904230676402	-0.5431616922705608
4.09357846	1.08	-11.149903776909094	-0.44599615107636376
4.09357036	1.02	-11.579986321832749	-0.46319945287330994
105.144749	1.08	-7.282453255752038	-0.2912981302300815
105.14564674	1.02	-3.8545772275556915	-0.15418308910222767
105.144749	1.08	-25.374026281793256	-1.0149610512717302
4.08227507	0.87	-13.374609538935353	-0.5349843815574141
4.08227489	0.89	-5.167835060369723	-0.20671340241478892
4.08227507	0.87	-7.314845505600962	-0.2925938202240385
3.31494634	0.98	-2.4947628315063364	-0.09979051326025346
3.31494634	0.98	-15.089341196285783	-0.6035736478514313
3.31494736	0.91	-28.027625527629322	-1.121105021105173
3.3149482	0.91	-12.758827262570179	-0.5103530905028072
3.3149523	0.86	-2.4781743468286654	-0.09912697387314662
3.31494736	0.98	-1.6307102654438304	-0.06522841061775321
39.6431552	0.91	-6.667605717504491	-0.2667042287001797
39.643231	0.88	-9.761561006500102	-0.3904624402600041
39.64317811	0.88	-11.063443358688836	-0.44253773434755345
39.6431552	0.84	-11.366080145887514	-0.45464320583550055
39.64317811	0.91	-0.5627600432229889	-0.022510401728919556
21.80451088	0.88	-4.514328422149243	-0.1805731368859697
21.80451088	0.79	-1.0868281103311814	-0.04347312441324726
21.80449556	0.94	-10.948896072440554	-0.4379558428976222
21.80451088	0.79	-18.325457079466208	-0.7330182831786484
21.80451611	0.94	-9.078562240000842	-0.3631424896000337
21.80451088	0.79	-3.8012371655212522	-0.1520494866208501
21.80441	0.91	-13.908731866849827	-0.5563492746739931
5.15448442	0.82	-0.9320705340400313	-0.03728282136160125
5.15448442	0.89	-9.202085186871916	-0.3680834074748766
5.15448142	0.82	-12.632380074588143	-0.5052952029835257
5.15448442	0.82	-24.893250434389074	-0.995730017375563
5.15448142	0.91	-0.5035880972515954	-0.020143523890063814
5.74347727	0.98	-12.702871336826764	-0.5081148534730706
5.74347727	0.98	-9.070944607968856	-0.36283778431875424
3.16635356	1.07	-2.157155637392685	-0.0862862254957074
3.16635371	1.07	-7.149411838034286	-0.28597647352137145
3.16635467	1.0	-18.449975894023048	-0.737999035760922
3.16635371	1.07	-10.421533117367865	-0.4168613246947146
3.1663528	1.02	-6.84520334119927	-0.2738081336479708
3.16635371	1.07	-11.03757639666171	-0.4415030558664684
6.49168251	1.0	-1.6865715106572117	-0.06746286042628846
6.49168426	1.16	-5.798994450385033	-0.23195977801540132
6.49168998	1.0	-9.632913750834028	-0.3853165500333611
6.49168426	1.16	-3.6991420010128624	-0.1479656800405145
2.85188338	1.05	-27.09852052650495	-1.083940821060198
2.85188338	1.0	-1.861969162130701	-0.07447876648522804
3.8556024	1.0	-0.8493059108811016	-0.033972236435244066
3.85560355	1.15	-3.6259906692016775	-0.14503962676806711
3.85560355	1.15	-4.69167652366677	-0.1876670609466708
3.85560377	1.03	-2.6572107079979803	-0.10628842831991922
3.85560392	1.15	-0.11707160169985653	-0.004682864067994261
3.85560355	1.03	-17.01837306364157	-0.6807349225456628
9.46781405	0.46	-11.310311189662517	-0.4524124475865007
9.46782147	0.49	-9.684590343508756	-0.38738361374035024
9.46781405	0.46	-18.0743914206475	-0.7229756568259
9.46781405	0.46	-8.708019894341607	-0.3483207957736643
9.46781385	0.52	-3.9144044573362313	-0.15657617829344925
9.46781405	0.49	-11.09888684319098	-0.4439554737276392
0.89304124	0.46	-5.58240663856429	-0.22329626554257162
0.8930477	0.51	-2.107584608004769	-0.08430338432019076
0.89304124	0.49	-0.8236342253373159	-0.03294536901349264
0.89304105	0.52	-25.713423241307932	-1.0285369296523172
0.89304026	0.52	-13.978492639867104	-0.5591397055946842
0.89304097	0.49	-20.47152331025161	-0.8188609324100644
0.89304124	0.46	-2.039072054447171	-0.08156288217788685
20.83424726	1.0	-8.903650618299451	-0.35614602473197804
20.83426731	0.9	-10.655904974508228	-0.42623619898032916
20.83434505	0.9	-14.4484362726431	-0.577937450905724
20.83424726	1.0	-7.505284862406875	-0.30021139449627504
20.83424726	0.9	-20.504809393898736	-0.8201923757559495
6.104862	0.89	-4.2496148535708205	-0.16998459414283282
6.10485286	0.84	-2.0476840968973513	-0.08190736387589405
6.10484996	0.99	-2.1273956886584453	-0.08509582754633781
11.51516988	0.85	-2.5121672412462024	-0.1004866896498481
11.51517167	0.81	-1.151327215583156	-0.04605308862332624
11.51516988	0.91	-15.266559215862188	-0.6106623686344875
11.51516739	0.81	-17.433524652922497	-0.6973409861168999
11.51517167	0.91	-11.354546450957669	-0.45418185803830674
11.515093	0.79	-4.092121783301167	-0.16368487133204668
11.51515989	0.81	-9.412833308747011	-0.37651333234988044
3.60147727	0.85	-10.915952832160315	-0.4366381132864126
3.60146534	0.81	-19.015746268271712	-0.7606298507308685
3.60147201	0.86	-16.072505708797237	-0.6429002283518895
28.59913147	0.52	-0.36811414448985325	-0.01472456577959413
28.59915399	0.51	-4.188786147673616	-0.16755144590694465
28.59915399	0.49	-5.562824606621313	-0.22251298426485253
28.59914031	0.52	-12.359157185640836	-0.49436628742563343
28.59915399	0.49	-1.788549230748283	-0.07154196922993132
24.58721963	0.89	-13.475937529429135	-0.5390375011771654
24.58721573	0.86	-12.963370011513172	-0.5185348004605269
24.58716355	0.83	-2.3420593865084016	-0.09368237546033607
24.58716355	0.89	-5.4580052090779585	-0.21832020836311836
12.532507	1.03	-16.41709847602774	-0.6566839390411096
12.53248465	0.99	-23.196887275240776	-0.9278754910096311
12.53248465	0.99	-20.872388431115937	-0.8348955372446375
12.53248465	0.99	-15.09276506643575	-0.60371060265743
12.53248222	0.99	-14.338491741787344	-0.5735396696714937
12.53248222	1.0	-15.697633691793563	-0.6279053476717426
7.34071495	1.27	-13.640000851109253	-0.5456000340443702
7.3407239	1.02	-6.3351572286235704	-0.25340628914494284
7.34071475	1.27	-2.7184806079106987	-0.10873922431642795
7.34071495	1.05	-12.248266566288853	-0.48993066265155416
7.340711	1.18	-1.2821362226151427	-0.05128544890460571
7.34071463	1.05	-14.871102349581989	-0.5948440939832795
7.34071475	1.27	-13.489808325771024	-0.539592333030841
7.340711	1.18	-26.657493361571518	-1.0662997344628606
7.34071475	1.27	-1.4521494086383018	-0.05808597634553207
7.34071475	1.26	-9.345539432387454	-0.3738215772954982
3.5840842	0.94	-16.4531791794995	-0.65812716717998
3.58410105	0.94	-19.321892461107534	-0.7728756984443014
3.58409537	0.94	-1.6948313500512553	-0.06779325400205022
3.58410105	1.02	-0.9102793127660904	-0.036411172510643616
3.58410138	0.94	-5.083848752797813	-0.20335395011191254
3.58410122	1.02	-19.800938251965253	-0.7920375300786101
7.03902016	1.09	-20.28483780793232	-0.8113935123172928
7.03902374	1.16	-15.51339629701197	-0.6205358518804789
7.0390032	1.09	-9.8894293801024	-0.39557717520409597
7.03902016	1.11	-7.636553926991993	-0.3054621570796797
7.039078	1.15	-8.728981270687985	-0.3491592508275194
7.03899386	1.09	-1.0835442218422284	-0.04334176887368914
8.36086357	0.72	-7.829271850101644	-0.31317087400406574
8.36086824	0.79	-16.214868821479755	-0.6485947528591902
8.36086824	0.76	-6.197671924088199	-0.24790687696352795
8.3608707	0.79	-0.504045866301682	-0.020161834652067282
3.17926292	0.96	-11.067352543650234	-0.44269410174600937
3.17926292	0.96	-12.78402236456849	-0.5113608945827396
3.17926292	0.96	-3.2618358773106024	-0.1304734350924241
3.17926729	0.96	-14.804994737165774	-0.592199789486631
3.17926292	0.94	-1.0894996268708022	-0.04357998507483209
3.179262	0.97	-1.605882989347833	-0.06423531957391332
12.06219221	0.99	-6.877429651115653	-0.27509718604462613
12.06222443	0.94	-11.591336033051233	-0.46365344132204933
12.06222443	0.84	-11.847873855539625	-0.473914954221585
12.06223957	0.99	-7.74692483367312	-0.3098769933469248
12.06222443	1.06	-12.264137885498299	-0.49056551541993193
9.93143556	1.01	-11.292509420957925	-0.45170037683831704
9.93143556	1.01	-9.361045518971974	-0.37444182075887894
9.93153577	1.0	-3.4267873109256928	-0.1370714924370277
3.48159251	0.91	-8.16471431750729	-0.3265885727002916
3.48159251	0.92	-9.629620436456284	-0.38518481745825134
3.48159251	0.92	-19.647003325138268	-0.7858801330055307
3.48159251	0.92	-4.695593128044171	-0.18782372512176687
3.481538	0.98	-3.6032559754230706	-0.14413023901692282
35.61760587	0.74	-10.418128376961288	-0.41672513507845155
35.61760587	0.74	-4.7519252323145125	-0.1900770092925805
35.61760233	0.74	-0.4782336921076622	-0.019129347684306488
7.40742793	1.07	-20.65373670218719	-0.8261494680874876
7.40758	1.06	-7.069093742737612	-0.2827637497095045
7.40739214	1.02	-8.510856663727228	-0.34043426654908915
7.40742502	1.02	-3.567569703435186	-0.14270278813740744
7.40742793	1.0	-6.04319397919077	-0.2417277591676308
17.31729	0.72	-16.696971735147947	-0.6678788694059179
17.31706878	0.81	-9.914697653987188	-0.3965879061594875
17.31716585	0.52	-3.7084823096878754	-0.14833929238751503
17.31716585	0.52	-7.499181791560255	-0.2999672716624102
17.317162	0.81	-0.5883645098253003	-0.02353458039301201
17.31716585	0.52	-10.266345482410278	-0.41065381929641115
8.884923	0.82	-7.078145685668904	-0.2831258274267562
8.88492372	0.87	-7.50985164407948	-0.3003940657631792
8.88492268	0.82	-3.5548227205716714	-0.14219290882286686
8.8849116	0.91	-14.238686772118665	-0.5695474708847467
8.8849116	0.91	-5.833630796152704	-0.23334523184610817
8.8849176	0.77	-3.074807657451702	-0.12299230629806808
8.884923	0.87	-14.847834310777015	-0.5939133724310807
8.88492268	0.82	-0.2661913957667261	-0.010647655830669045
9.42887179	1.19	-18.434784794833558	-0.7373913917933423
9.42889884	1.12	-14.46781889024139	-0.5787127556096556
9.42887179	1.19	-7.228997367363723	-0.28915989469454895
9.42884066	1.12	-11.587170949445461	-0.4634868379778185
9.42889884	1.2	-0.16657274921203413	-0.006662909968481365
9.42887179	1.19	-6.775728461874697	-0.2710291384749879
9.428872	1.12	-4.778579500329919	-0.19114318001319677
4.08899022	1.19	-12.966072562082598	-0.5186429024833039
4.08897299	1.2	-2.779239001695755	-0.1111695600678302
4.08898221	1.12	-9.50101315793955	-0.380040526317582
4.08899022	1.19	-29.089546116653345	-1.163581844666134
4.08902	1.12	-9.526971421307763	-0.3810788568523105
4.08899022	1.15	-0.23607742708379909	-0.009443097083351963
17.44486016	0.92	-0.5041577207551473	-0.020166308830205894
17.44490636	0.88	-2.897028049979092	-0.11588112199916369
17.44496257	0.92	-3.5090548415465053	-0.1403621936618602
17.44490636	0.87	-2.965719086903964	-0.11862876347615857
17.44487	0.85	-3.2313230344686215	-0.12925292137874486
18.82744023	0.93	-2.5237212647538314	-0.10094885059015325
18.82747265	0.87	-2.6452043243990904	-0.10580817297596362
18.82761339	0.96	-19.49749337225724	-0.7798997348902895
18.82747265	0.93	-2.7362730022593733	-0.10945092009037494
18.82744023	0.96	-3.2590186166171957	-0.13036074466468783
18.82747265	0.93	-9.908467967004285	-0.3963387186801714
18.82747265	0.93	-3.556666912566179	-0.14226667650264715
5.74772501	0.53	-15.12773521741979	-0.6051094086967916
5.74771193	0.67	-4.668083753830403	-0.18672335015321612
5.747719	0.59	-0.14652980236999902	-0.005861192094799961
5.74772501	0.53	-3.8559516048329905	-0.15423806419331962
5.74772501	0.68	-3.7029746982926053	-0.14811898793170422
5.74772124	0.67	-1.527166205003068	-0.061086648200122724
5.74772501	0.53	-3.0542819072485536	-0.12217127628994215
14.5596237	1.06	-2.972762466854973	-0.11891049867419891
14.55916	1.0	-6.596958128456884	-0.26387832513827536
14.5596237	0.98	-10.688028668216567	-0.4275211467286627
14.5596237	0.98	-5.276023956200069	-0.21104095824800276
14.5598556	1.11	-4.330039899587581	-0.17320159598350324
1.26909037	0.82	-6.896430629272304	-0.2758572251708922
1.26909037	0.73	-6.114658239527084	-0.24458632958108337
1.26909037	0.83	-16.09316031258228	-0.6437264125032912
1.26909037	0.73	-7.142177597719968	-0.2856871039087987
1.26909087	0.87	-22.497187336393647	-0.8998874934557459
1.269095	0.75	-11.499770105680327	-0.45999080422721306
1.26909037	0.73	-12.829956997445965	-0.5131982798978386
1.26909141	0.81	-6.896562384671442	-0.2758624953868577
2.85313364	0.73	-16.990708633488982	-0.6796283453395593
2.853134	0.87	-7.74081450974213	-0.3096325803896852
2.853135	0.75	-3.4023283714897903	-0.13609313485959162
2.85313364	0.82	-16.016431768085592	-0.6406572707234237
2.85313364	0.83	-1.474130997692515	-0.0589652399077006
2.85313364	0.73	-2.0595613107526898	-0.0823824524301076
1.224862	0.91	-1.447832289184908	-0.05791329156739632
1.22486632	0.9	-1.6971168406728048	-0.0678846736269122
1.02267882	0.88	-6.711600970470021	-0.2684640388188008
1.02267805	1.01	-13.836438803869015	-0.5534575521547607
1.02267882	0.88	-20.624218872483524	-0.824968754899341
12.10995	1.27	-6.981028733333971	-0.2792411493333588
12.1097104	1.26	-11.059147216804766	-0.4423658886721906
12.1097104	1.26	-2.4658470871789984	-0.09863388348715994
12.1097104	1.16	-15.169408673901469	-0.6067763469560588
12.10982274	1.3	-10.633150774459217	-0.4253260309783687
12.10968709	1.3	-19.83244585458427	-0.7932978341833709
12.1097104	1.13	-8.30284236686996	-0.3321136946747984
12.10968709	0.96	-14.886208157591073	-0.5954483263036429
4.75793986	1.26	-14.277634722622214	-0.5711053889048886
4.75796103	1.3	-7.062398756956252	-0.2824959502782501
4.757896	1.27	-10.470687838671902	-0.4188275135468761
4.75793986	1.16	-4.690590179628676	-0.18762360718514703
4.75793986	1.13	-7.135346180120941	-0.28541384720483765
20.4972755	0.96	-13.62420197730145	-0.544968079092058
20.4966197	1.26	-3.6559789177530253	-0.14623915671012103
20.4966197	1.16	-8.539395765518414	-0.34157583062073654
20.4966197	1.26	-9.116977941185452	-0.36467911764741806
20.4971697	1.3	-1.3028934860912136	-0.05211573944364854
20.4966197	1.26	-1.9188212294443532	-0.07675284917777413
20.4972755	1.3	-4.56568605224737	-0.18262744208989481
20.4966197	1.13	-13.017773107880494	-0.5207109243152198
8.19346999	1.3	-8.44830109260025	-0.33793204370401003
8.1934719	1.16	-11.106523859860495	-0.4442609543944198
8.1934719	1.13	-2.511049861200298	-0.10044199444801193
8.19345065	0.96	-2.980478746719662	-0.11921914986878647
41.805985	1.04	-0.4758944647332739	-0.019035778589330955
41.805985	0.96	-6.384484261283756	-0.25537937045135023
41.81287	0.98	-24.207728395391943	-0.9683091358156777
41.805985	0.96	-12.52712868746055	-0.501085147498422
41.805985	0.96	-8.598465596357137	-0.3439386238542855
1.54492888	1.17	-8.275044477506064	-0.3310017791002426
1.54492888	1.24	-16.606176537054203	-0.6642470614821682
1.54492977	1.34	-11.200917585837725	-0.44803670343350904
8.70419416	0.92	-15.300418369280699	-0.612016734771228
8.70420525	0.87	-3.784223022226815	-0.1513689208890726
8.70419416	0.92	-5.732687785875737	-0.2293075114350295
8.70419734	0.87	-6.520396670832536	-0.26081586683330144
8.70419416	0.93	-16.50328087151221	-0.6601312348604884
8.70419416	0.92	-32.302077759043925	-1.292083110361757
2.46697439	0.92	-1.1682433981643594	-0.046729735926574374
2.46697439	0.93	-8.940608434734063	-0.35762433738936256
2.46697039	0.87	-4.224019581502788	-0.16896078326011155
2.46697439	0.89	-9.91561166382758	-0.3966244665531032
2.46697439	0.92	-26.94571448891699	-1.0778285795566798
2.46697819	0.87	-4.499684384182099	-0.17998737536728396
2.46697039	0.81	-1.7398789060399382	-0.06959515624159753
2.46697439	0.92	-14.284179420051363	-0.5713671768020545
2.466961	1.02	-14.434909056797977	-0.5773963622719192
10.12804789	0.96	-1.1843886957412475	-0.0473755478296499
10.12824	1.07	-16.845862704312946	-0.6738345081725179
10.12810209	0.99	-1.4758645976640152	-0.05903458390656061
3.7705521	1.06	-6.512025808057213	-0.26048103232228853
3.77055147	1.07	-14.988473208202823	-0.599538928328113
3.7705521	1.07	-17.015830118512504	-0.6806332047405002
3.77055012	1.07	-2.0311096800977406	-0.08124438720390963
3.7705521	1.07	-14.945537627584393	-0.5978215051033757
3.7705521	1.07	-3.848814761127259	-0.15395259044509035
3.77055251	1.07	-5.920240755052928	-0.23680963020211715
3.7705565	1.1	-6.320515777083093	-0.25282063108332375
1.19654846	0.85	-7.082540567002888	-0.28330162268011555
1.19655156	0.84	-22.54731856873348	-0.9018927427493393
1.19654846	0.8	-11.501093367725758	-0.4600437347090303
1.196577	0.81	-8.063777263276258	-0.3225510905310503
4.09666758	0.88	-16.573837708027312	-0.6629535083210926
4.09666758	0.88	-7.566628716148815	-0.30266514864595256
4.09668016	0.8	-3.715609121727549	-0.14862436486910197
6.50323791	0.88	-13.451255128777104	-0.5380502051510841
6.503227	0.81	-21.240193186023088	-0.8496077274409235
6.50323791	0.88	-6.138414442138102	-0.2455365776855241
6.50327035	0.85	-2.2576192341075103	-0.09030476936430042
7.33683936	0.93	-8.771731529566082	-0.35086926118264333
7.33683936	0.92	-8.175921268730171	-0.32703685074920685
7.33685629	0.96	-8.959894593050173	-0.3583957837220069
7.33683936	0.93	-10.54516045132529	-0.42180641805301156
7.33685101	0.94	-13.416136263176753	-0.5366454505270701
7.33683936	0.93	-11.516629750255262	-0.4606651900102105
27.66547244	1.04	-0.26587280460449625	-0.01063491218417985
27.6655226	0.94	-4.558471563901344	-0.18233886255605378
27.6655226	0.94	-0.26029048404594923	-0.01041161936183797
27.6655226	0.94	-14.102544814910235	-0.5641017925964095
27.6638983	1.04	-1.000058199865522	-0.04000232799462088
6.100295	1.02	-4.664101951191683	-0.18656407804766734
6.10027804	1.03	-8.3267555201336	-0.33307022080534404
6.10029259	1.0	-6.1082669840500525	-0.24433067936200212
6.10027621	1.0	-4.1852012545553645	-0.16740805018221458
6.10027804	1.03	-10.442682062706034	-0.41770728250824135
6.10027804	1.1	-16.252153460742587	-0.6500861384297035
161.5280101	0.96	-5.4300367523941535	-0.21720147009576615
161.5280101	0.96	-13.70777154879158	-0.5483108619516632
161.5278347	1.01	-15.444990618296975	-0.617799624731879
161.5280101	0.96	-15.448993977769577	-0.617959759110783
161.52811673	1.01	-0.25841060003440797	-0.01033642400137632
11.39104675	0.83	-4.479227119250144	-0.17916908477000576
2.84796	0.75	-3.30693684207868	-0.1322774736831472
11.3910025	0.81	-9.339330289839996	-0.37357321159359985
11.3910025	0.81	-23.228492575572496	-0.9291397030228998
11.39102358	0.84	-2.5299478197668925	-0.1011979127906757
11.39102358	0.83	-2.378873454748932	-0.09515493818995728
11.3910025	0.81	-1.11881498552265	-0.044752599420905995
11.3910025	0.82	-20.586901412104066	-0.8234760564841627
7.42608998	1.19	-18.267138771458814	-0.7306855508583526
7.42608998	1.07	-8.733527071315617	-0.34934108285262466
7.42601776	1.1	-10.508383832465396	-0.4203353532986159
7.42608998	1.07	-11.942748807909505	-0.4777099523163802
7.425992	1.1	-8.736059839024614	-0.34944239356098455
7.42608306	1.1	-5.359743768022494	-0.21438975072089977
7.42608123	1.1	-8.715768895172044	-0.34863075580688174
15.9870174	1.19	-6.301640395000329	-0.2520656158000132
15.9868932	1.1	-12.489231998569842	-0.4995692799427937
15.9870174	1.07	-5.045438656464405	-0.20181754625857623
3.57878087	0.95	-9.610400605601171	-0.38441602422404686
3.57878057	0.95	-8.928750872247365	-0.3571500348898946
3.57878055	1.07	-20.292610201421617	-0.8117044080568647
3.57878055	1.09	-9.77470688407711	-0.39098827536308445
3.57878055	1.09	-13.110835760580303	-0.5244334304232121
3.57878272	1.1	-5.776005019574411	-0.23104020078297643
3.57878057	0.96	-3.6720905884169968	-0.14688362353667989
18.92540274	0.94	-7.670575923234856	-0.3068230369293942
18.92537246	0.96	-22.325757035363235	-0.8930302814145294
18.92537246	1.81	-2.3130686545943786	-0.09252274618377515
18.92549356	0.96	-7.0750945435410575	-0.2830037817416423
1.47532322	0.96	-28.583837872338314	-1.1433535148935325
1.47532231	0.82	-2.6118229998250633	-0.10447291999300254
1.47532231	0.82	-5.646824344655313	-0.22587297378621252
4.15244722	0.82	-7.5398694389963286	-0.30159477755985314
4.15244722	0.82	-19.19750967780047	-0.7679003871120188
4.15244722	0.94	-1.7894053829706371	-0.07157621531882549
4.15246416	0.96	-10.252456673114644	-0.41009826692458573
4.152386	0.91	-2.910243043376355	-0.11640972173505419
8.73477	1.02	-3.7035300403762825	-0.14814120161505132
8.7348852	1.04	-12.971301511214865	-0.5188520604485946
8.73485836	1.05	-9.059799241466797	-0.3623919696586719
8.73485836	1.05	-3.0974329963413867	-0.12389731985365547
8.7348852	1.05	-13.588952439240266	-0.5435580975696107
8.73485836	1.03	-5.044096441897517	-0.2017638576759007
12.9920769	0.98	-3.0561035182535474	-0.1222441407301419
12.99207337	0.93	-5.459507248546534	-0.21838028994186137
12.99207337	0.98	-10.615642174170315	-0.4246256869668126
12.99204853	0.98	-17.85245559456295	-0.7140982237825181
12.99207337	0.93	-8.476921562464725	-0.339076862498589
12.99178	0.91	-6.901302779064718	-0.2760521111625887
12.99207337	1.09	-10.340438272455282	-0.4136175308982113
3.74910006	1.04	-8.393511637669816	-0.33574046550679265
3.74910006	0.95	-6.814763607011725	-0.27259054428046897
3.74907923	1.01	-21.12482469266053	-0.8449929877064212
3.74910575	0.99	-2.9923512602249307	-0.11969405040899724
3.74910006	0.97	-4.9816546064635325	-0.1992661842585413
3.74910006	0.95	-17.949195902909736	-0.7179678361163895
11.0895723	1.57	-11.514864417396705	-0.46059457669586823
11.0895723	1.32	-20.899288317736865	-0.8359715327094746
11.08959512	1.3	-5.007980902545436	-0.20031923610181743
11.08956602	1.5	-3.02328143198194	-0.1209312572792776
11.08950666	1.3	-4.96041414910384	-0.19841656596415358
11.08942	1.32	-7.403486345515049	-0.29613945382060197
11.08956602	1.3	-5.272096946391635	-0.2108838778556654
11.0895723	1.32	-8.932797540811634	-0.3573119016324654
11.0895723	1.37	-4.656229508177062	-0.1862491803270825
0.97487027	0.93	-5.476882231912365	-0.21907528927649458
0.97486893	0.92	-14.463358246308163	-0.5785343298523266
0.97486893	0.92	-18.46199907598836	-0.7384799630395343
0.97486893	0.86	-6.654316072514656	-0.26617264290058623
0.9748764	0.93	-2.6352277932015915	-0.10540911172806366
0.9748689	0.93	-13.094346698072204	-0.5237738679228882
4.89718784	0.79	-11.008040194685709	-0.44032160778742835
4.89721006	0.81	-2.807045548797075	-0.11228182195188299
4.89718784	0.79	-6.376746671357949	-0.25506986685431793
4.89718784	0.83	-7.178374875957553	-0.28713499503830214
4.89718784	0.79	-14.777395711504855	-0.5910958284601943
4.89715973	0.81	-7.6788165519642755	-0.307152662078571
4.89721006	0.79	-17.40669171491935	-0.696267668596774
5.72812616	0.57	-6.754050553403125	-0.270162022136125
5.72812616	0.63	-16.580705466696436	-0.6632282186678574
5.72812599	0.59	-4.213059810561132	-0.1685223924224453
5.72812599	0.58	-11.277976384485934	-0.45111905537943736
3.75574267	0.86	-3.205042813424686	-0.12820171253698745
3.75574426	0.88	-5.092246973166149	-0.20368987892664595
3.75574426	0.88	-7.68048266207567	-0.3072193064830268
3.75574426	0.88	-5.954339878718873	-0.2381735951487549
7.09714223	0.41	-3.5053335065251607	-0.14021334026100643
0.35500744	0.84	-6.57918396508385	-0.263167358603354
0.35500744	0.83	-3.6475704865063863	-0.14590281946025546
0.355	0.76	-12.002434985671414	-0.4800973994268566
0.35500744	0.83	-1.5689156750005244	-0.06275662700002098
0.35500744	0.81	-8.283088896149513	-0.33132355584598056
0.35500744	0.85	-6.0510025145103	-0.242040100580412
0.67737516	0.95	-8.703070159215304	-0.3481228063686122
13.21404536	0.87	-26.611424363266792	-1.0644569745306718
13.21409607	0.81	-17.124738909002133	-0.6849895563600853
13.2140732	0.81	-13.96558106471205	-0.558623242588482
13.2140732	0.81	-16.795011448948426	-0.6718004579579371
13.21411425	0.87	-7.3877679231646525	-0.2955107169265861
158.68456328	1.01	-8.075135143320544	-0.32300540573282177
158.68528766	1.01	-15.214787065298513	-0.6085914826119405
158.6853308	0.98	-6.110877694548365	-0.2444351077819346
158.6924	1.07	-0.5598545811735889	-0.022394183246943557
4.29264638	0.84	-24.301677824510413	-0.9720671129804166
4.29264638	0.84	-10.986601814522256	-0.43946407258089026
4.29264558	0.94	-10.521468703114353	-0.42085874812457413
4.29264638	0.84	-3.950281205332104	-0.15801124821328416
4.2928	0.94	-5.213378199484692	-0.2085351279793877
7.05393612	0.84	-1.6785950502167355	-0.06714380200866941
7.05393969	0.94	-4.781000566257498	-0.19124002265029993
7.05393449	0.94	-5.935735608001536	-0.23742942432006145
7.05393612	0.84	-8.609878669243999	-0.34439514676975996
31.5922646	1.06	-5.551838784115822	-0.2220735513646329
31.5925809	0.98	-2.4912888643079434	-0.09965155457231774
31.59334	1.06	-5.5122672096824274	-0.2204906883872971
31.5922646	1.44	-3.150035028707929	-0.12600140114831715
31.5922646	1.0	-5.83447994799245	-0.233379197919698
31.5922646	1.06	-0.7315335261060045	-0.02926134104424018
17.157236	0.98	-0.5344499189920047	-0.021377996759680187
1.97376085	0.53	-5.440548820460808	-0.21762195281843233
1.97376051	0.68	-15.269269130635895	-0.6107707652254358
1.97376093	0.53	-18.16663089006202	-0.7266652356024809
53.5293487	0.77	-7.579287187711884	-0.3031714875084754
53.5293487	0.81	-2.965929874275516	-0.11863719497102064
53.52939	0.77	-1.4657822405639598	-0.05863128962255839
53.5292702	0.79	-22.43990446562662	-0.8975961786250648
53.52930722	0.72	-3.095835757935591	-0.12383343031742364
0.92831004	0.68	-3.481113790134639	-0.13924455160538557
0.9283105	0.76	-9.867201452634523	-0.39468805810538093
0.92831084	0.68	-0.3110396129136457	-0.012441584516545827
0.9283105	0.65	-4.294787661069536	-0.17179150644278146
0.92831004	0.62	-14.11547944513482	-0.5646191778053928
0.9283105	0.76	-12.146831803063016	-0.4858732721225206
8.39846269	1.16	-6.7835171455552405	-0.2713406858222096
8.39846269	1.08	-9.983629626621118	-0.39934518506484473
8.39865148	1.15	-9.227513566768895	-0.3691005426707558
8.39811	1.14	-1.2267897292999086	-0.049071589171996347
8.63847725	1.04	-2.421457429472846	-0.09685829717891384
8.63847725	1.04	-5.623999787881791	-0.22495999151527166
8.63845	1.1	-3.039278925315922	-0.12157115701263689
8.63897591	1.1	-8.814346214903132	-0.3525738485961253
8.63847725	1.01	-10.888608966077896	-0.43554435864311586
13.48458665	1.08	-6.978771817656857	-0.2791508727062743
13.485	1.08	-7.563250587444097	-0.30253002349776387
13.4845	1.17	-6.75300494736313	-0.2701201978945252
13.48452939	1.24	-1.4363211348921152	-0.05745284539568461
13.485	1.1	-0.6336337668946399	-0.025345350675785597
13.48458665	1.08	-2.8055665906996197	-0.11222266362798479
13.48457668	1.24	-15.098700002584971	-0.6039480001033989
27.40229859	1.24	-6.741818447349406	-0.2696727378939762
27.4022	1.18	-16.315910140652633	-0.6526364056261054
27.40232089	1.24	-6.672159744670922	-0.2668863897868369
27.4029	1.17	-23.52304444142896	-0.9409217776571585
27.40229859	1.1	-25.46497887513056	-1.0185991550052225
27.402	1.1	-12.036706234365392	-0.4814682493746157
27.40232089	1.08	-11.038189792989268	-0.44152759171957073
27.40232089	1.08	-4.989375341327761	-0.19957501365311042
27.40232089	1.18	-18.364565532695444	-0.7345826213078178
52.09081627	1.1	-7.651707825666242	-0.30606831302664966
52.09081602	1.18	-3.48684220214268	-0.1394736880857072
52.09080482	1.24	-1.6892668185972866	-0.06757067274389146
52.09081602	1.08	-15.13655055543319	-0.6054620222173276
81.0634942	1.24	-1.30058637347051	-0.05202345493882041
81.06362509	1.24	-4.675063815663886	-0.18700255262655546
81.0634942	1.08	-16.013806453830178	-0.6405522581532072
81.06448267	1.24	-5.411851247717855	-0.2164740499087142
81.0634942	1.08	-2.9881404931945337	-0.11952561972778135
81.0634942	1.18	-1.6117026284316849	-0.06446810513726739
13.73474659	0.85	-12.013067125753384	-0.4805226850301354
13.73474071	0.85	-4.411758737245166	-0.17647034948980664
13.73472215	0.85	-0.29774442695535663	-0.011909777078214265
13.73469807	0.73	-6.554036666406704	-0.26216146665626816
13.73469807	0.73	-9.70218816824599	-0.3880875267298396
13.73468	0.78	-1.859347138041203	-0.07437388552164813
13.73474071	0.73	-23.104366484142417	-0.9241746593656968
14.55387488	1.24	-10.807131079231421	-0.43228524316925687
14.5539759	1.22	-4.232664455961418	-0.1693065782384567
14.5539759	1.3	-3.5185335358600667	-0.14074134143440267
11.30119217	1.09	-8.531843827905277	-0.3412737531162111
11.30123036	1.03	-11.656216326967206	-0.46624865307868824
11.30119217	1.01	-2.995731986589215	-0.1198292794635686
4.241499	0.93	-2.6710788554639895	-0.10684315421855958
4.24153639	0.88	-4.025742583221712	-0.16102970332886848
11.13120762	1.11	-7.690437558122627	-0.3076175023249051
11.13125132	0.99	-14.09859932244376	-0.5639439728977504
11.13127159	1.2	-10.646859887867578	-0.42587439551470313
11.13125132	0.99	-6.874768036784845	-0.2749907214713938
11.13125132	1.19	-14.205128942574646	-0.5682051577029859
11.13126554	1.11	-0.6256596643758299	-0.025026386575033196
29.6193891	0.99	-24.89299971771586	-0.9957199887086344
29.6193421	0.94	-3.4002394219850993	-0.136009576879404
29.6193421	0.89	-8.061381129392426	-0.32245524517569707
29.61981	0.96	-12.578197364405709	-0.5031278945762283
29.6193891	0.91	-14.89519376708733	-0.5958077506834932
29.6193421	0.9	-7.521324986640897	-0.3008529994656359
29.6193421	0.9	-3.4833026842122177	-0.13933210736848872
6.40087137	0.94	-11.133940806199734	-0.44535763224798935
6.40087618	0.93	-22.610120969760967	-0.9044048387904386
6.40087618	1.1	-20.592897766039933	-0.8237159106415973
6.40087618	1.1	-18.663465862647364	-0.7465386345058945
6.40087618	1.1	-5.143768151976395	-0.20575072607905578
6.400954	1.06	-22.939268979499378	-0.9175707591799751
27.07237655	1.06	-6.499485636919695	-0.2599794254767878
27.07237711	0.82	-11.61438808731806	-0.4645755234927224
27.07237711	0.82	-2.5680537990165275	-0.1027221519606611
27.07237655	1.07	-16.91932026849598	-0.6767728107398392
27.07256822	1.06	-12.275048998185651	-0.49100195992742607
27.07237711	0.82	-0.7768451234121565	-0.03107380493648626
13.71933369	1.16	-16.014648207299928	-0.6405859282919971
13.71933369	1.16	-7.5325278325488085	-0.30130111330195236
13.71938426	1.15	-4.495363929014827	-0.17981455716059308
13.71933369	1.19	-10.79563074323889	-0.4318252297295556
13.71938426	1.08	-14.03974307108162	-0.5615897228432648
13.71933369	1.16	-13.815915976699747	-0.5526366390679899
133.4605235	0.95	-0.9822265150641933	-0.03928906060256773
133.4605235	1.12	-2.6558753515744415	-0.10623501406297767
133.4605235	1.12	-12.451266292419346	-0.49805065169677387
133.460999	1.03	-10.991565042358879	-0.43966260169435517
133.4605235	1.12	-3.311479552570467	-0.13245918210281868
15.19423359	1.03	-7.684605738007178	-0.30738422952028716
15.19421803	1.12	-0.164559333882063	-0.00658237335528252
3.52249857	1.13	-9.672403336638586	-0.38689613346554347
3.52249857	1.13	-14.682115036193187	-0.5872846014477274
3.52249847	1.18	-26.632365671119114	-1.0652946268447645
3.5225047	1.23	-5.4687790335252755	-0.21875116134101102
3.52249905	1.21	-9.014209942838525	-0.360568397713541
3.52249843	1.13	-0.9935938092284515	-0.03974375236913806
3.5224991	1.21	-12.664557122102442	-0.5065822848840977
3.52249857	1.13	-13.298496477159432	-0.5319398590863773
7.05351445	0.59	-2.785002136605356	-0.11140008546421423
7.05352715	0.73	-10.845031797137647	-0.4338012718855059
7.05351445	0.76	-1.2687853652533514	-0.050751414610134056
7.05352715	0.58	-0.24537479621181935	-0.009814991848472773
7.05246	0.73	-5.427030646436128	-0.21708122585744513
7.05351445	0.59	-10.11351346442044	-0.4045405385768176
7.05347776	0.59	-3.0380902017936844	-0.12152360807174738
9.52165016	0.72	-0.5059914999515931	-0.020239659998063726
9.52355	0.73	-7.421519105960078	-0.29686076423840313
9.52169991	0.59	-9.15161274760619	-0.3660645099042476
9.521783	0.72	-9.712118514816211	-0.3884847405926485
9.52165016	0.59	-20.231141563376955	-0.8092456625350782
9.52164464	0.58	-17.139740354098283	-0.6855896141639314
9.52318	0.73	-10.829028427501962	-0.4331611371000785
3.0721492	0.59	-9.772083765828665	-0.3908833506331466
3.07222	0.73	-4.2924441868238	-0.17169776747295198
3.0721492	0.72	-20.708508057582115	-0.8283403223032846
3.072169	0.72	-2.4075513731560467	-0.09630205492624187
3.07216597	0.59	-3.759577275594353	-0.15038309102377412
3.07208	0.73	-12.267093431448334	-0.49068373725793335
3.07221	0.73	-7.399255198047419	-0.29597020792189677
3.0721492	0.59	-19.690397182106892	-0.7876158872842757
3.07214661	0.58	-12.247887293888951	-0.48991549175555804
4.64539709	0.72	-9.46127063926451	-0.3784508255705804
4.64534635	0.73	-2.259091812464293	-0.09036367249857172
4.64538215	0.58	-5.4129553677267275	-0.2165182147090691
4.64539709	0.76	-14.781637854144579	-0.5912655141657832
4.64489	0.73	-3.3619006818291624	-0.1344760272731665
4.64539709	0.59	-12.694363026618365	-0.5077745210647346
4.64551	0.73	-7.684551778034256	-0.3073820711213702
0.98678481	0.73	-16.081675254249063	-0.6432670101699626
0.98678706	0.59	-17.7785275028131	-0.711141100112524
0.98678583	0.58	-2.772570524061617	-0.11090282096246469
0.98678	0.73	-18.654538550333953	-0.7461815420133582
0.98678706	0.76	-9.768513834697947	-0.39074055338791785
0.9867679	0.72	-6.550406128545212	-0.2620162451418085
0.98678583	0.73	-7.615596696766781	-0.30462386787067125
0.98678706	0.59	-8.036549334056293	-0.32146197336225174
14.6482	0.73	-4.0264860802341	-0.161059443209364
14.64558	0.83	-10.58676183827899	-0.42347047353115963
14.13173322	0.91	-3.4231168929048517	-0.13692467571619407
14.13176026	0.85	-4.479263388179222	-0.17917053552716886
14.13168979	0.91	-6.039074854257076	-0.24156299417028304
14.13175309	0.91	-3.1732541775635017	-0.12693016710254007
14.13176026	0.91	-7.685557286473779	-0.30742229145895117
11.41928253	0.51	-2.865593593498235	-0.11462374373992941
11.41928253	0.51	-2.352500228985512	-0.09410000915942048
11.41921431	0.69	-6.673111291338941	-0.26692445165355766
11.41928253	0.67	-20.21407323607964	-0.8085629294431855
11.41926322	0.69	-16.72771877610639	-0.6691087510442556
11.419267	0.63	-4.218857460621015	-0.1687542984248406
40.05881661	0.96	-9.77707650830836	-0.3910830603323344
40.0587473	0.97	-1.7316483467104316	-0.06926593386841727
40.0586989	0.94	-1.357552596690062	-0.05430210386760248
40.05876652	0.94	-17.20186328597495	-0.6880745314389981
40.0587473	0.97	-7.261437475142998	-0.29045749900571993
50.28638192	0.88	-13.61776775758054	-0.5447107103032216
50.28638192	0.88	-4.704976880504348	-0.18819907522017393
50.28578	0.88	-15.058085892978221	-0.6023234357191288
50.28635977	1.08	-27.832214804633708	-1.1132885921853484
50.28635977	1.01	-17.761452805428775	-0.710458112217151
14.37457351	0.95	-14.495330282526599	-0.579813211301064
14.37457572	0.95	-1.6185403930496123	-0.06474161572198449
14.37438	0.99	-12.584987387802542	-0.5033994955121017
14.37457351	0.93	-11.020317121340547	-0.4408126848536219
14.37457351	1.01	-2.9281335691505426	-0.11712534276602171
14.37470808	1.02	-12.901297929020721	-0.5160519171608289
9.65185017	0.95	-1.5485218378908012	-0.06194087351563205
9.65185017	0.95	-10.103160231187747	-0.40412640924750987
9.65185017	0.93	-4.641181963604879	-0.18564727854419516
9.65185017	0.95	-4.259035611040711	-0.17036142444162847
9.65212994	1.02	-17.44308375326274	-0.6977233501305097
9.65188331	1.02	-11.374839562335417	-0.4549935824934167
30.8639476	1.08	-1.459389861132937	-0.05837559444531748
30.86392	1.11	-12.937951730412049	-0.517518069216482
30.86390273	1.15	-8.545353247177214	-0.3418141298870886
30.8638931	1.09	-5.5231737245819055	-0.22092694898327622
30.8638931	1.12	-11.143790870323977	-0.4457516348129591
8.09219642	0.99	-12.054142675525043	-0.4821657070210017
8.09219642	0.99	-36.98853733193194	-1.4795414932772775
8.09232984	1.01	-8.944139565899883	-0.35776558263599534
8.0922105	1.01	-10.684617354978275	-0.42738469419913105
0.63133235	0.53	-3.9251642098439183	-0.15700656839375673
0.6313298	0.65	-3.7668167514896704	-0.15067267005958682
0.63133235	0.76	-6.637249296135076	-0.26548997184540307
0.63133235	0.76	-11.148788696561581	-0.44595154786246327
55.63934	1.05	-3.6434173427853063	-0.14573669371141226
55.6391882	1.01	-5.979852592541141	-0.23919410370164562
55.63934	1.05	-7.307679874650791	-0.29230719498603164
55.63928583	1.01	-6.017897266558017	-0.2407158906623207
55.63765	1.01	-12.421036518393365	-0.4968414607357346
5.95489377	0.71	-11.46405581337432	-0.45856223253497275
5.95489729	0.54	-2.592073831360128	-0.10368295325440512
5.95487022	0.54	-3.3405464683718	-0.133621858734872
5.9548932	0.71	-12.663888473092811	-0.5065555389237124
12.04	0.64	-3.702884621713619	-0.14811538486854475
12.039901	0.65	-30.878225618358616	-1.2351290247343447
12.04	0.68	-5.939888759434361	-0.23759555037737443
12.03987488	0.71	-4.136890489090289	-0.16547561956361156
12.03991407	0.69	-2.716829487827441	-0.10867317951309763
12.03991407	0.54	-7.433060782935778	-0.29732243131743114
20.83766355	0.54	-13.481811974472112	-0.5392724789788845
20.83757312	0.71	-8.744099428817975	-0.349763977152719
20.83766355	0.54	-16.751052427249856	-0.6700420970899943
20.83759102	0.71	-4.757995217219254	-0.1903198086887702
20.83798	0.65	-5.237046148197419	-0.20948184592789676
20.83762895	0.71	-14.942525582644208	-0.5977010233057684
20.83762895	0.64	-0.7079090930513576	-0.028316363722054306
4.59725385	1.04	-0.9256293961609687	-0.03702517584643875
4.59726613	0.99	-19.528414323440703	-0.7811365729376282
4.59724697	0.99	-7.004768010161945	-0.2801907204064778
4.59725385	1.04	-0.7711961884175351	-0.030847847536701407
4.59725385	1.04	-11.345716290114837	-0.45382865160459346
4.59725385	1.03	-13.364991456175474	-0.5345996582470189
4.59731	1.03	-18.43723803135099	-0.7374895212540397
23.58447697	1.0	-9.175146053594354	-0.36700584214377413
23.58444746	0.95	-7.5769806525001915	-0.30307922610000765
23.58444746	0.99	-5.497690362007445	-0.2199076144802978
23.58447697	1.0	-3.4319670185111457	-0.13727868074044583
23.58447697	1.01	-18.854183718108256	-0.7541673487243302
23.58461	1.02	-21.728297516151645	-0.8691319006460658
10.11716531	1.39	-2.413741131035578	-0.09654964524142312
10.11712153	1.43	-16.833541794934142	-0.6733416717973657
10.1171684	1.4	-4.836088963443884	-0.19344355853775536
10.11716531	1.45	-4.082369304610493	-0.16329477218441973
10.11716531	1.39	-17.183066982630052	-0.6873226793052021
10.117121	1.4	-4.812910015121285	-0.19251640060485142
10.11715807	1.43	-4.208810977157036	-0.16835243908628145
10.11716531	1.39	-6.448545827610001	-0.25794183310440005
19.12947337	0.95	-3.5243959428139515	-0.14097583771255806
19.12962	1.05	-2.7568768098109233	-0.11027507239243693
19.12947337	1.05	-1.0726715852045603	-0.042906863408182415
19.12947337	1.05	-9.691686145038808	-0.3876674458015523
19.12947603	1.08	-7.905881668376255	-0.3162352667350502
6.1469956	1.19	-11.89373133171041	-0.4757492532684164
6.14703115	1.15	-16.0320178193818	-0.641280712775272
6.1469851	1.15	-7.1043386889132485	-0.28417354755652996
6.1469851	1.08	-4.536072522560875	-0.181442900902435
6.1469956	1.15	-9.813943942031099	-0.39255775768124396
8.57503552	1.34	-7.8903695829997895	-0.3156147833199916
8.57503552	1.34	-8.163585497050219	-0.32654341988200875
10.50682978	0.78	-4.075922072970528	-0.1630368829188211
10.506822	0.87	-4.669512896067817	-0.1867805158427127
10.5068257	0.78	-21.613952311018434	-0.8645580924407373
10.50682565	0.86	-3.0951277556932153	-0.12380511022772861
10.50682978	0.87	-19.608640799868816	-0.7843456319947526
10.50682565	0.86	-0.5901667932198997	-0.02360667172879599
3.9901099	1.02	-8.503565176259002	-0.3401426070503601
3.99010825	0.99	-0.8971027388547024	-0.035884109554188096
3.99010623	1.0	-4.302731121695738	-0.1721092448678295
3.99010623	1.0	-3.8123466725671733	-0.15249386690268693
3.99010623	1.03	-0.993784567640601	-0.03975138270562404
10.03538581	0.94	-16.545431597086278	-0.6618172638834511
10.03538181	0.93	-4.688416908352319	-0.18753667633409277
10.0354073	1.0	-8.05685431328006	-0.3222741725312024
10.03538581	0.94	-5.817587158913819	-0.23270348635655275
10.03538581	0.94	-4.0549479445361705	-0.16219791778144682
10.03538581	0.94	-12.331129189383756	-0.49324516757535025
10.035355	0.99	-6.175764633079267	-0.2470305853231707
33.1994	0.84	-2.841522202749776	-0.11366088810999105
33.1995648	0.86	-5.54433444169679	-0.2217733776678716
26.44435456	0.97	-14.88730754343722	-0.5954923017374888
26.44435456	0.97	-0.2877590797313232	-0.011510363189252928
26.4444059	0.91	-8.008560663746831	-0.32034242654987327
26.44439337	0.91	-25.41481531187078	-1.0165926124748312
26.44288	0.92	-0.9842383245448203	-0.03936953298179281
26.444	0.97	-8.91892262623372	-0.35675690504934876
51.535	0.97	-8.950950447681254	-0.3580380179072502
51.538	0.85	-13.76999222641912	-0.5507996890567648
51.53997972	0.91	-0.9911970476910952	-0.03964788190764381
51.53005	0.92	-3.053920680929716	-0.12215682723718864
51.53998542	0.97	-23.359632874669884	-0.9343853149867954
51.53868261	0.91	-10.029225755242557	-0.4011690302097023
51.53998542	0.97	-12.141247435087141	-0.4856498974034857
51.53998542	0.97	-16.159496848295156	-0.6463798739318063
51.53998542	0.96	-2.321696274826594	-0.09286785099306377
51.54	0.91	-2.7509242758452004	-0.11003697103380802
2.38295219	0.97	-11.017787129421848	-0.4407114851768739
2.38295159	0.92	-0.9800503252235329	-0.039202013008941314
2.382961	0.92	-12.811567594729556	-0.5124627037891822
2.38295219	0.97	-15.488289438944353	-0.6195315775577741
2.38295159	0.91	-7.258322710174049	-0.29033290840696196
5.90224692	0.97	-7.712363145776961	-0.30849452583107845
5.90224692	0.97	-0.260009596998525	-0.010400383879941
5.902209	0.92	-8.182337905751425	-0.327293516230057
5.90227888	0.91	-3.400403471118476	-0.13601613884473904
5.90224578	0.92	-4.32146617272352	-0.1728586469089408
5.90225962	0.91	-0.2389044458142766	-0.009556177832571065
5.90224692	0.95	-8.080554258849046	-0.3232221703539619
75.732	0.91	-21.541556414585415	-0.8616622565834167
127.8338098	1.08	-7.11987294186315	-0.284794917674526
127.83374803	1.11	-2.866263088104609	-0.11465052352418437
127.8338098	1.08	-12.171578855533156	-0.48686315422132626
127.8338098	1.43	-24.779488503397815	-0.9911795401359126
127.8329	1.18	-5.487078308719539	-0.21948313234878158
127.8338098	1.08	-13.25453721301637	-0.5301814885206548
1.92279873	0.84	-3.4249897684976807	-0.13699959073990722
1.92279994	0.85	-3.8336539196285755	-0.15334615678514302
1.92279873	0.81	-7.088420777717864	-0.2835368311087145
3.22297532	1.01	-1.846611747604001	-0.07386446990416004
3.22296927	0.9	-13.754572620637147	-0.5501829048254859
3.22297532	0.9	-22.641606097035258	-0.9056642438814103
3.22296927	0.9	-1.346681101811615	-0.0538672440724646
3.22296927	0.87	-9.54888625098117	-0.3819554500392468
4.16809082	0.98	-4.414535193753112	-0.17658140775012449
4.16811839	0.98	-3.289770374952992	-0.1315908149981197
4.168078	0.85	-11.881522832629834	-0.4752609133051934
4.16809082	1.1	-14.899826673508038	-0.5959930669403215
4.16809082	1.1	-0.7402693174060462	-0.02961077269624185
4.16811839	1.0	-10.569025891677256	-0.4227610356670903
4.51436096	1.09	-5.386907507133049	-0.21547630028532197
4.514349	1.07	-19.78609728682455	-0.791443891472982
4.51436633	1.2	-9.973439007258701	-0.39893756029034805
4.51436633	1.15	-5.330747521564756	-0.21322990086259025
3.773682	1.12	-17.184950172746895	-0.6873980069098758
3.77366451	1.19	-15.170947647542413	-0.6068379059016965
3.77359871	0.87	-2.6714061003639644	-0.10685624401455858
3.77360059	1.03	-6.3672836311916345	-0.2546913452476654
8.1818246	0.87	-16.765708653407955	-0.6706283461363183
8.18180095	1.19	-5.99045233331268	-0.2396180933325072
8.1818246	0.87	-9.083140823793215	-0.3633256329517286
8.18182189	1.19	-16.146999131965213	-0.6458799652786086
8.1818246	1.03	-0.4307973862246235	-0.01723189544898494
8.1818246	0.87	-2.917889963080092	-0.11671559852320368
4.48758768	1.17	-7.597298531584476	-0.30389194126337904
4.48758907	0.89	-6.53087093531389	-0.2612348374125556
4.48758907	1.05	-0.11747993665644962	-0.004699197466257985
4.48758907	0.93	-6.67178499379208	-0.2668713997516832
4.48758907	0.89	-14.79164274592037	-0.5916657098368149
51.92920654	0.98	-25.688255399564135	-1.0275302159825654
51.92920654	1.02	-3.8435623151396507	-0.15374249260558603
51.92927591	0.92	-4.756310087086272	-0.19025240348345088
51.92927591	0.92	-1.7967132810109572	-0.0718685312404383
51.929198	0.98	-9.782419595803184	-0.39129678383212735
51.92916268	0.98	-15.39433483904368	-0.6157733935617472
0.56785648	0.82	-14.591664641757722	-0.5836665856703089
0.56785704	0.82	-0.10002321275917092	-0.004000928510366837
0.56785714	0.77	-1.63993956106752	-0.06559758244270081
0.5678562	0.78	-9.852730770526819	-0.39410923082107274
0.56785714	0.79	-19.29289759838556	-0.7717159039354224
6.8833761	0.89	-8.6469826050759	-0.34587930420303603
6.88337562	0.98	-11.054062264611193	-0.44216249058444773
6.8833761	0.98	-5.094217464436961	-0.20376869857747845
6.88337562	0.88	-3.8277441455810477	-0.1531097658232419
9.77045194	0.54	-12.88505080118442	-0.5154020320473768
9.77058983	0.54	-11.49667839007988	-0.45986713560319525
9.770513	0.66	-14.419690000074478	-0.5767876000029791
9.7704486	0.51	-15.815188952056335	-0.6326075580822534
9.77	0.66	-3.1222642979297355	-0.12489057191718943
9.77045194	0.54	-2.068510174808545	-0.0827404069923418
20.09020088	0.58	-5.3006732949535715	-0.21202693179814286
20.09	0.56	-16.514339423224456	-0.6605735769289782
20.08922958	0.54	-1.1640823073302313	-0.046563292293209255
20.09020088	0.54	-2.7142810535969084	-0.10857124214387634
20.08976	0.66	-17.672145432200637	-0.7068858172880255
5.16980995	0.54	-7.648958159129527	-0.30595832636518105
5.16980995	0.58	-26.39093043212933	-1.0556372172851733
5.16982	0.66	-2.0245964192403334	-0.08098385676961334
5.17	0.56	-6.963887356965153	-0.27855549427860615
5.16980995	0.54	-3.1011170047176293	-0.12404468018870518
11.29714	1.12	-11.56280061618584	-0.4625120246474336
11.29689442	1.16	-6.204940810055144	-0.24819763240220577
11.29695137	0.95	-23.28812452090682	-0.9315249808362728
11.29695137	0.95	-5.468797033999094	-0.21875188135996376
5.62153941	0.99	-10.990414989906913	-0.4396165995962765
5.62153941	0.85	-1.1502355083294746	-0.04600942033317899
5.62153941	0.85	-1.036559468035903	-0.04146237872143612
5.62153225	1.03	-10.701226720052508	-0.42804906880210036
5.62154483	1.03	-10.990464735012672	-0.4396185894005069
5.62153941	0.85	-10.455868625703804	-0.41823474502815217
5.62154315	1.03	-17.824930661260886	-0.7129972264504355
5.62153941	0.9	-15.801148908122018	-0.6320459563248807
5.621546	1.0	-1.6138679225930597	-0.06455471690372239
7.13969705	1.02	-10.66925882093978	-0.4267703528375912
7.1396941	0.92	-11.29743464569339	-0.4518973858277356
7.13968	1.02	-13.909242256716837	-0.5563696902686734
7.1396941	1.1	-7.985064832459429	-0.31940259329837717
7.1396941	1.1	-13.254354135020641	-0.5301741654008256
18.75422472	0.68	-1.1223332864915414	-0.04489333145966166
18.75463164	0.68	-3.2514839731841905	-0.1300593589273676
18.7546998	0.56	-6.45873216080772	-0.2583492864323088
18.7546998	0.64	-7.2025897907465115	-0.2881035916298605
13.32389352	0.69	-4.475507065901889	-0.17902028263607556
13.32411	0.66	-9.14746318046774	-0.36589852721870963
13.32381364	0.69	-4.194849378812247	-0.1677939751524899
13.32389352	0.48	-3.075594454447497	-0.12302377817789989
13.32388301	0.48	-12.154445573347076	-0.486177822933883
11.41909375	1.08	-10.216933870094884	-0.40867735480379536
11.41909375	1.25	-26.019401037238318	-1.0407760414895326
11.41911886	1.06	-5.220139575582621	-0.20880558302330485
11.41898219	1.06	-20.549119815078573	-0.8219647926031429
11.36113254	1.07	-4.06180012477081	-0.16247200499083242
11.361168	1.12	-14.407213124350951	-0.576288524974038
11.36112327	1.08	-4.101354673368351	-0.16405418693473403
11.36117633	1.06	-9.11440993434655	-0.36457639737386205
11.36112327	1.03	-9.355476132402865	-0.3742190452961146
16.56062577	0.73	-0.5045679657089153	-0.020182718628356612
16.56062	0.98	-5.888482096649247	-0.23553928386596987
16.56059869	0.99	-2.9086993220062363	-0.11634797288024945
16.56059504	0.85	-7.035610655027095	-0.2814244262010838
16.56059504	0.73	-1.7984469213139487	-0.07193787685255795
16.56059504	0.73	-10.326153415624496	-0.41304613662497985
15.74958583	1.03	-0.5994958558044332	-0.023979834232177328
15.74957994	1.09	-14.859091618654798	-0.594363664746192
15.74957994	1.09	-1.995268074884794	-0.07981072299539176
15.74954	1.09	-5.679529425012813	-0.22718117700051252
15.74957994	0.98	-12.826122863354009	-0.5130449145341603
15.74957994	1.09	-7.52727290561781	-0.3010909162247124
37.8144514	1.1	-17.0687015997161	-0.682748063988644
37.8145252	1.08	-6.259177029740365	-0.2503670811896146
37.81266	1.09	-8.168645455497805	-0.32674581821991217
37.8144514	1.22	-8.383168911993858	-0.3353267564797543
37.81536308	1.08	-7.673918350030327	-0.3069567340012131
37.8144514	1.1	-15.754543850143135	-0.6301817540057254
37.8145288	1.08	-11.70461984727125	-0.46818479389085
8.726	1.0	-7.8679348914419265	-0.3147173956576771
8.72585936	1.0	-1.500500820697892	-0.06002003282791568
8.72585936	1.06	-14.489050373116385	-0.5795620149246554
8.726	1.0	-9.663688548001389	-0.3865475419200556
12.88296485	1.0	-18.110199546428547	-0.7244079818571418
12.883	1.0	-5.788710720139141	-0.23154842880556564
12.88296485	1.0	-12.464335047975329	-0.49857340191901317
12.88296485	1.06	-1.2824287635868845	-0.05129715054347538
12.88291395	0.99	-6.993501054075475	-0.279740042163019
4.22451369	1.0	-7.607886145424209	-0.3043154458169684
4.224488	1.02	-2.1004562982158825	-0.08401825192863531
4.22451369	1.0	-16.151973838337753	-0.6460789535335101
4.22451369	1.0	-10.820858226177466	-0.4328343290470986
27.4345883	1.0	-8.158358246467467	-0.32633432985869865
27.4345883	1.0	-5.80128142051726	-0.2320512568206904
27.4345883	1.06	-17.3435487046398	-0.6937419481855921
44.5518416	1.0	-5.0613251692643395	-0.2024530067705736
44.5518416	1.06	-4.741041955041858	-0.18964167820167432
44.5518416	1.0	-7.754738169144663	-0.31018952676578654
124.4198398	0.78	-19.062619315726707	-0.7625047726290682
124.4198398	0.85	-7.699289682933552	-0.3079715873173421
1.21956827	0.78	-11.241431360156213	-0.44965725440624854
1.21956827	0.77	-22.981449277601296	-0.9192579711040518
1.2195847	0.72	-6.109436711369342	-0.24437746845477368
1.21956805	0.78	-1.8110401283426327	-0.07244160513370532
2.05387982	0.99	-16.72699834215526	-0.6690799336862103
2.053899	0.99	-25.01859146299297	-1.0007436585197187
2.05388477	0.96	-0.7558709664132026	-0.030234838656528106
2.05387982	0.99	-2.5526856989779483	-0.10210742795911794
2.05388477	1.0	-6.776175208396335	-0.27104700833585343
2.05388429	1.0	-12.26266833858184	-0.4905067335432736
2.61302086	0.53	-3.392328208828664	-0.13569312835314656
2.61302086	0.53	-21.525387382047484	-0.8610154952818994
2.61302042	0.52	-11.524543988200502	-0.4609817595280201
2.613004	0.57	-13.0230469337619	-0.520921877350476
2.61302086	0.59	-9.878526604653867	-0.3951410641861547
2.61302086	0.53	-2.681740832993	-0.10726963331972
0.92785982	0.75	-1.4265961476704494	-0.05706384590681798
0.92785982	0.75	-9.008359839303736	-0.36033439357214947
0.9278551	0.7	-9.266071753859194	-0.37064287015436775
0.92785982	0.72	-10.590226667481001	-0.4236090666992401
0.92785971	0.74	-3.421461901171235	-0.1368584760468494
0.92785979	0.74	-0.7982685702534882	-0.03193074281013953
0.92785982	0.75	-0.8589028990307899	-0.034356115961231594
19.80778729	0.96	-20.98390258778459	-0.8393561035113837
19.80792185	0.94	-7.838507350340418	-0.3135402940136167
19.80787763	0.96	-28.064577619208315	-1.1225831047683326
19.80792185	0.94	-14.559543297018179	-0.5823817318807272
19.80791599	0.96	-12.15520681175093	-0.4862082724700372
19.80762	0.97	-13.821525887589342	-0.5528610355035737
2.3432387	0.76	-19.026386378938078	-0.7610554551575232
2.3432319	0.83	-9.54592899839221	-0.3818371599356884
2.3432319	0.81	-12.843842084655204	-0.5137536833862082
2.3432319	0.81	-8.522018170327014	-0.34088072681308057
2.343248	0.68	-5.035047066244838	-0.2014018826497935
6.91134979	1.0	-7.597735241599922	-0.3039094096639969
6.91129885	1.0	-0.6031847689194181	-0.024127390756776723
6.91134416	1.01	-20.94793518702349	-0.8379174074809396
6.91134416	0.97	-1.2559821449976762	-0.05023928579990705
6.91134416	0.97	-13.859015431829128	-0.5543606172731651
394.62508	1.26	-5.439561847466466	-0.21758247389865865
394.6244904	1.16	-10.593525200040034	-0.42374100800160136
394.6249514	1.1	-0.23563976977117962	-0.009425590790847186
394.6244904	1.16	-2.770756677667059	-0.11083026710668235
394.6244904	1.28	-13.972845679133695	-0.5589138271653478
8.30537702	0.96	-11.024061612926381	-0.4409624645170553
8.30559976	0.96	-15.357642454064003	-0.6143056981625601
8.30540302	0.96	-3.3772075295410358	-0.13508830118164145
8.305	0.97	-6.667201795709364	-0.26668807182837456
8.3053749	0.95	-3.1551398727965685	-0.12620559491186273
8.3053749	0.92	-6.866070781692498	-0.27464283126769995
12.51	0.93	-4.14096244530837	-0.1656384978123348
12.51366754	0.97	-1.6361509724796792	-0.06544603889918717
12.51366754	0.97	-3.957864273994798	-0.15831457095979193
12.51353325	0.87	-8.92103603280955	-0.356841441312382
12.51353325	0.96	-11.996922270736349	-0.47987689082945395
12.51366754	0.97	-14.912960836388383	-0.5965184334555353
12.51366754	0.92	-12.75984064138558	-0.5103936256554232
12.51374906	0.96	-3.4097369764697154	-0.13638947905878862
12.513	0.92	-3.8787370716721603	-0.15514948286688643
17.91304	0.94	-7.482104324460517	-0.2992841729784207
17.9133739	0.95	-10.182733894332957	-0.4073093557733183
17.91389062	0.96	-10.692315529521672	-0.42769262118086687
17.9134215	0.87	-8.98584911482688	-0.35943396459307525
25.2152875	0.97	-7.651902744251283	-0.3060761097700513
25.215	0.9	-14.619004861100436	-0.5847601944440174
7.19301659	1.04	-6.128549448090885	-0.2451419779236354
7.19303878	1.06	-9.76281562119204	-0.3905126248476816
7.19303878	1.06	-11.85572654499377	-0.47422906179975083
7.19294	1.09	-11.533938056158938	-0.4613575222463575
7.19303878	1.06	-0.5168485991371496	-0.020673943965485986
8.50699658	0.95	-20.200130801842878	-0.8080052320737151
8.50699658	0.95	-2.2255991736427294	-0.08902396694570917
8.50691	0.94	-1.1779621737532464	-0.04711848695012986
8.50698069	0.99	-9.555732498827224	-0.38222929995308896
44.93128	1.18	-9.461442059118701	-0.378457682364748
44.9306706	1.23	-5.842443148146771	-0.23369772592587082
44.9309804	1.19	-9.35776473787072	-0.3743105895148288
44.9309804	1.02	-7.905325673514471	-0.31621302694057885
7.16892463	1.21	-1.1183414300224042	-0.044733657200896164
7.16893064	1.27	-19.56415362963544	-0.7825661451854177
7.168879	1.21	-2.4570456332564756	-0.09828182533025903
7.16893749	1.27	-12.676877722312096	-0.5070751088924839
7.16892463	1.21	-8.495115872652212	-0.3398046349060885
7.16909012	1.27	-5.520040645011534	-0.22080162580046137
7.88663247	0.95	-2.194554993055525	-0.087782199722221
7.8866311	0.95	-3.9525587054551523	-0.1581023482182061
7.8866311	0.95	-11.461300177594579	-0.45845200710378314
7.88663247	0.99	-8.82504731354294	-0.35300189254171765
7.8866311	1.03	-6.667392625597549	-0.266695705023902
8.02768059	1.01	-11.5086792015333	-0.46034716806133197
8.02768059	1.01	-10.286347211934409	-0.41145388847737635
8.02768112	1.01	-40.649467822514424	-1.625978712900577
8.0276729	0.98	-5.775273977927494	-0.23101095911709976
8.02768228	0.93	-1.0817066417981485	-0.04326826567192594
85.35141921	0.99	-2.927237279152532	-0.11708949116610129
85.3514875	0.99	-10.018962833925995	-0.4007585133570398
85.35129427	0.88	-5.047631926148077	-0.2019052770459231
85.3514661	0.99	-2.9481359013592168	-0.11792543605436867
85.35129427	0.88	-26.655531998850204	-1.0662212799540083
85.35129427	0.99	-14.698570232636936	-0.5879428093054775
85.3514875	0.97	-6.66981485578552	-0.2667925942314208
76.13602028	0.87	-10.771617881640585	-0.4308647152656234
76.13354	0.92	-0.2764055295402674	-0.011056221181610697
76.13602028	0.9	-9.432320497500154	-0.3772928199000062
76.13602028	0.87	-8.717230989811931	-0.3486892395924772
76.13655826	0.98	-2.2043125819737965	-0.08817250327895186
76.13602028	0.96	-22.378043991693083	-0.8951217596677233
76.13622222	0.98	-2.7431957608184714	-0.10972783043273886
76.13622222	0.9	-3.096443726213817	-0.12385774904855268
20.38174802	0.8	-8.000306480165671	-0.32001225920662685
20.38149618	0.8	-26.766419314491834	-1.0706567725796734
20.38177573	0.79	-23.111715319545876	-0.9244686127818351
20.38174802	0.78	-4.313797775158492	-0.17255191100633968
20.38179859	0.8	-1.98541653939571	-0.0794166615758284
20.38177573	0.81	-20.009586903046845	-0.8003834761218738
5.10137945	1.0	-1.9173556897535398	-0.07669422759014159
5.10137945	1.0	-27.59769465190536	-1.1039077860762145
3.949633	0.75	-5.603209198055121	-0.22412836792220486
3.94963138	0.85	-12.789634028283645	-0.5115853611313458
3.94962123	0.81	-0.7496028222481812	-0.02998411288992725
3.94963138	0.82	-11.373719024219561	-0.45494876096878245
3.94962714	0.81	-5.837197200041678	-0.23348788800166712
3.94962714	0.85	-8.924976017138118	-0.35699904068552474
3.94963138	0.85	-25.645309800770868	-1.0258123920308346
3.14866453	0.8	-0.9813199792099625	-0.0392527991683985
3.14866453	0.8	-7.8959966971838265	-0.3158398678873531
3.14866155	0.8	-5.032139608455187	-0.20128558433820748
3.148679	0.97	-0.6526873212685271	-0.026107492850741085
3.14866155	0.84	-9.013055569025301	-0.36052222276101203
3.14866453	0.88	-0.8776413642688909	-0.03510565457075564
3.14866567	0.84	-10.555894263925229	-0.42223577055700917
3.14866453	0.8	-11.081247710477506	-0.4432499084191002
15.59460242	1.06	-15.123493648118437	-0.6049397459247375
15.5949	0.99	-11.522283334894869	-0.46089133339579474
15.59466045	1.06	-11.191989852111197	-0.4476795940844479
15.59461874	0.99	-7.473424810949022	-0.2989369924379609
5.83376092	1.26	-2.0747939320625943	-0.08299175728250377
5.83383412	1.0	-6.901782105745719	-0.27607128422982874
5.83376092	1.0	-0.9331644254255291	-0.03732657701702117
5.83376092	1.26	-1.4767739704647003	-0.05907095881858801
5.83376197	1.0	-14.693601501662286	-0.5877440600664915
2.42149592	1.0	-3.195263967288315	-0.1278105586915326
2.42148995	1.27	-24.344197712378854	-0.9737679084951542
2.42150341	1.0	-7.387308730081648	-0.2954923492032659
2.42150341	1.27	-18.36952762533759	-0.7347811050135036
2.421496	1.05	-1.7522635279526706	-0.07009054111810682
2.42149592	1.0	-8.232379102518806	-0.3292951641007522
14.163994	0.82	-19.10327313795968	-0.7641309255183871
14.16399294	0.78	-2.40155756152623	-0.0960623024610492
14.16399294	0.78	-23.95323510470857	-0.9581294041883428
6.20925415	0.78	-5.709590946639956	-0.22838363786559826
6.20917988	0.78	-13.155396949823684	-0.5262158779929473
6.20925415	0.78	-8.740001642767147	-0.3496000657106859
2.61702837	0.74	-7.775954477891476	-0.31103817911565906
2.61703254	0.75	-10.608598070917537	-0.4243439228367015
2.61702837	0.71	-3.384719109712419	-0.13538876438849676
150.2413	0.92	-8.340950318319521	-0.3336380127327809
150.2412582	0.92	-10.215765628812658	-0.4086306251525063
5.03257009	1.0	-26.7919354151665	-1.07167741660666
5.03251791	1.0	-13.170523443998317	-0.5268209377599327
5.032589	1.02	-15.884535476480169	-0.6353814190592068
5.03251791	0.93	-2.2582220295147115	-0.09032888118058846
5.03257009	1.0	-4.651280705583998	-0.18605122822335993
40.4286676	0.98	-16.517252789293156	-0.6606901115717263
40.42860382	0.98	-3.659827737078758	-0.14639310948315032
40.42883422	0.98	-6.022497402017645	-0.24089989608070583
40.4287755	0.92	-5.90101801816976	-0.2360407207267904
114.7363519	1.11	-3.9876428966402404	-0.15950571586560963
114.7363519	0.98	-5.523262682784631	-0.22093050731138525
114.73640315	1.01	-9.999665868997583	-0.39998663475990337
114.73653	0.96	-8.910028453982836	-0.35640113815931346
114.7363519	0.98	-8.261913122955395	-0.33047652491821583
114.73658	0.97	-4.754469181164387	-0.19017876724657548
114.73658	1.01	-24.38237639255656	-0.9752950557022624
573.95023	0.98	-3.160446224580087	-0.12641784898320346
573.95023	0.98	-0.30426892067253086	-0.012170756826901235
573.95023	0.98	-13.133380361460139	-0.5253352144584056
573.95023	1.11	-9.443844544900143	-0.3777537817960057
191.239133	0.97	-18.02429344083395	-0.7209717376333581
21.3587621	1.01	-26.478093086577548	-1.059123723463102
21.3588236	1.02	-8.956602814445814	-0.3582641125778326
21.35913	1.09	-3.856479268889755	-0.1542591707555902
21.3587621	1.06	-4.529232630420527	-0.18116930521682106
21.35897278	1.02	-0.42497519786103677	-0.01699900791444147
22.0459018	1.06	-3.4662015268906643	-0.13864806107562658
22.0459163	1.06	-0.9877077186594101	-0.039508308746376404
22.0459018	1.06	-6.7404635627318035	-0.26961854250927214
22.04592215	1.05	-16.482334432894387	-0.6592933773157755
22.0459018	1.11	-1.7392400822702454	-0.06956960329080981
22.0459018	1.06	-2.4045732491154075	-0.0961829299646163
22.04579	1.0	-8.175242348378468	-0.32700969393513873
22.04602472	1.05	-14.545491601929655	-0.5818196640771862
2.57884704	1.0	-5.624002236294185	-0.2249600894517674
2.578878	0.96	-9.84281091820017	-0.3937124367280068
2.57885507	0.94	-1.7144737746956897	-0.0685789509878276
2.57885507	1.05	-7.820843338006987	-0.3128337335202795
2.57885212	1.0	-13.6101648544446	-0.544406594177784
20.5533844	1.18	-4.064521600980803	-0.1625808640392321
20.5533844	1.21	-6.8479901090395625	-0.2739196043615825
20.55341	1.14	-9.246679723503775	-0.36986718894015097
20.55331441	1.1	-18.668644300676533	-0.7467457720270614
20.5534419	1.1	-1.22941005728393	-0.049176402291357196
20.55336572	1.1	-3.8876049172783045	-0.1555041966911322
40.0686727	0.92	-0.2930402234754297	-0.011721608939017188
40.06841	1.04	-8.36822224096857	-0.3347288896387428
40.0686727	1.09	-5.397410598758572	-0.2158964239503429
40.0686727	0.92	-17.868715903348267	-0.7147486361339307
27.50691114	1.07	-8.153637125847556	-0.3261454850339022
27.50655	0.97	-14.856767974392035	-0.5942707189756814
27.5073799	0.98	-5.0737345683223705	-0.2029493827328948
27.5073799	1.06	-2.2403006203215114	-0.08961202481286046
27.5071114	0.98	-1.3009941365646505	-0.05203976546258602
5.1443645	0.83	-10.100474471862677	-0.4040189788745071
5.14435252	0.84	-12.494889454090291	-0.49979557816361164
5.14438011	0.9	-13.693910675365249	-0.5477564270146099
5.1443645	0.84	-3.268473755791744	-0.13073895023166976
5.14438011	0.81	-9.219428333842453	-0.3687771333536981
5.14438011	0.9	-13.752076796040221	-0.5500830718416089
5.144392	0.88	-5.939136918274036	-0.23756547673096143
18.45848	0.82	-4.993460060750406	-0.19973840243001625
18.45847097	0.86	-15.906669655711102	-0.6362667862284441
18.45847097	0.85	-1.7297758541429968	-0.06919103416571988
18.45848388	0.86	-12.111411196368458	-0.48445644785473835
25.9421582	0.89	-15.518044864997842	-0.6207217945999137
25.9422033	0.72	-17.62607877008881	-0.7050431508035524
25.9422033	0.72	-9.602135509575946	-0.3840854203830379
25.9421582	0.83	-1.9481872223312662	-0.07792748889325064
33.38541	0.94	-3.25189884739716	-0.13007595389588641
33.38558862	1.0	-7.516654614609289	-0.30066618458437155
33.3856176	1.0	-7.2229691773225415	-0.28891876709290165
33.38567656	1.0	-15.315332506639773	-0.6126133002655909
33.3855938	0.97	-5.879155933116418	-0.23516623732465672
0.646716	0.97	-18.16295674497915	-0.7265182697991661
1403.0	0.99	-13.35749994684626	-0.5342999978738504
1425.439707	0.98	-9.563358365891698	-0.38253433463566794
7.71468975	1.39	-8.736650885282337	-0.3494660354112935
7.71467686	1.71	-13.090209353484726	-0.523608374139389
7.714663	1.35	-6.543809851771189	-0.26175239407084755
11.80619472	1.39	-0.9407313831177464	-0.03762925532470986
11.8061737	1.47	-10.693571607606184	-0.4277428643042474
4.44448017	1.09	-17.868293659065795	-0.7147317463626318
4.4444826	1.14	-0.16910929111813022	-0.006764371644725209
4.44446	1.11	-9.922292888997028	-0.3968917155598811
4.44448017	1.09	-9.770576198233835	-0.3908230479293534
4.4444826	1.08	-1.3959077516616147	-0.05583631006646459
3.98953967	0.77	-1.7494014779745792	-0.06997605911898318
3.98953967	0.77	-6.152752797338628	-0.24611011189354512
3.98955	0.84	-7.479269866549178	-0.2991707946619671
3.98954361	0.92	-0.6030358798692732	-0.02412143519477093
3.98954419	0.92	-8.749589451206683	-0.34998357804826735
12.98495573	1.06	-4.677594277847935	-0.1871037711139174
12.98488216	1.12	-5.3085823569394295	-0.21234329427757717
12.98494603	1.12	-7.15246866672169	-0.2860987466688676
12.98495573	0.86	-12.073232054898424	-0.482929282195937
12.98497	1.11	-1.22612493720335	-0.049044997488134005
12.98495573	0.84	-1.3314556921945042	-0.05325822768778017
12.98495573	0.84	-19.46225027006433	-0.7784900108025733
12.98495573	0.84	-20.999895537103043	-0.8399958214841218
5.69919514	0.94	-0.36991490671840044	-0.014796596268736018
5.699215	1.04	-5.740778093119385	-0.2296311237247754
5.69919592	0.99	-14.378869913779953	-0.5751547965511982
5.69919514	1.0	-6.401746147133912	-0.2560698458853565
5.69919514	1.0	-10.130395703367308	-0.4052158281346923
18.11475135	1.16	-13.929544379960166	-0.5571817751984066
18.11470018	1.16	-8.957869724735044	-0.3583147889894018
18.11472949	1.21	-6.904352978542908	-0.27617411914171636
18.11472949	1.22	-7.734587416308124	-0.30938349665232495
18.11473813	1.19	-22.475688179982797	-0.8990275271993119
18.11472949	1.22	-18.84118492986735	-0.753647397194694
6.24145791	1.03	-2.719856531444122	-0.10879426125776488
6.24146367	1.03	-11.1978023610205	-0.44791209444082003
6.24146367	1.03	-8.870871610497476	-0.35483486441989903
6.24146367	1.03	-7.20172300949019	-0.28806892037960763
6.241515	1.15	-15.741537257288705	-0.6296614902915482
6.2414813	1.05	-3.874115456646153	-0.15496461826584612
20.4222447	1.27	-14.155164607503256	-0.5662065843001303
20.42228798	1.19	-0.7398253260443137	-0.02959301304177255
20.42228798	1.18	-10.065040011569696	-0.40260160046278787
20.42228798	1.18	-12.459450282987277	-0.49837801131949105
20.4222447	1.16	-2.006812271842449	-0.08027249087369796
20.42228798	1.17	-9.100950077131355	-0.3640380030852542
7.63846084	1.27	-5.845088282469384	-0.23380353129877537
7.63846023	1.18	-15.196887589292022	-0.6078755035716809
7.63846292	1.27	-16.241932488052733	-0.6496772995221093
7.63846023	1.18	-12.101208375402424	-0.48404833501609695
7.63846023	1.19	-7.420041759365065	-0.29680167037460264
70.6979061	0.99	-16.716072014964148	-0.6686428805985659
70.6979061	0.99	-21.522152247933743	-0.8608860899173497
70.6979061	0.83	-9.407413299233308	-0.3762965319693323
70.6979061	0.99	-1.9231273395931756	-0.07692509358372702
70.6985	1.08	-8.734823656887999	-0.34939294627552
70.6981724	1.05	-4.340944995621495	-0.1736377998248598
3.74443645	1.09	-2.712232921323572	-0.10848931685294287
3.744439	1.14	-11.56902698950807	-0.46276107958032275
3.744439	1.17	-8.019089738542199	-0.320763589541688
3.744351	1.13	-0.49808136494687205	-0.019923254597874883
3.74444639	1.09	-14.012025975891536	-0.5604810390356615
3.744439	1.09	-8.826947765790052	-0.3530779106316021
52.75875577	1.23	-3.3315774350551246	-0.133263097402205
52.75875577	1.09	-10.47709188432084	-0.41908367537283364
52.75875577	1.23	-1.4269779770473696	-0.05707911908189479
52.75878505	1.22	-8.038711937800947	-0.3215484775120379
52.75878505	1.03	-18.14254691844967	-0.7257018767379869
53.44945593	1.06	-1.5473640341908756	-0.06189456136763503
53.44945593	1.11	-7.738201017972967	-0.3095280407189187
53.44945593	1.11	-24.31103079756692	-0.9724412319026768
53.44946619	1.03	-15.414055665993217	-0.6165622266397287
53.44944498	1.11	-4.924238811117221	-0.19696955244468886
53.44945593	1.11	-9.187479577661463	-0.3674991831064585
13.7521072	0.73	-2.562755634244438	-0.10251022536977752
13.75215959	0.74	-2.9731746639411014	-0.11892698655764405
13.7521072	0.75	-16.660984187709488	-0.6664393675083795
13.75206392	0.74	-6.804951598972443	-0.27219806395889773
13.75207851	0.74	-7.643976957293071	-0.30575907829172283
6.33855761	1.13	-8.376015183615689	-0.33504060734462754
6.33855946	1.13	-25.309314981223746	-1.0123725992489498
6.338518	1.07	-12.888667733499416	-0.5155467093399766
6.33855354	1.01	-5.335909066679598	-0.2134363626671839
6.33856209	1.01	-11.133368146830474	-0.445334725873219
6.33855761	1.13	-6.449619311249988	-0.2579847724499995
9.80321143	1.03	-4.7808493582047245	-0.19123397432818898
9.803224	0.87	-6.586747004887467	-0.2634698801954987
2.80624349	0.59	-8.5362672202303	-0.34145068880921203
2.80624233	0.55	-8.470567299855709	-0.3388226919942284
2.80624349	0.66	-5.173192430699467	-0.2069276972279787
2.80624233	0.55	-0.4797537932351279	-0.019190151729405115
144.547396	0.88	-21.059422644648073	-0.842376905785923
144.547396	0.88	-12.415878723803903	-0.49663514895215616
144.551628	0.88	-19.25048241937732	-0.7700192967750928
29.5422963	0.88	-9.799310338580375	-0.391972413543215
29.54210091	0.88	-9.956254814910935	-0.3982501925964374
29.5422963	1.14	-7.476170940976949	-0.29904683763907797
29.53941	0.89	-9.1006345453021	-0.364025381812084
29.5422566	0.88	-5.827836025074859	-0.23311344100299436
29.5422963	0.88	-19.524974843079875	-0.780998993723195
8.0472642	0.94	-14.571153908677353	-0.5828461563470941
8.04727721	0.94	-16.87090371284239	-0.6748361485136957
8.04727721	1.0	-24.57436401545565	-0.9829745606182261
8.0472642	1.03	-1.7722103589877531	-0.07088841435951013
8.0472642	0.94	-15.472082894366512	-0.6188833157746605
8.04732	0.99	-3.4260540105213444	-0.1370421604208538
5.8706191	0.59	-13.356724513165124	-0.534268980526605
5.8706191	0.65	-7.054854250561858	-0.2821941700224743
5.8706191	0.59	-0.13220772386493662	-0.005288308954597465
5.87063416	0.63	-7.694005953417356	-0.3077602381366943
19.17891293	0.93	-18.202774058707476	-0.7281109623482991
19.17891293	0.98	-11.50889999199708	-0.46035599967988317
19.17893976	0.98	-15.407648780197018	-0.6163059512078808
19.1789859	1.0	-15.615416973443558	-0.6246166789377423
19.17896177	1.0	-10.24823750055054	-0.40992950002202155
19.17903	0.96	-33.5567834861787	-1.3422713394471482
19.27082403	1.02	-12.188301956282029	-0.48753207825128114
19.243	1.0	-1.6710544004491799	-0.0668421760179672
19.27082403	1.03	-5.092663390557567	-0.20370653562230268
19.23891	1.02	-21.421296797361823	-0.8568518718944729
19.27082403	1.02	-5.181752746395988	-0.20727010985583952
19.27082403	1.03	-4.9107248050165175	-0.1964289922006607
19.238	1.03	-1.5956207377171416	-0.06382482950868566
19.24628649	1.03	-20.473882537773306	-0.8189553015109323
19.273938	1.05	-6.870648028645638	-0.27482592114582555
19.27082403	1.04	-27.44273774667982	-1.097709509867193
38.94980851	1.03	-5.696634328441198	-0.22786537313764793
38.90787517	1.02	-4.881840883803568	-0.1952736353521427
38.90787517	1.02	-5.6259266680207505	-0.22503706672083001
38.988	1.03	-1.1342938090935673	-0.04537175236374269
38.90787517	1.03	-7.370035881428051	-0.29480143525712205
38.969	1.0	-2.3533167092102243	-0.09413266836840897
1.5929716	1.05	-1.8969864323054475	-0.0758794572922179
1.59295975	1.03	-12.202058075470688	-0.48808232301882754
1.59295975	1.03	-1.6606823887755915	-0.06642729555102365
14.44912	1.12	-22.918322697531874	-0.9167329079012749
6.9913086	0.85	-26.088794133665186	-1.0435517653466075
6.9913086	0.78	-5.135400920444917	-0.2054160368177967
6.9913086	0.85	-6.8696798685654406	-0.27478719474261765
6.99130452	0.86	-8.668583400602653	-0.3467433360241061
6.99130452	0.74	-1.919438908217643	-0.07677755632870573
3.51749439	0.53	-12.53455144370528	-0.5013820577482112
3.51749439	0.53	-3.9881559998593206	-0.15952623999437282
3.51749079	0.64	-13.08532398868073	-0.5234129595472292
3.51748824	0.64	-0.3934941844689144	-0.015739767378756576
40.1099547	0.95	-11.662361790017224	-0.46649447160068896
40.1097817	0.99	-2.0486692920017737	-0.08194677168007095
40.1097817	0.92	-0.8264977066978227	-0.03305990826791291
40.10982208	0.99	-0.5488611468530415	-0.021954445874121663
10.3507721	0.94	-5.467346517298339	-0.21869386069193358
10.3507721	0.94	-4.507487628303279	-0.18029950513213117
10.35078415	0.98	-3.389902402933555	-0.13559609611734222
10.35078415	0.93	-20.767469877472085	-0.8306987950988834
62.9228557	0.94	-4.469224966819868	-0.17876899867279472
62.9228557	0.94	-5.400706888176324	-0.21602827552705298
62.9147	0.96	-2.4678748199034186	-0.09871499279613674
62.9212757	0.98	-16.882072160289884	-0.6752828864115954
62.9224936	0.98	-0.5673459828743632	-0.02269383931497453
3.02166863	1.16	-8.67047385533683	-0.3468189542134732
3.02166863	1.06	-3.3828810704050993	-0.13531524281620397
3.02166863	1.06	-14.428460475408116	-0.5771384190163247
3.02168007	1.06	-5.2937158788967125	-0.2117486351558685
3.02166863	1.06	-8.205377859333254	-0.3282151143733302
5.08274652	1.01	-1.8564187459960333	-0.07425674983984133
5.08274068	0.93	-6.187060191139611	-0.24748240764558443
5.08274652	1.01	-0.5851279500586797	-0.023405118002347187
5.0827526	0.93	-7.320937252628381	-0.29283749010513527
5.08274652	0.95	-15.804248016090977	-0.6321699206436391
5.08274652	0.95	-7.759611734696386	-0.31038446938785547
41.6980186	1.0	-5.215660286006427	-0.2086264114402571
41.6979976	0.91	-1.2858535815788144	-0.05143414326315258
41.6979976	0.91	-21.567260985838825	-0.8626904394335531
41.6979976	0.91	-1.6317541777253517	-0.06527016710901407
41.69831	1.13	-5.553147482178056	-0.22212589928712223
15.86624787	0.97	-5.154779677490435	-0.2061911870996174
15.86621821	1.08	-16.5453196712529	-0.661812786850116
15.8662	1.01	-19.4554309436033	-0.778217237744132
1.34059854	0.92	-16.408748781344084	-0.6563499512537634
1.34059678	1.12	-8.09579067946056	-0.3238316271784224
1.34060748	0.92	-8.03982041276777	-0.32159281651071087
1.34059747	1.13	-20.09989896374348	-0.8039959585497393
1.340638	1.15	-20.703850511210337	-0.8281540204484135
1.34059747	1.13	-10.640827522657567	-0.4256331009063027
1.34059678	0.92	-3.329686382660288	-0.13318745530641152
1.34059747	1.13	-9.64675493705548	-0.3858701974822192
13.93291548	1.11	-16.88008467676466	-0.6752033870705865
13.93291548	1.11	-6.78172830345031	-0.2712691321380124
13.93300143	1.11	-5.763616452103568	-0.2305446580841427
13.93290318	1.17	-9.597576835616733	-0.38390307342466934
13.93290318	1.15	-7.578970120105104	-0.30315880480420415
13.93290318	1.15	-0.5838495701146629	-0.023353982804586514
6.24658	1.31	-5.616690678673539	-0.22466762714694155
6.24658	1.5	-11.328436992278593	-0.45313747969114376
6.24668005	1.28	-7.736937332326758	-0.30947749329307034
6.24658	1.31	-4.499595790367003	-0.17998383161468012
6.24668005	1.34	-9.950129850782483	-0.39800519403129936
6.24667547	1.22	-5.9254136470436904	-0.23701654588174761
2.36432	1.22	-4.500546887541586	-0.18002187550166343
2.36436901	1.26	-12.339281974743212	-0.49357127898972847
2.36436762	1.15	-7.022298888272586	-0.28089195553090346
2.36436901	1.27	-23.179550586502582	-0.9271820234601034
2.36436901	1.27	-0.5806460706727488	-0.02322584282690995
2.36433867	1.15	-6.001302022741029	-0.24005208090964117
2.36436762	1.33	-11.000946352877483	-0.4400378541150993
20.31055173	1.14	-7.483722658573898	-0.2993489063429559
20.310501	1.29	-8.448271736564177	-0.33793086946256706
20.31035	1.21	-8.502659273968824	-0.34010637095875296
20.310501	1.34	-16.749913970155923	-0.669996558806237
2.534773	1.01	-9.592453612089738	-0.3836981444835895
2.53475627	0.81	-11.538344470893405	-0.4615337788357362
2.53475568	1.03	-3.5537221073732237	-0.14214888429492895
2.53475627	1.07	-2.966051513584083	-0.11864206054336332
2.53476428	1.03	-7.867318905248271	-0.31469275620993087
2.53475627	0.81	-0.29414270693662425	-0.01176570827746497
10.29674097	1.29	-8.441978083417538	-0.3376791233367015
10.29667198	0.95	-1.4268903463788607	-0.05707561385515443
10.29678	0.95	-0.5398068368314921	-0.021592273473259684
10.29672521	0.86	-15.950925217166507	-0.6380370086866602
10.29672521	0.63	-10.463223228927156	-0.4185289291570862
10.29672521	0.86	-0.8427690421128005	-0.03371076168451202
5.93918879	0.86	-7.57313006564243	-0.3029252026256972
5.93911982	1.29	-0.17900930261371917	-0.007160372104548767
5.93916	0.95	-18.80813774857643	-0.7523255099430572
5.93919041	1.29	-14.355929816172551	-0.5742371926469021
5.93918879	0.86	-16.22625663709638	-0.6490502654838552
5.93918879	0.86	-3.9442818268090853	-0.1577712730723634
4.40966548	1.1	-12.842251757818271	-0.5136900703127308
4.40966548	1.12	-5.635660578815827	-0.2254264231526331
4.40966548	1.11	-4.770381048707568	-0.19081524194830274
4.409673	1.15	-13.662618535628253	-0.5465047414251302
4.4096675	1.1	-4.295588147501847	-0.17182352590007388
4.4096675	1.04	-2.4491957753489717	-0.09796783101395887
4.59489604	1.0	-0.4182793539576699	-0.016731174158306796
4.59489604	1.14	-6.276541319615933	-0.2510616527846373
4.59489816	1.15	-13.151012115333469	-0.5260404846133387
4.59492	1.18	-16.206681541123466	-0.6482672616449386
4.59489604	1.0	-5.18114235023006	-0.20724569400920242
4.59489604	1.0	-13.69971606229013	-0.5479886424916053
4.59489816	1.19	-7.889909794356022	-0.31559639177424087
32.2968798	0.85	-12.348485985324874	-0.493939439412995
32.2968798	0.94	-7.5759699233420115	-0.30303879693368047
32.29635663	0.88	-10.990797237285586	-0.43963188949142346
2.97041437	0.8	-5.595926706693187	-0.22383706826772748
2.970439	0.8	-8.934718024730468	-0.35738872098921876
2.97041801	0.83	-4.5245502904504065	-0.18098201161801628
4.85386933	1.05	-6.716418769012794	-0.26865675076051176
4.8538404	1.04	-25.920028759999035	-1.0368011503999615
4.85386933	1.05	-6.973430793358418	-0.2789372317343367
4.85382	1.05	-5.425478061359888	-0.21701912245439553
11.04605365	1.04	-4.814797401109655	-0.1925918960443862
11.04603384	1.15	-12.582881899253403	-0.5033152759701361
11.04594184	1.04	-17.539401957097233	-0.7015760782838893
11.04603384	1.02	-7.06945020048294	-0.28277800801931763
11.04603384	1.02	-4.418246326634748	-0.1767298530653899
11.04605365	1.02	-3.800036556595237	-0.15200146226380948
11.04564	1.04	-6.3804686796579775	-0.2552187471863191
11.04603384	1.02	-1.10054239888365	-0.044021695955346
13.7488263	1.21	-13.963667964988451	-0.5585467185995381
13.7488263	1.21	-13.109842917754458	-0.5243937167101783
13.74883059	1.14	-17.810058789766877	-0.7124023515906751
13.74882953	1.07	-9.96518111513649	-0.3986072446054596
13.748933	1.07	-12.682284058209845	-0.5072913623283938
13.748778	1.17	-1.5824529462274894	-0.06329811784909958
13.7488263	1.29	-0.8650306762325606	-0.03460122704930242
26.72320599	1.21	-12.708341264523668	-0.5083336505809467
26.723169	1.14	-10.914646131313885	-0.43658584525255545
26.72320347	1.07	-3.377563094198248	-0.13510252376792994
26.723169	1.07	-13.366595019562372	-0.5346638007824949
26.72320599	1.29	-14.510014614425327	-0.580400584577013
26.723	1.21	-26.624225010897295	-1.0649690004358918
26.72311	1.07	-4.48517333696454	-0.1794069334785816
26.72428	1.17	-6.909551360586134	-0.2763820544234454
26.72320599	1.21	-7.122868114149616	-0.28491472456598466
49.3567907	1.14	-4.946496775249138	-0.1978598710099655
49.3568	1.07	-5.332599513875155	-0.2133039805550062
49.3568849	1.29	-14.515813765695395	-0.5806325506278158
49.3567907	1.07	-14.779948148734654	-0.5911979259493861
49.3570565	1.07	-8.369004848144877	-0.3347601939257951
49.35780383	1.07	-9.649818322470821	-0.38599273289883285
49.3568849	1.21	-8.589106930405867	-0.34356427721623467
49.3568849	1.17	-2.2878260771016743	-0.09151304308406698
49.3568849	1.21	-21.65816768017384	-0.8663267072069536
49.3568849	1.21	-16.325669662307227	-0.6530267864922891
6.53192704	1.0	-18.972535376112504	-0.7589014150445001
6.53192704	1.0	-12.677209400449577	-0.5070883760179831
6.53194024	0.92	-8.994333743027646	-0.35977334972110586
6.53251	1.0	-11.589378231032518	-0.46357512924130073
6.53192704	1.0	-10.371015902898883	-0.41484063611595534
6.53194024	0.86	-4.186839125599984	-0.16747356502399935
100.82868743	0.92	-8.574635611170878	-0.3429854244468351
100.8274113	1.0	-5.725059827699783	-0.22900239310799134
100.8274113	1.0	-3.4054907335322646	-0.1362196293412906
100.82799937	0.92	-17.167785715797685	-0.6867114286319074
100.8276725	0.92	-0.1996619651369782	-0.007986478605479129
100.8274113	0.89	-7.406574368755944	-0.2962629747502378
51.300634	1.01	-8.073214389853637	-0.3229285755941455
51.3002	1.04	-5.100523204253323	-0.2040209281701329
51.300634	0.93	-7.40315515392717	-0.2961262061570868
0.93846696	0.91	-4.664019904730006	-0.18656079618920024
6.93366476	1.21	-8.054781408355527	-0.3221912563342211
6.93365167	1.01	-2.760885678809183	-0.11043542715236733
6.93365167	1.1	-10.424435200655578	-0.41697740802622313
6.93366476	1.11	-14.921233649705071	-0.5968493459882028
61.0370117	1.07	-7.098104228084194	-0.28392416912336776
61.0370117	1.07	-13.443034488120645	-0.5377213795248258
61.0370117	1.07	-17.873613415955926	-0.7149445366382371
61.0373591	1.36	-1.4513315505043873	-0.058053262020175495
61.039	1.16	-6.295691010813153	-0.2518276404325261
61.0373591	1.13	-10.577327885748407	-0.4230931154299363
61.0370117	1.1	-0.4749676302834256	-0.018998705211337025
33.8677783	0.68	-7.043797141453004	-0.28175188565812015
33.8677783	0.69	-3.3287756041500502	-0.13315102416600202
33.86784071	0.69	-2.9033814064437706	-0.11613525625775083
33.86777771	0.69	-16.348402079742954	-0.6539360831897182
52.06986	0.96	-15.438248774016856	-0.6175299509606742
52.0688601	0.88	-5.627740771922155	-0.2251096308768862
52.0688601	0.88	-13.199151766302473	-0.5279660706520989
9.1149903	0.99	-12.66665944559764	-0.5066663778239056
9.11500269	0.98	-17.969820162210738	-0.7187928064884295
9.11501356	0.98	-8.650121065527596	-0.34600484262110387
9.11500269	1.04	-7.079553703130194	-0.28318214812520776
9.1149903	1.04	-26.530249618233867	-1.0612099847293548
9.1149903	1.04	-18.42862210643854	-0.7371448842575415
3.93246069	0.73	-0.9187369983241713	-0.03674947993296685
3.93246069	0.76	-1.7943658997499705	-0.07177463598999882
3.932449	0.69	-4.589327506329747	-0.18357310025318987
3.9324613	0.73	-5.9797536227809545	-0.2391901449112382
0.92103214	0.76	-5.76818893086961	-0.23072755723478441
0.9210305	1.11	-12.527636453637918	-0.5011054581455168
0.921056	0.96	-20.14073507883874	-0.8056294031535497
0.92103214	1.22	-8.89440529010557	-0.35577621160422285
4.7267482	0.89	-9.86540473080819	-0.39461618923232766
4.72673947	0.91	-9.16702466106186	-0.36668098644247443
4.72673947	1.0	-6.159012221215795	-0.2463604888486318
4.72673947	0.91	-11.856685386834036	-0.47426741547336143
4.72674037	0.87	-11.534466563248333	-0.46137866252993337
4.72673978	0.91	-7.569253865543074	-0.30277015462172296
4.72674002	1.0	-3.4544001645906453	-0.1381760065836258
4.72673947	0.87	-7.246439824690425	-0.289857592987617
4.72673947	0.91	-5.30724713441364	-0.21228988537654558
4.72674037	1.0	-7.685090966939751	-0.3074036386775901
4.72673895	1.0	-6.793646300957847	-0.27174585203831386
1460.0	0.91	-10.227088323711794	-0.4090835329484718
71.4517775	1.25	-13.367783834561596	-0.5347113533824639
71.4523167	1.06	-18.930655649907088	-0.7572262259962835
71.4517775	1.09	-13.224877934706146	-0.5289951173882459
71.4517775	1.09	-11.097219033834516	-0.4438887613533807
71.4523167	1.09	-10.152418192151954	-0.4060967276860782
71.4517775	1.08	-3.9262084810572375	-0.1570483392422895
8.03755877	0.76	-4.576078001010037	-0.1830431200404015
8.03755877	0.76	-2.903410480844685	-0.1161364192337874
8.03755877	0.86	-26.44072932445422	-1.0576291729781688
8.03753796	0.76	-6.42974802433232	-0.2571899209732928
8.03755877	0.76	-2.359420365080924	-0.09437681460323695
1.9214374	0.78	-6.068848118909271	-0.24275392475637084
1.92143749	0.78	-10.236390216198439	-0.40945560864793756
1.9214374	0.78	-4.570443895790162	-0.18281775583160648
1.92143749	0.89	-2.4269742801869514	-0.09707897120747806
1.9214374	0.86	-6.417640154512992	-0.2567056061805197
14.20442616	0.91	-5.233842157096615	-0.2093536862838646
14.20443009	0.87	-3.3726022025771414	-0.13490408810308566
14.20443009	0.74	-0.8090365394955188	-0.032361461579820755
14.20437	0.87	-7.98024574072991	-0.3192098296291964
14.20443864	0.91	-16.70739699514507	-0.6682958798058029
14.20455271	0.91	-9.587567143545849	-0.383502685741834
14.20443009	0.74	-7.975484563202538	-0.3190193825281015
55.67454	0.73	-2.916714334507815	-0.1166685733803126
55.6738309	0.85	-3.0422401688695557	-0.12168960675478223
55.6738309	0.81	-9.76921759554109	-0.3907687038216436
55.6738309	0.85	-1.7316852326331302	-0.06926740930532521
55.6738309	0.85	-7.187216803735069	-0.28748867214940277
55.67339221	0.79	-15.338787654593983	-0.6135515061837593
55.673582	0.79	-9.34097916936418	-0.3736391667745672
4.88083882	0.77	-10.419540380342383	-0.41678161521369533
4.88083852	0.82	-16.545767361437854	-0.6618306944575142
4.88084456	0.77	-11.625318863353515	-0.4650127545341406
4.88083852	0.78	-1.6108020033944719	-0.06443208013577888
4.880861	0.69	-14.197587329935713	-0.5679034931974285
10.56134221	1.03	-17.622754537083544	-0.7049101814833418
10.56134221	0.92	-6.989336987920716	-0.27957347951682865
10.56156	0.82	-5.991910578850728	-0.23967642315402912
10.56137217	1.03	-4.426700716755569	-0.17706802867022275
10.56134221	1.03	-2.4799788139721266	-0.09919915255888506
67.668827	0.96	-2.4559821521758636	-0.09823928608703454
67.66839478	1.01	-9.744028743439367	-0.3897611497375747
67.668827	1.15	-12.286580544795193	-0.49146322179180774
67.668827	0.96	-6.4167519369247294	-0.25667007747698917
67.66919	1.06	-13.339120660489323	-0.5335648264195729
67.668827	0.96	-9.796140624201662	-0.3918456249680665
153.3506228	1.01	-16.926412659541935	-0.6770565063816774
153.343364	1.15	-10.760782094301204	-0.43043128377204815
153.343364	0.96	-11.66492019010136	-0.4665968076040544
52.632	0.93	-5.527958858973356	-0.22111835435893426
52.6298417	0.91	-13.652579991401259	-0.5461031996560504
52.6298417	0.91	-1.9618386090334672	-0.07847354436133869
52.6298542	0.93	-11.861366759873334	-0.4744546703949334
52.6298417	0.92	-9.609342208859003	-0.38437368835436014
52.6298417	0.91	-3.1440294595415734	-0.12576117838166295
14.878296	0.92	-1.564593637042405	-0.06258374548169619
14.8783945	1.0	-16.24291210668853	-0.6497164842675411
14.8783945	0.92	-6.586827417980648	-0.2634730967192259
2.50805858	0.76	-6.927563769117099	-0.277102550764684
2.50805735	0.64	-3.97431144862781	-0.15897245794511242
2.50806	0.81	-4.968146964448976	-0.19872587857795904
2.50805735	0.81	-8.51640803140522	-0.3406563212562088
2.50805735	0.64	-1.3068963209855418	-0.05227585283942167
2.50805735	0.64	-5.322369052587606	-0.21289476210350425
2.5080575	0.83	-4.589307594239555	-0.1835723037695822
2.50809097	0.64	-1.0581819410240498	-0.042327277640961995
2.50805735	0.81	-9.295945684327696	-0.3718378273731079
59.62217	1.06	-10.200563946000386	-0.40802255784001545
59.6225257	1.07	-2.8864139554389965	-0.11545655821755986
59.6225257	1.07	-11.297151633409733	-0.4518860653363893
59.62244932	0.97	-9.020605038177859	-0.36082420152711436
59.6222627	0.97	-22.062986516219212	-0.8825194606487685
59.6222627	1.07	-12.14511223181361	-0.4858044892725444
17.42393582	0.99	-9.031023872929755	-0.36124095491719016
17.42395198	0.99	-1.7678252395019487	-0.07071300958007795
17.42395198	0.89	-6.055278092966513	-0.24221112371866052
17.42393582	0.91	-15.958697309195964	-0.6383478923678386
17.42395198	0.99	-7.710537590807375	-0.308421503632295
17.42459	1.07	-3.6361831144875305	-0.1454473245795012
44.96417488	0.74	-9.295879545231863	-0.3718351818092745
44.96417488	0.74	-5.308880442286526	-0.21235521769146104
44.96417488	0.74	-24.203403067578403	-0.9681361227031361
44.96417488	0.78	-12.3416831424176	-0.49366732569670396
49.7701438	0.9	-18.16025949701448	-0.7264103798805792
49.7700907	0.99	-2.069735361463719	-0.08278941445854876
49.76999	0.97	-2.9726357626833555	-0.11890543050733422
49.7701438	0.9	-8.790580604318677	-0.3516232241727471
43.31688	0.95	-0.7800877941501168	-0.03120351176600467
43.3167737	0.85	-5.2735180400931565	-0.21094072160372626
43.3167737	0.85	-13.714256277131916	-0.5485702510852767
43.3167427	0.95	-13.490114531603108	-0.5396045812641244
43.31690377	0.95	-11.36686333332723	-0.45467453333308916
43.3167737	0.86	-7.587166407403955	-0.3034866562961582
31.0033814	1.13	-10.243491881573156	-0.40973967526292626
31.00288579	1.01	-3.780055789704009	-0.15120223158816035
31.0033814	0.97	-8.009075646161916	-0.32036302584647663
31.0031	1.04	-8.685482817225889	-0.3474193126890356
31.0033072	1.01	-12.607167256981542	-0.5042866902792617
31.0033814	1.13	-10.725926986520541	-0.42903707946082165
31.0033072	1.17	-16.869193838596622	-0.6747677535438649
11.79162572	0.95	-3.044002131189962	-0.12176008524759847
11.79162572	0.94	-5.984144023811606	-0.23936576095246423
11.79174	1.02	-5.53178754996527	-0.22127150199861081
11.79161234	0.96	-11.238595932985003	-0.4495438373194001
11.79162572	0.95	-15.357061721926282	-0.6142824688770513
26.9644317	1.02	-12.071509997538364	-0.48286039990153456
26.96447	0.95	-6.269813819534287	-0.25079255278137147
26.9644317	1.02	-15.06508712925551	-0.6026034851702204
26.9644317	1.02	-2.7190313189938906	-0.10876125275975562
26.96456482	0.96	-9.522978596183536	-0.3809191438473415
7.76845639	0.93	-0.8358354419263814	-0.03343341767705526
7.76855241	0.96	-9.212297523993575	-0.368491900959743
7.768552	0.95	-12.625358500269313	-0.5050143400107725
7.7684356	0.96	-2.3770497619407664	-0.09508199047763066
7.76846622	0.96	-9.76204557874124	-0.39048182314964963
7.76846622	0.91	-4.533388307863958	-0.18133553231455832
7.76845639	0.96	-3.8079242797165382	-0.15231697118866153
8.68929351	0.85	-5.395037821217519	-0.21580151284870078
8.68930122	0.82	-11.558939358053035	-0.4623575743221214
8.6893073	0.89	-5.886543268329957	-0.2354617307331983
20.99747771	0.82	-2.5902908706729617	-0.10361163482691847
20.99747771	0.82	-5.104376733715313	-0.20417506934861251
20.99720001	0.82	-2.96997412636942	-0.1187989650547768
20.99749865	0.85	-2.064401734121326	-0.08257606936485305
20.99433	0.76	-11.372844110772501	-0.45491376443090004
11.52307274	1.0	-11.871039817649775	-0.474841592705991
11.5231	1.08	-23.25266363967968	-0.9301065455871873
11.52306995	1.05	-4.03989040528674	-0.1615956162114696
11.52306995	1.08	-8.663982424853952	-0.3465592969941581
11.52306746	1.0	-1.931631450932131	-0.07726525803728525
11.523063	1.07	-8.177431007856676	-0.327097240314267
11.52306995	1.08	-20.253223235585093	-0.8101289294234038
11.52306995	1.08	-3.367566814869968	-0.13470267259479873
98.7179332	1.04	-4.815066979593066	-0.19260267918372265
98.7179332	0.87	-4.053765755118478	-0.16215063020473913
98.7180406	0.87	-1.555847562782935	-0.0622339025113174
71.52533237	0.75	-8.23816384259729	-0.3295265537038916
71.52530845	0.79	-5.822312039859769	-0.23289248159439077
71.52543938	0.77	-1.4307159182955216	-0.05722863673182087
71.52530845	0.79	-9.811905269038604	-0.39247621076154415
130.3543929	1.09	-13.523784845851717	-0.5409513938340687
130.3546919	1.09	-0.6697774939019219	-0.026791099756076877
130.3543929	1.0	-2.7679172015531672	-0.11071668806212669
130.3546919	1.09	-6.558350573927467	-0.2623340229570987
130.35496133	1.0	-1.3215539579099178	-0.052862158316396714
130.35148	0.98	-0.7571671224304157	-0.03028668489721663
88.40655258	1.09	-3.038804006857121	-0.12155216027428484
88.40655258	0.95	-5.103332836738142	-0.20413331346952568
88.40703	1.09	-14.700694773686669	-0.5880277909474668
88.40678718	1.03	-3.050025419672979	-0.12200101678691916
9.10969334	1.03	-10.24918355493099	-0.4099673421972396
16.781774	0.71	-8.559003903293716	-0.34236015613174864
16.78176602	0.73	-7.138500068331004	-0.28554000273324015
16.78175811	0.81	-16.800005456530684	-0.6720002182612274
16.78176602	0.73	-11.777706980779053	-0.4711082792311621
14.53244172	0.8	-10.835786124768797	-0.43343144499075187
14.53244172	0.8	-13.583782335204694	-0.5433512934081878
14.5324483	0.8	-1.9950963930717056	-0.07980385572286823
5.24866761	1.02	-17.770523612698163	-0.7108209445079265
5.24867263	1.1	-25.843013704121528	-1.0337205481648613
5.24867263	1.09	-8.282078136041829	-0.33128312544167315
5.90741395	0.78	-5.077610939627184	-0.20310443758508737
5.90741354	0.67	-5.556866777473529	-0.22227467109894117
9.7678805	0.9	-10.929023780159836	-0.4371609512063935
9.7678805	0.91	-0.43431267826572206	-0.01737250713062888
9.767805	0.84	-16.247524317793633	-0.6499009727117454
9.76787254	0.96	-2.0912729698655332	-0.08365091879462133
9.76785911	0.96	-12.19632046030403	-0.4878528184121612
9.76785911	0.86	-1.7356708366244047	-0.06942683346497619
9.7678805	0.91	-19.902937144338587	-0.7961174857735435
14.80074836	1.41	-4.231643268813031	-0.16926573075252127
14.80012	1.39	-14.080602703669852	-0.5632241081467941
14.8008153	1.48	-3.5859885275131447	-0.14343954110052579
14.80074836	1.6	-9.725599899343703	-0.3890239959737481
14.80074836	1.41	-6.201759638416003	-0.24807038553664013
14.80075082	2.65	-2.661638262378438	-0.10646553049513752
16.23846777	1.0	-1.2418081381108417	-0.049672325524433666
16.238465	0.99	-15.080203130376944	-0.6032081252150777
16.23846777	1.03	-3.556585747039912	-0.1422634298815965
16.23845931	1.03	-5.99516715975915	-0.239806686390366
3.1268651	0.68	-4.268473115086792	-0.17073892460347168
3.12686223	0.97	-14.792383106456938	-0.5916953242582775
3.12686223	0.97	-1.13826280528116	-0.045530512211246404
3.12686312	0.71	-16.956762040494965	-0.6782704816197986
3.12686223	0.77	-3.621417079079948	-0.1448566831631979
16.87727414	0.93	-2.259244059751341	-0.09036976239005365
16.87728598	0.98	-3.3749859429916356	-0.13499943771966544
16.87727414	1.0	-3.150754430812294	-0.12603017723249177
12.05707239	0.74	-19.911814789557354	-0.7964725915822942
12.05707387	0.95	-2.436858975293138	-0.09747435901172553
12.05705659	0.95	-10.60489134973773	-0.42419565398950926
12.05705659	0.87	-4.975063584784092	-0.19900254339136367
12.057086	0.89	-12.82188550043617	-0.5128754200174468
9.97682072	0.82	-17.601777381324847	-0.7040710952529939
9.97683705	0.82	-13.019130268002378	-0.5207652107200952
9.976834	0.83	-7.257218178032744	-0.29028872712130976
9.97682072	0.93	-10.22860033664502	-0.4091440134658008
0.919783	0.82	-17.745602356975425	-0.709824094279017
13.52252066	0.93	-1.4021490164241952	-0.05608596065696781
13.5225106	1.08	-11.879086909750331	-0.4751634763900133
13.52251625	0.93	-1.6799021898514859	-0.06719608759405944
13.52252364	0.93	-4.497749968762308	-0.17990999875049235
134.2527298	0.98	-7.6040433289729314	-0.30416173315891726
134.2527298	0.91	-9.087563101298993	-0.36350252405195976
134.2527298	1.05	-6.871722861745314	-0.2748689144698126
134.2522154	1.12	-7.947970397213808	-0.31791881588855236
134.25105397	1.12	-6.40489206111072	-0.2561956824444288
99.747622	0.8	-8.08706102798611	-0.3234824411194444
99.747622	1.02	-8.602314012199365	-0.3440925604879746
99.7469	0.89	-9.068849527646965	-0.3627539811058786
99.74707382	0.99	-4.525597295700429	-0.18102389182801715
13.22713379	0.84	-16.934504060787585	-0.6773801624315035
13.22713379	0.62	-2.3298704228531566	-0.09319481691412626
198.7112502	0.84	-1.5486142287814573	-0.061944569151258295
198.7112502	0.62	-21.585319965351687	-0.8634127986140675
3.69298373	0.57	-10.550125573743978	-0.4220050229497591
3.69298373	0.57	-15.401920672310688	-0.6160768268924275
3.69298623	0.57	-0.8982097359135668	-0.035928389436542675
3.69298373	0.57	-1.8068850844555646	-0.07227540337822258
3.69298042	0.7	-23.48479868710446	-0.9393919474841783
3.692988	0.63	-9.56796392422143	-0.38271855696885726
5.70940397	0.7	-8.479879154044353	-0.33919516616177414
5.70940795	0.57	-14.269472064676814	-0.5707788825870725
5.70940795	0.7	-1.2782104659684348	-0.05112841863873739
34.17325	0.79	-6.9287893919676105	-0.2771515756787044
34.1732156	0.89	-10.361271083969573	-0.4144508433587829
34.1732156	0.95	-20.608407319979342	-0.8243362927991738
34.1731714	0.92	-13.619300514927343	-0.5447720205970937
34.17314028	0.89	-14.39283957769083	-0.5757135831076332
1.68293461	0.89	-1.7232871891414823	-0.0689314875656593
1.68293776	0.89	-3.563549250904339	-0.14254197003617358
2.58664041	1.05	-19.28946249293797	-0.7715784997175189
2.58663808	0.9	-10.126184968976133	-0.40504739875904533
2.58664	0.94	-5.849345975104859	-0.23397383900419436
2.58663952	0.9	-16.77392884042529	-0.6709571536170117
2.58664125	1.05	-12.53537765611328	-0.5014151062445312
2.5866272	0.94	-0.982051135322253	-0.03928204541289012
16.73652231	0.7	-3.5236107529409866	-0.14094443011763946
16.736525	0.67	-0.19735206203659783	-0.007894082481463914
16.73652231	0.7	-7.392022428071737	-0.2956808971228695
16.73652231	0.7	-20.839577653421888	-0.8335831061368755
16.7364755	0.67	-2.276527436300392	-0.09106109745201568
9.59070716	0.82	-3.5489767546688276	-0.1419590701867531
9.59070716	0.82	-1.9624838936354536	-0.07849935574541815
9.59068637	0.97	-2.081904429752042	-0.0832761771900817
7.03932913	1.09	-31.19167763530983	-1.2476671054123931
7.03932553	1.15	-12.621443103562209	-0.5048577241424883
7.03932553	1.06	-12.452634827066058	-0.49810539308264234
7.03932553	1.06	-9.324420901345263	-0.37297683605381055
49.6077331	0.7	-3.8785913978345166	-0.15514365591338067
49.6075771	0.88	-9.590030921065939	-0.3836012368426376
49.6077331	0.83	-15.446427122888236	-0.6178570849155295
49.6077331	0.7	-8.239981869709705	-0.32959927478838824
49.6075771	0.86	-5.128063170587733	-0.20512252682350934
49.6077331	0.86	-21.04160944139077	-0.8416643776556307
4.19449687	0.56	-9.554306375483877	-0.3821722550193551
4.19449651	0.52	-3.0891448256101164	-0.12356579302440465
4.19449687	0.53	-7.564997145699071	-0.3025998858279628
4.19450074	0.53	-11.497533853743924	-0.45990135414975697
1.97034246	0.95	-5.173404959287053	-0.20693619837148214
1.9703402	0.77	-1.4166402441629293	-0.056665609766517175
1.97034246	0.95	-17.83044384333298	-0.7132177537333192
1.9703213	0.68	-6.5375438889797	-0.261501755559188
1.9703402	0.95	-13.607843486380816	-0.5443137394552326
1.97034246	0.8	-8.050975869589378	-0.3220390347835751
1.97034447	0.77	-9.93868436714776	-0.3975473746859104
5.0582132	0.95	-1.2748672416343183	-0.05099468966537273
5.0582132	0.95	-3.8419756104339413	-0.15367902441735765
105.9577	0.84	-4.5072279154226145	-0.18028911661690458
105.9567331	0.82	-3.404567218435158	-0.13618268873740633
105.95661992	0.82	-3.9196767054384396	-0.1567870682175376
105.9564148	0.89	-6.655304262290077	-0.26621217049160306
105.9566815	0.82	-1.5730175264148845	-0.06292070105659538
105.9564148	0.89	-7.522055410249749	-0.30088221640998997
26.85328322	0.79	-4.892381289725213	-0.19569525158900852
26.85328322	0.87	-21.359309656811813	-0.8543723862724726
26.85330872	0.88	-5.2316630819742596	-0.20926652327897038
26.85323647	0.88	-15.180468181307521	-0.6072187272523009
26.85328322	0.79	-15.30136479598643	-0.6120545918394572
26.85328322	0.79	-8.83088893945651	-0.3532355575782604
26.85338785	0.88	-8.108235513208484	-0.32432942052833935
49.6220669	1.1	-15.876342863490837	-0.6350537145396336
49.62473	1.12	-5.657681064956629	-0.22630724259826515
49.6221509	1.07	-4.725930579769477	-0.1890372231907791
8.08801663	0.88	-3.4086070183056916	-0.13634428073222768
8.08801663	0.87	-22.510711029544243	-0.9004284411817698
8.08801581	0.88	-6.4090478959367045	-0.2563619158374682
8.0880135	0.87	-2.8248548294207882	-0.11299419317683153
8.088034	0.81	-15.081514997139553	-0.6032605998855821
8.088014	0.88	-13.152104840062911	-0.5260841936025165
1.54167655	0.97	-19.401196223205645	-0.7760478489282258
1.54167663	0.99	-16.45907739513865	-0.658363095805546
1.54167548	0.97	-13.615758112000023	-0.5446303244800009
1.54167663	1.0	-1.0919476518191766	-0.043677906072767066
1.54167663	0.99	-15.447451931799305	-0.6178980772719722
1.54168	0.99	-1.5090683635087583	-0.060362734540350335
1.54167663	0.96	-8.219958630699754	-0.3287983452279902
1.54167655	0.94	-3.0380940819055597	-0.1215237632762224
1.5416829	0.99	-12.327834550131563	-0.4931133820052625
11.55102554	1.04	-5.958439330517969	-0.23833757322071875
11.55103848	1.04	-15.87320160575827	-0.6349280642303308
11.55102504	0.92	-1.2067092888307478	-0.04826837155322991
4.46975464	1.0	-2.0924993000779226	-0.08369997200311691
4.46976719	1.0	-11.38406670588456	-0.4553626682353824
4.46975774	0.98	-2.989157670283898	-0.11956630681135591
4.46975774	1.02	-0.3294354711979417	-0.013177418847917668
15.77382794	1.15	-7.881283081363916	-0.3152513232545567
15.77378	1.01	-2.1625772038495965	-0.08650308815398386
15.77374495	1.33	-9.702875553094191	-0.3881150221237677
15.77382794	1.33	-16.802951354979964	-0.6721180541991986
15.7738221	1.11	-5.528040777507799	-0.22112163110031197
15.77380147	1.33	-11.724753156122754	-0.46899012624491015
60.0853848	1.15	-24.136040637617903	-0.9654416255047161
60.0855082	1.06	-1.6848254453789673	-0.06739301781515869
60.0855082	1.13	-1.0284512855203323	-0.04113805142081329
60.08556	1.1	-11.229114868665773	-0.44916459474663095
60.0855082	1.06	-8.526239858155527	-0.3410495943262211
43.0342272	0.95	-1.2450909877791907	-0.049803639511167626
43.0343364	0.99	-11.647174246305351	-0.46588696985221406
43.0342272	0.96	-13.381436422316458	-0.5352574568926584
43.0343364	0.91	-0.23717716629071028	-0.009487086651628411
116.33097888	0.95	-18.308638131484276	-0.732345525259371
116.33223	0.9	-18.0336398902859	-0.7213455956114361
116.331901	0.98	-6.678777974689357	-0.26715111898757427
116.331901	0.98	-5.915813583126779	-0.23663254332507117
56.43500854	0.97	-5.355604670987092	-0.2142241868394837
56.4349938	0.96	-0.495975941938243	-0.01983903767752972
56.4349938	0.98	-1.117942522696663	-0.044717700907866524
56.435	0.95	-19.486972990725242	-0.7794789196290097
56.4349938	1.03	-11.107398270867163	-0.44429593083468655
105.3033148	1.05	-11.9628058181167	-0.478512232724668
105.3033148	0.97	-3.2336912136820395	-0.1293476485472816
105.3033148	1.05	-1.6125316724169518	-0.06450126689667808
105.3032347	1.01	-10.223123222533157	-0.4089249289013263
17.76080053	0.56	-5.163931303933667	-0.2065572521573467
17.76076524	0.62	-14.006727441054945	-0.5602690976421978
17.76076524	0.54	-13.638738416477892	-0.5455495366591157
17.76080053	0.55	-8.159849079225587	-0.3263939631690235
17.760669	0.56	-15.12666938150009	-0.6050667752600036
7.96431535	0.83	-1.683740127570692	-0.06734960510282768
7.96431492	0.82	-3.036658680224786	-0.12146634720899144
7.96431492	0.83	-0.4245412688763306	-0.016981650755053226
7.96431535	0.83	-3.0981853740667376	-0.1239274149626695
7.96432425	0.82	-2.4812407798485108	-0.09924963119394044
7.96431535	0.82	-13.01040129563704	-0.5204160518254816
4.60357804	0.82	-2.1296685819991943	-0.08518674327996777
4.60357804	0.82	-0.1403264291177322	-0.005613057164709287
4.60357804	0.75	-12.978332888064298	-0.5191333155225719
4.60358	0.79	-20.128172082791675	-0.805126883311667
4.60357337	0.77	-7.832848615213116	-0.31331394460852463
4.6035613	0.79	-10.947401731304396	-0.43789606925217583
4.60357804	0.75	-10.37119637684891	-0.41484785507395644
4.60357531	0.77	-8.700827753300542	-0.3480331101320217
9.91724268	0.97	-23.279181665250498	-0.9311672666100199
9.91723428	0.96	-16.24972734135309	-0.6499890936541236
9.91724268	0.93	-1.4849106303055544	-0.05939642521222217
9.917215	1.01	-14.285377192564734	-0.5714150877025894
9.91723428	1.05	-6.897394970235921	-0.2758957988094369
0.53835431	0.96	-13.235128708598507	-0.5294051483439403
0.53835431	0.96	-3.6748099896617212	-0.14699239958646884
0.53835431	0.96	-15.642823148439689	-0.6257129259375875
0.53834791	0.97	-16.801791905151603	-0.6720716762060641
82.5342519	0.64	-10.662800243081403	-0.42651200972325615
82.5342519	0.56	-6.696276859335217	-0.2678510743734087
82.5341188	0.58	-8.863105369614043	-0.35452421478456175
82.5341188	0.69	-6.680484288226368	-0.26721937152905473
20.16034462	0.78	-23.611329912761477	-0.9444531965104591
20.16037858	0.82	-9.120510214000369	-0.36482040856001474
20.1603454	0.77	-0.6448094977384851	-0.025792379909539403
20.16037858	0.77	-1.9443775333507232	-0.07777510133402893
20.16034462	0.94	-6.205772389141778	-0.24823089556567113
20.16034462	0.8	-4.383462257409759	-0.17533849029639037
22.08548072	0.57	-3.1101509036298465	-0.12440603614519387
22.08557563	0.43	-0.41057016839319016	-0.016422806735727605
22.08551599	0.6	-5.570213149758022	-0.2228085259903209
22.08555894	0.57	-8.023379136480157	-0.3209351654592063
1.15116651	0.56	-2.2944010386975613	-0.09177604154790245
1.15116651	0.54	-9.975735284546062	-0.39902941138184245
1.15116651	0.54	-10.57871275935095	-0.423148510374038
1.15116678	0.59	-0.915488202527873	-0.03661952810111492
1.1511671	0.55	-7.5513837595948266	-0.30205535038379305
1.15116678	0.56	-9.612534927551287	-0.3845013971020515
1.15116611	0.59	-7.595616639867953	-0.3038246655947181
1.15116661	0.59	-23.61505211353611	-0.9446020845414443
28.26737506	0.88	-11.05584105716398	-0.4422336422865592
28.26681	0.78	-20.108856389358316	-0.8043542555743326
28.26731672	0.74	-11.504943993242765	-0.4601977597297106
28.26727385	0.88	-0.6457255678286871	-0.025829022713147482
28.26731672	0.74	-20.596833267708817	-0.8238733307083527
28.26758203	0.88	-12.805759886072563	-0.5122303954429025
3.77059058	0.92	-2.6354816265724894	-0.10541926506289957
3.77057431	1.05	-14.47845552954595	-0.579138221181838
3.77059058	1.09	-10.264090841561613	-0.4105636336624645
3.77059058	0.92	-12.656165935284847	-0.5062466374113939
3.77059065	1.05	-14.845968405091046	-0.5938387362036418
2.70730672	1.01	-8.787714854461269	-0.35150859417845076
2.7073064	1.18	-3.6689322673596863	-0.14675729069438745
2.7073064	1.13	-7.046131029216059	-0.28184524116864235
2.70730672	1.01	-9.3701479207488	-0.37480591682995196
2.70729	1.12	-6.566236639733497	-0.2626494655893399
5.65378367	1.05	-6.988203474868341	-0.2795281389947336
5.65377733	1.02	-9.653913705301871	-0.38615654821207485
5.65377733	1.12	-9.737941039580628	-0.3895176415832251
5.65377733	1.02	-8.50192799801879	-0.34007711992075157
5.99185827	1.17	-11.698287978799565	-0.4679315191519826
5.991849	1.33	-8.606609605681228	-0.34426438422724914
5.99185702	1.23	-15.002152774896395	-0.6000861109958558
5.99185702	1.06	-11.898145160107317	-0.4759258064042927
5.99185827	1.15	-10.129187837127635	-0.4051675134851054
5.99187235	1.15	-20.47963687034483	-0.8191854748137932
5.99185702	1.06	-14.871187132246929	-0.5948474852898772
1.4015	0.62	-0.5320601650899854	-0.021282406603599417
1.4015272	0.62	-4.814785278830164	-0.19259141115320655
8.781	0.21	-21.421837173683414	-0.8568734869473366
2.2531154	0.31	-6.198793441257134	-0.24795173765028536
2.2531	0.31	-7.180871758204509	-0.28723487032818035
2.2531136	0.27	-14.35531933054551	-0.5742127732218204
3.6906716	0.31	-11.360540473104034	-0.4544216189241614
3.6906745	0.31	-6.879178610250219	-0.2751671444100088
3.6904	0.31	-19.056295096724952	-0.762251803868998
7.4512	0.31	-11.21209285838703	-0.4484837143354812
12.796	0.27	-10.992901757232609	-0.4397160702893044
24.73723	0.18	-11.067624649905492	-0.44270498599621966
3.77792	0.19	-4.192918405801619	-0.16771673623206476
3.7779329	0.18	-4.902177246990023	-0.19608708987960094
0.8602322	0.34	-5.2116839936794594	-0.2084673597471784
0.8602325	0.34	-7.642535136613665	-0.3057014054645466
3.694247	0.34	-4.052349379654086	-0.16209397518616345
3.694284	0.34	-3.609061153391611	-0.14436244613566446
4.9652229	0.34	-0.7914498145480997	-0.03165799258192399
3.8142907	0.5	-2.4267679629586922	-0.0970707185183477
3.71778	0.11	-26.192044056759524	-1.047681762270381
0.46292964	0.15	-6.298984312639739	-0.2519593725055896
0.46292913	0.15	-6.0043092684674475	-0.2401723707386979
2.029101	0.27	-6.314312253807709	-0.25257249015230837
4.052034	0.59	-0.22286879912957547	-0.008914751965183019
4.052037	0.59	-18.7666899943695	-0.75066759977478
4.0520345	0.59	-6.523356168467618	-0.26093424673870474
0.9479981	0.14	-17.201978589692125	-0.688079143587685
0.948005	0.14	-10.60449941736357	-0.4241799766945428
4.9899093	0.14	-7.442176613021954	-0.2976870645208782
4.989963	0.14	-9.894193813909371	-0.39576775255637486
2.753436	0.14	-0.6733116471212754	-0.026932465884851018
2.7299025	0.12	-0.7872481124224875	-0.0314899244968995
14.4399	0.43	-4.899810152135318	-0.19599240608541274
5.35882	0.26	-4.496305605119215	-0.1798522242047686
5.35876	0.26	-4.8391205548919185	-0.19356482219567675
3.1239035	0.26	-14.223876373088324	-0.5689550549235329
0.76837931	0.38	-15.41056874673894	-0.6164227498695576
0.768448	0.4	-4.630696954713521	-0.18522787818854083
0.768377	0.38	-7.380532635547325	-0.295221305421893
12.252196	0.38	-8.496938547606156	-0.33987754190424624
12.252131	0.38	-10.899605396830923	-0.43598421587323694
12.2519	0.4	-2.6525466329375167	-0.10610186531750067
0.792052	0.77	-0.20757473713983798	-0.008302989485593519
0.79206425	0.77	-13.730516565922297	-0.549220662636892
0.7920641	1.02	-14.849394988857323	-0.5939757995542929
10001.0	0.03	-17.44251728524691	-0.6977006914098765
9697.0	0.03	-3.8774804826948728	-0.1550992193077949
3.91405	0.87	-5.3146268236461385	-0.21258507294584555
2.8240759	1.75	-20.215582354863333	-0.8086232941945334
2.82406	1.75	-3.1172945512869825	-0.12469178205147931
2800.0	0.56	-1.2757654588604876	-0.05103061835441951
2800.0	0.56	-14.391095444937134	-0.5756438177974854
550.0	0.43	-0.27338728870445994	-0.010935491548178397
550.0	0.43	-0.16541198484282638	-0.006616479393713055
77.48	1.26	-13.250381719770761	-0.5300152687908305
120.951	1.35	-21.785308989543665	-0.8714123595817467
511.21	1.37	-15.22228195101909	-0.6088912780407636
6.959	1.01	-15.649485544703222	-0.6259794217881288
5.118	0.96	-8.71613376343816	-0.3486453505375264
5.118	0.96	-7.444139813136274	-0.29776559252545093
2.647298	0.62	-6.201267881820106	-0.24805071527280426
2.6473068	0.62	-2.4830068976287762	-0.09932027590515105
0.7668944	0.7	-29.048427546119598	-1.161937101844784
7.532806	1.02	-4.302372040245455	-0.1720948816098182
4.119027	1.3	-1.2565874251419125	-0.0502634970056765
3.27623	0.99	-5.794213898001875	-0.231768555920075
4.84532	1.0	-10.743666268175357	-0.4297466507270143
3.24253	1.02	-4.851306199097509	-0.1940522479639004
3.05125	1.0	-1.7124831496033992	-0.06849932598413597
4.511164	1.64	-4.511355320298492	-0.18045421281193968
4.511123	1.64	-2.0932885839885293	-0.08373154335954118
4.0764326	1.01	-1.3417055336388946	-0.05366822134555578
2.823093	0.91	-3.640461902067936	-0.14561847608271744
98.29838	0.94	-17.58158715497132	-0.7032634861988528
2.827972	1.6	-8.148097680050082	-0.32592390720200326
1.3373508	0.75	-0.45669805095768146	-0.01826792203830726
1.3373505	0.75	-1.400780910688848	-0.05603123642755392
3.3569866	0.66	-11.462991899390405	-0.4585196759756162
0.882059	0.77	-18.27458977814723	-0.7309835911258893
4.43527	1.34	-8.933914807652593	-0.3573565923061037
5660.0	0.54	-4.427062284851408	-0.1770824913940563
2830.0	0.54	-15.656892436099522	-0.6262756974439809
3225.0	0.42	-3.0683998713122085	-0.12273599485248834
2900.0	0.46	-5.503932491849438	-0.22015729967397754
1788.5	0.51	-5.951657332018208	-0.2380662932807283
2557.0	0.41	-16.50806305271987	-0.6603225221087948
1220.0	0.88	-4.062145110528979	-0.16248580442115917
5480.0	1.0	-3.44458171706147	-0.1377832686824588
3140.0	1.0	-18.04418127366655	-0.7217672509466619
3.10129	1.1	-5.974552187769602	-0.23898208751078406
3.101278	1.28	-3.097157157837988	-0.12388628631351953
4.0161	0.85	-3.0266469906306086	-0.12106587962522435
4.0161	0.82	-9.779802193344588	-0.39119208773378356
4.0144479	0.83	-5.328108786559849	-0.21312435146239395
4.0144479	0.81	-10.62953809895367	-0.42518152395814685
1.43247425	0.76	-5.988531787000877	-0.2395412714800351
1.43247506	0.73	-16.895348665686065	-0.6758139466274427
1.689857	1.35	-5.521529996689544	-0.2208611998675818
1.68965	1.34	-15.462532561457767	-0.6185013024583107
3.9791	1.14	-12.603769171099312	-0.5041507668439725
3.9791	1.19	-3.0058404437485327	-0.1202336177499413
3.67724	1.31	-12.48848457829515	-0.499539383131806
1.21191096	1.34	-9.950543110038254	-0.39802172440153016
1.211909	1.23	-2.5032127534432638	-0.10012851013773055
1.211909	1.17	-4.28425803363344	-0.1713703213453376
2.4855335	1.52	-37.09486049348081	-1.4837944197392323
7300000.0	0.02	-4.30135039221811	-0.1720540156887244
138.317	1.53	-1.2235270821490887	-0.04894108328596355
282.52542	0.97	-13.623735234327224	-0.544949409373089
282.5254856	1.01	-22.593615862753868	-0.9037446345101547
282.5254856	1.01	-4.919352074737165	-0.1967740829894866
282.5255	0.94	-2.8656125311229648	-0.11462450124491859
282.5254368	1.05	-7.00917339094128	-0.2803669356376512
282.525517	1.05	-10.555011935242327	-0.4222004774096931
282.525	0.94	-16.165614766934265	-0.6466245906773707
282.5254595	1.05	-11.433658363265035	-0.4573463345306014
282.5253558	0.97	-16.894097197578102	-0.6757638879031241
3.1606296	0.69	-3.3773544554346806	-0.13509417821738723
10140.0	1.44	-9.72994275100438	-0.3891977100401752
25.262	1.4	-6.601271154748713	-0.2640508461899485
66.5419	1.4	-8.10203752323748	-0.32408150092949917
98.2114	1.4	-0.45742824914797664	-0.018297129965919066
4.4264	1.23	-29.270399945475067	-1.1708159978190027
2.1451	0.95	-9.764338288706208	-0.3905735315482483
4850.0	0.94	-1.9407089010308243	-0.07762835604123297
1.42002406	0.8	-2.3629466364221177	-0.0945178654568847
1.42002433	0.85	-5.428343474244685	-0.2171337389697874
1.42002586	0.82	-3.1376873231334166	-0.12550749292533667
1.42002504	0.85	-2.1896467845475875	-0.0875858713819035
1.420033	0.85	-14.679490951640673	-0.5871796380656269
1.42002461	0.85	-1.2375461208868255	-0.04950184483547302
1.4200242	0.84	-7.150946355858013	-0.2860378542343205
1.6453196	1.16	-9.89073537523015	-0.395629415009206
1.64532652	1.16	-5.003020438951788	-0.20012081755807154
1.33711677	0.73	-0.46559432134703904	-0.018623772853881563
1.33711647	0.74	-1.640358832326824	-0.06561435329307296
1.33711656	0.74	-21.104334831387714	-0.8441733932555086
1.33711655	0.74	-11.196784985556722	-0.4478713994222689
1.337	0.7	-9.506140009248751	-0.3802456003699501
1.33711716	0.74	-2.2439374420410347	-0.08975749768164139
1.33711647	0.74	-12.05185244885967	-0.48207409795438677
2.50789979	1.15	-5.098418960524118	-0.2039367584209647
1.80536403	0.9	-12.071261223863779	-0.48285044895455115
1.8053564	0.9	-30.627471610763298	-1.2250988644305318
1.8053704	0.85	-16.729781656825942	-0.6691912662730377
2.87929997	1.13	-5.337250932788637	-0.21349003731154548
2.8793105	0.99	-13.050307486855427	-0.5220122994742171
3.506195	0.82	-5.230132439124254	-0.20920529756497014
2.03202332	1.41	-24.771859778041367	-0.9908743911216548
2.032046	1.41	-6.362309711140972	-0.2544923884456389
3.71495	1.03	-6.530720054250413	-0.26122880217001654
3.7146458	1.03	-3.1029085529702995	-0.12411634211881198
10.77	0.18	-1.467711790817954	-0.05870847163271816
0.71912603	0.1	-10.264260069125658	-0.4105704027650263
10.79	1.04	-3.267180491626423	-0.13068721966505692
23.624	1.03	-21.24663579237195	-0.849865431694878
1010.0	1.03	-12.89243991589193	-0.5156975966356773
188.835	1.24	-11.470568692534759	-0.45882274770139037
151.2	1.24	-17.179503113307362	-0.6871801245322945
165.7719	1.27	-16.34692681478837	-0.6538770725915349
3.660028	1.32	-13.54618268552997	-0.5418473074211988
4.21285367	1.17	-12.882349060590393	-0.5152939624236157
69.048	1.01	-12.513623570778943	-0.5005449428311577
7.972	0.94	-12.628552417583734	-0.5051420967033493
6.443868	0.75	-12.573006211160344	-0.5029202484464138
0.6047328	0.6	-5.597970934176625	-0.223918837367065
4.077039	0.68	-17.45369736802449	-0.6981478947209796
8.350231	0.71	-15.532077397147448	-0.6212830958858979
8.02773	1.12	-16.793084961083338	-0.6717233984433335
8.0277283	1.16	-8.59418195994552	-0.3437672783978208
4.17278	1.02	-13.784044299742899	-0.5513617719897159
4.1727	1.02	-8.007782565027673	-0.32031130260110696
4.17278	1.04	-15.47206559889453	-0.6188826239557812
6.25725	1.02	-2.349279790307221	-0.09397119161228884
6.2569	1.04	-2.640940443304259	-0.10563761773217037
6.2574	1.02	-2.433906784480662	-0.09735627137922649
12.51937	1.02	-6.794220373600088	-0.2717688149440035
18.801	1.02	-16.333696879817374	-0.653347875192695
18.7992	1.02	-9.490057559844175	-0.379602302393767
26.317822	1.04	-23.972988960351074	-0.958919558414043
26.3162	1.02	-0.5579936927345457	-0.02231974770938183
39.545	1.02	-1.7638064949859875	-0.0705522597994395
39.5387	1.02	-10.043292949819296	-0.40173171799277185
7.06456	0.94	-19.30654762703388	-0.7722619050813552
8.953458	0.84	-2.7040405991537018	-0.10816162396614808
9.68676038	0.75	-18.291786593221268	-0.7316714637288507
9.686753	0.78	-16.699322680351194	-0.6679729072140478
2.103189	1.47	-5.827919962984064	-0.23311679851936254
2.10319365	1.46	-3.9836815938571606	-0.15934726375428643
5.748432	0.73	-22.79018115668786	-0.9116072462675144
5.7484338	0.71	-10.200420050684924	-0.408016802027397
2.310644	1.01	-8.390827126949882	-0.3356330850779953
2.3106446	0.98	-5.150485725520607	-0.2060194290208243
2.4919863	0.51	-17.08970284650962	-0.6835881138603849
2.4919726	0.51	-1.287209069095101	-0.051488362763804044
5.0780295	0.31	-3.0774958738315292	-0.12309983495326117
5.07803	0.31	-17.129339266188527	-0.6851735706475411
91.68278	0.93	-1.3203127572537898	-0.0528125102901516
17.945466	0.4	-8.965959080699822	-0.35863836322799286
27.36397	0.17	-9.630561799514094	-0.38522247198056375
3.444717	0.63	-2.66715042413095	-0.106686016965238
3.444729	0.64	-3.405273537835231	-0.13621094151340923
3.44473	0.64	-1.0111255359921638	-0.040445021439686556
6.40031648	0.73	-21.39704551977217	-0.8558818207908868
4.30744	0.87	-5.5083566323640065	-0.22033426529456027
37.9216	0.87	-3.4670249615309547	-0.1386809984612382
37.92548	0.89	-17.46650379892175	-0.69866015195687
4.3601561	0.9	-2.8805621606573837	-0.11522248642629535
4.65382	0.87	-2.394070886674089	-0.09576283546696356
9.154545	0.87	-23.482348423334674	-0.939293936933387
9.15059	0.86	-8.362608242196156	-0.33450432968784627
3.4779791	0.74	-4.088593453713823	-0.16354373814855294
7.49325	0.66	-4.698950479437138	-0.18795801917748553
7.493134	0.68	-23.96274227397606	-0.9585096909590424
10.894841	0.43	-10.761418821471397	-0.4304567528588559
10.894879	0.44	-3.525402932156547	-0.1410161172862619
18.80151	0.45	-0.3854890194315177	-0.015419560777260708
8.157728	0.9	-2.152320906860221	-0.08609283627440885
8.157728	0.9	-1.7006567105314276	-0.06802626842125711
8.157728	0.9	-5.947812127882244	-0.23791248511528978
8.6811	0.88	-14.045999872033079	-0.5618399948813232
8.689	0.85	-10.101518498023273	-0.40406073992093094
4.631296	1.06	-3.4508841312016756	-0.13803536524806703
2.69998	1.46	-3.5684849570919135	-0.14273939828367654
2.699835	0.89	-14.229652802062008	-0.5691861120824803
416.0	0.96	-5.61053903457589	-0.2244215613830356
443.0	0.89	-3.732443471856359	-0.14929773887425435
3.915292	1.16	-9.959178842049212	-0.3983671536819685
159.9	1.16	-6.817031291015761	-0.27268125164063045
3.1968838	1.38	-15.383053764076106	-0.6153221505630443
3.9443736	1.16	-11.701210295285193	-0.4680484118114077
4.537143	1.22	-3.8076422203614064	-0.15230568881445625
6.09640721	0.77	-4.726703791611359	-0.18906815166445437
2.1097019	0.97	-11.844780092526094	-0.4737912037010438
4.720219	1.46	-11.422554330900555	-0.4569021732360222
95.4001	1.09	-2.294017980345817	-0.09176071921383269
95.174	1.13	-13.68535543820203	-0.5474142175280813
215.79	1.09	-8.524180453153075	-0.340967218126123
4.841962	0.91	-5.360524664805111	-0.21442098659220446
4.424711	1.33	-1.3057346337920597	-0.05222938535168239
4.42587	1.31	-0.34185923394778817	-0.013674369357911527
2.1664	1.31	-10.814837633315804	-0.4325935053326322
47.56	0.79	-8.950815773456355	-0.3580326309382542
1.21687	0.79	-6.546552381968919	-0.26186209527875676
1.216835	0.72	-0.8534174122360052	-0.03413669648944021
6.9561063	0.99	-2.3010016501309964	-0.09204006600523985
12.9972	0.98	-3.9196052866093405	-0.15678421146437363
0.4702743	0.95	-5.225807091522393	-0.2090322836608957
5.0688	0.48	-2.534952676603325	-0.101398107064133
11.06201	0.25	-14.012775446675612	-0.5605110178670245
5.97199	0.45	-1.8194408035546465	-0.07277763214218587
15.532482	0.34	-1.8094453448159982	-0.07237781379263993
10.1803074	0.95	-19.564321459136146	-0.7825728583654459
10.180249	0.95	-1.716527013112147	-0.06866108052448588
5.857487	1.35	-4.436673165952259	-0.17746692663809036
5.857342	1.25	-18.2618690843106	-0.730474763372424
5.8574204	1.25	-30.44683782897797	-1.2178735131591187
2.056014	1.14	-1.9586984386651354	-0.07834793754660542
1.9026144	1.79	-9.876879080649832	-0.3950751632259933
2.08453882	0.95	-2.629942736118781	-0.10519770944475124
5.331751	1.52	-9.156294886917122	-0.3662517954766849
4.231306	1.44	-7.056518865637173	-0.28226075462548694
0.9893455	0.45	-0.3514206603035328	-0.014056826412141312
0.9893436	0.45	-11.699071683118362	-0.46796286732473447
0.989343	0.5	-4.38866032459815	-0.175546412983926
500.0	0.99	-7.63059650267684	-0.30522386010707364
2.6800535	0.99	-5.746503378870067	-0.22986013515480266
10.98462	1.21	-0.45610970042014376	-0.01824438801680575
40.74976	1.21	-21.663845405796792	-0.8665538162318717
4.8026345	0.18	-7.522021691453047	-0.3008808676581219
3.0575356	0.69	-4.284403922887123	-0.17137615691548494
0.6691403	0.49	-18.717349139736434	-0.7486939655894574
0.66913924	0.45	-9.20090087491726	-0.3680360349966904
0.6691406	0.49	-6.349443169909494	-0.25397772679637975
2.2554454	1.15	-3.3061831940235265	-0.13224732776094106
16.7369	0.96	-0.46572278034986825	-0.01862891121399473
16.73688893	1.03	-14.369996350071279	-0.5747998540028512
1.7666957	0.49	-13.147182973173669	-0.5258873189269467
3.770107	0.85	-1.153816471851579	-0.04615265887406316
3.77015	0.84	-5.144150451681071	-0.20576601806724285
3.770179	0.84	-2.3918917866221134	-0.09567567146488454
393.1	0.85	-11.216917790381176	-0.448676711615247
3.1342791	0.51	-9.305580214160887	-0.3722232085664355
2.500311	0.26	-8.19223204383421	-0.3276892817533684
24.283429	0.98	-15.5885584189367	-0.623542336757468
24.283377	1.03	-8.466498616633494	-0.3386599446653398
24.283382	0.99	-4.9025114834653145	-0.1961004593386126
8.08237655	1.07	-1.762958214965951	-0.07051832859863805
13.72701264	1.04	-10.510772829859764	-0.4204309131943906
3.49151	0.65	-11.862613366351646	-0.47450453465406583
3.491516	0.65	-17.120513874652502	-0.6848205549861001
3.491405	0.65	-8.361230019788785	-0.3344492007915514
7.073088	1.08	-6.298406349493172	-0.2519362539797269
7.073076	1.04	-4.1212391033570395	-0.1648495641342816
571.3	1.06	-16.855992876603462	-0.6742397150641385
571.25	1.04	-5.2254615042445245	-0.20901846016978098
8.303342	0.79	-11.513353073093093	-0.4605341229237237
21.269084	1.09	-4.968028951399461	-0.19872115805597845
22.34170293	1.18	-14.15485672214534	-0.5661942688858136
4.4929	0.58	-22.752556043332252	-0.9101022417332901
9.0497	0.58	-0.1619386250831738	-0.006477545003326952
37.46849	0.9	-10.594729498488961	-0.42378917993955845
5.3846104	0.95	-1.0825893910802415	-0.04330357564320966
20.705127	0.83	-16.796772195997782	-0.6718708878399113
7.33770365	1.1	-7.030008738313563	-0.2812003495325425
8.05424687	0.99	-7.496381975261918	-0.2998552790104767
2.799868	0.92	-8.476151315391924	-0.33904605261567694
14.65011197	1.06	-1.061518943340786	-0.042460757733631435
1.914558	0.65	-16.637052814636952	-0.6654821125854781
6.5577	0.65	-7.36647324849937	-0.2946589299399748
9.961881	0.65	-1.0976062321595084	-0.043904249286380335
15.231915	0.65	-1.5402936763284776	-0.061611747053139106
20.7095	0.65	-16.444123916925882	-0.6577649566770353
4.98764103	0.68	-4.953011242176382	-0.19812044968705528
1.82902423	0.68	-7.461451096263991	-0.29845804385055963
8.765528	0.97	-8.114947568860991	-0.32459790275443967
0.4378146	0.85	-7.603224791118734	-0.3041289916447494
0.4378109	0.86	-1.168398627876817	-0.04673594511507268
7.085738	0.94	-1.3318826395386951	-0.053275305581547805
7.09457086	1.01	-5.498135126420074	-0.21992540505680297
10.643985	0.51	-10.747841243732896	-0.42991364974931584
10.64387	0.56	-0.6896193500075314	-0.027584774000301255
15.1454693	0.39	-7.139664478689433	-0.2855865791475773
0.549372	0.75	-7.5676705827917585	-0.30270682331167037
3.7130765	0.82	-10.121591326156336	-0.40486365304625344
4.860674	1.04	-4.583326931238434	-0.18333307724953737
22.808533	0.88	-12.005530352268677	-0.4802212140907471
20.38084	1.23	-16.904804215330355	-0.6761921686132142
1.7727471	1.25	-3.9474693206820746	-0.15789877282728298
9.574	1.45	-15.994675965762697	-0.6397870386305079
1.2436258	0.84	-5.892392397617914	-0.23569569590471656
1.36414864	0.99	-9.618072947402556	-0.38472291789610225
63.48347	1.29	-4.2194822864419645	-0.1687792914576786
1.0662107	0.99	-3.244320678293882	-0.12977282713175528
45.52234	1.25	-1.591520491070392	-0.06366081964281568
29.02	0.63	-12.168471491998819	-0.4867388596799528
273.69	0.94	-1.67697001651881	-0.0670788006607524
3.09833	1.08	-5.3011643853515595	-0.21204657541406238
3.348968	0.34	-16.86900396319456	-0.6747601585277825
7.435583	0.57	-3.7551077360468614	-0.15020430944187446
8.872078	1.32	-8.206061598502203	-0.3282424639400881
8.8720982	1.2	-4.957132885717061	-0.19828531542868244
1.4971842	1.13	-10.53360689334895	-0.421344275733958
13.79019	0.83	-7.632688900618127	-0.3053075560247251
0.7363104	0.35	-17.60511924303474	-0.7042047697213896
10.35566	0.85	-12.047802239363381	-0.4819120895745353
10.355489	0.85	-10.976332031744544	-0.43905328126978177
10.355096	0.86	-0.5219084320233596	-0.02087633728093438
21.015327	0.86	-17.069762524273095	-0.6827905009709239
10.50534	0.54	-0.6793639364183934	-0.027174557456735738
6.0784247	0.45	-8.968254495013753	-0.3587301798005501
124.72997	0.9	-13.855808792129686	-0.5542323516851875
17.66484	0.44	-8.215801001976605	-0.3286320400790642
28.17232	0.44	-15.044456273093541	-0.6017782509237416
28.1722	0.47	-15.590259383988787	-0.6236103753595515
6.38784	0.23	-11.80108361648945	-0.472043344659578
2.4545467	0.96	-12.624340012492175	-0.504973600499687
0.67247414	1.45	-15.430551654636025	-0.617222066185441
5.7998164	0.21	-9.023640223437187	-0.3609456089374875
16.34136	1.03	-5.706071045226334	-0.22824284180905338
9.2292005	0.74	-8.278623480771163	-0.33114493923084654
95.5	0.74	-4.776627233471754	-0.19106508933887018
10.26075	1.72	-10.68558820264168	-0.42742352810566725
10.261127	1.72	-11.653020902573598	-0.4661208361029439
3.8240801	1.23	-15.15742746285034	-0.6062970985140136
8.60077	1.12	-11.6911955990959	-0.46764782396383603
34.525528	0.77	-6.473115868780297	-0.2589246347512119
17.16073	0.77	-3.366095606443154	-0.13464382425772617
6.90683	1.53	-14.015818905722247	-0.5606327562288899
2.1225735	1.08	-1.2057420895070783	-0.04822968358028313
15.337597	0.74	-10.830764931215505	-0.43323059724862023
1.1947268	1.03	-2.9904619247779145	-0.11961847699111658
11.9101	0.82	-0.9496740515551634	-0.03798696206220654
24.6744	0.82	-0.40521539099364867	-0.016208615639745946
35.189346	0.33	-0.14437602727779142	-0.005775041091111657
2.326318	0.23	-9.827786674277206	-0.39311146697108823
2.99432	1.32	-19.967277767333265	-0.7986911106933307
22.65398	0.99	-26.66787282017907	-1.066714912807163
4.0197517	0.95	-2.462629093735582	-0.0985051637494233
13.33668	1.04	-5.848316784367058	-0.23393267137468232
5.4693827	0.65	-7.8634892584555764	-0.31453957033822305
2.13570304	0.64	-13.159419852967382	-0.5263767941186953
3.0766896	0.16	-2.320955125519169	-0.09283820502076676
3.0766891	0.17	-3.6502318090110277	-0.14600927236044112
0.7826942	0.65	-8.599326827544925	-0.343973073101797
1.3060011	0.64	-4.910453860956298	-0.19641815443825192
7.39726	0.42	-13.42537199144028	-0.5370148796576112
15.669494	0.66	-4.569342462040316	-0.18277369848161265
0.3711281	0.25	-7.80560020292951	-0.3122240081171804
19.104718	0.66	-1.8941053267628445	-0.07576421307051379
11.23479	1.16	-7.729646347912648	-0.30918585391650594
3.738252	1.12	-0.4651208798713593	-0.018604835194854372
4.93777	1.04	-9.630083224501057	-0.3852033289800423
7.18585	1.01	-15.982749331869895	-0.6393099732747958
23.2856	0.85	-5.224787842036388	-0.20899151368145552
5.983944	1.13	-1.8037410844585477	-0.07214964337834191
18.38818	1.41	-10.414536117921516	-0.41658144471686065
4.5207265	1.22	-1.2173424125727395	-0.04869369650290958
5.45664	1.15	-0.837342877636071	-0.03349371510544284
13.475815	0.55	-2.6696012527912414	-0.10678405011164965
13.475853	0.62	-12.441106963178878	-0.49764427852715515
3.360156	0.4	-9.973537490159075	-0.398941499606363
5.6605746	0.4	-8.218636857169892	-0.3287454742867957
5.660172	0.4	-12.787873229474421	-0.5115149291789769
11.379568	0.4	-14.064864377670323	-0.562594575106813
2.499387	1.07	-8.785561104823419	-0.3514224441929368
1.50801	0.63	-5.20530234296264	-0.2082120937185056
4.8084983	1.06	-15.770880103975255	-0.6308352041590102
1.96229325	1.12	-10.26092293578965	-0.410436917431586
4.5117244	0.83	-16.462738991054216	-0.6585095596421686
2.3505614	0.94	-10.589775639316667	-0.4235910255726667
3.601501	1.03	-0.8066920002897036	-0.03226768001158814
3.9014971	1.12	-2.8323293224582984	-0.11329317289833193
1.926907	0.66	-8.933453035122819	-0.3573381214049127
2.59261842	0.39	-20.912029397186913	-0.8364811758874765
5.70439	1.07	-6.690463033233277	-0.26761852132933106
0.777038	0.88	-13.239095888149123	-0.529563835525965
3.6525145	1.04	-5.254989390186071	-0.21019957560744285
2.0180231	1.02	-18.21707701570138	-0.7286830806280553
4.6657965	1.33	-6.62246395721887	-0.2648985582887548
18.09547	1.45	-20.866662155477936	-0.8346664862191174
5.8768918	1.19	-9.530571620229766	-0.38122286480919065
3.119999	1.08	-5.575647999921201	-0.22302591999684804
4.417965	0.78	-8.643619590187896	-0.34574478360751587
3.9365578	0.64	-4.954086840970522	-0.1981634736388209
3.246075	1.2	-5.5847497818670435	-0.22338999127468173
2.154849	0.53	-3.6027124689431838	-0.14410849875772735
3.438753	0.64	-10.923648695918438	-0.4369459478367375
2.8989727	1.18	-0.9021131740112989	-0.03608452696045195
4.5445697	0.28	-27.231993109931814	-1.0892797243972725
4.5445828	0.3	-15.293998978075987	-0.6117599591230395
4.33454	1.14	-9.829176217738535	-0.3931670487095414
4.3345401	1.14	-6.0920760062196875	-0.2436830402487875
3.4936264	1.09	-2.7998249471171586	-0.11199299788468635
1.348335	0.88	-4.02102961395741	-0.1608411845582964
5.414654	0.88	-0.7160018234090533	-0.028640072936362133
14.70886	0.88	-14.197337037199915	-0.5678934814879967
13.175682	0.41	-5.834039570984087	-0.2333615828393635
3.1774835	1.18	-12.72261205021823	-0.5089044820087292
4.040295	1.1	-3.2533070585370227	-0.13013228234148091
9.573096	1.1	-12.456490198629533	-0.4982596079451813
3.8016122	1.31	-10.98208628741059	-0.4392834514964236
4.0664428	0.91	-26.7593488601149	-1.070373954404596
4.6174141	1.57	-1.3051099801452746	-0.052204399205810985
4.9019804	0.21	-10.158837756609204	-0.40635351026436817
3.5819232	0.63	-16.381922519699007	-0.6552769007879603
3.5819194	0.61	-6.753445665860933	-0.2701378266344373
3.5819134	0.63	-1.4479663008764097	-0.05791865203505639
5.197576	0.83	-10.485485696272702	-0.4194194278509081
16.06819	0.85	-1.9133901771824433	-0.07653560708729773
16.067541	0.83	-10.164703818298978	-0.40658815273195914
16.067531	0.85	-2.9977324865693675	-0.1199092994627747
9.151201	0.9	-11.02279731379441	-0.4409118925517764
0.490052	0.78	-10.47950400742064	-0.41918016029682564
0.490047	0.78	-10.786607855527148	-0.43146431422108594
12.46103	0.78	-19.29226196353738	-0.7716904785414953
12.4610213	0.78	-1.9212875447720945	-0.07685150179088378
2.9223	1.54	-2.9285526489204705	-0.11714210595681883
16.336334	0.33	-12.07776362542362	-0.4831105450169448
5.5382498	0.63	-5.236411765419701	-0.20945647061678807
10.688716	0.63	-2.783427413554468	-0.11133709654217873
4.378081	1.36	-19.454202915330008	-0.7781681166132003
3.25352	1.37	-8.402485102498845	-0.3360994040999538
30.08364	1.19	-2.6127068662201056	-0.10450827464880423
7.44628	0.37	-9.620250935711617	-0.3848100374284647
17.9636	0.96	-8.070741499288875	-0.322829659971555
1.8498567	1.05	-1.9366029697047753	-0.07746411878819101
2.8807198	1.06	-10.284457792151791	-0.41137831168607164
1.1589	0.45	-4.80941387794709	-0.19237655511788362
2.42614	0.89	-14.269343094538794	-0.5707737237815518
82.97213	0.89	-11.051212037120209	-0.44204848148480835
40.5634	0.89	-3.0185306957754716	-0.12074122783101887
1.858703	0.95	-4.92868696053557	-0.1971474784214228
9.192522	0.95	-7.2099531902607445	-0.28839812761042977
16.364988	0.95	-11.778964814175206	-0.47115859256700826
15.266446	0.95	-10.263619592412509	-0.4105447836965004
0.3994445	0.48	-0.9927959013402441	-0.03971183605360976
9.95581	1.31	-2.536289245844759	-0.10145156983379035
225.1064	1.19	-2.2400619830687285	-0.08960247932274915
225.11781	1.19	-5.522830516631442	-0.2209132206652577
3990.0	1.19	-21.04287523772728	-0.8417150095090912
31.034	1.34	-11.201566340388641	-0.44806265361554565
3.9812091	1.12	-8.827939503915939	-0.3531175801566376
271.9445	1.1	-5.6589924216511776	-0.2263596968660471
10.28391879	1.02	-4.541834957822676	-0.18167339831290705
12.19148	0.87	-6.652988852093211	-0.26611955408372845
6.866196	1.28	-10.726416783938069	-0.42905667135752273
10.3311562	1.14	-5.831440217227342	-0.23325760868909368
1.52275959	0.34	-12.55564463147546	-0.5022257852590184
1.5227591	0.34	-10.57589163782887	-0.4230356655131548
10.60057	1.03	-18.524071345925094	-0.7409628538370038
6.6356	0.74	-2.347988008791015	-0.0939195203516406
26.233	0.74	-14.971849588965604	-0.5988739835586242
4.240122	1.0	-0.5629191670299423	-0.022516766681197693
17.8999	1.24	-1.3081342242858547	-0.05232536897143419
20.33003	1.24	-12.380983680484325	-0.495239347219373
1.2652328	0.37	-5.2760419770317295	-0.2110416790812692
1.26523248	0.37	-2.0372007096590385	-0.08148802838636154
4.872171	1.0	-24.804431474153198	-0.992177258966128
2.930289	0.54	-2.1319108210535083	-0.08527643284214033
6.387597	0.53	-15.896790994496836	-0.6358716397798735
5.858858	1.48	-8.799594617610028	-0.3519837847044011
5.858858	1.48	-3.016374286693957	-0.12065497146775828
4.07853	0.5	-4.2703405517695945	-0.1708136220707838
3.792622	0.59	-15.059392057039394	-0.6023756822815758
3.792622	0.61	-24.222404498186613	-0.9688961799274646
2.594675	0.29	-4.419736213854504	-0.17678944855418016
4.77271	1.15	-15.879932203470055	-0.6351972881388023
1.2391481	0.16	-2.057095759304687	-0.08228383037218748
1.548352	0.63	-3.107985088360772	-0.12431940353443087
50.089	0.63	-20.409456557815027	-0.8163782623126011
14.574071	1.35	-1.7816495125345588	-0.07126598050138236
0.446578	0.79	-8.352422117859177	-0.3340968847143671
0.4465688	0.81	-7.68485387411053	-0.3073941549644212
10.77892	0.81	-6.00948054312021	-0.2403792217248084
10.779	0.79	-7.638195619591714	-0.3055278247836685
10.778831	0.81	-23.753960226463782	-0.9501584090585513
25.62	0.79	-11.26869276304373	-0.45074771052174917
25.7124	0.81	-2.434448648223174	-0.09737794592892696
25.71255	0.76	-6.1854726593765985	-0.24741890637506395
77.23	0.79	-6.177542138712289	-0.24710168554849155
77.03	0.81	-25.947829853564503	-1.03791319414258
2.2035373	0.56	-4.065799033893087	-0.16263196135572347
1.6511442	1.0	-19.171307492061512	-0.7668522996824605
2.94815527	0.6	-0.6401110897506634	-0.02560444359002654
3.771116	0.73	-17.641042409628305	-0.7056416963851322
5.49112522	1.06	-18.298556011741137	-0.7319422404696455
4.1646632	0.33	-12.582310138407163	-0.5032924055362865
5.38305	0.87	-0.45246556581983	-0.0180986226327932
4.023687	1.31	-10.72579107969246	-0.4290316431876984
2.576184	0.51	-0.9817680454179469	-0.039270721816717875
12.57499803	1.15	-1.780048696783051	-0.07120194787132204
2.392679	1.31	-1.9092684776189768	-0.07637073910475907
5.0988179	0.58	-3.1526936841574997	-0.12610774736629998
0.23818244	0.35	-3.1368398748407715	-0.12547359499363087
1.79058695	0.46	-5.152848705164315	-0.2061139482065726
5.0037775	1.54	-10.46182175275046	-0.4184728701100184
2.598902	0.51	-0.595586223778032	-0.023823448951121283
4.6955507	0.51	-14.024679205721455	-0.5609871682288582
7.1027268	0.51	-9.723354371929666	-0.3889341748771867
3.94515	0.9	-6.6451594504402856	-0.2658063780176114
1.9771642	0.42	-18.074749389279713	-0.7229899755711885
11.2366	1.18	-1.217254332091191	-0.04869017328364764
11.236697	1.18	-2.5946375858753283	-0.10378550343501314
9.977219	0.41	-6.025067542325898	-0.24100270169303592
9.97702	0.41	-10.646787783585424	-0.42587151134341694
16.051115	0.42	-12.620185455068112	-0.5048074182027245
16.051098	0.42	-2.5961485006958815	-0.10384594002783526
37.42396	0.41	-13.657437991473053	-0.5462975196589221
37.42475	0.41	-10.450008173689035	-0.4180003269475614
84.8396	0.73	-9.824527421985835	-0.3929810968794334
19.288004	0.23	-8.51234928172251	-0.3404939712689004
17.46819	0.8	-9.481160133769885	-0.3792464053507954
3.4716826	0.44	-3.308984946907823	-0.13235939787631293
5.6057	0.92	-13.31180325623511	-0.5324721302494044
2.326021	0.22	-3.4288530740732903	-0.1371541229629316
15.665323	0.54	-7.674658698494502	-0.3069863479397801
15.6653	0.54	-7.059899356639653	-0.2823959742655861
4.633611	1.4	-3.699768105291297	-0.14799072421165188
2.7970365	0.91	-9.818770254378261	-0.39275081017513047
83.8911	1.32	-12.435569294019146	-0.4974227717607658
83.891	1.32	-4.7869312035123155	-0.19147724814049263
11.197259	0.78	-9.086828291484997	-0.3634731316593999
34.976145	0.78	-1.8606886496902806	-0.07442754598761123
1.392975	0.71	-16.239381733268367	-0.6495752693307347
1.39298	0.71	-5.1152301902839366	-0.20460920761135748
1.0418777	0.61	-24.33852624931157	-0.9735410499724628
3.81673	0.68	-14.940589274680516	-0.5976235709872206
8.3249102	1.11	-12.287070359941284	-0.49148281439765135
8.324917	1.12	-7.7448924372783505	-0.309795697491134
8.324876	1.12	-24.48895191217173	-0.9795580764868692
3.2797178	1.08	-14.665796080715719	-0.5866318432286287
14.362565	0.76	-13.455833790401137	-0.5382333516160455
2.5735943	0.81	-10.015083067718908	-0.40060332270875637
10.62656	1.28	-14.447576767492771	-0.5779030706997109
10.8772	0.56	-3.0834876867318974	-0.1233395074692759
3.7395671	0.97	-1.2705940408245637	-0.05082376163298255
4.5849129	1.07	-5.57384344566612	-0.22295373782664482
3.183792	0.95	-2.2098205379794504	-0.08839282151917802
10.1605	0.88	-8.218093932645417	-0.32872375730581666
10.15643	0.79	-8.527658002524394	-0.34110632010097575
3.6849729	1.2	-0.3559988674715746	-0.014239954698862984
3.6849729	1.2	-13.158889067065834	-0.5263555626826334
1.8237305	0.73	-5.912465531011325	-0.23649862124045298
1700.0	0.73	-15.96526280959372	-0.6386105123837488
1.510848	0.08	-4.17329783663328	-0.1669319134653312
2.421937	0.09	-14.124422659743653	-0.5649769063897461
4.049219	0.09	-17.675247102263356	-0.7070098840905342
4.04961	0.08	-1.2164416934262565	-0.04865766773705026
6.09956479	0.09	-5.3506460426459395	-0.21402584170583758
6.099615	0.08	-11.90219232016019	-0.47608769280640756
12.35294	0.08	-16.63575788983315	-0.6654303155933261
12.352446	0.09	-25.10795882660451	-1.0043183530641804
20.0	0.08	-11.191842835309373	-0.44767371341237494
18.772866	0.09	-14.086577675274812	-0.5634631070109924
18.7672745	0.09	-12.338112600698244	-0.49352450402792974
18.767	0.09	-9.080303565965915	-0.3632121426386366
198.4	1.15	-3.1624889577173185	-0.12649955830869275
559.3	1.15	-9.652285543015108	-0.3860914217206043
691.9	0.5	-28.79726334486377	-1.1518905337945509
562.0	1.19	-21.06641530905921	-0.8426566123623684
26.468	1.87	-0.3383271235536398	-0.013533084942145593
4.90634	0.1	-21.417020211460862	-0.8566808084584345
4.91	0.09	-16.88626519071309	-0.6754506076285236
11.409	0.09	-26.253920633107533	-1.0501568253243014
3.0300728	0.89	-14.497170377167087	-0.5798868150866835
3.030065	0.88	-4.533912498773078	-0.18135649995092312
3.0300737	0.87	-26.866081887619316	-1.0746432755047726
3.0300728	0.9	-9.241084296125756	-0.3696433718450302
3.03006948	0.88	-1.0205676082643822	-0.04082270433057529
2.47061338	0.97	-12.932850698891382	-0.5173140279556553
2.47061338	1.06	-10.629674125279612	-0.42518696501118447
2.47061317	0.99	-9.327026091546118	-0.37308104366184475
2.47063	0.98	-1.5545347905039577	-0.06218139162015831
2.4706132	0.94	-12.023439785427053	-0.48093759141708214
2.47061338	1.06	-11.784875662930572	-0.47139502651722287
2.47063	1.06	-2.312108339079483	-0.09248433356317932
2.470621	0.98	-2.7565457898338988	-0.11026183159335595
2.47061344	0.98	-9.74987728057224	-0.3899950912228896
2.47061437	1.05	-0.2961089903596279	-0.011844359614385116
2.47061339	0.94	-6.070646450223997	-0.24282585800895987
2.47061337	0.98	-7.130110230382684	-0.2852044092153074
2.47061339	0.94	-0.8695160377665352	-0.03478064151066141
2.47061323	0.99	-8.699649394297223	-0.34798597577188894
2.47061339	0.99	-3.6921539988063534	-0.14768615995225415
1.306187	0.92	-4.257939811327208	-0.1703175924530883
1.30619	0.9	-10.435717328848648	-0.41742869315394593
1.30618581	0.93	-8.046504196325937	-0.3218601678530375
1.30618635	0.92	-5.065736711458582	-0.2026294684583433
1.30619	0.92	-8.742254953460343	-0.34969019813841373
1.30618639	0.92	-6.895555364853513	-0.2758222145941405
1.30618648	0.93	-3.5478503951724116	-0.14191401580689647
3.55395	1.08	-15.40818724040837	-0.6163274896163349
3.553945	1.29	-9.554584060257286	-0.38218336241029144
3.553945	1.18	-7.097373205246201	-0.283894928209848
3.553945	1.39	-6.734263745330907	-0.26937054981323627
3.553945	1.4	-4.885465935460294	-0.19541863741841176
3.5539266	1.39	-21.799461183764933	-0.8719784473505974
3.5539268	1.34	-4.383463106373226	-0.17533852425492902
3.55392771	1.45	-0.7535234398774668	-0.030140937595098675
1.48224718	0.89	-10.497335945191857	-0.4198934378076743
1.4822446	0.89	-18.09742736389305	-0.723897094555722
1.48224687	0.89	-0.1955607314080421	-0.007822429256321683
1.4822446	0.89	-0.57062264284682	-0.022824905713872797
5840.0	0.7	-2.3181939340781996	-0.09272775736312798
1170.0	0.5	-2.0617859931481033	-0.08247143972592413
24.1396	1.1	-12.357505773298543	-0.49430023093194175
24.1399	1.17	-2.0156123393919194	-0.08062449357567678
24.1315	1.09	-12.89260331992309	-0.5157041327969236
8.24892	1.17	-0.9055571028546812	-0.03622228411418725
8.2438	1.09	-5.922934155646074	-0.23691736622584297
12.4032	1.1	-6.293587145417005	-0.2517434858166802
12.396	1.09	-8.943173878759183	-0.3577269551503673
12.4058	1.17	-5.335362610382566	-0.21341450441530263
40.2	1.17	-5.396358768729035	-0.21585435074916143
4.927	1.0	-3.1572861784337154	-0.1262914471373486
4.93	1.0	-9.225944779707197	-0.3690377911882879
2.519961	1.3	-4.840917563790189	-0.19363670255160756
2.51995	1.15	-16.36882552572059	-0.6547530210288237
2.51994701	1.3	-0.9688463636835358	-0.03875385454734143
2.5199454	1.24	-18.347349415322274	-0.733893976612891
3.0927616	0.75	-4.81179370833373	-0.1924717483333492
3.09272826	0.7	-1.327015120665553	-0.05308060482662212
3.0927616	0.75	-3.804427826079881	-0.15217711304319523
3.09272813	0.7	-8.384318399601995	-0.3353727359840798
2.849383	1.57	-13.412696789282846	-0.5365078715713139
2.84938224	1.57	-6.9632534945066755	-0.278530139780267
2.8493819	1.44	-6.485139508221396	-0.25940558032885586
3.585707	1.34	-5.210366886162001	-0.20841467544648004
3.58572	1.41	-11.061702780301038	-0.44246811121204155
3.585722	1.34	-2.804963522582068	-0.11219854090328273
3.5857074	1.41	-3.638950367981716	-0.14555801471926866
3.585722	1.34	-6.592725381157061	-0.26370901524628243
0.9255456	1.22	-13.064638728449868	-0.5225855491379947
0.92554544	1.22	-9.195529245022472	-0.3678211698008989
0.925542	1.22	-14.391808748391346	-0.5756723499356539
0.92554539	1.22	-10.412332790653196	-0.41649331162612785
0.925542	1.22	-2.1960290259700264	-0.08784116103880106
1.7554137	1.08	-17.416054058106	-0.6966421623242399
7.87288	0.89	-5.703745598024495	-0.22814982392097982
9.289715	1.19	-12.32691586325331	-0.4930766345301324
5.7214742	0.68	-13.820794806279604	-0.5528317922511842
5.72149	0.69	-1.252816099570069	-0.05011264398280276
5.72149242	0.69	-1.3531376228032248	-0.054125504912128995
5.7214742	0.69	-21.22468928870427	-0.8489875715481707
1088.0	0.68	-24.48923032215302	-0.9795692128861209
3.7224793	0.81	-6.601685093245956	-0.2640674037298382
3.72247967	0.81	-15.755455690560442	-0.6302182276224177
3.72247	1.42	-5.771487558012758	-0.23085950232051033
4.5421687	1.32	-8.074345183140455	-0.3229738073256182
4.54216875	1.32	-3.181743617844236	-0.12726974471376945
4.54216695	1.32	-4.63819888263713	-0.1855279553054852
1.54877501	1.29	-10.014321244843927	-0.40057284979375707
10.02165	1.29	-10.062464578506379	-0.40249858314025516
10.02165	1.13	-5.552686191766982	-0.2221074476706793
10.02165	1.13	-2.6997732997624384	-0.10799093199049754
10.020607	1.1	-4.655312269619252	-0.18621249078477006
10.0205933	1.13	-2.121227213828618	-0.08484908855314473
4.04605063	1.32	-2.9982117536676407	-0.11992847014670563
4.0460407	1.32	-24.95351987550111	-0.9981407950200445
4.0460435	1.32	-2.8068686138935415	-0.11227474455574166
2.49979	1.02	-1.733779512957141	-0.06935118051828564
2.4998039	1.02	-2.811281994474138	-0.11245127977896552
2.4998048	1.0	-0.16487335497277056	-0.006594934198910822
2.49980447	1.02	-1.934353231196505	-0.0773741292478602
1.0914199	1.35	-12.215299442798226	-0.48861197771192905
1.0914203	1.43	-12.741398386330243	-0.5096559354532098
1.09	1.17	-1.1527233678517783	-0.04610893471407113
1.0914209	1.38	-1.5461190338358608	-0.06184476135343443
1.09142	1.43	-5.7300048406361075	-0.2292001936254443
1.09141964	1.35	-0.6922528852597827	-0.02769011541039131
1.091423	1.35	-4.2779851245538545	-0.1711194049821542
2.97764359	1.17	-13.919341026958874	-0.5567736410783549
2.9776412	1.17	-3.415157065523416	-0.13660628262093663
3.37264959	1.07	-24.27786936799803	-0.9711147747199212
3.37265	1.07	-12.847530680522626	-0.513901227220905
3.3726492	1.07	-4.738077826654293	-0.18952311306617173
3.2887884	1.01	-1.6658639160340953	-0.06663455664136382
3.2887885	1.12	-8.3201046192975	-0.3328041847719
3.2888	1.12	-1.2176387336604053	-0.048705549346416216
4.178062	1.08	-2.9222630502271807	-0.11689052200908723
4.3530101	0.72	-8.149492711341477	-0.3259797084536591
4.353011	1.22	-3.045414607784987	-0.12181658431139948
4.353011	1.09	-8.65423699066087	-0.3461694796264348
11.5509796	1.04	-4.824054838306056	-0.19296219353224225
11.55098	1.04	-2.278035251391771	-0.09112141005567084
5.322023	1.06	-4.746330954660772	-0.18985323818643088
5.322023	1.06	-8.204709051745592	-0.3281883620698237
5.322012	1.06	-16.568889781021714	-0.6627555912408686
7.1335164	0.79	-0.18311682052069922	-0.007324672820827969
7.133521	0.8	-6.870260676708252	-0.2748104270683301
1.011534	0.78	-11.659788900297087	-0.4663915560118835
2.1764238	1.16	-0.5994893574016471	-0.023979574296065884
2.176423	1.16	-10.197345180829188	-0.40789380723316754
1.4013788	0.98	-6.73733596656108	-0.2694934386624432
5.2153545	1.41	-1.8883023754930777	-0.0755320950197231
5.215357	1.41	-4.855603204778003	-0.19422412819112012
5.2153571	1.41	-11.539021294407776	-0.46156085177631107
3.6344327	1.22	-16.00675826463587	-0.6402703305854348
3.634433	1.22	-13.179532158633263	-0.5271812863453306
3.6344412	1.22	-22.644937392648536	-0.9057974957059415
5.924262	0.92	-10.909645686164453	-0.4363858274465781
2.24376639	1.21	-1.7920535743396415	-0.07168214297358566
2.2437661	1.35	-7.912504620599833	-0.31650018482399334
2.23598448	0.9	-12.422897863546455	-0.4969159145418582
2.2359835	0.9	-8.387738705084256	-0.33550954820337026
2.2359838	0.9	-6.311450043400569	-0.2524580017360228
3.3106628	1.25	-19.47744112869904	-0.7790976451479616
3.31066699	1.25	-6.801446564437936	-0.27205786257751746
2.052868	1.33	-13.523357016945566	-0.5409342806778227
2.2783153	0.81	-10.313173934157168	-0.41252695736628675
1.7690381	0.76	-0.40299093314128576	-0.016119637325651432
4.602744	1.04	-12.993931980807016	-0.5197572792322807
8.803809	0.95	-0.8798932346201007	-0.03519572938480403
8.80381	1.0	-9.692478735388212	-0.38769914941552847
8.803544	0.97	-2.8713341442806763	-0.11485336577122705
8.80381	1.0	-8.114091372060848	-0.32456365488243394
34.516	1.0	-9.499035856921486	-0.37996143427685947
34.527	0.97	-17.400740483901615	-0.6960296193560646
3.75209748	1.18	-4.182658786029272	-0.16730635144117087
3.75209748	1.3	-4.382297825618119	-0.17529191302472477
3.7520998	1.18	-0.5522167779951741	-0.022088671119806964
3.7521	1.18	-2.370884383584427	-0.09483537534337709
3.7520987	1.18	-9.648284945467712	-0.38593139781870844
3.7521	1.18	-1.071018266197886	-0.04284073064791544
5.6442072	1.39	-11.12627571527797	-0.4450510286111188
4.5334682	1.08	-13.322792245241109	-0.5329116898096443
3.3326099	1.34	-5.197791225927462	-0.2079116490370985
3.332609	1.34	-7.638310202390375	-0.305532408095615
3.8361672	0.84	-6.647580546970786	-0.2659032218788314
3.8361623	0.87	-5.247780042829419	-0.20991120171317676
3.952	1.03	-3.065222514351551	-0.12260890057406204
3.951605	1.26	-5.613837417614981	-0.22455349670459923
3.951626	1.07	-6.462503954381052	-0.2585001581752421
3.9516956	1.03	-20.878274113244757	-0.8351309645297903
3.9516205	1.26	-0.7337485507835098	-0.029349942031340392
3.656333	1.38	-10.964641234085098	-0.43858564936340394
3.840401	1.41	-0.5510265067312972	-0.022041060269251886
3.8404213	1.41	-9.63480625579729	-0.3853922502318916
3.1186068	0.98	-6.916639928386248	-0.2766655971354499
3.1186	1.78	-11.313609947153616	-0.45254439788614464
3.1186009	1.02	-5.247759563220031	-0.20991038252880123
3.11860349	1.02	-1.3261598942133508	-0.05304639576853403
3.76849254	0.87	-9.385448463004922	-0.3754179385201969
5.4056202	1.39	-4.291188839151485	-0.1716475535660594
1.7771363	0.95	-4.419305796670171	-0.17677223186680685
1.7771255	0.95	-0.4796960739156535	-0.01918784295662614
1.77713687	0.95	-8.186770547228058	-0.3274708218891223
3.4655064	1.25	-13.029482019160845	-0.5211792807664338
5.4435423	1.19	-5.559263593283598	-0.2223705437313439
5.44354	1.19	-18.28523016897467	-0.7314092067589869
2.021957	1.59	-7.264768638561917	-0.2905907455424767
2.02195933	1.59	-1.912596736743287	-0.07650386946973148
4.1536573	1.08	-2.9219472588860667	-0.11687789035544267
5.6114118	1.34	-18.823100816584578	-0.7529240326633831
5.6114118	1.34	-16.459780679055037	-0.6583912271622014
3.73543	2.28	-1.6360483546362579	-0.06544193418545032
3.73543	2.28	-0.5135221253833318	-0.02054088501533327
3.7354417	1.2	-7.073218807171314	-0.28292875228685255
3.73	1.35	-11.437660793726819	-0.45750643174907274
3.735438	1.31	-14.673749360253584	-0.5869499744101434
3.735433	1.2	-1.9738657407497169	-0.07895462962998867
2.34478022	0.93	-10.023228701901001	-0.40092914807604
2.34477786	0.93	-5.309573719005099	-0.21238294876020397
3.8186244	1.17	-10.537358088954594	-0.4214943235581838
5.477433	1.49	-8.568703974504375	-0.342748158980175
5.477433	1.49	-16.86104179908399	-0.6744416719633596
1.3866529	1.09	-7.6720272371725695	-0.3068810894869028
1.38665318	1.05	-14.038492421089913	-0.5615396968435965
1.3866532	1.05	-2.820562326048413	-0.11282249304193652
1.38665333	1.05	-9.031299692479326	-0.36125198769917305
4.2336995	1.3	-16.31985894385643	-0.6527943577542573
4.2337005	1.24	-5.072378065601616	-0.20289512262406464
4.2337	1.3	-3.5573334225264186	-0.14229333690105675
3.899052	1.34	-1.3362775603603039	-0.05345110241441216
3.071722	0.88	-1.4947013347997333	-0.05978805339198934
3.3448285	2.07	-5.526611318126877	-0.22106445272507508
3.3448412	1.93	-3.794560002784297	-0.15178240011137187
0.9414526	1.46	-11.843304215791989	-0.47373216863167955
0.94145	1.46	-3.5478591025399773	-0.1419143641015991
0.94124	1.22	-14.131178902908806	-0.5652471561163522
0.9414523	1.25	-9.30128938717899	-0.3720515754871596
0.94145181	1.26	-22.79627257582151	-0.9118509030328604
0.94145223	1.29	-16.11688601530104	-0.6446754406120416
3.4092646	1.3	-22.089019221394064	-0.8835607688557626
3.409264	1.3	-3.0960852342322456	-0.12384340936928982
3.3769848	1.08	-11.662353219844704	-0.46649412879378815
9.38755	1.12	-6.347313251790767	-0.25389253007163065
5.026799	1.22	-5.444201531107046	-0.21776806124428183
5.0267952	1.22	-1.7658510911161343	-0.07063404364464537
0.78883852	0.96	-3.0943613186947365	-0.12377445274778946
0.78884	0.97	-31.046498243388953	-1.2418599297355581
0.788839	0.9	-5.585232734342011	-0.22340930937368042
0.78883899	0.9	-17.71278253465431	-0.7085113013861724
0.79	0.97	-26.03647845097126	-1.0414591380388505
2.15222216	0.89	-0.8873086968607289	-0.035492347874429155
2.15222163	0.89	-10.494666015621315	-0.4197866406248526
2.15226	0.89	-2.5438131675053173	-0.10175252670021269
2.15222144	0.8	-7.758465873948573	-0.31033863495794295
2.15222144	0.85	-6.797462392064134	-0.27189849568256536
2.1522254	0.84	-9.698502430596566	-0.38794009722386263
2.152175	0.9	-2.813645117461543	-0.11254580469846172
2.15222163	0.87	-0.15608249733695723	-0.0062432998934782895
4.322513	0.89	-25.307422611464773	-1.012296904458591
4.322506	0.98	-7.711734967846231	-0.3084693987138492
4.3225126	1.01	-6.03922555331649	-0.2415690221326596
4.3225126	1.08	-18.112806644298807	-0.7245122657719523
3.53269	1.1	-14.598244056811488	-0.5839297622724595
3.53272912	1.1	-2.118453012992052	-0.08473812051968209
3.53273064	1.25	-9.840971587560936	-0.3936388635024375
3.53269	1.46	-0.9974593104404947	-0.03989837241761979
2.94443	0.78	-0.8782945549068573	-0.03513178219627429
2.9444256	0.78	-4.186673963367271	-0.16746695853469085
2.9444273	0.78	-8.441188178263623	-0.3376475271305449
2.3412205	1.18	-5.012692943534332	-0.20050771774137327
3.76483342	1.0	-1.2453098126634952	-0.04981239250653981
3.7648304	0.67	-2.1788804355173497	-0.08715521742069399
3.7648327	1.0	-0.4752875113495063	-0.019011500453980253
3.764825	1.0	-6.151681047769344	-0.24606724191077375
3.76483	0.67	-8.497856494733098	-0.33991425978932394
2.7566004	1.11	-14.698303625537807	-0.5879321450215124
3.40883	1.02	-8.060560976609281	-0.32242243906437124
3.40883495	0.99	-3.68990336024916	-0.1475961344099664
3.92273	0.77	-8.583141176902291	-0.34332564707609164
3.9227138	0.77	-15.8523811117821	-0.634095244471284
3.9227186	0.82	-37.75530283093899	-1.5102121132375594
3.92271183	0.82	-4.453776958573181	-0.17815107834292726
1.846835	1.26	-22.029654567890883	-0.8811861827156353
1.8468351	1.24	-7.642517163775866	-0.30570068655103466
1.8468373	1.26	-14.750368599151969	-0.5900147439660788
3.4059095	1.16	-19.236146814147723	-0.7694458725659089
3.405909	1.16	-0.3823581394336253	-0.015294325577345011
3.4058875	1.16	-5.102270662016213	-0.20409082648064852
2.7186631	1.1	-7.859803761972399	-0.31439215047889596
2.718659	1.1	-17.147612555691836	-0.6859045022276734
1.2198675	1.65	-4.407178964359952	-0.17628715857439808
4.31768411	1.01	-14.059990904036828	-0.5623996361614731
3.161575	1.07	-1.7362828818260718	-0.06945131527304288
3.16157	1.05	-3.5797100454449975	-0.1431884018177999
1.5373653	1.04	-12.304911966884596	-0.49219647867538385
1.5373656	1.04	-2.682572085314036	-0.10730288341256143
3.5774807	1.06	-13.922599932995029	-0.5569039973198011
3.5774793	0.93	-9.668948299697044	-0.3867579319878818
6.87188	1.23	-1.84983500509327	-0.0739934002037308
4.0552947	0.93	-3.555790958642391	-0.14223163834569563
4.055259	0.93	-14.975713859729161	-0.5990285543891665
4.0552941	0.91	-8.26970419462817	-0.3307881677851268
1.33823251	0.89	-3.1933590388177073	-0.1277343615527083
1.33823204	0.97	-11.643272849021805	-0.46573091396087224
1.33823144	0.93	-9.367925620938923	-0.3747170248375569
1.33823187	0.97	-18.00771311162127	-0.7203085244648508
1.3382315	0.91	-5.2694723004769095	-0.21077889201907637
1.3382315	0.94	-1.6280209817854885	-0.06512083927141954
1.33823162	0.89	-8.141368302935751	-0.32565473211743007
1.33823147	0.86	-5.135916257782956	-0.20543665031131825
3.05240154	0.99	-16.398393422532727	-0.6559357369013091
3.0524	0.81	-15.988263291461575	-0.639530531658463
3.052404	0.93	-23.66330057935799	-0.9465320231743196
4.9816872	0.88	-4.689051219675806	-0.18756204878703223
4.9816819	0.95	-3.3689830404892414	-0.13475932161956966
4.9816819	0.95	-5.934838799006352	-0.23739355196025408
0.81347406	0.58	-10.309855665571446	-0.41239422662285785
0.81347753	0.65	-5.765075786258654	-0.23060303145034616
0.81347436	0.65	-15.969774271492366	-0.6387909708596946
0.81347414	0.58	-1.56754797500745	-0.06270191900029799
0.81347398	0.65	-7.958538041276586	-0.31834152165106344
0.81347409	0.65	-12.647120958346456	-0.5058848383338582
0.813475	0.58	-0.41369914636864813	-0.016547965854745925
0.8134749	0.58	-5.036822183016774	-0.20147288732067098
2.423804	0.94	-0.17756635350218786	-0.007102654140087514
2.4238039	0.94	-11.242048034162764	-0.4496819213665106
2.4238039	0.95	-19.338449950915503	-0.7735379980366202
2.4238133	0.95	-3.1716333956329006	-0.12686533582531603
2.4238107	0.95	-12.741356307601333	-0.5096542523040533
3.12607728	0.91	-9.006036682936145	-0.36024146731744583
3.1260777	0.91	-2.216464945180187	-0.08865859780720749
3.126089	0.85	-18.357313181508694	-0.7342925272603478
3.1260876	0.91	-9.095725892605767	-0.3638290357042307
3.126096	0.9	-3.6846026444267688	-0.14738410577707076
3.12609	0.95	-12.410193020823193	-0.4964077208329277
1.43037192	0.96	-4.009217085592734	-0.16036868342370939
4.159221	1.0	-7.8166819047745575	-0.3126672761909823
4.1591287	1.04	-5.490339294964463	-0.21961357179857854
4.1591496	1.08	-17.622675414038564	-0.7049070165615426
4.1591409	1.03	-2.808861963879551	-0.11235447855518205
4.15810694	0.98	-10.179260897171602	-0.4071704358868641
4.1591399	1.08	-11.718091885085855	-0.4687236754034342
4.15915035	1.08	-12.187779005103524	-0.487511160204141
4.159151	1.06	-1.2903361783553429	-0.051613447134213716
4.1591492	1.04	-13.288384652091723	-0.5315353860836689
4.16071	1.11	-8.123881969313196	-0.32495527877252783
572.0	1.03	-16.32975871002388	-0.6531903484009552
580.7	1.11	-1.7095179657664847	-0.06838071863065939
588.8	1.04	-1.4500466883712115	-0.05800186753484846
589.57	1.06	-33.422081059217916	-1.3368832423687167
9.030501	1.06	-12.168142867076364	-0.4867257146830546
9.03079	0.98	-1.768593894437487	-0.07074375577749949
9.095	1.11	-5.6785818124872804	-0.22714327249949123
9.03081	1.04	-17.69372031808257	-0.7077488127233028
0.789592	1.04	-6.046034920310052	-0.24184139681240208
0.79	1.01	-2.450238682461939	-0.09800954729847756
0.78961	1.06	-0.6203180387322611	-0.024812721549290446
0.789593	0.98	-3.6225269684065973	-0.1449010787362639
2.14363	0.88	-14.441318083281418	-0.5776527233312567
2.14363544	1.06	-8.816427273833703	-0.35265709095334813
2.143634	1.19	-8.838760890596413	-0.3535504356238565
2.1436364	1.19	-19.88134525194639	-0.7952538100778556
2.143634	1.19	-5.713404744807709	-0.2285361897923084
2.14363679	1.19	-6.414767737454601	-0.256590709498184
2.14363	0.88	-5.3243205577575905	-0.21297282231030362
2.7817362	1.0	-17.147948026469905	-0.6859179210587962
2.7817387	0.94	-15.670620134697224	-0.626824805387889
2.78174	0.92	-13.048557593331063	-0.5219423037332426
2.7817387	0.94	-20.581731100486696	-0.8232692440194679
2.78173691	0.94	-1.4866300170337268	-0.05946520068134907
1.6284246	1.03	-21.303138385166566	-0.8521255354066627
1.6284229	1.0	-14.477911004431173	-0.579116440177247
1.62842953	1.03	-3.4966544239558006	-0.13986617695823203
1.62843142	1.0	-4.518105233676975	-0.180724209347079
1.6284246	1.02	-0.9953686402680191	-0.039814745610720764
1.6284246	1.0	-1.69873092916496	-0.0679492371665984
1.62843	0.96	-6.56529888823611	-0.2626119555294444
1.9550938	0.89	-10.452921828167593	-0.41811687312670376
1.9550959	0.89	-2.386715894455185	-0.09546863577820741
1.9551	1.06	-10.193422497858746	-0.40773689991434986
1.9550931	0.89	-8.762034758685648	-0.3504813903474259
1.9550929	0.89	-7.76553760739004	-0.3106215042956016
1.7497835	0.87	-5.229357459198194	-0.20917429836792778
1.7497798	0.85	-0.6233869583276799	-0.024935478333107195
3.3098443	0.84	-4.037917790654918	-0.1615167116261967
3.30984278	0.84	-18.101877620174232	-0.7240751048069692
2840.0	0.84	-10.528024758636416	-0.42112099034545664
3.6936411	1.21	-10.678473660546475	-0.427138946421859
3.6936411	1.21	-7.671024421635327	-0.30684097686541306
3.69364	1.08	-15.182361731365305	-0.6072944692546122
4.465633	1.01	-21.846608913149332	-0.8738643565259733
4.4656299	1.01	-9.892369073144689	-0.3956947629257876
4.465633	1.01	-4.33331266941833	-0.1733325067767332
4.46659676	1.13	-6.948030911475277	-0.27792123645901107
4.46563013	1.01	-16.39964244058926	-0.6559856976235705
4.617101	1.02	-4.170831532089767	-0.16683326128359066
4.6170654	1.02	-9.27242112224252	-0.3708968448897008
4.61705992	1.02	-9.766571893261453	-0.39066287573045816
2.83891856	0.89	-15.836584901307782	-0.6334633960523113
2.83891856	0.89	-15.441687767070299	-0.617667510682812
2.838918	0.95	-21.17645926215738	-0.8470583704862952
5.01718	0.94	-15.549330368011766	-0.6219732147204706
5.0172133	0.94	-3.54477033282364	-0.1417908133129456
5.0172131	1.12	-3.4208600506494826	-0.1368344020259793
7.919585	0.72	-3.8429900912231636	-0.15371960364892653
7.919585	0.72	-9.587581327881288	-0.3835032531152516
7.919585	0.72	-0.17135745989037043	-0.006854298395614818
3.36101	0.55	-1.3145645383536253	-0.052582581534145016
3.3610032	0.55	-0.18203384191494143	-0.007281353676597657
3.36100208	0.84	-14.70849993683111	-0.5883399974732444
3.36	0.93	-15.643675356833127	-0.6257470142733251
3.36100215	0.88	-2.3748094734865033	-0.09499237893946014
3.36100207	0.88	-15.098176384302214	-0.6039270553720886
4.305	1.19	-1.9303184494350287	-0.07721273797740115
4.305007	1.08	-10.61922123221772	-0.42476884928870884
4.3050011	1.08	-6.466175290649355	-0.2586470116259742
4.3050011	1.08	-11.091275524520986	-0.44365102098083947
3.8559	1.82	-1.1405360491963026	-0.0456214419678521
3.8559	1.22	-3.0575400380318754	-0.12230160152127502
3.8559	1.22	-12.639586887443125	-0.505583475497725
3.855898	1.27	-20.90532209659506	-0.8362128838638024
4.41193868	1.25	-6.461701973606788	-0.25846807894427154
4.411953	1.25	-14.135113769000977	-0.5654045507600391
4.41195	1.11	-5.808666148905545	-0.23234664595622181
4.4119379	1.11	-12.097342356977387	-0.4838936942790955
4.41194	1.28	-4.300217086854449	-0.17200868347417797
4.378083	1.28	-11.156634733922948	-0.4462653893569179
4.37808205	1.32	-8.403433201500246	-0.33613732806000984
1.57329027	1.0	-7.666847701407994	-0.3066739080563198
1.5732918	1.0	-25.30535598582012	-1.0122142394328049
1.5732918	1.0	-3.335988763608171	-0.13343955054432685
1.57329025	1.0	-6.98978835894662	-0.2795915343578648
2.3114243	0.93	-3.066153982761329	-0.12264615931045317
2.3114205	0.93	-5.591631367246568	-0.22366525468986273
4.086052	1.3	-3.3997454856835856	-0.13598981942734342
4.08605198	1.3	-6.192996285059415	-0.24771985140237662
4.086052	1.3	-9.831873064257122	-0.3932749225702849
4.6144109	0.87	-10.83975822274596	-0.4335903289098384
4.61442	0.87	-13.255701882890332	-0.5302280753156132
4.61442	0.91	-3.5736264798823107	-0.14294505919529243
4.61441644	0.87	-4.350417978912919	-0.17401671915651676
5.0843	1.49	-0.16266287807745528	-0.006506515123098211
5.084298	1.24	-2.983305149166301	-0.11933220596665205
3.86813888	0.83	-1.607184212678453	-0.06428736850713812
3.8681382	0.83	-20.448926694602093	-0.8179570677840837
3.8681382	0.83	-0.7539538901880591	-0.030158155607522365
3.86814	0.98	-10.361347922245177	-0.4144539168898071
4.9546417	1.28	-6.35073472607802	-0.2540293890431208
4.9546416	1.28	-3.9584710885676886	-0.15833884354270755
4.95464969	1.28	-6.416899801946911	-0.25667599207787645
4.9546416	1.28	-16.20591329327136	-0.6482365317308545
3.71301695	1.11	-10.449670114677806	-0.41798680458711224
3.7130169	1.11	-12.468536410601912	-0.49874145642407647
3.7130203	1.11	-3.987307009306644	-0.15949228037226576
2.90367	0.76	-20.06550271614537	-0.8026201086458149
2.9036747	1.56	-11.244727013504411	-0.44978908054017647
2.9036747	1.56	-10.134188473378705	-0.4053675389351482
2.216742	1.39	-1.7861160739836603	-0.07144464295934641
2.2167421	1.39	-28.32835805917274	-1.1331343223669097
2.2167394	2.78	-24.638155855671048	-0.9855262342268419
4.0872856	1.16	-7.984408375029522	-0.3193763350011809
4.0873001	1.34	-16.369205278398088	-0.6547682111359235
4.08722	2.52	-1.1577206478525912	-0.04630882591410365
4.0872977	2.52	-6.889519907239248	-0.27558079628956994
2.13775	1.48	-3.057115860514572	-0.12228463442058289
2.1377516	1.48	-6.574716511715761	-0.26298866046863045
2.13775367	1.48	-8.32120064739507	-0.3328480258958028
2.1377445	1.19	-0.2977831753342661	-0.011911327013370646
2.48450535	1.14	-16.748369734621207	-0.6699347893848483
2.484193	1.14	-10.70276018824265	-0.42811040752970597
2.4841987	1.14	-17.142875224209114	-0.6857150089683646
2.4841905	1.18	-11.038301580848747	-0.4415320632339499
2.4841976	1.14	-11.188036000642487	-0.4475214400256995
1.8098806	1.46	-0.5009745287143819	-0.020038981148575274
1.809886	1.46	-1.1528179147294941	-0.046112716589179766
1.3600309	1.0	-2.359890863771803	-0.09439563455087212
1.3600309	1.0	-13.855953744565145	-0.5542381497826058
1.36002922	1.0	-5.958628181732323	-0.2383451272692929
1.36002854	0.9	-5.734563660824719	-0.22938254643298878
2.1751763	1.18	-11.500220057331491	-0.46000880229325963
2.17517632	1.33	-3.9043058109316835	-0.15617223243726736
2.175185	1.33	-4.357423335863942	-0.17429693343455768
2.1751838	1.87	-19.15510969241011	-0.7662043876964044
2.17518	1.87	-2.869554394763463	-0.11478217579053852
3.6623866	1.52	-11.34397105772672	-0.45375884230906877
3.66238	1.43	-6.480699516899766	-0.2592279806759906
3.6623866	1.42	-10.364259302384738	-0.41457037209538955
3.662392	1.39	-5.609565936104149	-0.22438263744416595
3.66239163	1.52	-0.5375086770939357	-0.021500347083757428
3.6623925	1.52	-0.44520058613228386	-0.017808023445291355
8.158715	1.03	-11.964439588439374	-0.47857758353757496
8.158724	1.04	-11.941062565962753	-0.4776425026385101
8.15872656	1.03	-6.0351909321207575	-0.2414076372848303
8.15872	1.34	-4.6041695611305515	-0.18416678244522205
3.06785234	0.58	-14.31293312608658	-0.5725173250434632
3.0678504	0.57	-13.628439405750884	-0.5451375762300353
3.06785271	0.57	-13.099057750376131	-0.5239623100150452
3.06785251	0.57	-14.011922631157566	-0.5604769052463027
2.71648416	1.08	-10.972630911996376	-0.438905236479855
2.7164762	1.08	-2.0790207832296277	-0.08316083132918511
2.7164835	1.08	-15.795735017632913	-0.6318294007053166
2.70579	1.48	-15.714845448980629	-0.6285938179592252
2.705785	1.64	-9.27815633650107	-0.3711262534600428
4.971252	1.11	-0.7974698512207719	-0.03189879404883088
4.971251	1.11	-20.693590418431757	-0.8277436167372703
4.97129251	1.11	-9.340862427337342	-0.37363449709349367
4.9712917	1.11	-11.662607131887592	-0.4665042852755037
4.971252	1.11	-1.9734502606272064	-0.07893801042508826
8.523499	0.84	-11.138221420452085	-0.4455288568180834
8.5234962	0.85	-20.339281355265076	-0.8135712542106031
8.5234865	0.84	-17.179531440594978	-0.6871812576237991
8.52349665	0.84	-3.6543831727316927	-0.1461753269092677
1.4468849	0.85	-12.018997760385744	-0.48075991041542976
2.6556777	1.09	-17.58118120677804	-0.7032472482711216
4.954	1.45	-0.845188894863528	-0.03380755579454112
4.9540021	1.45	-10.602018433135951	-0.42408073732543805
4.9540032	1.45	-11.22283079752748	-0.4489132319010992
4.954	0.94	-5.31188092503805	-0.21247523700152202
4.954	1.45	-3.505022507984718	-0.14020090031938873
3.3564227	0.92	-12.678733138872879	-0.5071493255549152
3.35641798	0.92	-5.444467123033677	-0.21777868492134708
3.3564227	0.92	-19.01458056907257	-0.7605832227629028
3.916243	1.55	-24.699225882052755	-0.9879690352821102
2.798581	0.84	-5.446465360888391	-0.21785861443553564
2.798579	0.84	-21.447192164407006	-0.8578876865762802
2.1746742	1.19	-3.837415198884823	-0.1534966079553929
2.1746733	1.19	-20.194255210422913	-0.8077702084169165
2.17467324	1.19	-3.8421719981819695	-0.15368687992727878
2.7325358	1.33	-8.43697587641497	-0.33747903505659876
2.73253774	1.33	-0.5350721839777743	-0.021402887359110973
2.7325321	1.33	-6.14553746361552	-0.24582149854462082
3.95019	1.67	-17.61835048873928	-0.7047340195495713
3.9502001	1.45	-7.856691235549128	-0.3142676494219651
2.00839	1.24	-11.638295429682561	-0.46553181718730247
2.184673	1.11	-1.1747169143962954	-0.04698867657585182
2.184673	1.11	-8.29450167038923	-0.3317800668155692
2.18467	1.46	-9.055562735403951	-0.3622225094161581
2.1846688	1.11	-5.153156646814805	-0.20612626587259222
3.4252577	1.06	-3.3746918170389	-0.134987672681556
3.42525674	1.06	-16.310191221245425	-0.6524076488498171
3.4252602	1.06	-11.20587531151505	-0.448235012460602
3.4252602	1.06	-15.581339741942308	-0.6232535896776924
2.07276	1.12	-1.4611974217285333	-0.058447896869141334
2.96264036	0.81	-13.765947377192987	-0.5506378950877194
5.7525875	1.48	-4.154361188143875	-0.16617444752575503
5.75251	1.21	-19.545205909528324	-0.781808236381133
1.4079405	0.52	-5.0218087215652165	-0.20087234886260866
1.0187068	0.82	-5.726227439621898	-0.2290490975848759
1.7522239	0.73	-3.0945959082212013	-0.12378383632884805
4.8876	0.25	-13.869885925431054	-0.5547954370172422
17.867	0.25	-1.953801279391504	-0.07815205117566017
217.21	0.29	-15.22302437632931	-0.6089209750531724
67.27	0.25	-12.69891693579516	-0.5079566774318064
6.00127	0.69	-1.9306174702585814	-0.07722469881034326
6.00127	0.69	-5.993979691786051	-0.23975918767144205
3.9415128	1.04	-8.008805220822312	-0.3203522088328925
3.941516	0.88	-1.480633410195337	-0.059225336407813474
3.94150685	1.03	-4.767478642501165	-0.1906991457000466
3.941501	1.02	-3.085341079319648	-0.12341364317278591
3.94150685	1.03	-19.7053340073989	-0.788213360295956
3.94153	0.88	-13.182775157057854	-0.5273110062823142
2.61585779	0.9	-9.931579845171933	-0.39726319380687736
2.61586178	0.97	-0.9059175534241422	-0.036236702136965684
2.615864	0.92	-7.977803216587802	-0.3191121286635121
2.61585922	0.96	-10.08681242215672	-0.40347249688626885
18.157	0.98	-17.24287944502209	-0.6897151778008836
120.8	0.98	-32.9503219724489	-1.318012878897956
3.19153247	1.41	-4.723548443355505	-0.18894193773422022
3.191525	1.41	-6.6968780876983525	-0.26787512350793413
3.19154	0.58	-11.83175607103396	-0.4732702428413584
3.19152449	1.41	-15.784997036216822	-0.6313998814486729
3.1915426	1.41	-11.021648950527748	-0.44086595802110995
3.1915289	1.21	-4.57519706376289	-0.18300788255051562
3.19153285	1.21	-6.644909459420293	-0.26579637837681175
4.1250679	1.32	-2.8541039904952825	-0.1141641596198113
4.1250828	1.28	-10.25586371441578	-0.4102345485766312
4.12508	1.1	-4.543305028326623	-0.18173220113306493
4.1250823	1.32	-2.0826481348389936	-0.08330592539355974
4.18775581	0.88	-7.849779801171794	-0.31399119204687176
4.187757	0.88	-9.314792585246538	-0.37259170340986153
4.187732	1.0	-11.965025220437884	-0.4786010088175154
4.1877562	1.0	-2.4115514291857805	-0.09646205716743123
4.18775631	1.0	-2.7286730156179004	-0.10914692062471602
4.187757	0.91	-20.312788681011497	-0.8125115472404599
3.7650007	1.47	-8.14649385168725	-0.32585975406749
3.7649916	1.47	-6.441090314449859	-0.25764361257799434
2.8641356	1.41	-5.059450085061263	-0.20237800340245052
2.864142	1.41	-14.31532028993334	-0.5726128115973336
2.8641424	1.41	-8.958011774678997	-0.3583204709871599
2.8641413	1.41	-6.933217658782264	-0.2773287063512906
1.96876	0.13	-0.7349336648651967	-0.02939734659460787
2.02087	0.14	-12.442716213911874	-0.49770864855647495
3.05989	0.14	-10.78491196671102	-0.4313964786684408
0.75215	0.13	-7.3184411313603	-0.29273764525441204
3.06008	0.13	-3.0159878277446994	-0.12063951310978797
4.6568	0.13	-20.922243887545214	-0.8368897555018086
4.65626	0.14	-4.209100564911903	-0.16836402259647615
628.96	1.13	-14.727749806430078	-0.5891099922572031
1790000.0	5.5	-3.1144056445457635	-0.12457622578183054
8207.0	1.95	-9.45173595386832	-0.3780694381547328
6000.0	1.95	-5.300579813454034	-0.21202319253816135
8617.50952	1.79	-5.34913538273115	-0.213965415309246
7482.5	1.95	-11.122674415044244	-0.44490697660176975
7665.0	1.76	-0.12375907361580207	-0.004950362944632083
1192.77951	1.79	-9.741669460770401	-0.38966677843081604
1200.0	1.75	-27.312271708681287	-1.0924908683472514
417.9	1.7	-28.089989110798896	-1.1235995644319559
2502.0	0.83	-16.136875199811428	-0.6454750079924572
2690.0	0.78	-9.001539100702608	-0.36006156402810435
2671.0	0.82	-5.869855951410024	-0.23479423805640096
16510.0	0.75	-5.58308826476024	-0.22332353059040957
585.82	2.57	-13.090179633739961	-0.5236071853495985
594.9	2.7	-1.757948296899196	-0.07031793187596784
913.0	1.27	-11.849774333628865	-0.4739909733451546
905.0	1.18	-1.0808807172773558	-0.04323522869109423
905.574	1.59	-4.830340443132833	-0.19321361772531334
903.3	1.4	-1.036239967777022	-0.04144959871108088
414.88	1.78	-2.119822914776114	-0.08479291659104457
415.2	1.47	-2.0907256331116457	-0.08362902532446582
966.49	1.78	-5.9478124927564044	-0.2379124997102562
964.6	1.47	-7.652885285093254	-0.30611541140373016
428.5	1.23	-10.789943760693891	-0.43159775042775567
511.098	1.05	-1.817456427131261	-0.07269825708525045
510.8544	1.54	-1.2642482729598934	-0.050569930918395734
25000.0	1.54	-7.637797931216987	-0.3055119172486795
1261.94	1.84	-15.595204789177764	-0.6238081915671105
1208.0	1.8	-9.851923423664946	-0.39407693694659784
1247.9	1.8	-1.1295820450563916	-0.04518328180225566
1285.0	1.5	-8.041904437203009	-0.32167617748812033
1251.0	1.51	-26.979250207408047	-1.0791700082963218
1253.68	1.33	-21.100537593321373	-0.844021503732855
1261.94	1.47	-2.388698438049952	-0.09554793752199808
414.8	1.61	-1.124371306765802	-0.04497485227063208
529.93	2.61	-6.138316841882812	-0.24553267367531248
3186.0	3.04	-0.41002743417345044	-0.016401097366938018
3184.83	2.7	-4.776460181291257	-0.19105840725165027
3180.6	2.61	-8.289923591903735	-0.3315969436761494
6.2679	1.09	-7.586863797109434	-0.30347455188437733
6.26791	1.1	-12.57768158216373	-0.5031072632865492
6.267852	1.07	-0.2742666859804279	-0.010970667439217117
39.8438	0.95	-9.369100377943626	-0.37476401511774504
39.645	1.0	-6.531900684689307	-0.2612760273875723
102.54	0.89	-2.9428775878984164	-0.11771510351593666
3.3124568	1.32	-13.589792710939397	-0.5435917084375759
3.3124534	1.4	-5.9507158162371425	-0.2380286326494857
3.312463	1.35	-8.77241491442346	-0.35089659657693845
3.312433	1.34	-7.864986464960595	-0.3145994585984238
3.3128	1.2	-6.8669560270262275	-0.2746782410810491
162.87	0.78	-4.360434137351376	-0.17441736549405504
636.13	0.78	-8.821609642049008	-0.3528643856819603
20.0	0.78	-9.303659026338678	-0.37214636105354715
49.41	0.78	-3.6513193256104506	-0.14605277302441802
4.611	1.2	-3.003741438363408	-0.12014965753453632
4.617122	1.29	-13.747414643983019	-0.5498965857593208
241.223	1.29	-17.539677658932327	-0.701587106357293
241.258	1.3	-16.760735048722353	-0.6704294019488941
241.33	1.15	-15.509647558479571	-0.6203859023391829
1278.1	1.15	-1.3093990556542565	-0.05237596222617026
1276.46	1.3	-4.813473834758738	-0.19253895339034952
136.75	2.2	-0.4051751947193818	-0.016207007788775273
136.97	1.74	-3.450630534738499	-0.13802522138953996
